lsoa_code,PC1,PC2
E01000001,-2.4357281866745413,1.9320197639891743
E01000002,-2.5193640415429415,3.555155848140253
E01000003,-0.26866941420360296,3.3951629410603914
E01000005,-0.9116936449018939,0.49391481172230917
E01000006,0.16869096028256983,-2.0555889865998322
E01000007,1.2279888306047548,-2.1663303789081447
E01000008,0.9397063168580507,-1.592108981616318
E01000009,1.1105190568650996,-1.8179588242842888
E01000010,-0.05719396594748281,-0.8035876933927905
E01000011,1.275518855383425,-0.9216599770331013
E01000012,0.4155894203512591,-1.0869241339937254
E01000013,1.207227818483505,-0.07128037712707139
E01000014,-1.2140345917389703,-1.9231738792972564
E01000015,3.1719384958921,0.37908242314606727
E01000016,-0.8285849425632207,0.30241087470766087
E01000017,0.20250307538399195,-0.1537470331933104
E01000018,2.3326394386536498,-1.011518944714417
E01000019,2.708960196273843,-1.1316285852291357
E01000020,0.28897744991688634,-1.5385319394088817
E01000021,2.309571367114763,-1.0695311433902825
E01000022,0.865527369341732,0.2994499397906297
E01000023,-0.18172540318489283,-1.3009379428643464
E01000024,1.9079684662734748,-1.685264083484962
E01000025,1.1065122069167288,-0.318210101268933
E01000027,0.6928401335771032,-0.5942435030257194
E01000028,2.758972710376575,-0.7469931393398882
E01000029,0.4987148161068764,-0.9037017822375061
E01000030,1.8166866332160345,-0.9171374943224092
E01000031,6.0860639101432135,-3.0698679312043935
E01000032,4.639035379396411,-2.0250417552982065
E01000033,0.03289834385563991,-1.533505849959638
E01000034,2.9258999023746806,0.19300951115238468
E01000035,0.6912116197257133,0.7351773013419746
E01000036,1.4584090578058815,0.1899969132221919
E01000037,2.5498340258520003,0.41679031596346194
E01000038,4.081290591037694,-0.15179654744908086
E01000039,2.515317641780343,0.022885393987769596
E01000040,0.20051657467366174,1.1030480087037955
E01000041,-0.4672901720508392,-0.8601523032143699
E01000042,0.2454527977157458,-1.7552212424937714
E01000043,-0.022202873074907325,-1.0240446688235865
E01000044,-0.8340107701410395,-0.8140291967544738
E01000045,-0.661700717770899,-1.0163992664835502
E01000046,-1.193466499985834,-1.664317985451601
E01000048,-1.0158196031582265,-0.002741978196272336
E01000049,1.2299547793954175,-1.1748662677590234
E01000050,-0.797010018339141,-1.2781425431509559
E01000051,1.2876513546568118,-1.6838689933990072
E01000052,-1.1884216655210502,-0.13730008024655496
E01000053,0.0472425044057373,-1.1402531384722812
E01000054,1.3503086304338863,-1.0296107776900152
E01000055,1.1542456076919791,-1.5604648340981357
E01000056,-0.34155347483801196,0.12035058380842713
E01000057,0.3655214697924985,-1.3273481410795636
E01000058,0.42222037584831107,-0.6137367629200274
E01000059,2.1195653815835644,-0.17887272123434977
E01000060,2.3431454838714907,0.027081542758125052
E01000061,3.34827880455173,-0.6921049840348156
E01000062,1.451013882925899,0.039501698703800756
E01000063,1.6267935692090414,0.00892855872384418
E01000064,2.0614874218961576,-1.1955165661300704
E01000065,1.3997218863933252,0.3516336468863947
E01000066,-0.1668134720455501,-0.9066742345594269
E01000067,0.828991001760482,-1.195057525714909
E01000068,-0.8261846398503406,-0.315122411801955
E01000069,0.2747120918585183,-1.6823341342822598
E01000070,-0.8499314331570101,-1.9529967313462215
E01000071,1.0467932871346042,-1.5882852518408481
E01000072,0.054234382867431735,-0.8073181221723903
E01000073,-0.18758047903028333,-1.1500858025216012
E01000074,1.021085120749537,-0.9318886071336258
E01000075,2.0922504851102377,-1.0950361610398143
E01000076,0.09049025333217237,-0.10139920382830446
E01000077,1.7994318986342162,-0.6704642592088498
E01000078,-0.1561780820944785,-0.8826850883155177
E01000079,1.0358124799380342,-0.3379022454356827
E01000080,-0.9907395812398054,-0.4950288487157814
E01000081,1.691055639499515,-0.986102534267252
E01000082,2.5316434351979415,-2.7337563346934903
E01000083,0.9822220180341994,-1.1140235504864366
E01000084,1.577720856966241,-0.4098370613858127
E01000085,2.1046381425018894,-1.3478330694535188
E01000086,1.7006221356854287,-1.3653720989123819
E01000087,2.3955581583912138,-1.1641719866090303
E01000088,1.8815111278222432,-0.31104897063837766
E01000089,0.7946734856387594,-1.587931804971026
E01000090,0.31861438290452404,-1.7256299796959005
E01000091,0.06068426787822678,-1.8981036715960449
E01000092,-0.8779084714237819,-1.2809139327819703
E01000093,-0.4966147495316097,-0.4966434028753868
E01000094,-0.5653452101029973,-1.2943685821391466
E01000095,4.065339587199597,-1.9914851476571815
E01000096,0.018415384831937272,-2.363345363613149
E01000097,1.1542261654802368,-1.860247717250282
E01000098,1.2569441320448163,-1.7957048739002013
E01000099,0.4768405221943064,-0.7662457543866739
E01000100,3.0799118791802935,-1.3326346510426592
E01000101,0.8944384842443129,-1.1680840140540791
E01000102,1.6635830930520437,-0.9147143767103074
E01000103,0.002390343215778264,0.07727145498640678
E01000104,1.5438980813633858,0.6994446212278697
E01000105,1.1947249484451774,-0.8360474126538431
E01000106,1.0150642480136225,0.6646172079913556
E01000107,2.3180079171638726,-1.4642691831608066
E01000108,2.0922461082795354,-1.5680928782689516
E01000109,0.9994031587647281,-1.407156816334504
E01000110,1.9434976639896497,0.9920098740669707
E01000111,1.7490651659545717,-1.6199751951359127
E01000112,3.119109444817271,-1.5396834585409844
E01000113,2.202653416421172,0.488620069586873
E01000114,3.9022321268750306,-1.2303867239618949
E01000115,-1.326114771821277,-0.1537447619196342
E01000116,-0.5960991260748189,1.0238347584184841
E01000117,-0.8689745148845781,0.25445316837444937
E01000118,-0.9166401556840688,0.3838631760921075
E01000119,-1.06133623760575,0.09220970411226803
E01000120,-0.2511967356218021,0.9803234484818598
E01000121,-0.1837158988174382,-0.21712189722749262
E01000122,-1.3128216511373756,0.42963293183925505
E01000123,-1.8329129118291225,0.16853980494478424
E01000124,-1.7824791892594,-0.15166599334765757
E01000125,0.4381718401779785,-2.2044619702166464
E01000126,-0.4613213679053548,-1.8573851062705489
E01000127,-0.9021410015852261,-2.1827759012453067
E01000128,-0.311667030174404,-1.9836652784154307
E01000129,-1.2672233798790133,-2.002620383586887
E01000130,-0.6693023600720951,-1.016068345055198
E01000131,-1.151880881824976,-0.5389265093377477
E01000132,-0.132090918262709,-2.0895039708426535
E01000133,1.3136566180294722,-1.9760396319110416
E01000134,0.22784129817432788,-2.208971668444208
E01000135,-3.220112571510946,0.26930353724975375
E01000136,-3.9456841165914365,0.21795343835407346
E01000137,-2.215774418627786,-0.7489812321321084
E01000138,-2.7604181427176333,-0.7275144014806334
E01000139,-3.5611087138906714,0.14581837474859488
E01000140,-2.9774249468556726,-0.038082852139290024
E01000141,-2.0566373930582587,0.31156564325606095
E01000142,-2.746160720257375,-0.5454096225188285
E01000143,-1.3179096649349489,-0.3212033259708127
E01000144,-2.7452684010268773,0.029459230257180967
E01000145,-1.1992730162842224,0.826677850852012
E01000146,-2.4175669086377036,-0.023467647234094512
E01000147,0.16874286092739846,-1.3855526818502648
E01000148,-0.8524133735086689,-0.9921863738654929
E01000150,-0.730378348247646,-1.787577622135557
E01000151,0.04704811776072895,-1.9326765040046079
E01000152,0.1852099016424817,-1.156545466208274
E01000153,-0.9046824382066423,-0.8921994974315907
E01000154,0.38810369642981235,-0.3164493638519895
E01000155,-1.2593268104844395,-0.20002414210893393
E01000156,-2.9921678719991673,0.1529897106452761
E01000157,-2.803473977025768,0.29289110211096164
E01000158,-2.1679917017989987,0.29026334171939955
E01000159,-2.5375078839678378,0.1294287115905644
E01000160,-2.516927385193374,-0.2038858246897512
E01000161,-2.4523436131484027,0.40697215236972994
E01000162,-2.0419248428517687,-0.3641734892415188
E01000163,-2.1648365592585175,-0.18698878197035818
E01000164,-1.5789894780777889,-0.24378149906556615
E01000165,-2.1275638850093137,-0.3477769025772624
E01000166,-1.0137961784823921,0.1709532923208199
E01000167,1.1798907298784256,-0.10883351258155693
E01000168,-1.3398927562907579,0.21661800991508173
E01000169,-0.5861747968784256,1.1958212778531936
E01000170,0.8278488234635663,1.0191960440322074
E01000171,0.9758835490976523,0.5595648934917734
E01000172,-1.1526486456593377,0.3122084986855346
E01000173,-0.5969033812314777,0.163616597356452
E01000174,-0.6066300027783748,0.19501176177090848
E01000175,-1.299608030701978,0.015084040342193922
E01000176,-1.2835858464576586,-0.5267722647278132
E01000177,-2.344344315085703,0.3303974708860038
E01000178,-2.573021725747559,0.704430959324937
E01000179,-3.118569537268933,0.32927681941332276
E01000180,-2.5137476018218163,0.025685871101584302
E01000181,-3.467579540178771,0.3848340031980177
E01000182,-3.0794075962853866,0.5402731417723771
E01000183,-3.867702711636357,-0.2264057245511636
E01000184,-1.315118510057103,-0.506000465307675
E01000185,-1.5550810157755652,-1.2679166828687667
E01000186,0.7424727186908782,0.3475104123001742
E01000187,0.45687928302818237,0.5108465797517758
E01000188,0.45062154102834534,-0.13743717148873005
E01000189,-0.0789574637478943,-0.1981958746477913
E01000190,0.0482207650213598,0.26835638588138433
E01000191,-0.0362110935400429,0.42481294485996773
E01000192,0.2676759379682447,-0.028006360359232145
E01000193,1.11179450244712,-0.19626682290403977
E01000194,0.18524158515901576,0.16888260510040157
E01000195,1.8728401942447659,-0.2692828989112521
E01000196,-4.079700918427141,0.03930064621860755
E01000197,-3.2838995139564364,-0.4719988986867535
E01000198,-2.8482250994918368,0.4989036711055275
E01000199,-3.599982805587237,-0.05589334495972496
E01000200,-3.5549734333451606,-0.06573829833640375
E01000201,-2.5592796459818694,-0.07795426373257278
E01000202,-3.629402111429379,0.39107769272409737
E01000203,-2.4781433933524246,-0.6067976294793355
E01000204,-3.848500764457115,-0.14635771491541874
E01000205,-3.5902744952769146,0.21151400828566566
E01000206,-3.8727086773494457,-0.033561056344537724
E01000207,-3.8518212471279614,-0.8941131051193263
E01000208,-3.314482866203724,-0.33586760990996734
E01000209,-3.38629255921527,0.08261858261847065
E01000210,-4.139899646123406,0.5031277634068415
E01000211,-2.0770754913079372,-0.08502855565154348
E01000212,-4.052945974000431,0.18050094998807673
E01000213,-3.260125212545379,-0.034841836240066315
E01000214,-3.447379440620893,0.42682598891502166
E01000215,-1.6290457337372743,1.4178061379149869
E01000216,-2.490051839446452,1.2287614106456786
E01000217,-1.5096710023253757,1.9918789069818397
E01000218,-1.6668024623055655,1.5100667406910355
E01000219,-1.589922719891973,0.4695499690543251
E01000220,-1.9628028065298104,0.9126884029536892
E01000221,-1.1319971370583692,-1.4219334366244212
E01000222,-1.8977615766904292,-1.4516544011182613
E01000223,-1.69325822087691,-0.8520321097950811
E01000224,-2.1003711979090545,-1.078779046923828
E01000225,-1.5913629107971818,1.3669938241809594
E01000226,0.09195961686409912,-1.9147552318397558
E01000227,-0.5180933562659835,-0.474864028183509
E01000228,-1.5728331500158756,-0.40953052388753186
E01000229,1.2327147705541246,-0.5946698299794547
E01000230,0.7803560797767891,0.4233277726500238
E01000231,-0.8360716608003753,-0.124923104394305
E01000232,0.32136119426219606,0.3917066273042973
E01000233,-0.17943484771455517,-0.31420776499342534
E01000234,-1.0797019207794412,0.24612459948508283
E01000235,-0.5491173426265085,-0.6460058271798576
E01000236,-2.1574786988938777,1.0758852535454204
E01000237,-2.6839161286546696,-0.08656556271506517
E01000238,-1.9110979006052078,0.3338611435254997
E01000239,-2.7879868533639747,-1.1094694817452744
E01000240,-2.472257994449864,-0.39036628338064916
E01000241,-3.7952624406600224,0.06657815351626072
E01000242,-2.904721884600552,-0.400507427281864
E01000243,-2.8448445583004,-0.20536829668432824
E01000244,-2.9151507113323856,-0.4868870832223057
E01000245,-1.993631380913239,-0.8143786834639443
E01000246,-1.4874900659371078,1.1875142107678027
E01000247,-0.7731655863135745,1.1119369671652535
E01000248,-1.5465303119333986,1.7039923239188595
E01000249,-1.4799146564219776,1.3110645043909193
E01000250,-1.3867149235688734,0.6468541472140887
E01000251,-0.4421106447706686,0.4814401412101315
E01000252,-0.7718286580696962,0.5545727932821297
E01000253,-1.4832668282625314,1.252135486199725
E01000254,-2.5489807567269245,0.8009160165016052
E01000255,-2.1964112538929643,-0.41629754923377715
E01000256,-2.337981241907117,0.349306022261417
E01000257,-2.1318655036589775,-0.7972681835567161
E01000258,-2.296311889170638,0.6853194879106639
E01000259,-2.8206022775883506,-0.7607308233676435
E01000260,-2.392582878822116,-0.6324151805757826
E01000261,-0.8721227046798448,-0.21392329901246512
E01000262,-2.9677385590879597,0.2627595648086457
E01000263,-1.4135772145767578,-0.005638003429686616
E01000264,-1.6002286258484182,0.5439806587043263
E01000265,-1.5001377503192923,-0.030373198737070818
E01000266,-2.553277074933963,0.2227435181023514
E01000267,-1.176279656654058,1.084021793899946
E01000268,-0.9895522888489932,0.429767187385199
E01000269,-0.4205658932196016,0.1334834878982837
E01000270,-0.47349465162550985,0.50697610824208
E01000271,-2.0026592177128406,0.48328777163591
E01000272,-2.2461824454566774,0.4023201448393927
E01000273,-2.367270226356158,0.2270609545863678
E01000274,-1.3599462128386843,0.010401799987490658
E01000275,-3.054105571214635,-0.34198624584308523
E01000276,-3.656057804052965,0.05351530949551865
E01000277,-2.6963763445021085,-0.516019772933886
E01000278,-4.014310080399416,-0.20725941385925611
E01000279,-2.5267305827251065,0.5730027623814157
E01000280,-2.9205053719156426,0.876646716470927
E01000281,-1.7915755092904215,0.8825906387589448
E01000282,-2.662680247559508,0.5500908793438214
E01000283,-2.8488038076354654,-0.21062400033311515
E01000284,-1.4287910387560976,-0.3933333611505396
E01000285,-0.5217525381127696,0.25222252612324697
E01000286,0.055669876593255806,0.8827460772625942
E01000287,0.11891852112211204,0.2272670586898374
E01000288,0.03022559482046449,0.5608443120057935
E01000289,1.4803302740409288,-0.913046670544603
E01000290,0.04135797248038868,-0.5168661829154212
E01000291,-0.1555250753238384,-0.3899848800947905
E01000292,-0.8979215396035796,1.6680200592766194
E01000293,-1.5807823759082462,1.5479809189731124
E01000294,-0.8053715796140312,1.5168238690042082
E01000295,-3.328287397743632,0.19098101834480063
E01000296,-3.678307055757599,-0.3184784954076432
E01000297,-2.2364773852160322,-0.7998294293896174
E01000298,-2.6468386935994124,-0.38002659657645144
E01000299,-1.9906679234110705,0.1252819550706053
E01000300,-2.148779666145912,-0.33416938665620416
E01000301,-3.16753148067268,0.07920671080504166
E01000302,-2.8086471830555944,-0.2960029134416298
E01000303,-3.54766357854161,-0.07110729239493145
E01000304,-3.18815505010694,0.21583110615264145
E01000305,-1.4574871248861903,-0.8811208042263541
E01000306,-0.8978568688356521,-1.5304946648015691
E01000307,-1.1679983176626396,-1.1547649926180679
E01000308,-1.0210769502589354,0.10545008906319797
E01000309,-2.26779225204953,-0.0644128233648038
E01000310,-1.867181114210125,-0.36737950507254125
E01000311,-2.246740030363461,1.3391978847901973
E01000312,-0.23259637013850512,-1.8232536031562872
E01000313,-2.0108832807514614,-0.9231639194450634
E01000314,-2.6314861374305947,-0.5329973185983738
E01000315,-0.9127487519893159,-0.6788030548687636
E01000316,-2.045890160738066,-0.6657905049557109
E01000317,-2.8982206269185107,0.055461211587550484
E01000318,-1.3854458970137076,-0.31895314201758934
E01000319,-2.3497077348255684,-0.5711936230321712
E01000320,-2.032949953930126,0.5620505295962267
E01000321,-0.9074932809405488,-0.17450976233878673
E01000322,-2.3906401841965894,0.32294119435755636
E01000323,-2.2569623290834837,0.05998647104279998
E01000324,-2.3112789302701655,-0.254582703978543
E01000325,4.668810075329642,1.0573624418582286
E01000326,2.923688763260915,1.3616850327062413
E01000327,3.3754707046053034,1.3061189434104956
E01000329,2.2029684449489237,0.525673038837941
E01000330,1.6827883019191865,-0.19922572227326746
E01000331,1.5409671922587993,0.9432321377637125
E01000332,-0.40214364521575974,-0.5650693034920706
E01000333,1.2574093392917063,-0.8767802109968881
E01000334,0.8922722084363534,0.8550178751506613
E01000335,-0.878456487943721,-0.47624327162377145
E01000336,1.0690540918981366,0.776833828665336
E01000337,1.096910749678338,-0.06555145430469195
E01000338,-0.18471588888593737,1.5149837291936386
E01000339,2.5934029120200837,0.07819774006405004
E01000340,1.1741831920485428,-0.09443957229487138
E01000341,0.015470947570797484,-0.262422843412577
E01000342,4.232891689713319,-0.014099310031448193
E01000343,3.0070634086816037,-1.0701013090100946
E01000344,4.246454450347888,0.3930235796536811
E01000345,2.1605193089726615,-1.114356591852534
E01000346,4.275942482323861,0.3021665751699507
E01000347,1.495541701194023,1.6621702368145157
E01000348,-0.4616741105898144,3.7689291978203325
E01000349,3.0283424499065816,1.2365919083947843
E01000350,0.7719577439564506,1.2368133536667612
E01000351,5.27664919958326,0.826370930834796
E01000352,1.1130639184804338,0.4080911309073995
E01000353,1.3874155445727803,1.0175782119173074
E01000354,1.797044075019746,1.0490808576883228
E01000355,2.0507517203360965,0.5462859538753551
E01000356,0.8538712357563553,0.1918247990474472
E01000357,2.727212861146172,-1.1248272320595984
E01000358,3.568260014489323,1.4174108372123975
E01000359,1.1141299668670872,-0.29023276424017447
E01000360,-0.7935754936675272,-5.392468453233128
E01000361,-0.03609403488654135,0.04014965929800372
E01000362,1.313703117920095,-0.9431482587017846
E01000363,0.3120544569712303,0.07085238850645384
E01000364,0.21300525418964067,-0.15016945677317883
E01000365,2.6365723833632138,0.7668954487620614
E01000366,1.2410677075263703,1.09014912505864
E01000367,2.0764544987103584,0.43260861422116687
E01000368,1.7269950876218412,0.13400765327035075
E01000369,6.037033526340883,0.8363141127315515
E01000370,3.4018056821174705,3.5435427401656208
E01000371,1.7578287490471396,0.46536061428607695
E01000372,3.08860873613304,0.646586632974229
E01000373,1.736852789297352,-1.116124560449437
E01000374,1.1000685045726224,-1.7797669628572417
E01000375,2.0191992245911576,-0.7172706528282663
E01000376,2.9713881165964535,1.3687416966151278
E01000377,4.677307211424958,0.07334961887503473
E01000378,3.29408293633235,0.8035416955649092
E01000379,5.5140397358484945,-0.3260594882712229
E01000380,5.065406278027292,-0.7183455127633857
E01000381,2.113717307463268,0.3992568453943033
E01000382,2.6263994606188534,0.264395336464935
E01000383,4.803097063708207,1.9239468187430933
E01000384,1.8379999801144307,2.079334655136692
E01000385,4.054291739251612,-0.008874066449724893
E01000386,4.584826061275829,-0.6230469587831483
E01000387,3.9665121620974615,1.9637483546461354
E01000388,-0.16278205298950674,-0.8695337563364417
E01000389,1.07046921913445,-0.204830459439204
E01000390,5.347310573370574,0.5602661105559888
E01000391,1.6294495914093283,1.0791160032703369
E01000392,0.04249197056819218,1.3947310933209964
E01000393,1.3846424603823833,0.6959797388067375
E01000394,1.4190150190498332,0.43759124338394156
E01000395,0.1024312356125475,-0.28471568380316103
E01000396,1.5476422901533071,0.9856178844183131
E01000398,1.4827926282988422,0.5771693267805226
E01000399,-0.20828376200774368,1.2357754511446206
E01000400,1.4501774400175709,-0.08102244353872236
E01000401,1.164149290121917,0.4819923754474549
E01000402,0.2035100023476834,0.9793170294210114
E01000403,0.5233188408236022,-0.09699357119478055
E01000404,3.063659169917859,-0.5328299552668163
E01000405,2.8707601046374522,1.3017225981744578
E01000406,0.774182674986084,0.49262437546113086
E01000407,0.6227753354041912,-1.4405132327987025
E01000408,2.7965446528027744,-0.6014167291044632
E01000409,2.7527957827294935,1.4740498671849864
E01000410,0.8231140263099085,-0.15543683263784588
E01000411,1.980423282592403,0.2779572079617446
E01000412,1.8805621470588851,-0.2338224626889693
E01000413,1.3866937286743688,0.44477036200348263
E01000414,2.053929631828898,0.7880985711076947
E01000415,1.127178187485401,0.4620288546988871
E01000416,1.925544945879066,-1.1695769514959327
E01000417,-0.6992269038837904,0.39928995466509554
E01000418,0.5527086854883189,-0.48913947033980576
E01000419,1.911587000441132,-0.039492402138081716
E01000420,0.2799654105671331,-0.21689322137732245
E01000421,2.775595605933154,2.1932558759693093
E01000422,1.8753437696354367,-1.4471929094605673
E01000423,0.8949199350798452,-0.24620432659519717
E01000424,2.242867187521246,0.9070849543854211
E01000425,3.2869546557754714,0.8020003027478828
E01000426,2.126945615597233,0.7285254707348937
E01000427,2.8585777730075947,2.438069684645769
E01000428,0.758535598600003,-0.6520203038704745
E01000429,1.9993279009197993,-1.5415461918569393
E01000430,2.1230846923050217,-2.6987646692526077
E01000431,1.3356117041431403,-1.2995673910856105
E01000432,0.02220155359584768,-0.11841306326325579
E01000433,1.3234268735164751,0.08060008122722544
E01000434,3.572004149984132,-0.44892968696128205
E01000435,2.1200610529302995,0.01557631198188452
E01000436,4.179736442115263,-0.3665090412970997
E01000437,3.1050734056002987,1.8804180055525557
E01000438,2.1976687560069634,1.7051335549800974
E01000439,2.482255645486395,2.5481521656393737
E01000440,2.3912802544908427,0.21938311735651014
E01000441,1.4476689649494148,1.0844505371057116
E01000442,3.142858870956851,0.29777598109862363
E01000443,3.6118086422084734,1.1858258965775266
E01000444,3.471381499318768,0.9580939381159118
E01000445,3.809333126867211,-0.44990582090635733
E01000446,1.1958670949380188,0.6273326915997743
E01000447,2.3745990972452233,2.025457761268442
E01000448,1.2970810381792781,0.9694494333872666
E01000449,0.22495611599692567,1.084363590865505
E01000450,1.5467243559412387,-0.7309925987738016
E01000451,2.8200867359969006,0.819117407583977
E01000452,1.5488028136586935,-0.6188587688374269
E01000453,2.917715494934916,0.49876208725323495
E01000454,0.7106810611736145,-0.7400932481743397
E01000455,2.8339020988834758,-0.08320499679255897
E01000456,3.116128412039288,-0.5969537048886654
E01000457,2.6409584621653956,1.5554915022439946
E01000458,2.7443752878551706,0.6510311549930613
E01000459,1.6040742931559717,0.9809139848976105
E01000460,4.131398223830669,1.807151082031165
E01000461,5.212761147821351,0.223153030648469
E01000462,-0.9772892926585401,1.9864947843675045
E01000463,3.2337523815589013,1.3406157223310213
E01000464,0.30027595139129276,-0.5089033241475229
E01000465,2.613341696586856,-1.2701502775611975
E01000466,0.7934336883570712,1.6950574008328592
E01000467,1.030770811645112,-1.2203212474669223
E01000468,0.40941780783180326,-0.8569169516404714
E01000469,-0.9028786579492013,-1.5032782955331074
E01000470,0.6960086376020199,-1.2812027462495386
E01000471,0.3494632039077072,-1.1263367037603853
E01000472,0.592014590308233,-0.8723867607497072
E01000473,1.9000490390146458,-2.3729173969932926
E01000474,1.1010092335967254,-2.1011819384538972
E01000475,1.5633999553911626,-1.4740540021757897
E01000476,1.5214031380132433,-1.6813505278539735
E01000477,0.17068094864331762,-1.5557637420070456
E01000478,1.2720599639995793,-1.4752955735134035
E01000479,-0.9371781497409649,-1.2927476800203448
E01000480,-1.1329813299730531,-1.2462865294730678
E01000481,0.6502073489669029,-1.113296546886543
E01000482,0.5993983784731374,-1.9415430119029908
E01000483,-0.04593733103972486,-0.5728912311808714
E01000484,2.4989159254111204,-1.5814497407109553
E01000485,0.8616608940115604,-2.7148410340944404
E01000486,1.038337323844232,-0.9991637783165607
E01000487,0.3657745918154338,-2.8075991120608745
E01000488,-0.2664865192082441,-0.7102547822807247
E01000489,0.6437569995867176,-0.8612797551498627
E01000490,-1.163789240096638,1.1257188080738485
E01000491,-1.211953423993651,0.3166267585131262
E01000492,-2.1203164599787736,0.6972876353409243
E01000493,-0.7848247604863798,1.106582650832362
E01000494,-1.6126705492621702,-0.08468551139078027
E01000495,-1.0112895871596943,0.05321157682035656
E01000497,-0.833754957707477,-0.8257386104933477
E01000498,-0.6346147700010324,-1.5652673976315492
E01000499,-1.0694345042776354,-1.1053635869120682
E01000501,-1.0571096097445138,-1.0992688606570815
E01000502,-1.7190665637945992,-0.5311132948055455
E01000503,-1.1962749187292896,-0.8854066519216554
E01000504,-1.4183283843264372,0.5540271208176801
E01000505,0.49804131518114214,-1.4268240295614185
E01000506,-0.7622838143191262,-1.4170432709491443
E01000507,-0.8095610667800818,-1.090407607417448
E01000508,-1.4203584268016562,-1.9558918973574
E01000509,-0.35043424697195813,-1.1875794111603455
E01000510,-0.7502909958129453,-1.5327361882853732
E01000511,-1.1403663656254979,-0.9210536696534836
E01000512,-1.766999157714498,-0.19892335765123653
E01000513,-0.8485346012852689,-1.6716521092467862
E01000514,0.015939178733575008,-1.5651436772034186
E01000515,2.0517352560736963,-1.893219886646379
E01000516,-0.05676856254583032,-2.587445457883034
E01000517,0.9512717666546606,-1.5770442169655179
E01000518,-0.1791485234376371,-1.0731860698912392
E01000519,0.1115305008965708,-1.2823674231163749
E01000520,0.5394013329862171,-1.059770353008872
E01000521,-0.8111857998069189,-2.1719490172169555
E01000522,-0.81077577636483,-1.8220480029590818
E01000523,-1.7423219908156728,-1.728812493068386
E01000524,-1.5456253190199254,-2.008677096571564
E01000525,-1.0685615080347075,-1.5705907153530854
E01000526,-0.23664179141510053,-1.9935296053475258
E01000527,-1.323235461722513,-1.7526017315575118
E01000528,-0.544211196909676,-1.9840277616935298
E01000530,-0.9392695916510624,0.1584880289272487
E01000531,-1.2673022171980552,-1.4061270306220401
E01000532,-1.6859098491846505,-0.505027661399998
E01000533,-1.8494348706231136,-1.1603495136504267
E01000534,-1.6588518552662717,-0.45480736777761593
E01000535,-1.8037003189467633,-1.148790090526261
E01000536,1.1161759821974624,-2.480113728903119
E01000538,0.7009091928288499,-1.069925865619871
E01000539,2.820901827485075,-0.722011500083715
E01000540,0.14366682990847165,0.1676414680712515
E01000541,1.4935222589012278,-0.9314192214798427
E01000543,2.478509856646408,-1.729295176533442
E01000544,-1.2693167057867032,-0.675282119496958
E01000545,-1.0348942295812367,0.7353429281762088
E01000546,-1.810324730936617,-0.04071838349593904
E01000547,-0.8820204734395437,1.2290468012149278
E01000548,-0.20628127482167688,-0.10208814088428741
E01000549,-0.1641311985681556,-0.29910421805208903
E01000550,-0.2461968103114434,0.05685898501320746
E01000551,0.45033335827391213,-1.1089257137930324
E01000552,0.635146304189211,-1.4590934277823964
E01000553,-0.8124172945400141,-1.250287297744299
E01000554,-2.1228631566783243,-0.588576503533715
E01000555,-1.9074130769636957,-0.9263356096553906
E01000556,-2.1756217319330315,-1.6979128832540396
E01000557,-2.3121015730462533,-0.7511454531952557
E01000558,-2.6959488831304173,0.41978934911375115
E01000559,-1.6779521513879678,0.3669596250212843
E01000560,-2.390701630877277,0.9846990984318615
E01000561,-1.4560886364237942,-0.30053274662072704
E01000562,-1.544754843394318,-1.4207534020837569
E01000563,-1.3612669609844759,-1.462284436187907
E01000564,-0.8898954841713616,-0.8451373836531132
E01000565,-0.8766044688881081,-1.2952903450514925
E01000566,-1.4650659514000692,-1.2238252872362998
E01000567,-0.8628134533220241,-1.3347852685189687
E01000568,-1.1925039817538396,-0.14561370444128188
E01000569,-1.4290125030414922,-1.7215236895983637
E01000570,-0.5366336330183049,-0.9739615966489402
E01000571,-0.7820368812487806,-1.0965160928854971
E01000572,-0.22723195400410579,-1.4784991215655403
E01000573,0.6213911777546107,-1.177296514337673
E01000574,0.18148593027606583,-0.3345119943728641
E01000575,-0.15031663225131975,-1.492948419326089
E01000576,1.246761809050771,-1.9342057853291208
E01000577,0.19357364582207756,-1.8751054941392535
E01000578,-0.620508567897239,-1.057859406346216
E01000579,-0.4930349546504824,1.1295904334961955
E01000580,-0.5063137134992738,0.7971382637057095
E01000581,-1.6546444173947206,1.7637033515964564
E01000582,-1.1416312508873288,1.0048082903403475
E01000583,0.004024298033281661,-0.4236970481532585
E01000584,-1.2797368022545488,0.2662576973213158
E01000585,-0.8373356723870308,0.9264019848863573
E01000586,-1.502447090514204,0.3597512092141161
E01000587,0.4318240723446287,-1.1347669701944112
E01000588,-0.18824765950001313,-1.5999520802810725
E01000589,3.5975505250023376,-2.2766944689298096
E01000590,1.0664992963945954,-0.7172952310772944
E01000591,1.399779983150199,-2.2451969541445873
E01000592,-0.9970114400673546,-2.5094883721265915
E01000593,0.33148347962082786,-1.3064128562160586
E01000594,1.3471360392065246,-2.6922580359378263
E01000595,-0.7262115283818475,-1.9691227908424132
E01000596,-0.2546814587742301,-2.091034171288142
E01000599,-0.36749677977583867,-1.8660397140165996
E01000600,-0.5722202702736794,-1.2206587195896783
E01000601,0.5551462589505944,-1.9536213689558444
E01000602,-0.5088540528295654,-1.830468296612846
E01000603,-0.8957558808486923,-1.2359222391330933
E01000604,-0.3632481661430521,-2.0887055866503133
E01000605,-0.675833531247869,-1.827879795503651
E01000606,-0.8216094840516072,-1.3246242800896764
E01000607,-0.37342650018194734,-0.8943448634521793
E01000608,-1.0813788149830774,-1.5854195470663484
E01000609,-0.28735577976270155,-1.4881597655320131
E01000610,-0.6908151503123409,-1.7696951451918532
E01000611,-0.03322767495819749,-1.8796166622031882
E01000612,0.014037106401215171,-1.6624718706111943
E01000613,-0.3084647019670835,-0.788879411525686
E01000615,-1.155567721921905,-0.9082398717466919
E01000616,-1.3381304819531379,-0.588613557340803
E01000617,0.010322750889335187,-1.628774429871527
E01000618,-0.7924264455102414,-1.4342664656433812
E01000619,-0.9126495163043516,-1.4786830449715627
E01000620,-1.0431856256700227,-1.8751276106440955
E01000621,-0.38929878194832723,-1.541240664601525
E01000622,-0.98561458848905,0.9035135210150594
E01000623,1.4852854865491947,-2.0997996016588405
E01000624,-0.5618352758298567,-1.0246791725025943
E01000625,0.5650438372401659,0.5223984638486177
E01000626,0.44734527488497866,-0.9413734090873256
E01000627,-0.1920819826319942,-1.096456496877193
E01000628,-0.8974389428016919,-1.0549511191763012
E01000629,-0.07562558871161765,-0.15750624208505662
E01000630,-0.3000537532386627,-1.65588837108176
E01000631,1.149177442671882,-2.158194918099613
E01000632,0.9760493630021394,-2.078398562228828
E01000633,-0.24747158935189306,-2.60677370607941
E01000634,0.05604819083369419,-1.3699446320550535
E01000635,-0.9949010466838162,-1.100638204454835
E01000636,0.4158387368557403,-2.2428866351594317
E01000637,-0.3747587045838289,-0.4097820588429994
E01000638,-0.7576805954129369,-1.4047177335091625
E01000639,-0.8118899948373667,-1.0128735799867548
E01000640,0.4436985669577148,-1.0465034540231695
E01000641,-1.2045877256686564,-1.6996897869242076
E01000642,-0.009284668903308119,0.07257951502101184
E01000643,-0.3337829311252585,-1.89452876420631
E01000644,-0.3895643916646811,-1.1236862221146533
E01000645,-0.03257945092357127,1.3008086017735623
E01000646,1.7500809221234765,2.1370468523863666
E01000647,1.3486547318241398,-0.12999284265851735
E01000648,1.4069132674414588,3.1380899334880725
E01000649,2.9436204707617404,1.333443157642696
E01000650,1.5410227046874845,0.375745020661456
E01000651,1.1989906345023695,0.9892418678437905
E01000652,2.994157446608374,0.6897409363710935
E01000653,0.5274249358655877,1.4331032863413058
E01000654,4.428121222490438,0.16072633894279045
E01000655,5.035835250210095,0.31471396228746595
E01000656,4.507914964561798,-0.46388949362464965
E01000657,3.857514324191257,0.6863884322096587
E01000658,2.8152478461427592,2.460467889406336
E01000659,3.40524193982611,0.7205942833532525
E01000661,4.461846372997679,0.42907135607888064
E01000662,2.7836948595771265,1.3638971514751688
E01000663,3.4936785755649944,-0.06299550490041395
E01000664,2.4224064024762604,0.8410630239921348
E01000665,1.4932074809475533,0.09654189450443999
E01000666,-0.749582414691756,1.3654600624022435
E01000667,0.34459432832607334,-0.35728324779423004
E01000668,0.6739759540338619,1.994215709103187
E01000669,3.320408297665859,1.3646772663999214
E01000670,0.5684680903058603,-0.1276741733247711
E01000671,3.724834856587003,1.5646804136717447
E01000672,-0.041040815334481735,2.6040390403951825
E01000673,-0.29668988909226257,2.8228599038174553
E01000674,1.4116635768329646,0.24673955960891
E01000675,1.5496386409059246,0.6788708804544293
E01000676,-0.22750730107098452,1.4735270898794508
E01000677,1.691316851394205,2.1133822850278166
E01000678,1.9627764549643474,0.7342877513406797
E01000679,1.8817765510482818,0.21222877631733617
E01000680,2.232523241284318,1.511303410246597
E01000681,3.2436532493979575,1.0925856023168268
E01000682,2.543770125191683,0.3158902905341829
E01000683,2.0117850323822206,0.2064339573249735
E01000684,1.4786917300181206,-0.01341718822265624
E01000685,5.226435209715703,2.150678011608662
E01000686,3.655186847026902,0.7252362998266582
E01000687,3.838814981992205,1.3167782431862631
E01000688,3.5693980916863617,0.3415261275524709
E01000689,0.9385674894696422,2.67153642511629
E01000690,2.526244316092074,1.2465208613524998
E01000691,2.162963063492064,0.3339049636541499
E01000692,0.04723787533822372,1.1867261574704397
E01000693,-1.2375649437702065,0.50101674925276
E01000694,1.3837245443556063,1.4187972558364481
E01000695,2.4851125694989427,0.5494253267149912
E01000696,1.4913164175128721,1.7095067080626
E01000697,0.7563256877316599,1.0302619676083467
E01000698,-1.6924508458434693,-0.6752573457096296
E01000699,2.5229896690934286,0.319102877743605
E01000700,2.641227855161706,2.1512770402291093
E01000701,2.6322202686922727,3.055738520503529
E01000702,2.119573849900226,1.900240882205488
E01000703,1.7003828190399233,2.43706697989026
E01000704,2.4246223880291438,0.23778523268621865
E01000705,0.7448977699366337,0.3590211028614861
E01000706,3.0330290480694546,1.6511224676202076
E01000707,2.095348685764371,2.2578808720796024
E01000708,3.629650361531177,1.457534164368674
E01000709,1.163701937318215,0.4330030198711669
E01000710,0.6509311637597628,1.3967944964872705
E01000711,-1.1012227977507767,1.4535950036263245
E01000712,3.5737710257278934,0.6384655383599531
E01000713,2.250096272183899,0.9309520713833502
E01000714,-0.6441995047624913,1.2968246917526791
E01000715,1.2766014055482664,1.0429772602042375
E01000716,1.3915414632060212,3.4782170243400863
E01000717,2.282649307155301,1.6635934204768288
E01000718,0.7200589318575321,0.30302014677542
E01000719,2.598511356668484,0.29656403434116374
E01000720,1.8364609994563383,0.1891856660841284
E01000721,1.5550861270040515,-1.1141003653976755
E01000722,0.7253895353817674,0.13113705348257926
E01000723,4.5240624243777035,-0.40321947288950405
E01000724,1.190998892542904,0.05008807430043207
E01000725,4.08162082643388,0.6209911225875058
E01000726,4.096769333589972,1.2505596591194508
E01000727,1.3364508083840028,0.033262953518191314
E01000728,3.2461146533442107,0.5654727309292892
E01000729,2.67482633341101,0.14743489036016877
E01000730,5.980081368659596,0.2478966387522082
E01000731,2.7008584459340113,0.3981110289395662
E01000732,1.285885926178966,1.5682583244198058
E01000733,3.1813146389898335,0.2839342285544489
E01000734,3.833383692452321,2.4280622364655366
E01000735,3.0964602670076005,-0.6643385141755807
E01000736,3.6717229260250965,-0.09555586457226234
E01000737,3.2792654415729823,1.6496277295943225
E01000738,3.2050673051439866,-0.11119123046339785
E01000739,2.8625954667219475,0.7279967366267558
E01000740,1.014257021633143,1.071220373955764
E01000741,0.3854740884231425,1.6146286094601183
E01000742,0.3323259573648991,1.4339217221533298
E01000743,1.9629480945954467,-0.4512103749099295
E01000744,1.758527914559,1.1307601643691318
E01000745,0.682901646807346,1.1873930076638874
E01000746,0.09003125131529392,1.2604175655560086
E01000747,4.572599079393993,1.4888669532503722
E01000748,-2.840345299336196,-0.8902643569455334
E01000749,5.539716160072679,1.1998303481103454
E01000750,7.458213521147912,0.0037547641942841346
E01000751,4.125976604516143,1.0161788289246807
E01000752,4.528957076582564,0.807614905587526
E01000753,2.48239838123141,0.6494202077754619
E01000754,3.428187750064748,-0.2128091522080374
E01000755,3.873243780683252,1.8763187436305975
E01000756,5.703775761374477,0.7133129994575499
E01000757,2.588858201304863,2.5231582257631184
E01000758,4.131673509147817,1.517920174734158
E01000759,4.393505598712825,1.2913175876293992
E01000760,1.3223341078717215,0.5547342828419831
E01000761,4.296195601176759,1.2131643547764177
E01000762,4.6837018726654085,0.5670956364296349
E01000763,1.9354499937856195,0.942993557253214
E01000764,3.4498470964488037,1.227146944418141
E01000765,1.4300595559953893,2.0423332638039535
E01000766,2.4206236730255837,0.757337680605439
E01000767,6.86427446478446,1.1706669616378114
E01000768,2.0172753962384076,1.6128356972629776
E01000769,2.7336901836268765,1.4242808733813612
E01000770,1.792812328587043,0.5862242176367833
E01000771,2.6325936488630184,0.420024310442696
E01000772,1.913784825397823,2.107871647294346
E01000773,2.7401773393594273,0.5677619111520942
E01000774,5.794000804476878,-0.47218806383902917
E01000775,2.708062585607352,0.9976664430227696
E01000777,3.0695623183473657,1.3519047366727504
E01000778,3.0209154089318218,0.435111063864768
E01000779,0.1319987517393937,1.2976217592715904
E01000780,-0.889523085232941,-0.7882887895619815
E01000781,1.941858259917124,-1.3706439345299628
E01000782,-0.02469138848047027,-0.26987963912800983
E01000783,1.7642102355464198,-0.03960916677033119
E01000784,3.3098119208973302,0.7134215816105625
E01000785,0.7775437127332198,-0.07048147395415916
E01000786,4.396125190545142,0.16309319826126809
E01000787,3.426615495289445,0.537229761887862
E01000788,4.591803086695714,1.4559333283262672
E01000789,3.311746646561645,0.5980722639295405
E01000790,2.5900428010631336,0.7755519896332309
E01000791,3.6136182865658064,0.19783764235064888
E01000792,4.235219070324759,0.1281609497819576
E01000793,6.100548080492036,0.8699249458412479
E01000794,2.0678945833026554,0.8386579436964269
E01000795,4.822223274548816,0.7310881753167429
E01000796,2.7223869601399495,-1.2264493442459448
E01000797,1.2422926856050527,1.636058133065737
E01000798,2.363866678447511,1.4441952751208886
E01000799,2.6550844184690794,1.2721172370580278
E01000800,1.6071245826005207,0.7934256626023019
E01000801,3.5273998600307244,0.397444842990106
E01000802,2.146674478460534,1.9623274952516596
E01000803,1.8156472710766958,0.5874329746663718
E01000804,2.705927170366762,1.7620377115433041
E01000805,1.2008792574009015,1.5324401057129844
E01000806,0.8911689629125598,0.16184961215356214
E01000807,2.1293560038854764,0.7903501228380121
E01000808,2.725002372425865,-1.1124905039188704
E01000809,2.144951181152775,1.3593680206672971
E01000810,2.07633447137665,0.5843274944448615
E01000811,7.0508369506431885,1.7716420675912892
E01000812,1.2952220259072835,1.3481670973985687
E01000813,2.9633037217976095,0.13196099775794423
E01000814,3.6397691252294115,1.3442139250803575
E01000815,2.570213564118998,1.5828408924151325
E01000816,3.256305218907834,0.23880332019176478
E01000818,1.4055711200494407,1.0958775348254925
E01000819,2.988650220785315,-0.5822706524756968
E01000820,1.5884614585482295,0.25631148139827187
E01000822,0.5802322821565105,0.25600934795365166
E01000823,-0.4932213739574528,0.08510128831407081
E01000824,3.628240716964201,1.015625436237142
E01000825,0.09827987444808275,1.6099078047837039
E01000826,1.4728110719327383,3.7076428145939757
E01000827,-0.5552233493332535,0.6109900660792764
E01000828,3.0483069940714205,2.5645178446111387
E01000829,2.8896468993502697,2.5154706351672598
E01000830,0.7438843222032456,0.7417176657555422
E01000831,2.114215007933072,0.7691190744354081
E01000832,5.264698174906021,1.9092852368529813
E01000833,6.4664944742383295,3.337222440204762
E01000834,0.6645906641472351,3.937376206109489
E01000835,2.2454446530332675,1.716231629343896
E01000836,2.476700786670387,-0.2012419544912866
E01000837,2.416617084487707,1.113744869892973
E01000838,2.1853349359829224,0.5276278691325168
E01000839,3.402181579783199,1.4726797173194783
E01000840,2.767685749688628,2.0814338066013685
E01000841,2.9363498012996097,1.6765966539799741
E01000842,-3.295062046462926,3.032634830167974
E01000843,-3.094107586183584,2.21188108694341
E01000844,-2.730144093646191,0.662391823521847
E01000845,-3.2366331698878392,1.7108097600788876
E01000846,-1.709107104089942,0.14319421767314042
E01000847,-1.0755422345378114,0.8506299391666982
E01000848,-2.7156317399718404,2.211676218202868
E01000849,-3.0238028669900716,0.6718052424976617
E01000850,-1.16164267003421,1.6436237306765786
E01000851,-1.6763262373812147,0.6957306522936131
E01000852,-0.42693737903917595,3.690277201119324
E01000853,0.09350059922497564,0.5775053988008441
E01000854,-0.5366552209301487,1.4122094861384618
E01000855,-0.5598256956490244,2.5829654616917845
E01000856,2.7143289371431396,0.3956863838341341
E01000857,-2.151324930925559,-0.41088317508152833
E01000858,2.5495501883537894,0.4965941936628132
E01000859,-2.43310430000491,0.28958451356468945
E01000860,-2.3172513705169004,1.1867376405018102
E01000861,2.7267314173183745,-0.5838534753710989
E01000862,-0.5105317772913837,1.2997250100881323
E01000863,2.705384650824416,0.09442263416913489
E01000864,-0.18498532687869798,1.3196004945054791
E01000865,-0.5114939603882709,3.550108006878593
E01000866,-0.16674968909571233,1.3645154420883012
E01000867,3.924581510383824,-1.4807277377910704
E01000868,0.32193024297028117,0.9082962010756555
E01000869,-0.26707584102647186,2.0843551483870097
E01000870,-0.30973351873441707,2.2845943709951078
E01000871,-2.735341557927906,0.9974581118330266
E01000872,-2.054477088668984,0.46900221548611154
E01000873,-2.3927103374440466,2.7512163749348675
E01000874,-2.6715779085204256,1.2734164039258273
E01000875,-2.876665959289814,-0.4532110564587118
E01000876,-0.12158420040316087,0.6451146099352366
E01000877,-2.769032180416426,2.6820450079010527
E01000878,-2.757551585226039,0.5259478629648583
E01000879,-3.3415446608360697,1.887591751419519
E01000880,-4.086099870520984,1.2702557129136942
E01000881,-1.9016177269099561,1.4424789821664592
E01000882,-4.3707301620755015,2.2064753369603176
E01000883,-3.8776864877029458,0.7282982446217413
E01000884,-3.8698734120936384,0.8961252665977727
E01000885,-3.1223306553328367,0.061002059264547395
E01000886,-1.7755222624265519,1.1360749399750456
E01000887,-1.2952197379004569,0.6545727595810398
E01000888,-2.3258482666073323,0.1571777173468242
E01000889,-0.3064241035158499,0.5312464899243475
E01000890,-0.9692109828175259,0.8156671241725922
E01000891,2.896085732979249,-1.278263514749282
E01000892,-2.0686416844650193,0.9499242894372735
E01000893,-2.7420512660621825,1.560089948481119
E01000894,-3.8714481911569067,0.974337749224999
E01000895,-3.041309069420796,0.8629509146674526
E01000896,-3.1987605896764126,0.50999249515335
E01000897,-3.136768439082374,0.1651144364234944
E01000898,-1.3562474284201897,1.4466248474286911
E01000899,-4.173167260663046,1.1855996459491052
E01000900,0.1164698666008974,0.03585449348350252
E01000901,0.4720713840731393,0.5144248837038916
E01000902,0.30692271789364484,1.282805836168409
E01000903,-1.812218196937931,2.5772464420072656
E01000904,0.8752022984679647,0.9010000842380571
E01000905,0.42326541213108,0.33864064922161397
E01000906,-2.870052554658182,1.8384027788961743
E01000907,-1.7545315984576728,1.3408002251881919
E01000908,-1.5110080714966163,2.382599373853296
E01000909,-2.6340720561066315,2.044096756928083
E01000910,-2.4381448331108397,0.945953624110908
E01000911,-1.9587217431479782,1.6311251113161633
E01000912,-0.8123209634904636,0.6008466569178138
E01000913,-3.568755059671517,0.8779180076702501
E01000914,-1.2123400979911212,1.4812903230590193
E01000915,0.08922343706709407,-1.7914901534966678
E01000916,-0.27022185654179853,1.2596663371050476
E01000917,0.027215789317190226,-0.1705114390289987
E01000918,-3.449862566283574,0.4018565363876445
E01000919,-2.021753289403746,-0.10419115936636325
E01000920,2.0214086245858645,0.2051045072420419
E01000921,0.5400846985405999,1.2315215167439002
E01000922,-0.8005820409827871,1.3989718639766247
E01000923,-0.15950467867172408,1.9486186260044334
E01000924,-0.7715308124053011,0.8494644349576735
E01000925,0.6588916035018609,0.2783336768703911
E01000926,1.5116696142282162,1.9500886634658958
E01000927,0.24909880386871827,0.9050246040676634
E01000928,-1.8302587623654727,1.6857135128228558
E01000929,-0.19177812897092175,-0.9023549119208905
E01000930,-0.4269659417660285,1.1543747956313866
E01000931,-0.29190450940159807,-1.4131374719561078
E01000932,-2.0384869119010154,0.6920584413967268
E01000933,-1.7160511907810119,1.8756023384024836
E01000934,-0.4721225961585547,-0.3613088608278671
E01000935,-0.38835704107481833,-0.25976499663027175
E01000936,-0.8113011227188389,-0.9626557641043018
E01000937,-0.030971760077070136,1.6050623498049872
E01000938,-2.5976480037411793,-0.5286064507634137
E01000939,-1.5870953514073438,-2.028295526162949
E01000940,-0.8578570995922938,-2.005448648636516
E01000941,-1.187275772345645,0.7940397054135137
E01000942,-1.8568262801518238,-0.11857339596671862
E01000943,-1.2344151743803928,1.9580385587233775
E01000944,2.004046934571733,-0.5714787593056075
E01000945,0.012769258523030255,0.3911998843208778
E01000946,-2.2522241541432066,1.1954678676258568
E01000947,-1.7750140435345114,-0.059927952166839
E01000948,0.5742768269393786,0.30822054507615143
E01000949,0.4803063605036257,0.38404104019866686
E01000950,3.881977447467418,-1.6690187782848689
E01000951,-0.5419970611667206,-0.7655427048601186
E01000952,2.09381848938608,0.04797003319769131
E01000953,-2.1409103586751184,-0.40590154840040676
E01000954,2.8783832315857776,-0.9219430781885105
E01000955,0.6429434890538612,-0.726175844576721
E01000956,-1.4235524392660368,-0.21779144691249577
E01000957,1.5575968242612455,1.2551554484113632
E01000958,1.6129203197341186,-0.14342794795820082
E01000959,-1.3697639976420954,-1.7310275655831657
E01000960,-2.0854848145780958,0.5031855004705469
E01000961,-0.6353022262373758,-0.08681072593398989
E01000962,-0.7565898988472308,1.8001726027001892
E01000963,-2.9674514806210515,-0.8021670366916916
E01000964,0.3006344996547823,0.729924839613623
E01000965,-1.359145262124945,0.39468027081623197
E01000966,-1.7145910473428658,1.7277458993942618
E01000967,-2.2164914711292685,0.03898248597354088
E01000968,-1.762450441514688,1.2961967232932237
E01000969,-2.6782003994538557,1.7048609827156156
E01000970,-1.6667978576033857,1.7665504323528372
E01000971,-1.5902237250136695,1.2933700875050116
E01000972,-0.7949977324873172,1.185811680179451
E01000973,-0.5082186371056241,1.0987096844871216
E01000974,-0.06640884199433872,0.27227069041573354
E01000975,2.5451912406879598,2.476325522525378
E01000976,2.1143514632649816,0.16125005872214676
E01000977,0.6703507118187636,1.487675130113871
E01000978,1.3708215946807172,1.1769930099567651
E01000979,1.6310158167198139,1.2100103906008173
E01000980,1.7160930772909542,0.5932123388359585
E01000981,3.0059569765977407,0.13682001386832382
E01000982,2.59942423769256,-0.2435394377209037
E01000983,2.734506395020548,1.32792783362515
E01000984,2.753397484489982,0.05900851952073989
E01000985,3.6426522468376454,0.5556086188985623
E01000986,10.190263161646694,-6.00778725346309
E01000987,1.775878540315364,0.20118064117406417
E01000989,4.04567441670974,0.7377103420067852
E01000990,3.0755110356975885,-0.27186666425684547
E01000991,4.020136660475969,0.9327371019916795
E01000992,2.526830135647474,-0.0013392210156053582
E01000993,4.615722148359249,1.5128673840483118
E01000994,0.3257505704491917,0.20047808863073488
E01000995,0.6289354371287746,-1.1705853361850482
E01000996,0.21049792581359097,-0.1682076232499643
E01000997,2.7182899738553212,-1.0171768668961398
E01000998,1.696812822870593,-0.46047309887039256
E01000999,1.989214522876483,-0.371620654968525
E01001000,2.3396086080176577,-0.4104679062967069
E01001001,1.7466118872834027,0.2907744180899477
E01001002,2.379040453731222,-0.5004836656717455
E01001003,0.6014142508894037,0.09431142035022659
E01001004,1.3234245513477074,-0.911188447072127
E01001005,0.8885257840727654,0.26432804051621844
E01001006,3.278870042803392,0.014493998621747266
E01001007,-2.0263645269935617,-5.155296128906305
E01001008,6.530640090748658,-2.643782091649855
E01001009,1.2582076502128767,-1.440121535826313
E01001010,3.4283136972149735,-0.6543401455455499
E01001011,2.0722004350924124,-0.9108560812596633
E01001012,0.1996713948993179,1.0026988082695982
E01001013,2.614971293780871,-1.6105505686848054
E01001014,1.1927057538010883,-0.38300128472528633
E01001015,4.004602745925532,1.0311383456292167
E01001016,3.8010201970655215,2.192310566893738
E01001017,1.1860743613020965,3.6643187959618673
E01001018,4.708824663274525,1.993355884836307
E01001019,1.8788213109288914,1.4833887203357252
E01001020,4.933373216812477,0.7388402634387079
E01001021,4.11031273124088,-0.479622699884704
E01001022,-0.4981522390572295,0.8071756387215274
E01001023,3.705112843358952,1.8592911003403034
E01001024,2.772917390787523,2.3985048869211054
E01001025,4.168059337105647,0.7457724115987072
E01001026,3.2113275520538798,1.3877978311526806
E01001027,0.5779452074856002,-0.05893823472053715
E01001028,0.701571667438861,-0.17018135197796228
E01001029,2.2005359837163665,0.265509920670164
E01001030,2.449049091624429,-0.6797559970493138
E01001031,0.0687694054079848,0.888048664133578
E01001032,3.6239830057587215,1.5849464868612126
E01001033,-0.7828770001600319,-1.039131684784636
E01001034,1.025433929473503,1.8273121882900896
E01001035,0.1582925905997881,0.37398838938536083
E01001036,3.9168703009318464,0.16014976854511884
E01001037,3.0117566839805034,0.5770336812657931
E01001038,3.151167448325737,1.0932122631383
E01001039,3.694344010928071,0.8959661811124852
E01001040,1.8152975647963516,-0.9175128523875343
E01001041,1.6617679333202178,1.9538966895070426
E01001042,3.3133110530076024,1.0709769950980208
E01001043,1.8617555269817556,0.22525325542852093
E01001044,-0.7685077441069506,0.4963044080210426
E01001045,0.9606154398607095,1.0047822303021297
E01001046,3.5743789332840734,0.34042933788639873
E01001047,2.420708523675348,0.3402007817202367
E01001048,0.8092188310491759,0.44998635400713854
E01001049,-0.014235343372304822,0.7096900038911671
E01001050,0.19928164707950563,0.7010945706947906
E01001051,5.6698784402985085,-1.1949982883936294
E01001052,6.663291707443053,-1.2777646465238097
E01001053,3.780142733562289,-1.1202762177123464
E01001054,4.414265144874679,-1.2348017392871864
E01001055,3.247894579771441,-1.7002740787155204
E01001056,2.9124837738808416,0.21708892206353708
E01001057,4.631850175718085,-1.5563551951778947
E01001058,5.209951078558257,0.19875061432395394
E01001059,5.521812148741016,1.20996520819131
E01001060,0.9935483628871243,0.16471658137205608
E01001061,3.5661969400234073,-0.17574122346001889
E01001062,3.7065818293670314,-0.4888236711947859
E01001063,4.720223719169437,0.8940589958913676
E01001064,4.660922452058915,0.7929340560039837
E01001065,4.00435901106938,9.100776744481788
E01001066,-0.6151355690938354,-0.43973064347609087
E01001067,-0.11699456063237619,2.1132568349289715
E01001068,1.8282725740000392,1.1195629574809727
E01001069,2.544102119342036,-0.4241195697311513
E01001070,3.2276822352827783,0.11783579497723377
E01001071,3.979972039051807,1.736569871116032
E01001072,3.89301630572784,2.317271867269888
E01001073,2.657092057187608,2.0787471529456893
E01001074,1.5177348497980867,0.5295483003745792
E01001075,4.355428731848626,0.4873152978184117
E01001076,6.704257576162905,-0.512568599580587
E01001077,2.4816035412744637,-0.40046082472642974
E01001078,5.198464139624237,0.07660150575250947
E01001079,3.9083189968247556,-0.16581284674483454
E01001080,3.181508281017188,-0.44464232081621985
E01001081,4.576856630977391,1.3061172550058033
E01001082,4.4876624194722865,0.9467101433935757
E01001083,-0.5580919349909469,-0.9364392054111064
E01001084,-0.6832674890825053,-0.5185701132985748
E01001085,0.08429171298938577,-1.0461683299698148
E01001086,-0.2386168899924049,0.1375828521954687
E01001087,-0.5590601487820077,-0.9323164094569664
E01001088,1.4038480936230107,-0.8961652317410636
E01001089,-0.5156623164272687,-1.6845844853917582
E01001090,-0.5186147525662762,-0.4118278099277561
E01001091,-0.5805965575200779,-0.034408333885186895
E01001092,0.6870851226406135,0.4469053538517969
E01001093,2.277562276706251,1.1690161532203551
E01001094,2.3439310321551745,0.8755932780864879
E01001095,4.048120298334683,0.8256102927209951
E01001096,2.850840597915961,0.48294800586093906
E01001097,3.4780754002633207,-0.17101365023453802
E01001098,3.659803166067348,3.2632503076106754
E01001099,2.651060261855119,0.9922861112768598
E01001100,3.7691021005917515,1.1474974646048623
E01001101,3.0914686065495753,1.0344033308196505
E01001102,5.0746107982223485,0.8738447307766968
E01001103,7.38226108123341,0.08188028138151993
E01001104,3.66507606434639,1.9743854372605565
E01001105,3.1985524141849946,2.4411338564800413
E01001106,8.341662038829334,0.4845132576030853
E01001107,3.311518595593126,0.641160521522251
E01001108,7.344561572464779,0.35937430860102826
E01001109,1.5765067278116627,0.16639556138804895
E01001110,1.432999797366765,-0.22902864725864908
E01001111,1.733315636486579,0.8396038317745066
E01001112,2.249150638074516,-0.5090748832674349
E01001113,2.4761346503830417,1.2272962732244321
E01001114,0.0772619227149657,-2.447673710391122
E01001115,1.735407703723568,0.17808176700329728
E01001116,1.2713048203639572,0.28052791212251055
E01001117,0.8952648668085302,-0.9532891114694239
E01001118,1.134058809376144,-0.7606779028655483
E01001119,6.62670843943597,-0.4643176575843408
E01001120,0.21547766905048024,-0.032089664509250285
E01001121,2.5064865945032713,1.6339568058305804
E01001122,1.4062339223029743,1.7443729943106139
E01001123,0.9533809986569436,1.906336277386006
E01001124,4.92075113829415,5.249023593156752
E01001125,4.411496472228635,1.9927681817264973
E01001126,6.4642838714585436,1.469556204942262
E01001127,3.742953234623093,-0.9966569220779758
E01001128,3.3161898157081557,-0.4228738164445551
E01001129,4.5954425926789675,0.7462103990963846
E01001130,2.0274142048447237,-1.6083945271058937
E01001131,5.209342951327655,0.47776166174049506
E01001132,3.894326569994938,-0.4446128994190724
E01001133,4.419276621029895,0.5850966361665509
E01001134,2.210406970339987,2.0588983689278537
E01001135,0.7424555417535555,2.176554791696106
E01001136,0.5025747044772724,0.3908129637934017
E01001137,0.23015342864860222,2.4702660902993374
E01001138,0.4809704375943345,2.229620906408492
E01001139,1.5805408829830858,0.9229213871344883
E01001140,0.39111628659075914,1.5275376742436715
E01001141,2.2445610683856967,0.06094403039711316
E01001142,1.6458807902395094,0.4696957062972773
E01001143,1.9506321938269011,-0.16033394447033847
E01001144,1.8368749562698157,0.2551895912446515
E01001145,1.3943019270864048,-0.5832340918038913
E01001146,0.7988238625231876,-0.390798339925481
E01001147,0.7316153294985059,-0.745652053780084
E01001148,0.7929020615913017,0.13340155956842784
E01001149,1.2827578924925562,1.2532063761870798
E01001150,2.0371422718245413,2.2750342109005417
E01001151,1.7653232402695378,-0.9839838092206231
E01001152,1.2235959237824459,0.22414071884993075
E01001153,1.284660500626606,-0.3648699421029267
E01001154,1.0887889825610169,-0.21369381584804617
E01001155,1.2273557648917794,-1.082091908941667
E01001156,1.8340030004414298,0.059641818334942344
E01001157,-0.278533904573316,0.1616655005774301
E01001158,0.9741845732960828,-0.03178309235448572
E01001159,-0.9625053360294978,0.4360550062631942
E01001160,-0.3560242472813808,-0.7537839827048836
E01001161,0.543477873890683,-1.5622405418636678
E01001162,-0.06867196617921864,0.49667334215596837
E01001163,-1.0733180826489015,0.5053142983298626
E01001164,0.3117411212502076,1.0015221881915313
E01001165,1.3085190826623023,0.2865216903660609
E01001166,5.831069937213817,0.7958705491984919
E01001167,5.256316099487022,0.949501703732325
E01001168,0.9116977919087076,0.7716952847966717
E01001169,3.896189814837913,0.11044104227970863
E01001170,1.2565906525357664,0.5399580815969297
E01001171,5.788223663798275,-0.91661863056165
E01001172,4.051902014652389,-0.8829669931941524
E01001173,1.615616860804217,-0.011970742937352077
E01001174,0.7714603605907314,-0.8958046860747171
E01001175,4.410249192912498,-2.219433217037136
E01001176,1.1609543415235142,-1.1717255195770906
E01001177,4.294384817604225,-0.8400547083014369
E01001178,-0.6247229328436045,-0.5831097057847121
E01001179,1.0528685397120359,-0.282646353965236
E01001180,1.756541646253514,-1.0386844070037706
E01001181,2.628622572804394,-1.683009145987415
E01001182,0.5804262945618971,-1.1699572742447462
E01001183,3.7481321925909303,-0.9957414983883118
E01001184,1.4891619149639026,-0.4984123619388135
E01001185,0.43721332307534994,-0.7877189209773495
E01001186,0.4678127492086906,-1.0661542355048133
E01001187,1.8544279185770047,0.8828334393086619
E01001188,0.8338999297626913,-0.3264057099060968
E01001189,1.1413111972795313,0.22876404410782056
E01001190,1.7176277780380265,-0.5244862119953828
E01001191,0.8153157063972313,-0.8064910931859653
E01001192,0.9035728663604081,0.17294427334937054
E01001193,1.960734092254258,-1.8549340642517216
E01001194,0.14891883472522396,-0.028064173608623975
E01001195,-1.619725984232986,0.399305810659617
E01001196,0.6424949433827553,-0.12320283618705803
E01001197,-1.5988237763670496,0.5009415226053362
E01001198,-1.3508118336128923,0.05667588373489939
E01001199,-2.232314317970382,0.10079548998025417
E01001200,-1.4291170304652934,0.8430456509324883
E01001201,-0.42070591061254575,1.1582085863735256
E01001202,0.08171297072057784,-0.5565160579752236
E01001203,-1.61059281060912,1.061334669379207
E01001204,-1.9735998839030118,-0.19833025129280776
E01001205,-0.6466407453747948,0.17295878895298278
E01001206,-0.6393810630204886,-1.8823729319917233
E01001207,-1.943670256694092,0.31140090910370716
E01001208,-2.383637081804904,0.4149741154864797
E01001209,-2.1288358391959314,-0.5336193547154795
E01001210,0.012388733429459632,-0.47552369141119494
E01001211,-2.78910388284776,-0.0830448757352972
E01001212,-1.954808931654459,-0.6351336190687663
E01001213,4.433476453995419,-1.4260958583987993
E01001214,1.5571406534873329,-1.4529491474613572
E01001215,2.9696333027734267,-1.1008530280140092
E01001216,-0.13258009270163765,0.6346444002197085
E01001217,1.5241690150275504,-0.46637469483450456
E01001218,0.9415947413579807,-0.785957287731009
E01001219,2.0248767371662204,-1.6670067483515623
E01001220,1.514989527377487,-0.9926289371400291
E01001221,-3.203674021577184,-0.15256113934340537
E01001222,-0.6425925209789982,0.8957083198121452
E01001223,-2.660453263411049,1.4926653200832196
E01001224,-1.4638375674637745,0.8664235858317507
E01001225,-3.1121845543473676,0.6017077636707692
E01001226,-3.087493092341098,-0.5777312252059972
E01001227,-2.9820384076391595,0.791259091805303
E01001228,-3.092200247704673,-0.2360068564496167
E01001229,-2.2504787523916887,-0.39794099703333574
E01001230,-3.391840318046866,-0.32855570242073734
E01001231,-3.4672283529616723,-0.18520883743718675
E01001232,-2.713288655526555,-0.5169632467113987
E01001233,-2.1499545875175134,0.1613304465646166
E01001234,-2.6493009988455607,0.2927613093213201
E01001235,-3.9300864169201244,0.18428211459683014
E01001236,-3.4872718038034036,0.15231294555590322
E01001237,-3.0675748037885087,0.7171213408157586
E01001238,-0.441963075680785,0.5537748741796881
E01001239,-1.325037715973219,-0.09201196574473118
E01001240,-2.0008229253373266,-0.009130268163968969
E01001241,-1.0642489822630277,-0.5989719011195657
E01001242,-1.7621550944495556,-0.48468423298227636
E01001243,-2.865114673832673,-0.4244587524841799
E01001244,-2.642910075102199,-0.5544737041024069
E01001245,-3.237915570240915,0.015177167816468981
E01001246,-0.1357374126536844,0.20446806804633394
E01001247,-0.06859629675513874,1.2078052208998902
E01001248,0.047606559174089555,0.016097005885884745
E01001249,0.70255798973153,-0.03269217086217773
E01001250,0.16133703014901382,-0.07964960894786721
E01001251,-0.599851687007696,0.4969603088841491
E01001252,-2.3364041453519375,-1.3360129632548745
E01001253,-0.14592126146609263,0.19154661235892562
E01001254,-0.15816259802507643,0.8246842096661741
E01001255,-0.39872627217599466,0.6291146864694606
E01001257,1.9574887748876566,-1.1840572338684996
E01001258,0.48250807508329296,-0.7227550552096039
E01001259,1.979082086495399,-0.07498009077346338
E01001260,1.1751207459728976,-0.10293892579219519
E01001261,0.9781903277266338,-0.026671648017952576
E01001262,1.2006934638295486,-0.10652421391062683
E01001263,1.6143103442832478,-0.3332273674466275
E01001264,0.9815246557025087,-0.5364057732058994
E01001265,0.7185565161840546,-0.11308249771806002
E01001266,0.11886264811235699,0.011156967518600992
E01001267,1.7691195449143688,0.3013176351090837
E01001268,-0.15563941124646713,-0.13729369586986032
E01001269,0.25569376189274645,-1.143584959816637
E01001270,0.08391038068938016,-0.7262389864518081
E01001271,1.1295169383364578,-0.18474531860080542
E01001272,0.35674812377055815,-0.2349473822267502
E01001273,-1.6093696906109602,-0.08689525091781915
E01001274,-4.395163117100047,-0.1526715742219572
E01001275,-3.0183404603351183,0.27528832325302316
E01001276,-0.8424571730312,-0.9092438779726436
E01001277,-0.2736958050500616,-0.9929793727393637
E01001278,-1.7115216804966984,-0.3011652570232378
E01001279,0.20089113300902295,-0.3885380602029494
E01001280,-2.865849645275906,-0.10053064843186843
E01001281,-2.2992864299634403,0.5567220596488955
E01001282,-0.15402687704091625,-0.4869405939125855
E01001283,-0.32858048638238346,0.39401708110051925
E01001284,-1.0930712904148066,-0.016324979485255395
E01001285,-0.49051433588481547,-0.712045667699602
E01001286,0.1426986321408498,0.07519527242829106
E01001287,0.3220138345099255,0.7442742585363686
E01001288,-0.02395457007659276,-0.21683863863878858
E01001289,-0.19361068126872352,0.24770106951149565
E01001290,-1.3380862295248095,0.15414009799894343
E01001291,-0.1019258136894618,-1.271946191142094
E01001292,0.5867686822275165,0.44376807806271257
E01001293,2.3571809236566597,-1.2765086731812765
E01001294,2.186792039836312,-0.8319636968438634
E01001295,1.4890365906621297,-0.2706989201561018
E01001296,2.522348163151554,-1.098784557342406
E01001297,2.537512351078125,0.34581054478552925
E01001298,1.0883029534662014,-2.2955738673927883
E01001299,-0.24769886726545176,1.2255761088438994
E01001300,-2.496025997860372,0.3227731763887045
E01001301,-1.8315466241825393,0.08393940539698888
E01001302,-1.5771808182522644,0.6696507179940016
E01001303,-1.4767655805293927,0.6852946599165914
E01001304,-2.295674952862997,0.5759540648780277
E01001305,-0.850506354026061,1.3865202636560525
E01001306,-1.3092961857251035,1.0828524544041038
E01001307,0.3196953114945827,0.20000630422645332
E01001308,0.3118795089325966,-0.9373972560689232
E01001309,0.01327484283888868,-0.5872865025040301
E01001310,0.7592942399929323,0.23598627548550077
E01001311,1.3240015157929008,-0.7990297093341144
E01001312,0.9610163295047538,-0.7530873706401141
E01001313,0.34511632773831996,0.01813957755454288
E01001314,0.48473432033366026,-0.3267220185081364
E01001315,1.6339792260055668,0.19848695991813858
E01001316,1.3277546451861308,-1.0777707663883667
E01001317,0.7544080955488615,0.095170963350266
E01001318,0.7004574017262422,-0.7548406379148198
E01001319,0.25624960931122415,-1.1510969297378868
E01001320,0.23143622750644585,0.8194378107883558
E01001321,-0.7855207428306442,-0.8654229101178431
E01001322,0.4552892010710014,-0.4754322976371589
E01001323,0.4098390569663487,-0.6425776355419569
E01001324,1.3330390113525643,-0.337732148110271
E01001325,4.710348881991744,-1.8415523555184705
E01001326,2.0138210201182805,0.7405645944276315
E01001327,3.6862597803755377,-0.9090276157522232
E01001328,2.494864165248025,-0.9502010275130407
E01001329,1.652787746230655,-0.8207017997159239
E01001330,1.8803956430806374,-0.8453065650189057
E01001331,2.071710169332436,-0.7623278233418789
E01001332,1.6013223859152066,-0.6250598017372196
E01001333,3.1223068766791173,-1.3882223350655594
E01001334,1.7723444881523922,-0.988279430840389
E01001335,1.033280479781602,-1.6135860007113976
E01001336,1.02666431897387,-0.5281694561210819
E01001337,-0.21565880664296788,-1.1079694186802171
E01001338,0.23266579811026697,0.3891062104905381
E01001339,2.0910181060733315,-0.7575794177118097
E01001340,0.8271744252517613,-0.0611617601469092
E01001341,1.0204010203492166,-1.5917236628048121
E01001342,0.10601759744834958,-0.9200589289023694
E01001343,1.0384509661401835,-0.9610463231337827
E01001344,0.34990468790163903,0.22499680505004396
E01001345,2.2662424201085245,-1.0567762302160522
E01001346,0.3759783569547674,-0.3234447056551401
E01001347,0.34618817153769454,-0.3447229478483532
E01001348,-0.7890291198476594,0.5165495054864475
E01001349,1.5403862031042967,-0.5917529678597493
E01001350,-2.5307521951544514,0.9084303128998862
E01001351,-2.1752391104714492,-0.2799145699662206
E01001352,-2.1192867880304282,0.3067614784899336
E01001353,-1.2145288882480336,0.07172825932738539
E01001354,-2.2044158623972137,0.8856955581305629
E01001355,-0.3592788193439982,0.4615983532157192
E01001356,-0.562022021313779,-0.7984575464808872
E01001357,-0.5331722980511875,-0.5239182266260063
E01001358,-0.26520708740472276,-0.3506047258811398
E01001359,1.8867464207220181,-3.590151851560684
E01001360,4.841837218770398,-0.389366721857586
E01001361,2.421448240162974,-0.21018253364008568
E01001362,2.8653342861966107,0.9047164511918055
E01001363,4.073237667276739,-1.3926811457793649
E01001364,2.223608079720791,-3.8349927718911876
E01001365,3.0099460503596056,-1.7278098521085885
E01001366,2.3104366852301177,-1.4076761626996557
E01001367,0.42191212797899236,-1.254228931511783
E01001368,3.4093248873111146,-1.3461870297772902
E01001369,1.7657885942581053,-1.791729807959342
E01001370,3.118740045937274,-1.7885763802571568
E01001371,3.388986491058107,-1.845370528685522
E01001372,2.650592038291727,-1.8839288553513855
E01001373,2.772841721025799,0.3784470545600255
E01001374,-1.1222531403447122,1.0139021658606913
E01001375,-1.1933712691583132,1.154305314107049
E01001376,-0.32224368708729634,-0.11351301564228032
E01001377,-0.8288345434487008,0.11172222807548585
E01001379,-2.378610012816633,1.0288223298264263
E01001380,1.741104225803271,0.7770594924822684
E01001381,-3.005524653880926,-0.18123661399576935
E01001382,-1.429170100849934,1.0584631187890046
E01001383,1.2657894967567387,0.7222164097153614
E01001384,-0.7139367967566574,0.5216012169044826
E01001385,-2.093183294752349,0.660226014551997
E01001386,-3.160256326775966,0.5240714140267159
E01001387,-2.2207016375046686,0.5085388955290133
E01001388,-0.8448096596670509,0.3888651646591639
E01001389,-0.6116891031581261,1.0468188349380887
E01001390,-2.5830186777667947,0.6047640515985172
E01001391,-1.936896119251853,-0.19514461289323684
E01001392,-2.64925155157145,0.2123553232582111
E01001393,-1.8580597735580582,-0.2110409188708644
E01001394,-1.596327256811469,-1.312223979735694
E01001395,-0.4140705113737615,-1.2913740236384965
E01001396,-2.3046706822985215,-0.5285258474849049
E01001397,-1.5402560410051707,-1.6600160511417466
E01001398,-2.406605909999273,0.2775368505714969
E01001399,-1.328069844416774,-0.4085238547836618
E01001400,-1.8518460291344887,0.6126080884216744
E01001401,-1.922243522766691,-0.03882024019859483
E01001402,-0.23792559333776647,0.49372642846004255
E01001403,-0.6551666713095674,-0.8346220395467456
E01001404,-0.38652996512388643,0.34858325990187444
E01001405,-2.2074504694894266,0.4398502214222335
E01001406,-2.1349457152721496,-0.657637417061872
E01001407,-1.4434533701810814,-0.1101587112374468
E01001408,-2.0622369258683673,0.8051156115354623
E01001409,-0.33174514451962867,-0.7613857874486947
E01001410,-0.6323281194562714,-1.0928234208729084
E01001411,-1.9758432989161856,0.45412507100040655
E01001412,-1.2147204106867642,-0.11716294181644027
E01001413,-1.648869857095555,-0.14352261741267924
E01001414,-0.9873833398838131,-0.9637678620309926
E01001415,-1.6673956326703117,-0.32586338138330484
E01001416,-0.13163720605637536,0.1711170943206024
E01001417,-2.7873124043087065,0.34285673456911353
E01001418,-0.8311217453836881,0.5335709936068657
E01001419,-0.311630874489163,0.8180784517196765
E01001420,-0.39710082930678003,0.6148006412352838
E01001421,0.21598125570350923,0.06331649951765551
E01001422,-3.2632270947512003,-0.10575455745442887
E01001423,-1.1355158187609684,-1.1174223609738156
E01001424,-0.5269387008329441,-1.7826782941681936
E01001425,-1.2260978165131105,-1.944230824706732
E01001426,-1.018479362388719,-0.6853332644819397
E01001427,-1.7383829330696585,-1.8438570082857029
E01001428,-0.5703613230591521,-0.6651360043014615
E01001429,-0.2673081243468315,-1.0788660482175367
E01001430,-0.3250191831199442,-1.664942214933823
E01001431,-1.4122946325114991,-1.8482988169292351
E01001432,-1.2212722734844037,-1.8756971571506411
E01001433,-0.2853684381254779,-1.381654785512545
E01001434,-1.0779380298230519,-1.3733493781662838
E01001435,-0.6392414027626241,-1.3009206779410207
E01001436,-1.3873294902233044,-1.5603758118642208
E01001437,-1.1403538852912865,-1.8297298359950447
E01001438,-0.7385818370026062,-1.8209659373889928
E01001439,-1.150876104816602,-1.6758512144608286
E01001440,-1.136935498274433,-1.0585866580934182
E01001441,-0.3769420644047344,-1.6119148979178635
E01001442,0.14813687242097553,-1.7019883077555178
E01001444,-0.5915994939673296,-0.37628106831371844
E01001445,-0.8749780338001788,-0.42524552912979774
E01001446,-0.42661048902035165,-0.8224178935936453
E01001447,-0.7214922071907308,-1.8787630231279395
E01001448,-1.309688263956544,-2.2183919676402546
E01001449,0.06124599605436981,-0.9090557070752252
E01001450,-2.209452538423295,-0.1080600300729051
E01001451,-2.0893859110034487,0.06630614400313341
E01001452,-1.3997475323895525,0.8506556959254878
E01001453,-1.3179478604843675,1.2552266708420232
E01001454,-1.1825083472359355,1.1329810709134016
E01001455,-1.9861043145740842,-0.28398086364838093
E01001456,0.0705198301404866,0.49072668749201037
E01001457,-1.6823802924177316,1.0907301465701973
E01001458,-0.8234835422131904,-2.3205341442645424
E01001459,-1.4275803744187467,-0.8491626329202641
E01001460,-0.18367496478260897,-0.9864838595417198
E01001461,-0.7321286359441253,-1.1394256172657928
E01001462,-0.4348586377417929,-1.0915832286177911
E01001463,-1.7406630116010624,-1.0149654166759852
E01001464,-1.0624947340805106,-1.3194985745371337
E01001465,-1.1777747520041768,-1.2085585001595807
E01001466,-1.1013269979410372,-1.1477969765895897
E01001467,-1.3294019652907365,-1.0815231890416084
E01001468,-1.5355803460719222,0.7619047751614703
E01001469,-1.39695774883714,-0.25946742846166587
E01001470,-1.1373753017071975,0.20798356826020917
E01001471,-1.4041580998110523,0.42331729675493857
E01001472,-1.3933886099863357,0.21731805947475086
E01001473,-0.7445835734402526,0.22744931655009326
E01001474,-1.801639388210614,0.6992477426957223
E01001475,-0.9770408575349616,0.6502013082958057
E01001476,-1.9946153559451814,-1.4360615203751796
E01001477,-0.5864583085786583,-1.3218265919658345
E01001478,-1.2720855759382983,-1.0241244597675916
E01001479,-0.7589568106934043,-0.8704786741480345
E01001480,-1.1299016409877556,-1.0769297232483956
E01001481,-1.2605853489870336,-0.8034246010749804
E01001482,-0.6600293539006448,-1.2551810025157382
E01001483,-1.1176341509691472,-1.3372481031217798
E01001484,-1.7457917982323734,-1.0062622165447095
E01001485,-1.3134350326664743,-1.9089653337078918
E01001486,-0.7595047538723372,-1.6642197153525997
E01001487,-0.45243195834830663,-1.5584486624966625
E01001488,-1.7102310360464688,-0.3754028751191283
E01001489,-0.7495885512832668,-1.2773141917950286
E01001491,-1.2194791232573243,-1.1410112053001815
E01001492,-1.1580238491366865,-1.4806955420843375
E01001493,-0.46607064383380115,-0.42395267906678885
E01001494,1.1722845941976772,-0.8854761834893943
E01001495,-1.5370076980081222,0.884140709692883
E01001496,-1.814786176236689,-0.2665304551553243
E01001497,-0.9152983371764969,-1.3911513605146786
E01001498,-1.07852399883847,-0.43713218616463817
E01001499,-0.8847722662984465,-1.3948968852271846
E01001500,-1.6788882162230943,-0.8310956147281725
E01001501,-0.7187831987181523,-0.6128553563657324
E01001502,-1.3555914396577182,-1.6004858256406824
E01001503,-1.709318373768027,-1.177925370156077
E01001504,-0.9035907127125575,-1.5590024661429507
E01001505,-0.7506567480714359,-1.680937358449969
E01001506,-0.9684726181264536,-1.4239036488159598
E01001507,-0.6739056251623696,-1.5137888609955255
E01001508,-1.206728958532271,-1.6308037234276074
E01001509,-1.442137219309448,-1.3931744541108617
E01001510,-0.922368728921298,-1.5757359510004807
E01001511,-1.709102493227192,-0.6355316392049288
E01001512,-1.55617273655751,0.42596636956684475
E01001513,-0.6369178507506721,-0.6591041858057042
E01001514,-1.9487964958092718,-0.6574850463956394
E01001515,-1.2486592036894713,-1.4580484539563168
E01001516,-0.7584570162447873,-1.348222681735808
E01001517,-0.9905305211630939,-2.1808356934782553
E01001518,-1.6966444063841168,0.5103568367750871
E01001519,-0.09752121215724414,0.850317481167107
E01001520,-0.443920022038596,-0.009019639399779233
E01001521,-1.486755164511831,0.07178284476225365
E01001522,0.29910080743123174,0.03748986239849726
E01001523,-0.5943299040563957,-0.359081430277182
E01001524,-0.20366820084339243,0.18099367179599254
E01001525,-0.21042999331819637,0.6872932566750763
E01001526,-0.3196428115001373,0.499554799747978
E01001527,-1.1365279872346485,0.13725638940813023
E01001528,-1.612348063344307,-0.40012031696341693
E01001529,-1.878461996687649,0.12753659199732204
E01001530,-2.727284614029831,-0.28295367213603917
E01001531,-1.749630007478932,0.5548695118858319
E01001532,-3.0189345760134065,0.39744059038233825
E01001533,-2.561278150567216,0.20648466537875457
E01001534,-2.207830778577748,-0.5557444221951173
E01001535,-3.163599813205237,-0.07938476590330298
E01001536,-1.9246711418293736,0.35846673724964545
E01001537,-1.780710776425024,0.08758108959215706
E01001538,-1.6319837374961426,0.10959766641423582
E01001539,-1.428901765762027,0.24207332927199196
E01001540,-2.412219665314881,0.13637201908949753
E01001541,-2.0352917338358876,0.8137944375553225
E01001542,-2.097912766643942,-0.1157557424521981
E01001543,-1.7066304780246502,0.4922722886026451
E01001544,-1.5495234874459887,0.293789217564615
E01001545,-0.08878716403392777,-1.2208608184781553
E01001546,-0.08868394816281452,-0.927684275761886
E01001547,-1.0469463467632134,-1.1025796684872726
E01001548,-0.8545625863898968,-1.6137206192092477
E01001549,-0.19538678179585706,-1.8197548784020015
E01001550,-0.2694768669494085,-0.8826129285681974
E01001551,-0.4640157144327095,-0.6183667514302642
E01001552,0.22716127198163788,-0.42840077089016704
E01001553,0.3472338250472721,-1.7453379504443383
E01001554,-0.21765812938607815,-1.4030117394758264
E01001555,-0.5391045510276782,-2.068931829826175
E01001556,-1.1707266826971647,-1.143178035089419
E01001557,-0.9831196559344206,-1.3251872391774882
E01001558,0.8632583097039962,-1.394139103244187
E01001559,-0.5071346455557082,-1.6877758876334619
E01001560,-1.10836639074262,-1.4509982089796016
E01001562,-0.4829812311560105,-1.7483455957679226
E01001563,-2.046494620092383,1.3458572322710234
E01001564,-0.6883487001049221,0.9411830024751277
E01001565,-1.310503496573791,0.304457100180734
E01001566,-1.930342417902142,1.9837399617430602
E01001567,-0.9665597009376471,1.2733819571963965
E01001568,-2.119075639845388,1.0548683557501273
E01001569,-0.33210728827173763,2.328963015913624
E01001570,0.596448015207844,0.3853703551855878
E01001571,-0.2639731104174753,-0.6664314271990902
E01001572,1.168332758172232,-0.08786001115936169
E01001573,-1.125075797161092,0.03896631114690179
E01001574,-0.34573931216823184,-1.067420474595306
E01001575,-0.3385861867473138,-1.4243538796199409
E01001576,0.18054092579288342,-1.2649534291813425
E01001577,0.5865433893382471,-0.7178949293335832
E01001578,0.01664897785831647,-0.5533546040991045
E01001579,0.6344754634550468,-0.6635360781527354
E01001580,-1.6954584404281157,0.9748309066016866
E01001581,-1.8764485913269253,0.1995765393363462
E01001582,-1.288360546618233,-0.09039496910584366
E01001583,-1.5714880403422549,1.2073465664397398
E01001584,-1.462117248638185,2.002388598672067
E01001585,-0.5346512169083113,0.8606399431684252
E01001586,-0.397733977195282,-0.39837620209660685
E01001587,-2.363115457677215,0.6961423709708335
E01001588,-1.888030251631903,-0.541576176370899
E01001589,1.3026385847181698,-1.14735298788704
E01001590,-0.3732079231788426,1.4066336702265723
E01001591,-0.6770086867150555,-0.5274085744593076
E01001592,-1.4017167636667607,0.4075218372261207
E01001593,-1.8292901495542448,0.009979618562082368
E01001594,-0.3747927172403079,-0.5856397244509506
E01001595,-0.912937011160813,-0.8526975281796939
E01001596,3.6604208170291286,0.08350787965004335
E01001597,1.7292543635954878,1.5982386572547362
E01001598,0.48446791075546736,-0.11526315299411055
E01001599,1.1041189832133749,0.6902822885312305
E01001600,1.269857809772672,0.4265821128821129
E01001601,1.3113248582467019,0.48303970952647224
E01001602,0.5993765895373981,0.09087317498273399
E01001603,0.559501815483903,-0.4334470756691481
E01001604,-0.37992511361717335,0.16269373241351398
E01001605,0.41678074212847366,0.8451560756432713
E01001606,-0.2878959875748505,1.489482682075809
E01001607,0.018550363018020447,0.49485926760234117
E01001608,-0.2670205877235979,1.186939197531658
E01001609,2.091030129449858,0.5468506392861748
E01001610,-0.9807969816691129,0.9413064152444076
E01001611,-0.47859028004182746,0.9278134600659819
E01001613,-0.42135870787913016,0.608798008069353
E01001614,-0.5151709148917708,0.04148498824772891
E01001615,0.02616071814079343,3.22852947743379
E01001617,0.12379926600151252,1.0736890091237217
E01001618,1.9329692939513856,0.13896631280047933
E01001619,1.5322079398558868,1.3554630689647043
E01001620,1.169881786801069,-1.2380963389754411
E01001621,0.9539249113489762,1.0840796538242634
E01001623,0.09033234340516695,-0.12009751847563227
E01001624,0.13984340533497278,0.8432145336477739
E01001625,1.5468350200340693,-1.296046984967913
E01001629,-0.2610859660750313,-0.8464188101578076
E01001631,-0.7451028056653415,-1.231240448321172
E01001632,-1.1694531132902872,-0.7795802169361952
E01001633,-0.6252399244872878,-1.0181037036454827
E01001634,0.5513716869623697,-0.5703368008276334
E01001635,-0.4520215737188551,-0.09073410944168284
E01001636,-0.8040131893564285,-1.1622189556080091
E01001637,-1.0352733979299487,-0.8405833675571377
E01001638,-0.7589379402448689,-1.371207857568418
E01001640,-0.7306716350075686,0.08646975634097288
E01001641,-2.462557725420287,0.456205972993104
E01001642,-3.6732031760954045,0.967102029309507
E01001644,-2.2374393636029626,1.0635753583886927
E01001645,0.19385370508586042,0.14273732667200975
E01001646,-1.9375135312515,-0.1527711974605589
E01001647,-0.7223959155288819,0.29596679892011274
E01001648,-1.7341621774910976,0.5850565857236909
E01001649,0.9594258912376266,-0.4808733329850877
E01001650,-0.9712260273467799,-0.4266520996457466
E01001651,-0.07381821987571818,-0.7137992610300931
E01001652,-1.331599216291314,-0.009219529594597708
E01001653,1.3652075584113141,-0.5189213150201462
E01001654,1.3364468570997616,0.5895045050034472
E01001655,1.905321807198148,-0.32737193908395396
E01001656,-2.2545417370685805,2.2089481296097313
E01001657,-1.3173057080683104,0.3677937370905319
E01001658,0.0769076707300585,-0.12981485034928408
E01001659,-0.4067415612932069,-0.24731117724687443
E01001660,1.3733971772779119,0.10537020795565522
E01001661,-1.2130546961951594,-2.210383243979727
E01001662,-1.5617410557248992,0.6859006485245472
E01001664,-1.2093711263684654,1.0593943023522967
E01001665,-0.21920127138062032,1.538407518570784
E01001666,1.4565103445668515,-0.6240269549604355
E01001667,-0.0520706109498326,0.29963706048034927
E01001668,-0.8520032306199127,0.30886064198429775
E01001669,0.10427378309666331,-0.5485799724594926
E01001671,-0.9523358066386691,-0.4313103172249381
E01001672,-0.1755229316992269,-0.8294648037951389
E01001673,0.132413405950371,-1.8069435912119316
E01001674,-0.09710520849509768,-0.44093559027855805
E01001675,0.3427017771320843,-1.4906859080514094
E01001676,0.2616636790412955,-1.4616878953678587
E01001677,0.302496050989107,-0.7815368658781542
E01001678,-0.5542923980385427,-0.4614877011080747
E01001679,-2.029384460678993,0.43512441919291733
E01001680,-1.9001245370083628,0.32380987580774573
E01001681,-1.428348265387292,0.6924980464661072
E01001682,-1.2795813653599966,-0.6804432947940765
E01001683,-1.0704924234453217,-1.1676099437663323
E01001684,-0.2101440709538014,-0.44553316283976535
E01001685,-0.921073863521402,-0.3820307558077276
E01001686,-1.5732142462877066,-0.4367752169450488
E01001687,-0.40929047803729074,-0.38531284772399244
E01001688,0.7930020887414091,-0.7807872753924017
E01001690,1.3564892365082784,0.06682427884246167
E01001692,0.527782730469098,-0.3629747740038168
E01001693,-0.0355338211334724,-0.3161762155416091
E01001694,0.7353939264349932,0.04155960881722585
E01001695,-0.8924326806065167,-1.0223570933137172
E01001696,-1.538474703288157,-0.24382391717746188
E01001697,-1.1567013139218092,-1.0839881433650063
E01001698,-0.23197925655994148,-1.1157037205890543
E01001699,-0.6693203821039,-0.6901996556298873
E01001700,-0.7076825625359557,-0.9217517392014397
E01001701,-1.0501409067820613,-0.7109091998995843
E01001702,0.3757854257501374,-1.3706227574713408
E01001703,-0.24673172215722058,-1.6613761104339189
E01001704,-1.3598450661726345,-0.026621567572404494
E01001705,-0.6057397684150563,-1.1788764626909458
E01001706,0.03874777305761915,-0.894692643710516
E01001708,-1.076731153374748,0.6461451567576252
E01001709,0.7759127382787775,-1.1823104497339425
E01001710,-0.3035734347633475,-1.8053141834026298
E01001711,-1.223699919352671,-0.48367457407953574
E01001712,0.04837112940841893,-0.7974185818029024
E01001713,0.31027707441508473,-2.2273021160834556
E01001714,-0.10700055953658852,-1.2906616335162417
E01001715,-1.4443468011732776,1.5861818799011418
E01001716,-0.8295862462378402,-0.395263321697534
E01001717,0.213722159647016,1.7689626043860907
E01001718,-0.9446522385884322,2.2289299569729932
E01001719,-1.1949412838649294,-0.5886084839027793
E01001720,-1.2370399247699353,1.6287039609697107
E01001722,-0.32653074462862514,-0.9460888403740618
E01001723,0.5902306928835689,-1.5439836606583746
E01001724,-1.8352507580876531,-0.44223749203542106
E01001725,-0.15662510069863525,-0.8019499203523389
E01001726,-0.763154662591119,-2.78140511488448
E01001727,-0.32232571239294044,-0.45549481523325314
E01001728,1.309402153526745,-2.04810998895819
E01001729,-1.8997204112583046,-1.6067076911553795
E01001730,-1.6512046334326769,-1.957629181692844
E01001731,-2.0716584862760468,-1.0094365626763133
E01001732,-1.3434040469880915,-1.2045732892886465
E01001733,-1.7774030155260103,-1.005757633723522
E01001734,-2.720361412651287,-0.950782980843355
E01001735,-1.6478504135481173,0.008045904709748666
E01001736,-1.2062153642147726,0.7000336189499481
E01001737,-0.6309448058846778,1.1961830503923934
E01001738,-1.7998446625761197,1.2464688385362839
E01001739,-1.5647605847245478,0.9704200526000096
E01001740,-0.38785299007997753,-0.9478036815344079
E01001741,-2.2402943780273703,1.5526514820916533
E01001742,-0.17761584162039618,0.24200586085611492
E01001744,-0.30986042559567945,-1.0182805958632701
E01001745,0.4715600892875076,-1.656632780088464
E01001746,-0.9927557746899269,-2.0210722688745197
E01001747,-0.5023210556431726,1.4323775134468693
E01001748,-0.6371054343329395,-0.7162185336166145
E01001749,-1.5649663051241103,-0.16221440222403427
E01001750,-0.7832890271307438,0.6127854122166124
E01001751,-2.337295439323472,2.346532263936182
E01001752,-1.4881320189219225,1.0102185642358377
E01001753,0.3103533464449012,0.27965964393802406
E01001754,-1.6016680664587826,0.4214270641225369
E01001755,-0.27562951998612883,0.6021021353153512
E01001756,-1.3739938257845976,1.2446241028991285
E01001757,-1.2888323331957512,-2.2301851817485376
E01001758,-2.1833155827605,-1.0746507757008934
E01001759,-0.9276570647861779,-0.24302089382392575
E01001760,-2.4441750993376434,-1.3164862181136374
E01001761,-1.0119683494495018,-0.6537301600052476
E01001762,-2.0588527478871783,-0.11963953581100058
E01001763,-2.451588633928347,-0.550618034222372
E01001764,-0.4481107401465088,-0.5489433053828326
E01001765,-0.9758540586114027,-0.9955719390135962
E01001767,-1.5121146890892503,-0.6492081217594738
E01001768,-0.9870115126462973,-0.7881494890440773
E01001769,-0.5512146046168145,0.7921618767328339
E01001770,-1.4664220240122054,-1.0891745631789034
E01001772,-0.08497118474615685,-0.49929341192111937
E01001773,-1.6703216256772833,0.3522821025752564
E01001774,-1.6103893024450449,-0.5238611099308261
E01001775,-1.017034931334391,-1.644086687626929
E01001776,-1.6531668021159884,-0.06529989407325114
E01001777,-1.7118977097203016,-1.0790093160837468
E01001779,-0.8359624807525369,-0.00832658133364172
E01001780,-1.1657512560494825,0.24681005673006287
E01001781,-0.025658374186427087,1.1768124062217962
E01001782,-1.5013988776712077,-0.9901534052348585
E01001783,0.031716338404757544,-0.04782609982244313
E01001784,-0.23549944774723083,-0.4340743600728651
E01001785,-1.9771281697605672,-0.7165109740718579
E01001786,-1.4260754359990333,-1.7239661171119725
E01001787,-1.8353894940170357,-1.8299378463422236
E01001788,-1.1940593876926897,-1.846711505399146
E01001789,-1.403590883248304,-1.0759369688617484
E01001790,-1.0882912674690008,-2.3100982688192606
E01001791,-1.5299319657551291,-1.2658544609769469
E01001792,-1.71867461073021,-1.562891704795373
E01001793,-1.7531231353608734,-0.4872630131397013
E01001794,-1.4572361546993875,-0.8850300910625309
E01001795,-2.1439446261269435,-0.6859843912560178
E01001796,-1.9095702261320102,-1.1743291862854652
E01001798,-0.6297821235869633,-1.2764744887014376
E01001799,-0.07697214034668287,1.4956969150739963
E01001800,0.3522623954474844,0.3233051222883504
E01001801,-0.035860205387790986,-0.034025729475810264
E01001802,1.7072712252851112,0.9371848569406966
E01001803,-1.4692015155919884,1.4545295515074783
E01001804,1.4093721842380451,-1.3354668451624654
E01001805,1.1079421532676894,0.3502682525291175
E01001806,-0.1480616033519014,1.3566351921332274
E01001807,0.6042386666768286,0.8529124721560863
E01001808,1.3037725204261081,3.0658083563109715
E01001809,0.4191826945683722,1.863003687773682
E01001811,-0.15823513398983322,-2.1827100279167757
E01001812,1.012504586617188,-0.6190671087273925
E01001813,-0.8388649656938906,-2.108631367385581
E01001814,-0.4588139389971408,-0.9720594755875107
E01001815,-1.7527967775538265,-2.247218982012832
E01001816,-2.1601038079569075,0.5048045065266349
E01001819,-1.6797548003377505,-0.20204292597211262
E01001820,-1.061818790660257,-1.0252476422328414
E01001821,-1.120977795708006,-1.3968838565589325
E01001822,-0.6139912590576532,-0.39791673983677944
E01001823,-0.18825981885256235,-1.3408384085711607
E01001824,1.8000811830063288,-1.0158865046755194
E01001825,1.3107355254989117,1.7625177141302182
E01001826,0.6176505962855471,-0.33891740548733973
E01001827,-0.21395290808411674,-0.7252040404934764
E01001828,-1.6479683864146937,-0.552593328395836
E01001829,-0.7042158620679866,0.6545140456045571
E01001830,-0.18345441963945197,-0.32947224969761135
E01001831,0.487938930422733,0.2822225960237233
E01001832,-1.5934126295286963,0.08482153559957537
E01001833,-0.3531817363167927,-1.5885783923437748
E01001834,0.28151168679679067,0.6112881783173716
E01001835,-0.4774525547540594,0.6616846005544993
E01001836,-1.196800869695211,-0.7896726986373895
E01001837,-2.039203647949306,0.36873993899109053
E01001838,-0.586196274408884,-2.621762559947721
E01001839,-1.4825495298523939,-0.5223045969871123
E01001840,-1.223645316143435,-1.01610522581498
E01001841,-1.6849666612614373,-0.705315688597215
E01001842,-0.9232425430724291,-1.3768667083168564
E01001843,-1.445366701426774,-0.7700281937616443
E01001844,-1.5860390917024598,-0.2678595047060847
E01001845,-1.1931455100983164,-0.9330953758677182
E01001846,-1.3664125337044346,-1.1643500030728864
E01001847,-1.7152469245845974,-0.5823888609605056
E01001848,-1.4026948721997075,-1.0580917287387481
E01001849,-1.7448911753946212,-1.2705519341234603
E01001850,-0.9713830764887567,-1.6156857694518532
E01001851,-3.996292057497968,0.6140313105763897
E01001852,-4.188497806545596,0.3265400114865551
E01001853,-4.330438663846909,0.8211274770211128
E01001854,-3.7818373053389283,0.11416629491711004
E01001855,-4.452538329670093,1.3996506437478913
E01001856,-3.1301744222421246,-0.3292256451359024
E01001857,-2.245364449149461,0.24054495124830258
E01001858,-2.8511292924340066,-0.315836744257294
E01001859,-2.9985944046544364,-0.47982709875447516
E01001860,-1.8619588672840959,-1.2230993782963904
E01001861,-3.1205037833348364,-0.2891776581138953
E01001862,-2.3085618367879817,-0.0561975785654268
E01001863,-2.603823423556076,0.1413074363397592
E01001864,-1.9908184010700976,0.27806104943120685
E01001865,-2.6770591634329763,0.69996127132586
E01001866,-4.045289387102292,0.34756724068763745
E01001867,-3.8824366084520276,0.6854997378644799
E01001868,-2.218905216962963,0.005062227069565175
E01001869,-3.761071738262546,0.2984958557525966
E01001870,-4.256417860781999,0.5908895191099721
E01001871,-3.434725993028716,0.21290418512133247
E01001872,-4.5009406148980675,0.5722245511049668
E01001873,-3.2225490982546163,0.24620498876720415
E01001874,-1.1567012834710786,0.3207089581323111
E01001875,-0.5142122312413192,-0.02751028737376234
E01001876,-0.6187376214564763,-0.2516618282724097
E01001877,-0.8973380695560118,-0.8881161251365564
E01001878,-1.5331695238270628,-0.37998396426489484
E01001879,-1.5295669141758146,0.3228052224116427
E01001880,-1.6481253877137996,1.8158760133921183
E01001881,-2.6110895219203236,0.34167235903270976
E01001882,-1.870896154320879,1.081227842713333
E01001883,-2.879755174923954,-0.19499016537597835
E01001884,-1.898538646039216,0.09076793272476133
E01001885,-1.0670669019481778,-1.1180194818680005
E01001886,-1.5689609935524726,-0.320308884766767
E01001887,-1.3790970947222017,1.0415545398677606
E01001888,-3.0105505642333283,1.042148456503093
E01001889,-3.5753873768159954,0.7315286327337024
E01001890,-2.381964986378669,0.2274304330895164
E01001891,-3.055157010573898,0.7107825273249765
E01001892,-1.2923522103296954,-0.6132444327617529
E01001893,-1.5361804855738832,0.06343450287996714
E01001894,-2.789982691178136,1.4174008127132816
E01001895,-3.6120723526296143,0.4850813926857511
E01001896,-2.895285312236438,-0.3241539772621074
E01001897,-3.0911362138276908,1.169084697398987
E01001898,-2.501302513067465,-0.1823281855270584
E01001899,-1.2588680357942963,0.537528881916845
E01001900,-2.0575969547802098,-0.18107720904202002
E01001901,-3.0866114610941895,1.4610055914082782
E01001902,-2.263656477701012,1.650727437646882
E01001903,-2.217943389946962,0.7289483390512128
E01001904,-2.7886175910255044,1.2006631427592538
E01001905,-2.290710728446128,1.5468047549246
E01001906,-2.1437575553055126,2.780959126964433
E01001907,-3.1138700063270637,1.0708606739781747
E01001908,-3.1401940981781697,0.7173126700809467
E01001909,-3.333461013447024,0.6539648999530563
E01001910,-3.9101262063655584,0.6660800155426044
E01001911,-2.0553026996588,-0.44240216304100655
E01001912,-0.7707952461785902,-0.834465626546926
E01001913,-3.0042449778332014,0.7609889946038136
E01001914,-3.255566365465695,0.497241945528628
E01001915,-2.89870862180925,1.906333638380785
E01001916,-2.6855362910334915,1.2308675955572876
E01001917,-2.49609275494296,0.3400586156855779
E01001918,-2.437879907489944,1.2625762399351843
E01001919,-3.6945145512462396,1.3478401311477164
E01001920,-0.9145209619999004,2.9034390836334234
E01001921,-1.6469196339218228,2.544255213970092
E01001922,-0.7437253857040963,1.2866219894595914
E01001923,-0.37317045180345787,1.6092228659032302
E01001924,-0.9128525770679984,1.199520963142056
E01001925,-2.260779612947153,1.8116451590695035
E01001926,-2.982239861170721,2.9637171601663033
E01001927,-4.730089112003917,0.7999937317906647
E01001928,-2.6627378092615714,0.5545166765186805
E01001929,-3.8462694157732145,0.7126063559606092
E01001930,-2.9960249760792093,0.5026666523519876
E01001931,-2.3638456205258653,0.9344203476342439
E01001932,-2.9835863694132145,1.3174467400901344
E01001933,-1.8533319018756897,1.92880646360535
E01001934,-0.8540091489869667,0.5106630967290976
E01001935,-0.4495173821435975,2.2191568164326148
E01001937,-1.207682689050484,1.6874580814555171
E01001938,0.4608427182149833,0.09582587740883072
E01001939,-0.7081639605520108,1.1368767803564122
E01001940,-2.6332097394644145,-0.32846768321078834
E01001941,-1.8149447222485384,-0.20029712967506633
E01001942,-1.263259600148305,0.11770274435799304
E01001943,-3.0339010537455593,0.4324914768348785
E01001944,-1.5667299980060845,-1.0484184807451182
E01001945,-2.7439511538038177,0.15878319194094626
E01001946,-1.9057614382240293,0.6904321162080851
E01001947,0.48365514228978357,-1.2248467425625031
E01001948,-2.0734035467077576,2.960420020183258
E01001949,-2.807217307500858,2.2958294039477356
E01001950,-2.4747136316374014,2.0381273631507524
E01001951,-2.0109367937751017,2.0454797477821582
E01001952,-1.773077698925226,1.9082851519637165
E01001953,-0.32831672877251045,0.5673447725529817
E01001954,-3.7965182565759084,-0.4582887642153525
E01001955,-1.7678009831784587,-0.07567008435597025
E01001956,-3.1324182870662303,-0.034546359352592766
E01001957,0.2856425893447337,-0.563195266502421
E01001958,-0.8045900907971799,-1.0041300982500727
E01001959,-1.8502968270747084,-0.44433737759701
E01001960,-3.282767476753453,0.7370467377212719
E01001961,-0.33727888876840534,-1.3152375541540733
E01001962,-2.5227580827133416,0.18605312951453193
E01001963,-3.58581543256461,1.2722829106135902
E01001964,-3.2918493817111005,1.0818639835899715
E01001965,-3.4426488095375163,1.459608438031754
E01001966,-3.7820159310027366,1.3589690234498593
E01001967,-4.136169055176334,1.9774891569858355
E01001968,-3.6089819800771137,1.132780612509151
E01001969,-2.336568955928769,1.4234313083148815
E01001970,-1.2125856094569312,-0.05752559414468048
E01001971,-1.0884307077200353,-0.6657616269039507
E01001972,-1.3110840126491525,-0.3365025455869449
E01001973,-2.77599610266096,0.12610771177852864
E01001974,-2.2168069976306537,0.5353031381145463
E01001975,-1.6108862804628679,0.3973801805603046
E01001976,-1.8561392229463534,-1.7674880948015645
E01001977,-1.57944218758387,-1.6884568708206023
E01001978,-1.0580402044194483,-1.8020070242315622
E01001979,-1.7376680390594825,-1.5080248305949757
E01001980,-1.1393326046371028,-1.5764301363683646
E01001981,-1.7973799493332083,-1.327086848211771
E01001982,-2.11039365276638,-1.278966587883217
E01001983,-1.8977984396534395,-1.7789972058146721
E01001984,-2.860127315269378,0.9368458030418881
E01001985,-2.3664454936075896,1.4336924238296942
E01001986,-3.1450785282098117,-0.4460585082222503
E01001987,-3.6092287225863013,1.5518904319881919
E01001988,-2.7571982062239226,0.8375313564204665
E01001989,-2.18216901131811,0.9863776096958915
E01001990,-2.61885549386412,0.8543382033703358
E01001991,-2.470358916233326,0.21168714369597874
E01001992,-3.897866883985194,-0.4130594960530101
E01001993,-3.6787987836452984,0.5951852823305606
E01001994,-3.288658010246365,1.0631395725453257
E01001995,-1.9708253503354123,-0.18917084510133086
E01001996,-3.54680283766226,0.9202488438028311
E01001997,-3.3942594979556424,0.04867174288405182
E01001998,-0.4493252904159688,0.7296314919897702
E01001999,-1.5599380212227536,2.353160242307457
E01002000,-0.31123881758209676,0.714839792907758
E01002001,-0.4364186467461066,0.3767413664966587
E01002002,-0.7295689382746564,-0.7356318372927774
E01002003,0.08480347186550478,-0.2113324229362981
E01002004,-0.32426331691481286,1.5814364910581378
E01002005,-4.150880534764102,2.345962068615363
E01002006,-3.5805590563534158,1.517579364705924
E01002007,-2.4710854134343028,1.0726905422358142
E01002008,-3.6630931157460855,0.6522134602169368
E01002009,-3.03689242699964,2.5286405245588104
E01002010,-2.799794070317465,0.3981512012100177
E01002011,-2.720714883261683,0.8644560714750977
E01002013,-2.3380931584322364,1.5357200275337148
E01002014,-1.4723641304057447,0.41998747885993154
E01002015,-1.4864383597425999,-0.3173488955446141
E01002016,-1.6111251264215183,-0.11428501444993702
E01002017,-2.186105637980827,-0.2772785030310158
E01002018,-1.7878556297861683,1.0128499547161331
E01002019,-4.39653666247187,1.5910808947039898
E01002020,-2.911448890013379,1.2386977859768162
E01002021,-3.3651015034460996,1.9846040343838247
E01002022,-1.4048336300739843,1.0908300775979796
E01002023,-2.468374971244453,1.4784197102232846
E01002024,-2.02159963136772,0.7769472831755955
E01002025,-3.6876136664734807,0.5823416550569018
E01002026,1.26742915775233,-0.4256214472588387
E01002027,0.03250100077251664,-0.19408845608941608
E01002028,-0.7585119598818173,-0.09910686200000644
E01002029,1.8491016321858502,-1.6727535103538398
E01002030,-0.12217454197128272,1.37094450375474
E01002031,0.3007674257239091,-0.027796032218390943
E01002032,-0.4909838601285633,0.3862687294977082
E01002033,-0.18779113177796397,-0.5219781853445181
E01002034,-1.6501625776680833,-2.1886632418384915
E01002036,-0.7708184876273988,-1.8633732919730635
E01002037,-1.5924713039427136,-1.7857471464927452
E01002038,-0.5903466188454755,-2.448654994527831
E01002039,-0.8144886349693494,-1.8626312294290903
E01002040,-1.3583894943864017,-1.0033421657543353
E01002041,-1.2338271754194399,-0.6644748739980513
E01002042,-1.1740197101290086,1.464596542687569
E01002043,-0.22599394316497984,-0.9850705006899644
E01002044,-0.37770966560607827,1.0338393901294207
E01002045,-1.4673546760332588,-1.1826851511151166
E01002046,-1.9515302038964153,-1.5258671379070143
E01002047,-1.935728668322244,-0.1511184136838752
E01002048,-0.7026779434486641,-0.8298198970582188
E01002049,-1.4115939383454985,-1.7018350494236436
E01002050,-1.3347535939796908,-0.39125774402348135
E01002051,-1.8384877205090788,-1.2659339586260023
E01002052,-0.3202892408355022,-0.6974826459252162
E01002053,-0.86781048117947,-2.2025822208273325
E01002054,-1.5405750102339884,-2.499752227304044
E01002055,-1.3578298047027266,-0.34624767185931
E01002056,-1.2013563163593906,-1.3490966050705748
E01002057,-1.069615765224621,-1.6297603753708214
E01002058,-0.2415404469025897,0.14668148878804405
E01002059,-2.4046308967836243,0.09575397541269787
E01002060,-1.9244246350642802,0.4915927097859938
E01002061,-2.2344519837961894,1.0145426938506383
E01002062,-2.853198569460396,0.1963887396044598
E01002063,-2.685198531869078,0.08855269432518519
E01002064,-2.601841464075654,-1.0652324825463357
E01002065,-3.017026923001222,-0.005593928832620433
E01002066,-1.5416295695025553,-1.709314143837546
E01002067,-1.7260731904878366,-1.0970698749005048
E01002068,-2.0658025375174653,-1.107227060234004
E01002069,-2.184891828046818,-1.5647823798877645
E01002070,-2.3252852287782195,-0.5522484131598572
E01002071,-1.8222051118685119,-1.765044875698177
E01002072,-1.7060500430050598,-1.7935239850947629
E01002073,-2.7261183439253958,-1.9311843737026102
E01002074,-0.9759473513834426,-1.5386947225023972
E01002075,-1.1170938923701041,-1.1075747698082379
E01002076,-2.2251493674198675,-1.301523073872046
E01002077,-1.1740198580981,-1.339073268443806
E01002078,-1.42313974125152,-0.5295965164107881
E01002079,-1.7553477301232912,-1.2609880322609095
E01002080,-1.2174579014036462,-0.472144919463774
E01002081,-1.6528841430406889,-1.3810489999672475
E01002082,-1.3181597294640781,-2.5721590662583753
E01002083,-1.182136499054953,-0.4572003001731378
E01002084,-1.6142930074387525,0.10034892619965143
E01002085,0.5880895367950247,-0.6620343137467466
E01002086,-1.6760161747403741,-1.4831424342163326
E01002087,0.5166903603521503,0.012233702979888883
E01002088,-0.8735371421172153,-1.111303488665834
E01002089,-2.7290602271777304,-2.356179942439458
E01002090,-0.6536516203087986,-0.37279718312156457
E01002091,-0.6468832845407826,-1.1721496577058095
E01002092,0.02644660107959765,-1.5956426294819421
E01002093,0.30828982212687417,-1.5561989992379586
E01002094,-0.36419067647051867,-1.3327740782639466
E01002095,-1.0564841078582672,-1.9002270164274717
E01002096,0.8451193479623307,-1.8789918321507286
E01002097,-1.0797211676135945,-1.3663501820752135
E01002098,-2.3452076083420903,1.0349360750250174
E01002099,0.1552195222315187,-2.593333630657949
E01002100,0.07072568558010146,-0.771422754015358
E01002101,-0.824636550073705,0.4987830353165368
E01002102,-0.8412188137900466,-0.3765095691018925
E01002103,-1.8274670160490307,-0.6650311226544512
E01002104,-1.253652128713571,-0.6538138866314238
E01002105,-0.5430612608090841,-0.2820757859006564
E01002106,-0.9818739724246967,-1.6203123053894164
E01002107,1.4494323187060272,-1.0386066002142158
E01002108,0.0004528639152631695,-1.5843469780578492
E01002109,0.17649343672241502,-0.5526666968188129
E01002110,0.15504616145525757,-1.4758474547131106
E01002111,-0.20270257794473384,-1.3523981087436323
E01002112,0.21010169272336993,0.07539577855168628
E01002113,0.08010249725100055,-0.8012498948442953
E01002114,0.764723852602143,-0.50506148793278
E01002115,0.706417629354056,-1.1323775622683614
E01002116,-0.7421147882591237,0.10146143046546441
E01002117,0.8541082940172469,-1.1598250603067979
E01002118,-0.018629383566673412,-1.309319871695589
E01002119,0.7367211068607067,-1.1628521526186526
E01002120,1.2079957878432512,-1.4634388653211712
E01002121,0.9004679945285576,-2.148101248782193
E01002122,0.1263988388978536,-2.104601014514946
E01002123,0.5401250757556249,-2.403984973999365
E01002124,0.8501190520602946,-3.0117131042016156
E01002125,-0.5464464055299761,-2.9876827754688766
E01002126,-1.9049800683033662,-1.0039927256203385
E01002127,-1.270960143556048,-1.326695272635815
E01002128,-2.0060346499637705,-1.0950040961005496
E01002129,-2.0909665904052934,-0.4605741772451654
E01002130,-1.6903714744242504,-1.3288667160617214
E01002131,-0.6418802982138463,-0.6676703277827987
E01002132,-2.148465976016943,0.7211613653583303
E01002133,0.13877972553061835,-1.059887890851874
E01002134,-1.2323609850505306,-0.2838049937443987
E01002135,-0.588274748122928,-0.25665871802787804
E01002136,-0.19710113277784333,-0.9681843977399343
E01002137,-3.826233821106312,-2.2059531073170837
E01002138,0.5384295149102397,-1.88856476067981
E01002139,-0.8949966979005879,-1.4420923773015228
E01002140,-0.9150151814309248,-0.786217083634277
E01002141,-0.9863047289197445,-0.7108205208727727
E01002142,-0.9158712281769642,-0.5676324912977995
E01002143,0.17422978890906096,-0.9652832673433619
E01002144,-1.3576382116980896,-0.806420500213728
E01002145,-0.2528560316949078,-1.0465641349076442
E01002146,-1.5678071774487154,0.778861375710072
E01002147,-1.705645109111334,0.6156436805845498
E01002148,-1.086668049809634,0.09799432729059002
E01002149,-2.127326660352135,-0.006115188071555389
E01002150,-0.42465633096683836,-0.012027857203183364
E01002151,-0.40247750849067876,-1.1957214049296618
E01002152,-2.4555871215049443,0.030216430548389274
E01002153,-1.1674752695170891,-0.9561674149017532
E01002154,-0.7646450155581276,-0.9565725270571934
E01002155,-0.47882915227029116,-0.2661729368901932
E01002156,-0.6616872637075866,-0.7421730113851097
E01002157,-0.4359958520508423,-0.7650967005925379
E01002158,-1.212147179190537,-0.521723832607355
E01002159,-1.242047438828442,-0.4895915426463468
E01002160,-1.2126214506699013,-0.13482684608759443
E01002161,-0.640659833185395,-0.7357913050863432
E01002162,-1.0869580321531134,-0.7022011104127515
E01002163,-0.8897411685739879,-0.8621577459025294
E01002164,-2.3808743434288333,-0.23490745731044482
E01002165,2.36801287568439,-2.874812356392464
E01002166,1.564715839864683,-2.316413669854922
E01002167,1.3199707112028518,-1.0957567120081726
E01002168,1.1993725879403314,-2.641526460459153
E01002169,3.8467101839705644,-1.4213550927783114
E01002170,0.961581523618649,-1.6249356960078365
E01002171,1.6919371100784466,-2.2397397459109496
E01002172,-0.6519789557128297,-1.2712452371805256
E01002173,0.3800828443939295,-1.6779450687971798
E01002174,0.14407919423919185,-2.2907048754818873
E01002175,0.6639376870914169,-2.123087599658087
E01002176,0.02716869608607332,-1.2321068145952438
E01002177,-0.7030810993388247,-2.0706059034120368
E01002178,-0.39424780336300447,-1.974924815217435
E01002179,-1.308409043074401,-0.9677571241352974
E01002180,-0.913879610299741,-1.1049253350225006
E01002181,-1.810718253568793,-0.836977646796141
E01002182,-1.565912731102413,-1.7721280573191744
E01002183,-1.623089649256182,-2.073629537435365
E01002184,-0.43260916447620207,-0.9568265879364756
E01002185,-0.6602160100637753,-0.8468470281066763
E01002186,-1.976057643095771,0.0928139352464998
E01002187,-2.0231952836899,-0.2816426591148004
E01002188,-2.4854460874035333,0.5573009124817285
E01002189,-1.6928385296820823,0.8201852877881183
E01002190,-2.3344314885264956,-0.031702656837290455
E01002191,-0.5253137401207766,-0.5345079062854309
E01002192,-2.021556230590338,0.07374236242200993
E01002193,-1.3166562407086786,-0.20201771387895998
E01002194,-2.205414047250495,-0.14010979269472765
E01002195,-1.8965750400954666,-1.0339874780421736
E01002196,-1.8047544222905498,-0.12438992605942273
E01002197,0.17482773200818078,-2.3706156961567797
E01002198,0.7174531697807085,-3.34888319920393
E01002199,0.15531750844785266,-2.3100676550012578
E01002200,1.2734684444215023,-1.932638489080778
E01002201,1.341275664727677,-2.6916210340020994
E01002202,0.7443487947411616,-1.652905140554113
E01002203,1.4703974907096204,-1.2739679515373923
E01002204,-0.5523981667698886,-1.2599748491341753
E01002206,0.3861424999034274,-1.5754910667892057
E01002207,0.0837545791707878,-1.6294722371429848
E01002208,-1.2262736712087912,-0.3251785036428215
E01002209,-0.6328978979602451,-0.7295431978173827
E01002210,-0.593201016807064,-0.7433840555937502
E01002211,0.5543029155036424,-0.6475149127323888
E01002212,0.09258784257316624,-0.7008357706499846
E01002213,0.7062664015934416,-0.9874403922966469
E01002214,1.2482529868723675,-2.2973923865758947
E01002215,1.5824413581749133,-1.4071982709328101
E01002216,0.3786271949680026,-0.6815004538861312
E01002217,0.9164985378384186,-1.3942056543519767
E01002218,0.5134485323312042,0.23338169028997385
E01002219,1.2833023669158412,-1.6169944542556
E01002220,0.4015893229464406,-0.7464358372051092
E01002221,0.1921606379747653,-1.171712642808446
E01002222,1.6152759885614831,-0.49677980206201866
E01002223,0.46466777327330133,-0.43806709268080535
E01002224,0.42131351387618704,0.05011846946952353
E01002225,0.019725089627593787,-0.32361581813483975
E01002226,0.22494739606595965,-0.5676714987095332
E01002227,-0.0010084027963810365,-1.8559810637749987
E01002228,-0.7777866691350356,-1.2882625631398676
E01002229,1.0800718765100437,-0.8920213910850406
E01002230,-0.5759183510700603,-0.8829736607079357
E01002231,-1.069320194402261,-1.7780072477467181
E01002232,-0.8978386913777354,-1.2187001575165664
E01002233,-0.039307271908120146,-1.4454883421205234
E01002234,-0.3481954239166417,-1.4408154398826496
E01002235,0.5435784815212142,-1.7251538270326732
E01002236,-0.5578270462261536,-1.4884738560128599
E01002237,-0.9191633307759776,-1.1666572284923946
E01002238,-1.600517095388808,-0.6081448352269125
E01002239,-0.551356916837404,-1.0357196231731047
E01002240,-0.5412752044530927,-0.7128052275822157
E01002241,-0.07648468361782408,-0.9885773835792494
E01002242,-0.4521557461611821,-1.7589148033085036
E01002243,2.310468489329959,1.048597321611221
E01002244,1.684082360372195,0.5039850642219895
E01002245,2.6600160463021605,0.3571701912439053
E01002246,3.821967789270613,0.43751210817149216
E01002247,2.0585132649920586,1.7051039690386494
E01002248,0.7563781194912182,0.41209052810812125
E01002249,1.7192611504087614,0.29104546460801406
E01002250,4.720189024809361,0.43484792575882114
E01002251,4.659714580995192,0.17802444234525425
E01002252,3.2473911001216877,1.9779388509773104
E01002253,3.5568772663808423,0.9556771535304841
E01002254,4.7292601018257825,1.6687331958533054
E01002255,4.202432546434633,0.049266448344471574
E01002256,3.997560074042662,1.0491806366105445
E01002257,1.5421932899185105,1.3409417959919412
E01002258,2.8374954575349007,0.8971332256716568
E01002259,0.09467909041618351,1.7098870429166049
E01002260,2.0575037685592616,0.19714045942482697
E01002261,2.6373202208322013,-0.188592300340537
E01002262,2.5370579177613113,0.18524688133248707
E01002263,3.319613799072275,0.7365876815417005
E01002264,3.360171318423059,1.1066180147960505
E01002265,5.252754892308003,1.3705296694528393
E01002266,3.2390163761484083,-0.6515029925700405
E01002267,1.9648264235521147,-0.05854203029453512
E01002268,2.7313177804306945,1.4544346712853689
E01002269,3.9793424693726123,-0.09967791798174831
E01002270,6.313263090079485,3.0508668697862174
E01002271,1.8028099158230215,-0.45087959176874737
E01002272,3.816703159156555,0.6210905795732858
E01002273,1.7876810796254594,1.7576791547653572
E01002274,3.7684012234837345,0.6268544245169683
E01002275,5.273243100166473,2.80558874599634
E01002276,3.639992446391971,1.2325787619460307
E01002277,4.528950652420263,0.2954589396666064
E01002278,4.46889667895696,0.5539310825772691
E01002279,2.1734186852490405,-0.41718806194469304
E01002280,5.285723777972333,0.01479496523139195
E01002281,0.2476506907765281,-0.8292691079461572
E01002282,3.1987012226997966,0.39371442129742196
E01002283,1.2331923720064728,-0.4127091861259193
E01002284,3.5585516081861166,0.5625611111435679
E01002285,2.1683160356213174,0.7958705611130614
E01002286,3.143760943087604,1.0438233435634665
E01002287,4.401523811202505,0.18758722195280667
E01002288,5.757134864798282,0.9393407444927272
E01002289,4.49673017889894,1.0154007717333562
E01002290,2.6336392451702215,1.084716766123643
E01002291,1.6228804484432113,2.1788603423051924
E01002292,4.170901127143649,0.35932165037134994
E01002293,0.8727806928666973,0.6840932349619087
E01002294,4.608137496238077,0.901935154437077
E01002295,2.72717989944596,1.0751328464309777
E01002296,3.4954120269129034,0.6135365098827932
E01002297,3.6263887115785085,0.10408597250683298
E01002298,3.239158068553546,2.9449169845892573
E01002299,1.5803779500533697,-0.47170635858807813
E01002300,2.707443415675582,1.0912074530257607
E01002301,3.4554560097340303,0.2224350958084386
E01002302,-0.43812670713054086,0.48354873545583443
E01002303,3.7950773806700027,-0.6559363345580554
E01002304,2.5089932867621516,3.861329202856819
E01002305,3.1126551175122246,-1.4209317781935755
E01002306,3.1934894621072982,0.5236673944586104
E01002307,4.296647064512368,0.06387187459131248
E01002308,3.6262840280497564,-0.6527441884849334
E01002309,1.5099259705886192,-0.6860404442840051
E01002310,2.056229050116253,-0.4032408417977714
E01002311,3.6853420854390864,-0.23851491409626543
E01002312,-0.4117235144018897,-0.42842020658700364
E01002313,2.5545768856885678,1.2300271333444188
E01002314,2.522828921221601,0.24804076733803437
E01002315,2.5969273536277915,-0.5849688915582395
E01002316,5.06503444665592,-0.29916931761657634
E01002317,4.101353932551958,1.2438497254167427
E01002318,4.157498153750381,1.105852281358286
E01002319,3.332883232548549,0.36746700712867236
E01002320,2.5727344592974783,-1.3498413453244158
E01002321,0.9109721446260177,1.1718800958940134
E01002322,3.1448891532540957,0.9231865903615696
E01002323,3.283975288712601,2.284360905522556
E01002324,3.495163628596018,3.422186244959052
E01002325,4.335059480127966,-0.9421623334763822
E01002326,3.8572829762592256,-0.07033335484500249
E01002327,3.3337522208862937,1.5017059865978384
E01002328,2.065273622331174,0.6778896339227571
E01002329,-0.15948359852282426,1.9460763127218024
E01002330,0.2907977685442714,0.7882573446442495
E01002331,1.9485620165100401,-0.7838132865938022
E01002332,2.1997354159755678,1.2642544532342608
E01002333,1.6330962082994058,-0.5853972909771752
E01002334,3.8305237471305014,0.010491436987387436
E01002335,2.7313510509596637,-0.7470259914926438
E01002336,3.5110688204984224,1.3463871762289825
E01002337,2.0942435850973347,0.2406242492052519
E01002338,0.12798760373235113,0.13591172861393697
E01002339,6.0851179655916825,1.4920761844607473
E01002340,4.564659461855636,-0.32791260494826613
E01002341,2.649690323605314,0.9020966267922259
E01002342,2.8273746048003714,2.0380134592503882
E01002343,4.309591589666639,-0.304425017357186
E01002344,2.728510831110514,-0.6602302272670912
E01002345,2.9079136509299497,-0.3524718512682732
E01002346,4.177466139260162,-1.4850138652055411
E01002347,4.526626536122118,0.7500824008228323
E01002348,4.267648373070325,1.4587259960397805
E01002349,2.2520241456583965,0.02231582877290566
E01002350,2.9655334893005745,-0.3344962075203323
E01002351,1.4297755129524474,1.7274565442138652
E01002352,3.9758876456894323,-0.06358411175390322
E01002353,1.1087336690924896,-0.29561575878517
E01002354,-0.31491794236914755,1.7821374445681544
E01002355,4.397704215694091,1.690933489866874
E01002356,0.5405763574357415,1.6037975264901583
E01002358,2.062668977571033,1.4203493384743933
E01002359,4.6158325079822875,0.46471124965947314
E01002360,3.4754619007585967,1.5127725686990356
E01002361,3.7530026784982318,-0.915205734788594
E01002362,1.1278903979226549,0.8633909636728682
E01002363,0.5861931852467974,0.9126435062542354
E01002364,2.1037929496190517,0.29340037106199235
E01002365,2.294873327785514,1.7559327368820676
E01002366,4.781719946445233,0.7843280642462694
E01002367,3.342848039698097,1.2916921975005615
E01002368,1.3011156959732249,0.8621048593100532
E01002369,1.0646090383293243,-0.8133630640851919
E01002370,4.823352984522819,-0.8516477442691561
E01002371,1.8654588663051586,-0.6998106004444437
E01002372,2.461134377766235,0.4591895290861336
E01002373,5.1045995446251595,0.2465352357653839
E01002374,3.1775592567816937,0.2696358593446715
E01002375,4.319287755491238,0.392824892508582
E01002376,2.91151673079255,1.0169032367709607
E01002377,3.5600701622388518,1.912452251080161
E01002378,1.8089330430239843,-0.253116029905452
E01002379,1.6618218308578494,1.7006858226503978
E01002380,2.575411148652268,0.59199358885594
E01002381,4.877773662297481,1.951263214251308
E01002382,3.8740813119833555,0.792744513880465
E01002383,2.8438535586613614,0.7423421943738392
E01002384,2.852471723943575,1.7136512203587797
E01002385,6.4908302330294525,1.3620496570387794
E01002386,2.2006562300229557,2.6075776572264977
E01002387,3.408782050229033,0.5955476322619881
E01002388,4.930366974224104,1.2630162643671623
E01002389,4.741535437670864,1.7825550042293181
E01002390,1.1634853660279971,0.8345472430819547
E01002391,2.981088408165196,0.5360823271414439
E01002392,2.290384842925999,0.16319993206656558
E01002393,3.0343284892312252,0.09504496190188312
E01002394,4.419686067777642,-1.6372631205240102
E01002395,4.929243942886678,1.114432223772479
E01002396,2.4499549498427293,-1.5423398884331958
E01002397,3.105472945871837,-1.6406344635226766
E01002398,2.4872116600444443,0.5667986662503305
E01002399,3.026670709578842,0.31524262536086106
E01002400,0.5336818500749277,-0.6203085792496537
E01002401,2.40655167350824,-0.642765383726572
E01002402,1.8600323810668684,-0.6600912347078727
E01002403,2.927606277339095,-0.8635137436223671
E01002404,1.6728004254999134,-1.131822208865999
E01002405,3.215786093722713,0.9851940447216241
E01002406,2.9453128683063365,-0.6147381017738754
E01002407,3.142943255867735,0.19969285497769318
E01002408,1.8553012798190605,0.527361218405515
E01002409,-0.14794143811851157,0.19352644995493645
E01002410,1.0223307123620773,-0.9464534370283609
E01002411,4.137039327097126,1.4665276522567563
E01002412,2.414471498133674,-0.7328582071956464
E01002413,1.6163735677607698,-1.5596238510896099
E01002414,-0.28109472030114496,-0.24966021186207382
E01002415,0.7052887723812388,1.2392970517797743
E01002416,0.2523020430565625,1.2952080073809618
E01002417,-0.8383548435021146,1.0399687350974707
E01002418,-0.5204913780763212,0.19846790413556398
E01002419,-0.3343946257769921,0.6175479751131286
E01002420,0.24888803558653325,0.2228380900316411
E01002421,-0.014905890143827328,0.9508527498155147
E01002422,2.4091755760684817,-0.8813154905057373
E01002423,2.570928133036819,0.06352496787410078
E01002424,3.9395429134778217,0.07370877495419272
E01002425,0.7384091558180962,-1.0017087377451435
E01002426,3.5703467171958283,-2.455880675182184
E01002427,3.8546417614127715,-1.6750974260547262
E01002428,3.450933010366382,-0.8942800759380912
E01002429,4.029992805506919,-0.9481603151701192
E01002430,-1.1364031735289395,0.8040480083645758
E01002431,-0.6585650073706266,0.3178903613975898
E01002432,-0.8497483022732097,0.423962834084032
E01002433,-0.7904332334541259,0.5667001912613066
E01002434,-1.4632848597380395,1.8069894987724857
E01002435,-0.027706685129535266,0.9902033166787676
E01002436,-1.278829404960705,1.0813724450923383
E01002437,-2.2058939727717704,0.5619226587472144
E01002438,-0.10362237712264398,1.5387698519124988
E01002439,1.5352705401391564,0.9474078288092083
E01002440,2.395427062659001,-0.3167737675064174
E01002441,-2.1615575931791082,0.7877774914908509
E01002442,0.673906941066768,1.8233133405896949
E01002443,4.53103517782739,-0.7471137003604581
E01002444,3.010683520731159,0.7429790084108112
E01002445,1.5575901177261449,-1.119519695053331
E01002446,2.386707822639258,-0.8293250406536334
E01002447,1.5353587905096622,-0.5142788321466161
E01002448,3.4826978623398395,-0.288380828175564
E01002449,0.48079869207408366,-1.5208746940060722
E01002450,3.811072157789863,-1.164315841566523
E01002451,0.5447684143896205,0.6542772515674437
E01002452,0.4067699523845358,-0.8179848391706841
E01002453,1.7102201601563165,0.4422475317545915
E01002454,0.23835549927002667,-1.6535302264009517
E01002455,3.352726663229892,-0.6710305989997244
E01002456,1.2627016264495268,-0.14626930465682236
E01002457,1.9266396217557693,-0.07821231207744786
E01002458,0.31690692541875876,-0.5810346601313815
E01002459,0.6636942515456092,0.4700041401791952
E01002460,-0.7568549476162352,0.4546567594885327
E01002461,0.05690509706433739,-0.2298763460948188
E01002462,-0.22831881989098698,-1.1010427866180585
E01002463,2.608022526934248,1.3336984187413194
E01002464,0.4222424054515405,1.0642652149790799
E01002465,0.4954397556152853,3.1404842066152896
E01002466,1.0329741508481007,1.4981372662504193
E01002467,0.846761415785872,1.382568960186188
E01002468,0.9672364187051448,0.7576914081425362
E01002469,0.33928050326058673,1.1159150365749373
E01002470,0.17725550012138594,0.8937066000684883
E01002471,-0.2710564002710773,1.2022177575717437
E01002472,-2.174068185803205,0.3317429996719969
E01002473,-2.510557649216756,-0.07891464516114434
E01002474,-1.5853329578732704,0.30106549470522287
E01002475,-2.0626171819722314,0.5608187488633555
E01002476,-2.1751923083704656,-0.664081742024738
E01002477,-1.9657361588708562,-0.1920734566218628
E01002478,-2.4903992579055965,-0.07463660191632836
E01002479,-0.4794025648187922,-0.11988608841346245
E01002480,-1.7340948581222297,0.47892778352058124
E01002481,-0.8111510076843805,-0.20750980369544986
E01002482,-2.5182064246913227,-0.04529378577830038
E01002483,-1.4393901632381316,-0.1533680648992316
E01002484,-1.3709399133651556,0.15135668134136043
E01002485,-1.3579117192193533,0.23557704404085683
E01002486,3.228363513600008,-0.08988911838059226
E01002487,-0.3416714860428825,1.4479396154168918
E01002488,3.534964234216889,0.2727515433227363
E01002489,-0.08589200046520655,-0.202636623084951
E01002490,1.6408041149475734,-0.8257057647294174
E01002491,3.9711718706826966,0.6075428613902525
E01002492,5.9812055450519015,-0.4507226587301196
E01002493,2.5027508464142265,-1.9742880709447128
E01002494,1.154218380714675,0.31055081821066666
E01002495,1.0971954594150222,-0.2445490860377886
E01002496,0.6629284376966691,-0.5890286622994745
E01002497,1.2837947585290697,-0.6823085652509723
E01002498,0.3149035393075247,0.9227678189357508
E01002499,1.603096397024236,1.8788243754516305
E01002501,3.1166048484245685,-1.3478418531244782
E01002502,0.9032428212542958,-1.8287026541485227
E01002503,1.6388055564637074,1.0000450912950385
E01002504,2.0772350275000515,-0.012085200240443824
E01002505,3.65841107277859,-0.5439443770151237
E01002506,4.174352748962031,-1.1882109617408334
E01002507,4.398440948575977,-0.6593007596566642
E01002508,4.306937726610642,0.02792624593452842
E01002509,1.6088086274328002,-0.7388056968525529
E01002511,1.3922242323956375,-0.4277916136243733
E01002512,1.0257874078958622,0.9638560450603206
E01002513,2.2702394552012506,1.0767937136865822
E01002514,2.0120788506545586,1.1027172155582285
E01002515,2.552321188357803,3.0365038372125883
E01002516,2.0066428273631214,-0.00849893671005138
E01002518,1.1355799458196947,-0.052688806664337236
E01002519,5.090378360825476,1.1239847654002249
E01002520,3.493475037461841,0.5903822965786942
E01002521,0.41451789231181946,1.4499292705346531
E01002523,0.2994525769425679,-0.12686831207497015
E01002525,2.171942254899152,-1.0214583532136758
E01002526,2.089449263174594,-0.2241973144063663
E01002527,4.0922216827732765,-0.8340530112062011
E01002528,4.811256664135538,-0.4977968967330697
E01002529,2.007824747820567,0.6956299437100498
E01002530,3.6950358851839127,0.11826901795617521
E01002531,4.683782572680578,0.8059876636907164
E01002532,0.48578348238201635,0.17003958137104364
E01002533,0.041794650359751336,0.4308525435842879
E01002534,-0.4445470278458108,1.4637613639508125
E01002535,-0.3883201629314246,1.2558300157590094
E01002536,-0.8578751940083595,0.6660047528779582
E01002537,-0.9644110731637409,0.5480367010187809
E01002538,-0.9149831962585059,0.08477370959970863
E01002539,-1.2604362939131417,0.3354759814617605
E01002540,2.5139071821722436,-0.19799524381863726
E01002541,1.342324536540414,-1.6438045229665441
E01002542,2.3422449793243936,-1.139245336771944
E01002543,3.4024765937541948,-0.21069248025704104
E01002544,2.230445833214475,-0.3109733226549307
E01002545,2.242101536252918,-1.1299529644324877
E01002546,2.431582267609294,-2.1651035771513856
E01002547,0.6447508399297385,-1.3253240328723763
E01002548,0.706073582079809,0.44792262124242593
E01002549,2.2924436186559674,-0.08506760702555101
E01002550,2.3947465155012777,1.3447285180765647
E01002551,5.26175731004612,0.8355813077597917
E01002552,4.757733931731006,-1.3621092246259077
E01002553,2.278451761328948,-0.9614377630487685
E01002554,2.506230520680857,0.1381159709017735
E01002555,2.210917680502657,-0.1785512431330279
E01002556,4.305469133898461,-2.0911661264619483
E01002557,1.6149612837556004,-0.5582742522925956
E01002558,4.04976471510161,0.12675618579441353
E01002559,1.0076586654402953,0.6608423820740693
E01002560,2.148762648822617,0.8030292599002088
E01002561,1.1234702504679481,0.7205155615259277
E01002562,-1.4966050574509988,0.7267347868749406
E01002563,-2.2288126432597535,1.0409580457159378
E01002564,-1.5280521207373556,-0.9144318862452666
E01002565,-0.9709134464358027,0.4094855354630874
E01002566,-0.7183031816091865,-0.5920350596687267
E01002567,-1.719826910078004,0.7874418997592394
E01002568,-0.6873029382645991,0.11590274126731835
E01002569,-2.059133175954362,1.9141348657717732
E01002570,-1.6149606992863208,1.0486696696602937
E01002571,-3.400539429679652,0.5521994882576091
E01002572,0.545364966899412,0.0932447065393785
E01002573,-2.7899178285107826,0.6140842129620208
E01002574,-1.5326625933189912,1.16879461587655
E01002575,-2.3360647786213486,1.5195446062111373
E01002576,1.4925811423619466,0.826923995379452
E01002577,-0.9476063928766266,1.4866982251595262
E01002578,-0.746627293142369,1.4304236861999287
E01002579,-1.2621347272738377,0.4962915253210211
E01002580,-0.871826440552872,0.28510482383264596
E01002581,-1.046917433218323,1.8711084370330482
E01002582,1.3317372546747157,1.6930985482351033
E01002583,1.7624021140876442,0.6163518043420602
E01002584,1.9162514313849746,-0.9097593874677569
E01002585,1.4623037311290374,-1.5055446029829302
E01002586,1.6997935418495178,-1.4430134146414517
E01002587,1.0387086386494384,-0.7248059980974916
E01002588,2.7250376594915475,0.3898530451831899
E01002589,3.0011257194726695,-0.2938729454840322
E01002590,5.2657495235109675,0.30597227257935533
E01002591,3.099546246310966,-2.470355789518411
E01002592,3.9243529181250216,0.007722517987107654
E01002593,2.9402890869887504,-0.2211017336062538
E01002594,9.562613244662863,-2.2270033231759725
E01002595,2.6824063730092402,1.2793523997750895
E01002596,3.0985696698059857,1.5746003339920795
E01002598,2.034924178742212,-2.60810444584797
E01002599,3.2760262484748726,1.1048887226543496
E01002600,0.8657134786227457,-1.1867530739667993
E01002601,2.598647174953305,-0.18663049350599567
E01002602,2.526374491723219,-0.959725288412105
E01002603,2.722437433198477,-0.9041389703685097
E01002604,5.401728508654545,8.213255294437431
E01002605,0.44743639083405157,-0.4720583839408174
E01002606,1.1072010966738226,-2.14695730044456
E01002607,0.2915463483387861,-0.5441759515150285
E01002608,3.953234214427347,1.2969645500328768
E01002609,8.172138622926775,0.27181638525117097
E01002610,5.2348088029309885,-0.32343859630089633
E01002611,3.852819935384074,-0.22795590692532633
E01002612,4.318024705576986,1.2739562273923193
E01002613,3.323874178463759,1.5237564414652753
E01002614,4.724710744604785,1.0109189833907084
E01002615,4.918963868369826,1.111339311417267
E01002616,4.282244439328013,-1.479688788829429
E01002617,3.184082198363383,1.1102597387928776
E01002618,2.2170820097932395,-0.19783788317958081
E01002619,2.746401001459242,-0.6837527074928453
E01002620,3.124517055243327,-1.4339676099676288
E01002621,0.44210879832367966,-1.0324497675764464
E01002622,2.12710291540458,0.45966169496741244
E01002623,-0.6220385169983773,2.0535115709804135
E01002624,1.7970601246750797,-1.1431812680910578
E01002625,2.2265119384213206,-0.745966654978062
E01002626,-0.004202292018294806,-2.818896193328724
E01002627,3.010982302794352,0.18188276136965534
E01002628,1.29781022537205,-0.003832158272244011
E01002629,0.47479115468781496,-1.0199984379949831
E01002630,0.8159128080095527,0.6486490733977682
E01002631,1.6087088668822285,-0.4356877283060444
E01002632,1.219387126822578,-1.8848410503502318
E01002633,3.624764528313623,-1.1063070786642297
E01002634,5.4990459736891415,-1.5895092847683467
E01002635,2.8772749956604415,-0.6516915037429881
E01002636,1.6744341751375262,-2.081816435044903
E01002637,3.199823430412816,-1.5355085009770926
E01002638,4.949848337811604,-1.2276343385117194
E01002639,-0.28995553010127595,-2.1506600680506125
E01002640,0.3944776110619613,-0.6409718888658581
E01002641,0.7827389236109443,-0.18768940698220613
E01002642,0.7822372805790225,-1.395020225794899
E01002643,2.6291021695366767,2.1242207296473343
E01002645,0.5388926973903143,1.0006666890722067
E01002646,0.28608334335824287,1.3395404488987812
E01002647,2.9575051891425996,0.3772176110257312
E01002648,3.888619076331153,0.13072357604424495
E01002649,1.2713345791898116,1.2522103931530415
E01002650,2.762096965393879,-1.238426790143407
E01002651,1.7940714231949848,-0.24986067300420012
E01002652,2.0517723738998965,0.4154932511479196
E01002653,2.150740549224783,0.7837937677947973
E01002654,4.536060266892474,0.48391655776010467
E01002655,4.716736789745629,0.47230349216994505
E01002656,5.085621593994769,1.2485118073633026
E01002657,1.019674865682611,1.5467166561880112
E01002658,1.9923621538715766,0.8517124019922824
E01002659,3.4200224508792925,-0.9448831213715054
E01002660,4.704259120699193,0.34933573750471897
E01002661,1.604992558478683,2.804605874034657
E01002662,1.4384188254634989,0.6891508872186368
E01002663,1.6280767284913311,-0.8193032747086212
E01002664,0.965792934008433,-1.2801905044325368
E01002665,5.105041003124911,-1.3374557013352764
E01002666,3.1966161396668475,-0.040819286889144824
E01002667,1.6506004517355164,0.5046812603973939
E01002668,-0.14163722399043385,0.5398335246513016
E01002669,0.6873545060236473,0.04632478195504239
E01002670,0.4432787754998665,1.2611891540544833
E01002671,-0.9033626567086872,-0.48264940517607424
E01002672,2.40192204209621,0.79767011284664
E01002673,1.429994583761361,1.2486649856864964
E01002674,0.21795872773714187,-1.3132101312340332
E01002675,1.3249802080973963,1.0249926322499388
E01002676,1.2621309976822985,0.4147569034498897
E01002677,0.12616229739808132,1.6934729813664906
E01002678,0.2315632045601,0.08082820054428655
E01002679,0.8773190371159455,0.30581526751108995
E01002680,1.7594063011232162,0.5857247211800743
E01002681,-0.4498522641331718,1.0626056444796377
E01002682,1.3424353461113478,0.3045553704978414
E01002683,1.269875467301206,1.7925572378950563
E01002684,-1.0728395444461827,0.9771681011236134
E01002686,0.17407945455424728,0.08234288781019314
E01002687,-0.5804352750170988,2.221307476003905
E01002689,-0.23183261538818284,2.80374511494854
E01002690,-0.5445210584778506,3.0953915071282636
E01002691,-1.5280034753379035,0.19811389347782246
E01002692,-1.8718723640850452,2.1692881038709366
E01002693,-1.726339703920749,1.0229347368719968
E01002694,1.0644482392674035,-0.17597144388922026
E01002695,-0.9285517726621932,1.6243129441497104
E01002696,-0.6462690370606069,1.4146522900164824
E01002697,-0.6939015370591071,0.01998518213270736
E01002698,-1.3965336806497863,0.1276775577940135
E01002699,-0.49874136808343356,1.6296880857218357
E01002700,-1.8783653606574109,2.4335202182582636
E01002701,-0.9808487184556186,-0.17437231148190105
E01002702,0.35687656862903283,0.32540279993536864
E01002703,-0.8929437555704034,1.340083652777436
E01002704,0.3298093089809178,1.3888949652134013
E01002706,0.9170312794298994,3.368116213497649
E01002707,-1.2117526122274649,0.859314960463087
E01002708,-0.2509410116000323,-0.0973221685864841
E01002709,-0.8816884830938456,0.6577662014944358
E01002710,-0.9983703262907476,0.5364000908371807
E01002711,-3.1150883689180184,1.1298309381175986
E01002712,-1.7236367108839417,3.111019420060553
E01002713,-0.18724907802937912,0.4859805281724335
E01002714,-1.132934713657605,2.723929633507627
E01002715,-0.8605157615729813,-0.9533078045164314
E01002716,0.00996167325948738,0.4588120962362309
E01002717,-1.7998439139016256,1.0179265701145461
E01002718,-0.6914372180478483,1.3177044201534656
E01002719,-1.0900467815827979,0.7450004984948762
E01002720,0.47918899603494164,0.025970006242935575
E01002721,-0.41134964069088925,1.7509297254543728
E01002722,-0.7311587900253264,1.3056726194259143
E01002723,0.19333531263510162,0.44673790126209806
E01002724,-0.4282813629241745,1.0309433659756608
E01002725,1.078557015428746,1.425314135109282
E01002726,-0.362808474303077,1.5482650468681467
E01002727,0.3072542359872493,2.8569004928726054
E01002728,-1.946692212994487,0.5104091439747098
E01002729,0.5364903930427652,2.289939798102088
E01002730,-1.0785106681828025,0.8549615859171236
E01002731,0.025512191826350058,1.5948798122091095
E01002732,1.034750220473476,-0.8828169500329717
E01002733,-1.061564474506549,1.7213292631252108
E01002734,-1.1108515563077588,-1.4196757384848964
E01002735,-2.7888280953753695,-0.6688707614107582
E01002736,-1.3014167395234515,-1.7332862801519524
E01002737,-0.4921332369885565,-0.36634991544791207
E01002738,-2.4177622643157965,1.5159201593871894
E01002739,-2.0117564591900217,1.8554621578887165
E01002740,-3.552290392416811,1.4062508417469044
E01002741,0.9610556426264584,0.3738631175158617
E01002742,-1.696958007119005,2.257965178166681
E01002743,-1.1041141024440202,0.6651244294249145
E01002744,-2.0904788364276206,1.2106214302680949
E01002745,-1.3288621755855181,1.865232260605936
E01002747,-1.2153092458109294,2.3513931666002805
E01002748,-0.14795059078429204,0.010824306563507307
E01002749,0.1373809810513137,0.44776671045578387
E01002751,0.26125950373763557,-0.45860150933128285
E01002752,-0.868338928159209,1.4471636751172516
E01002753,-1.769061033693951,0.761513607369485
E01002754,-1.6802409622627144,0.29221650432664986
E01002755,-2.6043113553155033,-0.4840912177819989
E01002756,-3.173321515344484,-0.10194089522127707
E01002757,-2.819843810326094,-1.01407050380273
E01002758,-2.1790270903210227,-0.33775255261535325
E01002759,-3.356717837090938,3.2038551499402894
E01002760,-2.236243695857045,-0.5377245700714356
E01002762,-1.4809366918019284,1.1310897741573256
E01002763,0.9402381786731051,3.0632601778316624
E01002764,1.4215328770528017,0.7633286788573496
E01002765,-0.024204934741528884,-0.014027924055350267
E01002766,-0.7741462918458908,0.3749528510479288
E01002767,1.4165747442895544,0.6114936027503053
E01002768,-0.27471847195086047,-0.23761318615390228
E01002769,-0.12424912450478606,0.11048171377399797
E01002770,-2.483009257866327,1.4678494547149525
E01002771,0.2339669212924077,0.24160455668388664
E01002772,-1.2720658297698384,0.22980134765836985
E01002773,-0.4315699907410173,0.031139650710842737
E01002774,-0.8481169851054681,2.19035840387182
E01002775,-2.3537303088122328,1.2239209927068053
E01002776,-0.7895422621560259,1.0094069143743751
E01002777,-0.6647834521579196,0.7382693564633711
E01002778,0.5155130832834536,-0.258236414944378
E01002779,-0.8052902249939218,1.128697021963542
E01002780,-0.1755282538492187,0.6731427958847555
E01002781,-0.5253097773972828,2.248825133076525
E01002782,0.3999255778142184,-1.1677678101229463
E01002783,0.08252159246016295,2.0621283024139054
E01002784,-0.2502182823136631,0.03204979201310869
E01002785,-1.7384392317395536,0.007526161868747838
E01002786,-1.4745672876479954,1.1792665429461213
E01002787,-1.0060001459548973,1.435232299933914
E01002788,-1.1629539277524625,1.7954803243033104
E01002789,-0.48587793059862616,0.3085935340037633
E01002790,-1.9408596007439158,0.5766544254705179
E01002791,-2.4639014556531884,1.333457458920726
E01002792,-1.8816731805971292,0.8677660456469626
E01002793,-1.3795140022035943,1.0947259081490806
E01002794,-2.789344106465476,1.067719717008569
E01002795,-2.9017857113260153,1.2635538561591462
E01002796,-1.5922201363827713,0.7787850585410685
E01002797,-0.2039885384652978,0.8923035549634283
E01002798,-1.200642819246692,0.9973217453079303
E01002799,-1.0052046466278564,0.9049096773940053
E01002800,4.155542094445379,-1.9195604594224314
E01002801,-1.8839351592165976,1.0536606846335397
E01002802,-1.4966553662478104,1.244448256223192
E01002803,-0.6908625412120989,1.5106821882496173
E01002804,-2.53225158693934,-0.7981918460244735
E01002805,-3.0200495061942854,-0.2733846883416164
E01002806,-2.7885121321621664,0.6017253896618115
E01002807,-1.0549711676805156,-0.174082215359689
E01002808,-2.1822072071156016,0.7008193393926611
E01002809,0.116741481583126,-0.009283401193741235
E01002810,0.5370852182881837,2.7457438602707747
E01002811,-2.35278318980057,-1.0067234697014993
E01002812,-3.9480492610491744,-0.5108014641378265
E01002813,-5.407017594593607,1.3436839655890005
E01002814,-3.030399471880141,-0.1426717598917501
E01002815,-4.3149434632090085,0.48298332864232135
E01002816,-2.5409904597942,0.08852189671846773
E01002817,-5.028788064883451,0.2633482850282722
E01002818,-3.8667225734706108,0.04556169273984392
E01002819,-2.3414923182485072,0.9749240269869416
E01002820,-3.0435929625706266,1.3839984579068338
E01002821,-3.289641439508055,1.761962773969523
E01002822,-2.382831556015872,0.9673535821396515
E01002823,-2.3385002907757793,0.37222506665521293
E01002824,-3.6412152984446093,0.20811605522310173
E01002825,-3.919331282420373,-0.48794741562066785
E01002826,-4.534557021148481,-1.0808346242509819
E01002827,-4.978800897128272,-0.21466245399504108
E01002828,-4.0658010054834195,0.9552023135909197
E01002829,-3.0195788449113077,0.7013616725693937
E01002830,-2.5314533673365514,0.048676522555918256
E01002831,-2.758912144574233,0.9145889931811514
E01002832,-2.6691025038364997,-0.05081991966080212
E01002833,-4.276759507255082,0.14119215591026876
E01002834,-3.030330785833819,2.7822969670975524
E01002835,-2.5745471079117372,1.8803516741610786
E01002836,-3.9517790008474747,1.1049521243249019
E01002837,-2.8504654238414777,0.9644382316430784
E01002838,-2.937961968247391,1.3706250316185489
E01002839,-0.8241571442451492,-0.25458728620009546
E01002840,-2.1119106109836427,-0.33540670011069657
E01002841,-2.1794248410298063,1.459951659793473
E01002842,-2.5992284144170696,-0.2165772927865616
E01002843,-1.9101047876972654,0.32156817062858684
E01002844,-2.964128048360225,2.208772879183391
E01002845,-2.494088926609622,1.5300640501672307
E01002846,-3.711546668457279,0.5774548379351161
E01002847,-4.230394356567626,0.525180682664932
E01002848,-3.8739275403175797,0.46784872838634534
E01002849,-3.994144274579185,1.0115499627562121
E01002850,-3.1280599652887746,0.09768811790185199
E01002851,-3.538952674612257,0.018719043994823943
E01002852,-0.6208103850827158,0.08154053446603086
E01002853,-1.7985111917684706,-1.2490000976246156
E01002854,-0.8095810448046027,-0.27319483862906596
E01002855,-1.6588407469772983,-0.6359334945711421
E01002856,-2.0032279796369323,0.7211203721599942
E01002857,-0.9446946767492038,-0.4049771443487756
E01002858,-2.5259946265492546,-1.9068840521719455
E01002859,-3.435852657329298,-0.1578096476052114
E01002860,-4.896577348965862,1.767763969450774
E01002861,-2.8301657128294795,1.3477573438957824
E01002862,-1.2496511325008233,-0.3847154924316207
E01002863,-4.3202626511158195,-0.4790891189060532
E01002864,-5.1520020889382625,0.5612910397351273
E01002865,-3.81765246564844,-0.35021274680578474
E01002866,-4.230499544586284,0.6644856652515683
E01002867,-4.034147929733989,0.2649591760047774
E01002868,-4.88210866535221,0.41591522467094655
E01002869,-3.442969002794626,1.2382760091855987
E01002870,-1.4065542048700492,0.07020555112906858
E01002871,-4.3746431376665145,1.4176461128300095
E01002872,-2.6077494954795153,1.2443129276276614
E01002873,-3.6532820615690382,0.22810019188317254
E01002874,-3.6140277896179476,0.019760846548148196
E01002875,-3.798185604242436,0.7482698061475379
E01002876,-2.4432865639821064,1.0879898259265
E01002877,-2.209787602857364,-0.7207886906587074
E01002878,-2.566164856308981,0.08353653047786119
E01002879,-1.9673991124165515,-0.5660376681722362
E01002880,-2.224024318011087,-0.7262568450478051
E01002881,-2.4314360829596864,-0.3075131722218571
E01002882,-3.378163898339379,0.8237873723690283
E01002883,-4.003618002863442,0.25937316740709626
E01002884,-3.7721201035038874,1.4084123528753332
E01002885,-3.4630426389667246,0.30944578910909404
E01002886,-3.742964260344504,0.6593388042992103
E01002887,-1.3784377837003108,-0.10471004160350418
E01002888,-2.3639336836982476,0.5534089465801427
E01002889,-3.4380456794736576,-0.7888810873408189
E01002890,-5.147199794927817,0.3385207308854722
E01002891,-3.8561477225198493,-0.024167031269829727
E01002892,-3.3541631869212187,-0.29397537290483955
E01002893,-3.671878344409584,0.898014412723403
E01002894,-3.861732199778411,0.5030713606978423
E01002895,-2.765980270503708,1.0590857090622758
E01002896,-3.675808364036401,2.2109666362185836
E01002897,-2.770795333620595,3.267774568066204
E01002898,-4.194829291007481,1.7337005548684126
E01002899,-2.2598913588677148,2.2027289535178207
E01002900,-0.8880485437292172,1.8759955010854712
E01002901,-1.1465014089473062,0.9426051441519351
E01002902,-4.301961079188845,0.8822233006908208
E01002903,-2.2230324052085004,1.5754021017446957
E01002904,0.4278980820477811,-0.27462305125551845
E01002905,-0.6751899339912962,0.804248721247321
E01002906,-1.3631896725458157,0.49983078398274233
E01002907,-0.7378141481266459,-0.025943124853651536
E01002908,-1.988236240784916,1.2431540454697767
E01002909,-2.805989584973956,1.665218173483529
E01002910,-2.2688185014647497,0.7290292487785963
E01002911,-3.814551334286665,1.5761206652259812
E01002912,-0.2813751951429066,0.3883608828707584
E01002913,-2.772176393319152,1.1086582503097537
E01002914,-3.6420696570909614,0.3153812984894467
E01002915,1.3834286923151222,0.8119095706332055
E01002916,3.8971697321056484,1.4960733640153925
E01002917,2.212891801807897,2.6049961959300822
E01002918,2.106586623140183,0.6144833790188406
E01002919,4.507299472390466,0.4115477870742062
E01002920,3.661831843746244,2.0010476741638077
E01002921,3.4091859534703044,2.1844786965477416
E01002922,-0.6339388206471107,1.7632374772987662
E01002923,0.9407034002193386,0.27886198483514385
E01002924,2.3173107045284476,2.7607967053543563
E01002925,3.3611626324350725,2.780971572924204
E01002926,2.721869435605431,1.564445849715755
E01002927,2.4298281067880576,-0.08643961952655957
E01002928,3.841716995123571,0.9801825176113219
E01002929,4.022114449375501,1.3520827875448018
E01002930,2.512844964856781,2.392739082399432
E01002931,3.362444424126412,1.8565561062143632
E01002932,6.293262529937291,0.7351132136874108
E01002933,3.343786662162335,2.480126076453796
E01002934,1.7196871509466745,1.0480961091456147
E01002935,-0.38303590186100844,1.479633579068239
E01002937,1.2389918830463973,4.6454262017812775
E01002938,0.7998281729437561,2.11725204474319
E01002939,2.5514873177222364,1.838308101968481
E01002940,5.699321471085274,0.8382380217584328
E01002941,1.7577977099098383,0.22201022021971312
E01002942,7.347182991284921,1.8341144956564992
E01002943,7.837552151116762,0.4880692190798052
E01002944,3.786716380245038,0.6934142581689634
E01002945,7.905882369879568,0.42208000566530585
E01002946,6.622555843401448,1.718572070983408
E01002947,3.368310118621825,2.500080241008998
E01002948,4.1041083589265765,0.3444077263065585
E01002949,5.330426101141487,1.3705296498787756
E01002950,4.496638415972393,0.12934151170536753
E01002951,-0.4178734868565676,0.8272814142761802
E01002952,2.5751044835076904,-0.48920335756161903
E01002953,0.7783940442414923,1.0763838572245412
E01002954,1.1009364474334893,0.9495700681007663
E01002955,-1.4894586145025053,0.9162828114207383
E01002956,-6.584069273055275,-1.0695156376161725
E01002957,-1.1066862270205917,-3.2840155500736756
E01002958,0.3674960466311965,0.47468703817478064
E01002959,0.6548793828088568,1.4983183334696624
E01002960,4.32729550660488,0.5894036931484813
E01002961,3.0302184839332753,1.354741222168411
E01002962,4.499841365737138,0.16932273245753046
E01002963,1.9057205569066782,0.6258359416412927
E01002964,-0.4806498163509518,4.434971839591585
E01002965,2.1280818005674615,0.4846018553542117
E01002966,1.2404587645130845,0.6347158697409685
E01002967,-0.05155370392020186,1.2656030706494033
E01002968,-0.8776158307624379,-0.28710222436485183
E01002969,3.3133334922453344,-0.5091831943407945
E01002970,2.5614725752003022,0.7762108712125294
E01002971,-0.007298244346418363,1.614581297175325
E01002972,3.976333439117831,0.12293794086566538
E01002973,3.8058915676051144,-0.21473441845451063
E01002974,0.2866274699934657,2.102836962777087
E01002975,3.4639724496276862,0.9400049223232347
E01002976,-0.25579557039782996,1.1671836591922389
E01002977,1.531759780755299,0.20929012123102922
E01002978,1.1808385519813842,0.250908475175118
E01002979,2.7484112056673426,0.6652149741719083
E01002980,4.147718880368951,0.163308827889984
E01002981,4.909857505882026,1.2349593588282899
E01002982,0.5278114081600441,-0.3300545350519179
E01002983,0.937806391604073,1.693835466628079
E01002984,0.513834281685347,3.2080340662617095
E01002985,-0.360061396910064,0.0208787705121395
E01002986,8.124123475989554,-2.3084255875303072
E01002987,1.912350747264097,3.330789791872439
E01002988,2.780677723555,0.9566218962962221
E01002989,-1.2875578682169795,1.803201606193715
E01002990,-0.7935903065579117,1.1275669111656337
E01002991,-4.3176443254466275,1.5913433852208398
E01002992,-0.3304100289670694,2.4249723000066057
E01002993,0.860491492368467,1.2826163084870517
E01002994,0.7613891017998369,1.5229824182896263
E01002995,0.5656312286089421,1.7473755853459867
E01002996,0.9501960786249622,2.491189288653189
E01002997,-0.3197369787326896,1.0477695256467399
E01002998,6.575178310167984,1.5221679561537431
E01002999,-0.10756436446996148,1.1911619502894788
E01003000,2.0516678466725904,0.6679251651248502
E01003001,5.672129147933526,4.352946581292827
E01003002,1.5010944948518892,2.1106922009302758
E01003003,6.95962633514354,0.9362861530683347
E01003004,3.1790112583059367,-0.43603337909422357
E01003005,3.8537463797216356,0.4559626392053333
E01003006,0.8848634853425797,1.4935574084823966
E01003007,1.8302789796387045,0.933501386827441
E01003008,-1.3123743111917465,0.04398093097223978
E01003009,-1.5837181455847475,1.1844043366964636
E01003010,-0.0644804454329203,-1.0651407381819467
E01003011,2.051449029194516,1.0658134207857641
E01003013,-2.7826340587500984,1.487830761266107
E01003014,-1.9984243036275502,1.2061209456392896
E01003015,-1.8961272689214013,-0.3235721895571576
E01003016,-1.3126859044237842,0.11796905768894843
E01003017,-1.5818276685253148,0.7416472604381094
E01003018,-3.049249845247085,0.5430461337397141
E01003019,-2.670832778688772,0.13949537320997354
E01003020,-2.720789880015557,-0.0320035328783731
E01003021,-1.6572934027450217,-0.8920444829815531
E01003022,-1.6829072872087116,-0.2179795251685626
E01003023,-2.8291403937098893,0.49582405501774435
E01003024,-1.5911115686052661,-0.724484427489838
E01003025,-1.5550845220628429,-0.3747511547595211
E01003026,-3.8592636519404526,1.4647318123315591
E01003027,-4.001600967246681,1.5203873384094746
E01003028,-3.0493781123357557,0.18513739593824896
E01003029,-2.2099526863982155,0.3223616906647694
E01003030,-3.945015566383092,0.8025332656930951
E01003031,-3.0739402967085208,-0.0017027772269027765
E01003032,-1.7093902077502243,0.5155831243505229
E01003033,-2.949914087650132,1.195398113895401
E01003034,-1.171796458087635,-0.129572094746184
E01003035,-0.44794215887109745,-0.5749767195977233
E01003036,-1.8606431966746546,0.35188565070797806
E01003037,-0.2384086027326288,-0.6153814209387455
E01003038,-1.0038014802479773,0.45226453233301983
E01003039,-1.27883088090175,0.6523680497938908
E01003040,-1.6209566854503756,0.48228505710464836
E01003041,-0.48186399928995144,-0.26672997061960424
E01003042,-0.29975774982413755,1.4550239835557837
E01003043,-1.954727501427653,-0.41223306640857604
E01003044,-2.0500577563460003,-1.027534102087405
E01003045,-0.7922629838573197,-2.5265729272320305
E01003046,-1.3090009950211272,-0.8089238612268052
E01003047,-1.705700183153447,-1.113961093989227
E01003048,-0.9951091445894652,-1.7132997915706063
E01003049,-0.9842655749951346,-0.9479942787131327
E01003050,-2.1924417739833197,0.4284420747450442
E01003051,-1.3091353484333894,-1.1683494686317815
E01003052,-1.8013066034589043,-1.9591275904644423
E01003053,-2.963176859601171,-0.3989759083555341
E01003054,-1.7737845775606862,1.20022354874086
E01003055,-3.2485073734984553,1.3692486646143696
E01003056,-2.444680185894552,-0.2070741370828306
E01003057,-1.367314217380635,-1.0648342931205486
E01003058,-2.506909996687313,-0.08064153882244633
E01003059,-1.8728031656166295,-1.0441104298102315
E01003060,-1.6963118121423035,-1.1539048468042508
E01003061,-2.427972935911523,-1.5416313799374581
E01003062,0.9551852150851242,1.0821446768868905
E01003063,-0.3692296162888021,-1.5166463611948495
E01003064,-2.004151355545711,1.3223856966970116
E01003065,-0.5220995572723771,0.9832638501440657
E01003066,-0.776093028509433,0.11035451222373667
E01003067,-1.4496755277457218,1.1810838689911196
E01003068,-0.6346584799261149,0.02335903694608768
E01003069,0.06218560518498658,0.07377047257325511
E01003070,0.05445947861128306,-0.8506790543165151
E01003071,-1.9114140635459558,0.509519519430548
E01003072,-2.444315070194431,1.1600847363569184
E01003073,-0.9698286900580215,-0.12096386335700463
E01003074,-1.8481988052688607,-0.12598103207048453
E01003075,-0.5106104858585359,-0.7006256819382699
E01003076,-1.3812172677915024,0.37744320261287584
E01003077,-1.5473961332777155,-0.35401947963779073
E01003078,-1.6839894201345744,0.31306344996922003
E01003079,-1.682124384056615,0.24098107049676468
E01003080,-0.7288852161533428,0.7391006695455226
E01003081,-0.7531012397994628,0.06565923169366583
E01003082,-0.5904640173175199,0.23935604114032383
E01003083,-1.5957387162874896,-0.05836375874432705
E01003084,-1.694648647686755,-0.21250527395892543
E01003085,-1.3323232239728968,0.20632858244436414
E01003086,0.4662192642190531,-0.12916436724069963
E01003087,-0.07280161443763776,-0.6138357683435522
E01003088,-1.4337537688472053,-1.1432361207665775
E01003089,-1.0151216456565797,0.39313339374350803
E01003090,-1.4510529136110017,0.482575939497568
E01003091,-1.7413985458154588,-1.5014998900431196
E01003092,-1.493892789817514,-0.3179815109359327
E01003093,-1.1432514280723398,-1.6105235306861683
E01003094,-2.047769968711747,-0.08127117109391396
E01003095,-2.152406102268836,0.24509717513495013
E01003096,-2.3522770747950643,0.4641276758324201
E01003097,-0.7600524706596034,-0.662265888269582
E01003098,-3.11910009911333,-0.025061980712834386
E01003099,-3.2070545388381935,0.10933510072426415
E01003100,-3.224604481584122,0.5688210578140287
E01003101,-2.450672165046258,-0.24037183415975416
E01003102,-2.930775298718161,0.9203625985465818
E01003104,-2.2221376656443135,0.5893901512683531
E01003105,-2.2786428318108918,-0.2688526590910222
E01003106,-2.733695998118713,0.1699566001641959
E01003107,-3.3704196231209567,1.0887691739074608
E01003108,-1.8849325318131678,-0.08407032846310562
E01003109,-2.2885681232833335,-0.6659402992796948
E01003110,-3.487697564521219,0.843760710102282
E01003111,-1.9385034674202595,-0.7658665438503277
E01003112,-2.54615061138797,-0.5154408549370245
E01003113,-2.068100895918829,-0.11207666747805654
E01003114,-2.4289716155729932,0.6907335900163601
E01003115,-1.8817840350615038,0.29170158291344517
E01003116,-1.2436189348502749,0.9310164458028413
E01003117,-2.0898085165905758,-0.45317694926305147
E01003118,-1.896548528811706,-0.15669145746711194
E01003119,-1.8891808163051622,0.010702526035759026
E01003120,-2.146410723811978,0.3247218430494862
E01003121,-1.7986729877856036,-2.3210676682047784
E01003122,-1.6558943017250018,0.6453353209335448
E01003123,-2.2672993820592016,1.0985612472569337
E01003124,-2.061526869828433,-0.12231516399317006
E01003125,-0.09426141868955835,-0.011390754519184166
E01003126,-1.2989219731439965,-0.6043138493797751
E01003127,-2.164171092447667,0.09136162531246911
E01003128,0.2684276731719289,-1.313400822920247
E01003129,-2.566666861045853,-0.2035844797585361
E01003130,-2.357788560346067,-0.3395180230649876
E01003131,-2.12838756181956,0.25774280384094406
E01003132,-1.7242344018314517,-1.4709622951296384
E01003133,-1.7628126450448887,-0.005150210949062634
E01003134,-2.0694779577365394,0.23735376505895656
E01003135,-1.8731237708646398,-0.11177336994110978
E01003136,-1.7056123328329136,-0.031182320611381244
E01003137,-1.8631621372122704,-0.4343869157526513
E01003138,-1.1631099259428774,0.43822722215111387
E01003139,-1.2452331422498693,-0.6228200942779656
E01003140,0.6934162440942553,-1.4877691104587603
E01003141,-0.27664153514704215,0.03342645047520172
E01003142,-0.006893215768648573,-0.2577972480881374
E01003143,-0.2834015512428789,-0.15115799721742254
E01003144,-1.323267254488728,0.8491214332871491
E01003145,-1.3428314970837938,0.08070762307799176
E01003146,-0.6678378571232609,-1.019977853878603
E01003147,-1.0373005948876435,0.038510510830117056
E01003148,-2.4792215717944655,0.27622859496411556
E01003149,-2.5473670609995462,0.2514365427521625
E01003150,-1.4948204951753885,0.10293637797159075
E01003151,-1.4883913270562896,-0.29798714044459707
E01003152,-2.48052945013225,-0.22496561679562807
E01003153,-1.944425465528817,0.4332842634791106
E01003154,-1.4100441811034137,-0.34809675817033553
E01003155,-2.340080790143573,0.49575721131815337
E01003156,-1.524713593311039,0.30558718608881347
E01003157,-1.1421453409348787,0.05995202870771362
E01003158,-1.0635057574549105,1.2821686806682069
E01003159,-1.3890198843388153,-0.7131249904594668
E01003160,-2.7133681949056823,-0.7583460266174848
E01003161,-2.5172781906429234,0.5081705713585503
E01003162,-1.9659929109825638,-1.281738071945587
E01003163,-1.9026666727154478,0.16540005186436074
E01003164,-1.411796668815172,-0.1559484861327676
E01003165,-1.058985030740643,2.10539711251927
E01003166,-1.3913848304602137,0.7831339162662048
E01003167,-1.7740362451877756,0.9182747289297393
E01003168,-0.6076695248510237,-0.5528228712154307
E01003169,-2.3692815989458764,-0.320474249375094
E01003170,-1.9927923093450404,1.9730495895002644
E01003171,-1.696799623211635,0.011380774833145155
E01003172,-0.968754318147609,-0.4293572108379671
E01003173,-1.4816681051950757,-0.21252631493671303
E01003174,-1.8370344048021892,-1.4297923817547173
E01003175,-1.3006377730738963,-0.2923230271390592
E01003176,-1.7617174871394665,-1.2278072502852142
E01003177,-1.8984715923202045,2.7741968171365383
E01003178,-2.263003624142696,0.8356707276547
E01003179,-1.647821994048737,-1.740057112907955
E01003180,-1.782086495434535,-0.22765737637448705
E01003181,-1.6788368651577228,0.07215132150134691
E01003182,-1.655908631043728,-0.8496467714874169
E01003183,-2.3679761320659467,-1.1922391272745962
E01003184,-1.0494143372140712,-1.1816603438671487
E01003185,-1.1470619175831855,0.37429920142672785
E01003186,-1.4749096338300296,1.997018080722072
E01003187,-1.896367290451991,-1.2568044331050923
E01003188,-0.8819524720440474,-1.1925094444722522
E01003189,0.33818250252480986,-1.7383218400525817
E01003190,0.5605332193975447,-0.6599215341070771
E01003191,0.8139698642915831,-1.5912364683331144
E01003192,1.5534939437256337,-1.610453900928126
E01003193,1.7121556213366493,-0.289038562551979
E01003194,-0.5257805547191945,-0.8978109446405708
E01003195,0.7495070055278212,1.083344359447489
E01003196,-0.5341946085712703,-1.3881319905343852
E01003197,1.0604280462941367,-1.5991812791278674
E01003198,-1.0081777344497551,0.19594522694487213
E01003199,-2.06111342480311,0.7637973407638257
E01003200,-2.8206842254915445,0.8872086284330618
E01003201,-1.7244120974474169,-0.2673143005674039
E01003202,-2.978838761091875,1.8479290012195821
E01003203,-1.0018571944365584,0.1057975443427918
E01003204,-2.31558856686949,1.286141059370094
E01003205,-1.4985578530456016,-0.5587056788301895
E01003206,-3.1766681223351587,0.5935156895510337
E01003207,-0.5453067410576893,0.04810148236179194
E01003209,0.39020719676667626,-0.01499941503996655
E01003210,-1.3208451823852323,1.3420777316136199
E01003211,-1.6725992221558001,0.09190946597186189
E01003212,-1.498861115732847,0.5973580765481316
E01003213,-1.3408090064386131,0.282117290818856
E01003214,-1.777068814377149,-0.366516816166906
E01003215,-0.045509412391256936,0.5554979344808836
E01003216,-1.4479099560878634,-0.5140656929298477
E01003217,-0.7417658816837718,-1.336248146913942
E01003218,-1.4158479693448311,-1.4941505132322583
E01003219,-0.6366845138231761,-1.2154499511503283
E01003220,-1.697067251293831,-0.0029523133351265006
E01003221,-2.011798231645285,-1.1246502516944799
E01003222,-1.0555959815304934,-0.6041903967470593
E01003223,-1.1805144096321705,-0.757839149603925
E01003224,-0.7507680532238856,-0.7656631720725505
E01003225,-1.1220461250908442,-0.06153230376670089
E01003226,-1.1699064065480647,-0.1418649620468612
E01003227,-1.293990735464672,-0.39913601123314935
E01003228,-1.0033442261457448,0.29606069399713264
E01003229,-1.254031917080638,-1.1960045993150061
E01003230,-0.7784526987924493,-0.5793755760115672
E01003231,-1.820909394807223,-0.8837514575793239
E01003232,-2.2560925773643206,0.4449013121950861
E01003233,-1.4733935304499588,-0.8132024702695679
E01003235,0.00493975006009054,-0.9821725776401031
E01003236,1.1224813102710116,-1.5550017379967933
E01003237,2.1180601867422104,-0.8307588012287389
E01003238,0.48805626730041424,-0.5135434633914858
E01003239,0.8690530432779358,-1.6822684300064212
E01003240,0.16896859149870075,-0.93310909924454
E01003241,0.2929043979777808,-0.7581852194400877
E01003243,0.5611123122140736,-0.8658504084688354
E01003244,-1.5314484219290145,-0.8811788545877218
E01003245,-1.2507490190078656,-0.5536524536228997
E01003246,-1.0458522323729786,-0.4130440378355254
E01003247,-2.0553621650548384,0.18992437524477154
E01003248,-1.7268306308501356,-0.5807809474056318
E01003249,-2.1969961167617025,0.5285739110951843
E01003250,-2.1432799797808615,0.010139934849357027
E01003251,-1.2395489610610977,-0.888275985247425
E01003252,-1.1823468479670463,-1.0753334825619825
E01003253,-1.0516633137872071,0.11576061629878201
E01003254,-0.12394982108816567,1.4189330029002685
E01003255,0.6423637897059099,1.0358732595786517
E01003256,1.137731948422142,0.6339497180319841
E01003257,0.3268911277573083,0.8777824538259696
E01003258,1.4336075736530662,-1.1287849975407025
E01003259,-0.7405736710220234,1.619323128381126
E01003260,0.01010645269913751,0.415438039341551
E01003261,-1.4104818325971438,0.5088684281948443
E01003262,0.5273652202493901,1.3030588350854515
E01003263,0.6092401367204061,0.3257251664056976
E01003264,0.15016777167887263,-0.620468435626963
E01003265,0.02989667611643423,-0.8135628226775788
E01003266,-0.6452540126313129,-1.6169772972037573
E01003267,0.47259241444573635,-0.9251307058184255
E01003268,-0.03748517269126827,-0.420296330669529
E01003269,-0.15068096970539674,-0.682016087995287
E01003270,0.30853523126532234,-0.4003742911084641
E01003271,0.5128756850151162,0.7528303655842978
E01003272,-1.694477712253664,0.04678548466481148
E01003273,-1.800207315779128,0.17142746444584261
E01003274,-1.7677066348693424,-0.057240190910686224
E01003275,-0.4682134243529764,-1.5284588799225145
E01003276,-0.8513745623207329,-0.6124093529319219
E01003277,-2.441408656906931,0.4828051960689424
E01003278,-1.6735022714444974,-0.5846642021842121
E01003279,-2.199879586362704,0.5666781761604953
E01003280,-0.35754695568270856,-0.5496950918436415
E01003281,-1.9594932199748716,0.6232089236389228
E01003282,-1.3057016245499864,-0.2879218120264636
E01003283,0.33969213639080953,0.4420130434064601
E01003284,-1.184730902787454,-0.40454785937487026
E01003285,-0.013649621961132785,0.3491144471875611
E01003286,3.422802219967663,-2.2113724859394246
E01003287,0.24710932191919968,1.0299733217682998
E01003288,-0.5555417666119544,0.07622401873452538
E01003290,-0.6568381865860107,-1.1196997362302399
E01003291,-0.5905900541887201,-0.7636132188111746
E01003292,-1.2598837092988062,-0.1733467188050571
E01003293,-1.4518593129137454,-0.6272700521831053
E01003295,-1.1515831298143742,-0.13697081142402315
E01003296,-2.5628554027623505,-0.114643469036481
E01003297,-1.4491088838794952,-0.7139314446085004
E01003298,-1.1609575161060877,-0.9611620143690363
E01003299,0.15506873066131208,-0.5868894940655205
E01003300,-0.6652125070564823,0.3062738994391691
E01003301,-1.293031152330361,0.3222891226717855
E01003302,-1.5484679570508444,-0.0334214095818498
E01003303,-0.6058614329815168,-0.18587164033706052
E01003304,-0.942950576934264,0.5982103547613979
E01003305,-0.6821673416706296,-0.3915768657791432
E01003307,1.0310984487943506,-0.16399698228389348
E01003308,-0.11634756934528813,0.8801367266373447
E01003309,1.3611299773419363,-1.3849949392800258
E01003310,-0.8208531502992625,-0.8265370331700769
E01003311,0.06103223414529428,0.3050215019997106
E01003312,2.4327144471999866,0.8871385917254673
E01003313,1.0488796447896516,-0.258950643007199
E01003314,0.03992961966446054,-0.025090270258766482
E01003315,-0.2562804584807569,0.1146769424749593
E01003316,-0.4364541638657779,0.14474766906805037
E01003317,-1.7432446143423699,-0.2464694843377428
E01003318,-1.3089941101188312,-1.0900273441188328
E01003319,-1.2462537526399877,-1.1874671271881798
E01003320,-1.3007167616933508,-0.880834144035153
E01003321,-1.4047394318037743,-0.03434726108259391
E01003322,-1.0355566250841202,-0.1002424624497744
E01003323,-0.6206163785223662,0.3810628574351387
E01003324,-1.1797325035334003,-0.6455149677064056
E01003325,-0.8596706592699427,-0.6795898859160621
E01003326,1.5657179548398046,-0.16280890743942458
E01003327,0.24274631312758488,0.6784808733499184
E01003328,1.6479708497119232,0.5598835039210466
E01003329,0.37250890432183764,0.05779684175265614
E01003330,1.13881258027096,0.9921814195296741
E01003331,0.6550064286605662,0.5316294555934192
E01003332,0.30304098610392505,0.4356562044016172
E01003333,1.253879914347202,0.9617776577037912
E01003334,0.6076604293074587,0.7231251935407906
E01003335,1.5188064982804272,-1.02317763201811
E01003336,-0.13581434062196865,-0.9003644118268497
E01003337,0.9170305202749761,-1.5384432151960181
E01003338,-0.6610284682550664,-1.1218387521427071
E01003339,-0.5912982781242424,-1.0984319995875633
E01003340,-0.6803964691769577,0.8884074711620069
E01003341,-1.0764484713208882,1.1085693320855805
E01003342,-2.441845762107979,-0.5059211618155234
E01003343,-1.7964663207579308,-0.7185116519459159
E01003344,-1.4407661440360038,0.06745402386078621
E01003345,-0.7223963627785012,0.2714234145395883
E01003346,-0.0670687034763419,-1.4063682411183962
E01003347,-0.19815947731486694,-1.3394443593002214
E01003348,0.19057313673813892,-1.0395424580468657
E01003349,1.250449258994475,-1.092920146128997
E01003350,-0.1081249523110713,-0.7352029993405982
E01003351,0.39250562299083147,-1.8233017300719851
E01003352,-0.4073738359281689,-1.5024852312741868
E01003353,-0.7373783904374662,-1.224951925777994
E01003354,-0.6166061155204966,-0.6290663671002291
E01003355,-0.8932340021364249,1.8216293280229054
E01003356,-0.9909457371109452,1.2193112528300432
E01003357,0.9610532092924686,0.4183999739460348
E01003358,-1.2236275251334912,1.4404963283541843
E01003359,0.6446444173294252,2.432452558288464
E01003360,-1.2903721501363083,2.313812651813896
E01003361,0.2551453223801019,0.7913958557628706
E01003362,1.6506899013617493,2.0539851878342836
E01003363,2.3474554148838034,2.261260168123534
E01003364,0.45839777427884637,1.2652661335790822
E01003365,0.38696339108297706,0.5376758492642384
E01003366,-0.16898448422459267,1.1931164085843016
E01003367,0.8283495211488284,0.17132126277130807
E01003368,2.012376477395502,0.05871839036244845
E01003369,-0.10655834716110284,2.348557902112239
E01003370,0.48601230931039235,1.4399452418969485
E01003371,-0.5275991173567179,0.6416340074649549
E01003372,2.105982369546342,-0.5136055592331445
E01003373,2.2900234367675054,-0.07674428090906504
E01003374,2.1967729481874576,0.6147448597158798
E01003375,1.4707033477663356,-0.07564495950776735
E01003376,0.7100905829484484,0.07685298856628521
E01003377,1.8813409349006032,-0.7377932328971765
E01003378,2.0246655602192187,0.16595929784010605
E01003379,4.818671294715344,-1.433403354854381
E01003380,-1.6435546448530398,1.3555277231665925
E01003381,-0.36858308157145453,1.17936723490213
E01003382,-0.7311488909335548,1.69142888169807
E01003383,-1.940510913337498,0.8726157955524338
E01003384,-2.2138025903301033,1.915589418640177
E01003385,-1.455404143494727,0.4768525127526944
E01003386,1.3504214142696447,-1.356002763365034
E01003387,0.34700693266560684,-0.6941832254846946
E01003388,1.8442824477969524,-0.2707344122226538
E01003389,0.918422808672107,1.849597735439607
E01003390,3.640733986888801,-2.483605101928099
E01003391,1.2628582728377515,-0.27234089110159154
E01003392,1.8492954142067823,0.16871411523735022
E01003393,-0.6328098028896841,1.090264910295495
E01003394,1.5332941776295668,-0.25668311002244043
E01003395,1.1940573987322045,-1.5495206095439573
E01003396,0.06792945023615703,1.8073350970485966
E01003397,0.3942721208827537,0.2983298741714616
E01003398,0.14064630610353984,-0.19912463530812527
E01003399,-0.9630772374123735,0.7612172152238024
E01003400,-0.8685294691307548,2.2696729244646283
E01003401,-1.717327482350281,0.6203422534067308
E01003402,-1.7143761383833351,1.5276642888266323
E01003403,-2.195877233504207,1.0069197400800012
E01003404,-1.345719921936664,1.4794999498796135
E01003405,1.0352967340927897,-0.0623444811481979
E01003406,3.6814505285615415,-1.4853737012673471
E01003407,1.2942035712957334,0.43896823719498934
E01003408,1.8752714213596464,1.194944078294714
E01003409,3.2529136725499104,-0.4739742537418104
E01003410,1.851268759797754,1.2833188037713967
E01003411,0.3432045055111363,-0.5926980362246468
E01003412,0.9559360165923863,-1.0069455912886138
E01003413,-0.6764083658337032,-0.985117759131855
E01003414,0.08026747079910741,-0.5746958374917766
E01003415,-0.42698849074806045,-0.29341354687084376
E01003416,1.196557214138207,-0.6257336756636624
E01003417,2.60467236745292,1.0863654553775082
E01003418,4.5865561830988515,-0.33530567677898154
E01003419,1.4224513420218043,0.4638555220063342
E01003420,3.6171424576370392,0.12498001828006011
E01003421,1.5597802581257723,0.22025015203429368
E01003422,3.2830629747203712,0.42929813822126933
E01003423,-1.4502204148136715,1.912575159031536
E01003424,-2.8374961086578057,-0.0029837408803960763
E01003425,-0.812865249586029,1.6063703706119024
E01003426,1.1910437436772423,1.7229199533348996
E01003427,3.789265054580142,-2.279314554212414
E01003428,-0.8755927015783277,0.8751314114009104
E01003429,0.7063106882797889,0.06705425218622256
E01003430,-0.042605102574292175,-1.5832224115087499
E01003431,0.5402346187880674,-1.3183999538303104
E01003432,-0.22637885666136368,-0.1836444292696504
E01003433,-0.08554486572606788,-0.8813560064396995
E01003434,-0.14826464060203287,-0.977674918789416
E01003435,0.5374782749318898,-0.356335673285989
E01003436,3.066153090151585,-0.12245796002286981
E01003437,-0.7642780349590563,-0.4300900120104727
E01003438,1.0215420806100264,0.7292241665653973
E01003439,3.1814219384964963,0.010048676293958192
E01003440,3.5589120048483163,-0.01347488426973407
E01003441,1.3217447068171426,0.20124196239911066
E01003442,-1.635819134671133,2.6027573176748082
E01003443,-0.7698893586313797,1.682222466132262
E01003444,-0.39291234381528545,1.2575442375871673
E01003445,0.5492533824915758,0.05210395607054489
E01003446,-0.2575562250130682,0.5730094214981077
E01003447,1.5722589429740805,-0.8255424215179633
E01003448,2.899783624207177,-0.12796418556522215
E01003449,4.247219190340735,-1.4492087369862992
E01003450,2.966075763609062,0.6436023583743662
E01003451,0.6937446897744008,0.47464265940052996
E01003452,2.338515264194215,0.46753760446419285
E01003453,3.453410594750382,0.09428314439086423
E01003454,-2.3470330314309855,1.3961547987583642
E01003455,0.349528277639752,1.6647991749411535
E01003456,-2.5690074636264075,0.7595096129046071
E01003457,-1.6121551058562535,1.108174530491841
E01003458,-1.128389005912497,1.1301004577401312
E01003459,1.1285557824219508,1.5362446783366182
E01003460,-1.6842534120266957,1.9739300428527446
E01003461,-2.3690393862823695,1.3341438922933175
E01003462,-2.198852007535803,2.78128724853065
E01003463,-0.6298083129297216,0.47669708876535477
E01003464,-1.7082106682101976,1.9649759006223533
E01003465,-3.3308924385233336,1.2162264364721018
E01003466,-0.9517429685927844,1.1227866461321612
E01003467,-0.31002152021695206,0.9505527033963248
E01003468,0.5998245010994847,1.729465667477586
E01003469,2.709719374978958,-0.45752950093510836
E01003470,1.61593609631841,1.7951142060286704
E01003471,1.7743822871668484,2.583647135893025
E01003472,-1.1188531242641495,1.022950087573624
E01003473,-1.6357229819798431,-0.5743536664057631
E01003474,-1.0559560899784317,1.2903366871666058
E01003475,-0.47287177202723785,0.8631070067032076
E01003476,-0.33506114692036393,1.215601801020608
E01003477,-0.4941019863740239,1.2974836983134412
E01003478,-0.6429336569295533,0.8151110774503396
E01003479,-1.6700074838433934,-0.23140095132368385
E01003480,-1.016390035748703,-0.5144460979990423
E01003481,-0.6217794678136355,-0.9298371873474092
E01003482,-1.8889152769081332,-0.30744667763910966
E01003483,0.27566091138029086,-0.07658842604369875
E01003484,-1.1677029969696424,-0.31778653398249007
E01003485,-1.6680630091356299,-0.5492710626720578
E01003486,-0.2877624818636603,0.0443903946251187
E01003487,-0.4710015389455281,-1.7316931405312004
E01003488,0.6362757223680993,-2.5816124228665225
E01003489,0.5738879387715177,-3.8684995020100144
E01003490,0.5162655173189478,-3.2208601749030628
E01003491,-0.37745071594021296,-3.6503235886204686
E01003492,0.43626389651063524,-3.2781584654405553
E01003493,-0.2988024442914066,-3.234285820322114
E01003494,0.07567956774017254,-2.5009228161010553
E01003495,-0.21289261860461203,-1.4335211456446464
E01003496,-0.6019663467971419,0.785516624344537
E01003497,-0.776334766161479,-0.9703743407708121
E01003498,-0.6283529160515727,-0.7035702600127285
E01003499,0.052889013520214946,0.7676693064688377
E01003500,-0.7499434127536443,-0.7476601623933126
E01003501,-0.5199870720929524,-0.8069775487127585
E01003502,1.5579683990877353,-1.9030040050468604
E01003503,-0.07411656872528918,-0.5894591437622121
E01003506,0.6598342180315627,-0.5902946861234046
E01003507,-0.0642919648986186,-1.334047405436987
E01003508,-0.5394370817883956,-0.9317049947777757
E01003509,-0.8654347835565371,-0.8530285479352995
E01003511,-1.1668776791773556,-1.0938259126869487
E01003512,-0.44284349369700116,-0.8118985655563279
E01003513,-1.4674881032062197,0.7873550406131394
E01003514,-0.05913293493946639,-0.3563928840531995
E01003515,0.10421932093081004,-0.6259441165768828
E01003516,0.04913389685280313,-1.1009045243651276
E01003517,-0.38787981186561965,-0.5933814126883284
E01003518,-1.415385009014001,0.07047426462181546
E01003519,-1.0978137269132244,-1.2077558171647427
E01003520,1.2555521233768763,-2.6014763748746694
E01003521,1.814806049443146,-3.29664766397445
E01003522,1.0313790093625532,-3.329947548179346
E01003523,1.0850421857873433,-2.6039964307712724
E01003524,1.7623607984933272,-3.6013157066745523
E01003525,0.9115007458816667,-4.447275480311308
E01003526,0.8317667948920188,-3.668732467289044
E01003527,-0.42103786658761605,-1.7306065898793672
E01003528,1.0632763885345957,-4.485113630180975
E01003529,2.1123753742644538,-2.8352908065686204
E01003530,0.4511793984055269,-3.730309402822562
E01003531,1.3640848142032334,-4.392314525683831
E01003532,1.5478860609920682,-3.0301911057899114
E01003533,0.6388662695609396,-4.46181541369156
E01003534,1.3757433252568358,-3.683539379974355
E01003535,1.7730198215552968,-1.581688829524383
E01003536,0.3899197861083837,-1.4067530774672576
E01003537,-0.17262095167492142,-1.221843818736709
E01003538,0.16230241709691437,-2.0499199932540613
E01003539,-0.6058187586357705,-2.070688195602687
E01003540,1.2032775426296045,-1.7113635717690514
E01003541,0.40308071684598223,-1.6389105383220923
E01003542,1.013343173103811,-2.8481413351938385
E01003543,-0.8866775147387357,-1.300972009728855
E01003544,-1.6946829885086616,-1.6860355123562567
E01003545,-0.5392462761422543,-1.2518644616214505
E01003546,-0.0010238020247315951,-0.4119517607891137
E01003547,-1.536220663903171,-0.8643279096793466
E01003548,-0.668478767917969,-0.5977612123482966
E01003549,0.44982527474746936,-0.7452468896063332
E01003550,-2.1628551623617756,-3.1460070573586547
E01003551,-0.5676940039508224,-2.909995709432683
E01003552,0.6392137128012174,-2.010127438952007
E01003553,-0.5455978314552299,-0.9647082533332728
E01003554,-0.8405640650222863,-0.4695264934057921
E01003555,0.2891279202828498,-3.5168745472125074
E01003556,1.4714863590345963,-2.954227185255618
E01003557,0.8982937128856198,-1.661127757032085
E01003558,0.6250239496938638,-3.9323051133251727
E01003559,0.9607239900003669,-1.7113495535064533
E01003560,0.7513952865017979,-4.262040591388456
E01003561,0.7727974753785609,-4.408830984705594
E01003562,0.740819433328393,-4.134825442039297
E01003563,0.7799098724840188,-4.517248637664066
E01003564,0.4324771507901606,-3.6834695542370812
E01003565,0.13648128349332264,-4.666393641581387
E01003566,0.0222881273822167,-4.548058082650167
E01003567,0.5157884985859561,-4.386811012987831
E01003568,-0.1396140502009308,-4.308132410193578
E01003569,-0.3762454357259742,-4.3495773979952705
E01003570,1.4567830535918762,-4.26858067763087
E01003571,-0.25647261481722355,-4.3923572414700764
E01003572,0.011373240902533457,-4.734384248668162
E01003573,-0.0068197819558207355,-4.563538668312883
E01003574,-0.0769599246296988,-3.439352013497991
E01003575,0.8468252123453274,-3.0378668874964037
E01003576,1.5895095594674677,-2.9737194725725926
E01003577,1.2335424019223364,-2.6825474570869425
E01003578,1.546363941127615,-3.6076171342247894
E01003579,1.2747782949094295,-4.244961574047196
E01003580,0.6950451364067695,-2.3532468224081704
E01003581,1.8395885307058912,-3.55711440394317
E01003582,-0.08517981924822597,-3.273370949968556
E01003583,1.6750140903626844,-2.9741304808290883
E01003584,-0.34236612398766747,-0.9719254892726549
E01003585,1.7078718777338429,-3.8177110777176537
E01003586,1.6226564757147326,-3.1655644545195316
E01003587,0.611367338010428,-1.436994916945552
E01003588,1.7088271743554007,-4.756865882518989
E01003589,0.7903539329080381,-3.464037236240678
E01003590,-0.7562105702512758,-1.5176934400380384
E01003591,1.5391092767180703,-3.345604377047558
E01003592,-0.727252132828117,-3.1887252387495066
E01003593,-1.0949906140456447,-1.6226090308734775
E01003594,0.6685524819025153,-2.87520919322045
E01003595,0.8183465093450815,-1.9862268010869062
E01003596,-0.6440758554306544,-2.710801853772758
E01003597,-0.3549675354385399,-4.302425205228816
E01003598,-0.6687047821559143,-2.82905427358537
E01003599,0.1716462882870996,-3.464850670139723
E01003600,0.3482063824526389,-1.6502219911160974
E01003601,-0.4405461778207387,-1.778572453621621
E01003602,0.04824337453639032,-1.1803971982345411
E01003603,-0.4036224075261449,-2.0838028605356396
E01003604,-0.17294505966362272,-1.0837278155959087
E01003605,-0.14482477724204043,-3.529246473046836
E01003606,-0.49141134936246555,-3.109458159493697
E01003607,-0.44772669076078275,-1.7119877095984288
E01003608,-0.890337902925418,-1.5898405252124785
E01003609,-1.7450205421704237,-0.4114397439181913
E01003611,-1.591414439136919,-1.66003589855559
E01003615,-0.344831273064273,-1.5909968367858704
E01003616,-1.116755720427141,-0.5513501727324703
E01003617,-0.032321699240153066,-1.0775962299446198
E01003618,-0.21596777522033436,-0.5899707345586566
E01003619,-0.443295528877809,-0.9067132573299901
E01003621,2.0790850008079236,-2.393997203498237
E01003622,1.0356319040068112,-2.680698208920574
E01003623,0.8963287021981593,-2.4359025368118123
E01003624,0.35328881797565365,-1.7145437174358054
E01003625,1.23916787220702,-1.3692465677529218
E01003626,0.7248005652594172,-2.3057904212285676
E01003627,2.0490257640596385,-2.8371715893235345
E01003628,1.2524532212613233,-1.7660201480310747
E01003629,2.351274558096048,-2.0478097371096395
E01003630,-0.346536744236173,-2.1816873562900083
E01003631,0.08915714856537338,-0.7541857498077716
E01003632,-1.2518605300088823,-1.3023972962902846
E01003633,-0.4434668977451724,-1.4072222365117406
E01003634,-1.4643805458173316,-1.6733128941353934
E01003635,-0.3554942023961248,-0.8467743956099311
E01003636,0.7247314162806415,-1.6841915070234672
E01003637,-1.1510418210053295,-1.4486770025200681
E01003638,-0.06638200906526444,-0.38074443157773624
E01003639,2.13232626469045,-0.4615836939720514
E01003640,0.5674259814942554,-1.2897972238988065
E01003641,0.4213085120758038,-0.6853038027695598
E01003642,1.964348750148718,-0.6780939503066168
E01003643,-0.07049431791755735,-1.242455762655056
E01003644,1.6612311687230639,-1.250785494665891
E01003645,2.158417286626399,-0.7817979204221617
E01003646,0.979730370394633,-2.345033774523715
E01003647,1.0391959892446363,-0.8443329271746444
E01003648,1.0621207247402744,-1.2651795727953494
E01003649,1.7889309227098167,-2.4751414594167223
E01003650,1.8099482892286174,-1.0343484323488812
E01003651,0.8325788054867802,-0.47670180571751025
E01003652,1.9358224424265578,-2.00488510268541
E01003653,1.1808241926086869,-1.8607566522733563
E01003654,-1.9651374146681764,-0.40685802161922535
E01003655,-1.3829927172855252,0.7296114859275338
E01003656,-0.386724171049582,-0.035623043172873695
E01003657,0.27336980306712455,0.6579730852477124
E01003658,-0.5658809354160964,-0.7029374650608627
E01003659,-0.6265992574529331,-1.0584933951876492
E01003660,-1.6068626518125984,0.9085126317923573
E01003661,1.1996161683991977,-0.5211917597859319
E01003662,1.0724599763598321,-0.5572931125811308
E01003663,4.5098735090124205,12.513417828146878
E01003664,3.325644936434647,4.870558534647721
E01003665,2.4989689353273423,-0.3911560175738125
E01003666,2.0063641845815936,-1.720349078450015
E01003668,-2.1233876754600405,-0.5986310102411443
E01003669,-1.2628360323793677,0.5242709360817809
E01003670,-0.7650714128905319,0.6976174702209025
E01003671,-0.6108776000774764,0.07675343694881497
E01003672,-0.021257205996442208,-1.2242356567414545
E01003673,-1.4980448399347668,0.7230611226041542
E01003674,-1.3802321883813256,-1.10952880588011
E01003675,0.24746838656966708,-2.6223260312379018
E01003676,1.1845926308033776,-1.9737177871141955
E01003677,0.19421556665888826,-2.2989092177454533
E01003678,1.5276753775059717,-1.1815947628044066
E01003679,1.2040568664318596,-1.8538754108102151
E01003680,2.7312717010725334,-1.6333154832947103
E01003681,1.302940552550171,-1.5221498146386176
E01003682,0.8065129713468281,-1.8426517453162135
E01003683,1.9643605974000033,-2.8383840488112577
E01003684,0.5210255736732509,-2.1748959958732983
E01003685,1.0325334023225174,-2.8319072266783896
E01003686,2.013371657517193,-2.785432733780283
E01003688,0.9337332510665654,-2.844923758607679
E01003689,1.5315589310849833,-3.670657022631734
E01003690,0.7760008381245543,-0.7578178367079788
E01003691,0.7062334637565636,-2.788504308802357
E01003692,-0.33304728711195775,-2.228351768666886
E01003693,-0.24537901928081254,-2.736938768108995
E01003694,1.3243036404681998,0.39180220177535563
E01003695,-0.2241310859339763,-2.387022363246629
E01003696,-0.1542611817243291,-2.046442695254978
E01003697,0.07788784057465815,-2.2335981973378862
E01003698,-0.22247277425190898,-0.7860407443465827
E01003699,1.0354339419369796,0.7396336975923982
E01003700,0.8639041571633974,-0.6846106664273925
E01003701,1.3025762468542477,-0.6455936291018446
E01003702,0.06952481875204321,0.6053563115339299
E01003703,0.44378713955276394,0.08015384866174241
E01003704,1.3155612574874036,-0.8401131857847876
E01003705,2.4198996416754492,-1.015871406684912
E01003706,0.5549015062276386,-1.3568172341642863
E01003707,1.2554691119762895,-1.3596089304652481
E01003708,0.3458902918440798,-0.528291160931419
E01003709,1.3866427754194661,-0.9410457892847929
E01003710,1.8998354282318244,-2.595061651929894
E01003711,0.8433421535739962,-0.3367509529349659
E01003712,1.1514483741164132,-0.21116681389933803
E01003713,1.0801978274573971,-1.4651662338981302
E01003714,2.17217980882833,-2.4241430556583534
E01003715,1.1544469819029597,-1.9979585771354251
E01003716,1.3785247779864513,-1.6962137444118157
E01003718,1.5871697095982855,-1.143962243965612
E01003719,1.4183433019862317,-0.9272038047046244
E01003720,1.792408091414589,-0.2104056624230923
E01003721,0.1508822274509479,-0.5710019455644111
E01003722,0.6594727224204828,0.19297327115891308
E01003723,-0.17104311738392275,-0.47785591274779105
E01003724,-0.07109147818500837,-0.1252700444845338
E01003725,1.1852707624493741,-0.8633882342067787
E01003726,2.0075631055304948,-0.17483698812888904
E01003727,0.13338331378018498,-0.024394980641546563
E01003728,2.1886866602189943,-2.1983755072988376
E01003729,2.533240283265851,-2.6343484558333348
E01003730,1.5796555472055596,-2.7812284855234317
E01003731,2.7663578424019217,-2.368555102357272
E01003732,1.915739509681245,-1.7190594333535416
E01003733,1.5254741144700752,-2.323112787882109
E01003734,0.2822979523000087,-2.003492487757935
E01003735,0.6360175403246514,-2.487380538837754
E01003736,1.1520668505173517,-2.3095925316211
E01003737,0.7559943487687437,-1.8840177693323046
E01003738,0.4845361442119309,-1.2549561931525335
E01003739,0.9526255439048966,-0.5257883938934533
E01003740,1.1997892109178239,-1.9688116663203707
E01003741,0.2742911796557249,-1.6832897636264155
E01003742,2.762937002864248,-1.8275799107922865
E01003743,1.114816652869629,-2.040207081242144
E01003744,-2.1445755681493157,0.2138938552435698
E01003745,-1.84396479503732,0.7188123249480135
E01003746,-1.9378115053239333,0.39914596695890825
E01003747,-1.6153408782280212,-0.2657612669141432
E01003748,-3.0479706526536963,0.5320760403890841
E01003749,-1.4898693490770032,-0.48413445015130385
E01003750,-1.7223087689843837,0.24363259870343806
E01003751,2.2149244407225814,-2.0606999675767654
E01003752,0.4504752295139593,-1.7736958354995072
E01003753,1.8266347554813973,-1.4007331862651964
E01003754,1.1793885076138377,-0.8093934581751713
E01003755,2.729545539913492,1.0140540684766268
E01003756,2.456510347067158,-2.5002926766724753
E01003757,3.1478014175767592,-1.2963887454323115
E01003758,1.4315247537299876,-1.5568054662407167
E01003759,-0.6176375425594937,-0.6281083198724584
E01003760,-0.2524219430093936,-0.4282071438244522
E01003761,0.3072444195884192,-1.317051327607676
E01003762,-0.6346033986765099,0.8626826799732258
E01003763,0.7839398298174218,-0.9452955273570192
E01003764,-1.2820811388438205,0.0552033087450133
E01003765,-0.14588119467872462,0.6265733881495796
E01003766,1.2827410675792472,-2.736396875758086
E01003767,3.263446682502222,-2.4675800631535734
E01003768,3.488608069407251,-0.9253481107435432
E01003769,1.134020995596301,-3.963013694525648
E01003770,2.648332578847541,-0.8148466981890053
E01003771,3.984470200555447,-1.0137476109353973
E01003772,1.8684626412487053,-1.0590839389942217
E01003773,2.5147295416250173,-1.0818725186420701
E01003774,-1.5533204103987195,0.45404697123755977
E01003775,-1.9048641794273922,-1.049425284361051
E01003776,-1.4991978337322671,-0.5934030283682126
E01003777,-1.960479771592176,0.5444986343318644
E01003778,-1.757725076160876,0.04963857677448272
E01003779,-2.0472291688929296,0.29989340023986416
E01003780,0.03464608771169171,-1.5329972053101872
E01003781,0.4349854068823779,-1.9180653057695576
E01003782,2.61417915747474,-2.805601367471381
E01003783,-0.14159346368532014,-1.4205968792114765
E01003784,1.1552234110650803,-2.750117889117796
E01003785,0.48475680137795735,-1.5389355514206395
E01003786,2.126331305969136,-1.8096556368256962
E01003787,0.4375365171728817,-2.2250812430584577
E01003788,0.1706558520670299,-2.494095550947822
E01003789,-2.5699981587434664,-0.24573998302337688
E01003790,-2.095864758103035,0.19326962910479725
E01003791,-2.4455203320970016,0.4455050451178038
E01003792,-2.3997923331913262,0.41623078257029394
E01003793,-2.3637984395634892,-0.25170360911658757
E01003794,-1.5190247368979837,0.8691486082670311
E01003795,-2.5252491514501636,-0.06245015616481489
E01003796,-1.5126908367544558,0.2849306093457352
E01003797,-2.8275280825877522,1.9146027777692334
E01003798,-2.4451050983940017,1.503248320068366
E01003799,-3.8673829274939786,2.897920213544051
E01003800,-2.021755597794484,0.646826135823715
E01003801,-4.032021796030158,1.5091787395573328
E01003802,-3.8875177046072413,0.3549722645226799
E01003803,-0.6562452716168236,0.778923022344044
E01003804,-1.052353955395013,2.7246360515642936
E01003805,-0.2753120044747894,3.2871079942191996
E01003806,0.20327927302594745,2.2653260009184057
E01003807,-0.5802710254219766,3.375341526988709
E01003808,-0.17859750416573328,3.084407805701799
E01003809,-0.43311074822598833,1.535202667580648
E01003810,2.626370502665786,1.5985338021007178
E01003811,2.5985023491322052,1.4919833258850543
E01003812,3.7074959224728934,0.37568347123720885
E01003813,2.21246623452555,1.7202022483693287
E01003814,3.3836633370678215,3.4708263392018557
E01003815,1.4327406187142944,3.037502680701179
E01003816,1.1610601326289216,2.500675085422416
E01003817,0.40003186171684874,0.4817191573522402
E01003818,1.7315769712260618,2.0212988772487814
E01003819,2.415223464654291,0.27693727118730954
E01003820,1.9295064073816048,1.4087782608816186
E01003821,-0.29927601783537366,1.6202970718500822
E01003822,2.5159569593636917,2.103950694429004
E01003823,-3.5360439154341896,3.726557573987719
E01003824,-0.29821405479589935,1.6632176169443464
E01003825,3.947326569327254,3.163505173261967
E01003826,1.346904045364542,-0.3305062985076628
E01003827,1.8010949325813082,1.3901160329279523
E01003828,4.563056372468257,1.2252521778044188
E01003829,4.276517171915031,1.5829183806349334
E01003830,3.7297479846033013,1.5534766775639959
E01003831,3.2904934145570564,-0.15267236734402767
E01003832,2.2864989278961367,0.17493347018311117
E01003833,1.5891027855324673,0.8700300886062983
E01003834,0.9019195539371642,1.1200328192424367
E01003835,5.8402126673796415,1.658577048174925
E01003836,-0.9279864763362574,4.313664624775875
E01003837,1.6944033751229413,3.181629010398179
E01003838,3.0336922177215304,1.4444833765817808
E01003839,-0.08388400357322406,1.4719286875194764
E01003840,2.483603785716424,-0.19698821985667841
E01003841,2.900759231905097,-1.2015282629018804
E01003842,3.8938540399210146,1.597690544582696
E01003843,6.495382565292969,0.23153936861943808
E01003844,5.543964571392409,1.8890394492406857
E01003845,0.29679067293662886,1.991612335617348
E01003846,-1.9112278115044223,3.194475255382893
E01003847,0.2294607417830933,2.888209207998038
E01003848,1.855091253227815,2.209761170762604
E01003849,-0.14337911699832323,1.7719875304373571
E01003851,0.21828487091711252,0.9130161986359117
E01003852,-0.42475582826147495,0.36982743173426347
E01003853,-1.538588732328119,-0.6704343495920149
E01003854,-1.7951776069085084,0.7970256675113502
E01003855,-1.1736583519570645,2.0729954531587222
E01003856,-2.1621709047798108,0.6848145693206052
E01003857,-1.6165200613166777,0.34771175215338507
E01003858,-1.1974022085455942,1.6273699018107501
E01003859,0.7111846276484473,2.9241962148018996
E01003860,-2.351124321713823,1.9703235796946257
E01003861,1.091555686572912,1.1109322493113478
E01003862,-1.2353827362000824,1.4795527244505065
E01003863,0.6398557818384841,1.6041120680243546
E01003864,-2.209317897968862,-0.1745498256264758
E01003865,1.5544066206419698,2.3658893297312593
E01003866,-1.000536590274629,3.513265474857164
E01003867,3.121628560664612,2.8936575352472462
E01003868,0.5699618991371826,2.2532711704814314
E01003869,2.1970457671221575,1.922077255339761
E01003870,0.9355219928290552,2.724381803118177
E01003871,-1.0473976678933987,2.005257627729583
E01003872,1.6494525349443263,1.4622654156434238
E01003873,0.05983259126048484,0.995946073590119
E01003874,-0.866630270207783,2.319444405120487
E01003875,-1.068178748749058,5.396116550148305
E01003876,-0.3664489238094904,2.2498045149686363
E01003877,-2.756083588180767,3.0674517985840475
E01003878,-0.2765465506706474,0.38689693344923265
E01003879,1.5260496285392608,1.6399955910118267
E01003880,0.2870862126334937,3.1043348985632013
E01003881,1.847959851968025,0.5519922747936064
E01003882,2.6901684985993026,0.7580031305689043
E01003883,1.78198889668348,2.2371184409075977
E01003884,-1.1191367233560248,3.288642238819015
E01003885,0.6251469076099002,2.507854388456436
E01003886,-2.0846110306653785,-0.03241328498236257
E01003887,0.6209368773492001,2.3297501483219802
E01003888,3.5446373953613657,0.804773855236543
E01003889,1.7270545425672825,2.9738332347411416
E01003890,-1.2592765197238944,-0.19729685205670655
E01003891,-1.5403753398475752,-2.3294630356347823
E01003892,-3.140040668757536,2.150517802616621
E01003893,0.22658583240521932,1.5595334325179615
E01003894,0.09251918842775289,2.87520567359148
E01003895,1.802668192947955,2.15936840587391
E01003896,-0.21858117352146264,0.629198869758523
E01003897,0.06187715360393851,1.8304853216765002
E01003898,2.090464157846837,1.222716759521743
E01003899,1.9406319115000656,1.94907413559628
E01003900,2.2285458787497885,2.0366389749016753
E01003901,0.9385004955558435,1.1505995564523837
E01003903,1.9280329810181551,-0.35447157197714785
E01003904,3.7501685944159724,2.056300745562031
E01003905,0.7993857606914909,1.0831323676783473
E01003906,3.8938417212879943,1.7306193377227894
E01003907,1.0879984415643063,-2.268657180073469
E01003908,2.9457385641992078,1.5423426537229676
E01003909,4.953803407956147,3.9767412138798184
E01003910,1.9414878578981134,0.9147707998287724
E01003911,-0.3618774165300117,-0.768372271776047
E01003912,0.001230333932854912,-2.4662292385817404
E01003913,-1.5530254846428067,-0.3328695388993619
E01003914,0.7826231044533779,1.0421740670738584
E01003915,-0.2459847167684547,-1.107114675525829
E01003916,-1.0532769503626471,-0.04081583970543976
E01003917,-1.0174286214774355,0.526541206466773
E01003918,0.6461556920207383,-1.3703256623353999
E01003919,-0.9162660385477249,0.6012154567813266
E01003920,6.3824844031199,-2.1479011505684493
E01003921,-0.3449445617907096,-0.5954900808047597
E01003922,-0.009263885813469054,-0.045200606438940014
E01003923,-1.2089486965059892,0.5379456859123395
E01003924,-1.2626560108248808,-0.6654535189428386
E01003925,-1.3998911095565578,-0.47242575109611146
E01003926,-1.7294985268721514,-0.4745744122859851
E01003927,-1.7018692680555878,0.6631550004268798
E01003929,-1.7852240922900366,0.9285476072887885
E01003930,-2.1558859766322462,0.08637078946148843
E01003932,-1.673307026819341,-0.3938737687301785
E01003933,-1.752328499462459,0.28590202124904657
E01003934,-1.371107413316693,1.3825744291159303
E01003935,-0.17928667683410138,-0.4223671486222301
E01003936,-3.5222921501205504,1.710259187678197
E01003937,-2.661406642590095,0.16181058078890542
E01003938,-1.2101996497859657,-0.4103624388938776
E01003939,-2.345977785919977,0.9897407786646658
E01003940,-1.1685990392295658,-1.4893553089690124
E01003941,-1.5747707514308997,-0.23101276637382076
E01003942,-1.3068790269345933,-0.6808558544520507
E01003943,-1.722534084183787,-1.3244412460351926
E01003945,-0.06694888043718798,1.4231038177551079
E01003946,-1.2156534732906252,0.4118651969956391
E01003947,0.10510017521083516,-0.14947755554716163
E01003948,-0.1029922890631365,1.624136090462468
E01003949,-0.9207152844887585,1.4905883797440815
E01003950,1.128149680688987,-0.058642355265825306
E01003951,-1.4116395069374477,2.233499582070512
E01003952,1.3936381827834263,0.8915523049938956
E01003953,-1.0408650427996706,1.3374755984209001
E01003954,-0.6458655623156568,1.8618726895896964
E01003955,-1.1954682369695173,2.254657321934843
E01003956,0.9112473184378993,0.5207028344920697
E01003957,-0.05911737433309779,1.3135544756230273
E01003958,0.30185677165260805,0.536281414134122
E01003960,-2.4662078091159905,0.02050613800380083
E01003961,-0.8931681541557026,-0.9353841774543096
E01003963,-0.8280738769051753,-0.7378539232271526
E01003964,-2.2708487955485666,-0.5923657045481058
E01003966,-1.8080880265183792,-1.6615124664956136
E01003967,0.1148900508939761,0.2139684241230984
E01003968,-1.1609138444849705,-1.7805224250594351
E01003969,-1.4759529637416648,0.7052507943149399
E01003970,0.30771170494979605,-0.6983004946075433
E01003971,-1.9442544566506814,-1.8834325356690063
E01003972,-0.9586677322942496,-0.5009840725244028
E01003973,-0.20048154242012595,-0.5140770019479701
E01003974,2.8562337828219193,-1.4010038109476939
E01003975,-1.3851736950232123,-0.3475189785494016
E01003976,-2.2276231452682813,0.4775116632077951
E01003977,-1.780070268074182,-0.12998855687765304
E01003978,-2.37662519032985,0.17863332472738686
E01003979,-1.5265876784268435,1.2181696071830999
E01003980,-1.6994444367350596,-0.18625595452433857
E01003981,-1.928818244876872,0.7090851123995405
E01003983,-0.8288278603651403,-0.8494875413514243
E01003984,-0.5734663012382459,0.32005756683110803
E01003986,-1.7535701698089279,-0.5541346386345924
E01003987,-0.9239890287634847,-0.13776715684097957
E01003988,-1.2480269577876737,-0.38846860632865354
E01003989,-0.302467580184485,-0.417051794757465
E01003990,-1.478359494641754,-0.8190297626428842
E01003991,-1.7751832107023564,-1.061688385194089
E01003992,-2.0180829662902178,-0.055317434794877114
E01003993,7.164002384489722,-2.292781144885802
E01003994,-1.050599542801265,0.5799218090483783
E01003995,-1.4234660214418862,0.6841488101802694
E01003997,-0.7536137036141143,0.2112614110045274
E01003998,-2.0163191368024025,0.9540571889514523
E01003999,-1.9241855568375426,0.08783061243249568
E01004000,-0.2050229583174648,-0.21764919960627685
E01004001,0.30661861875724017,-0.07676815136105777
E01004002,-1.0079513514030116,0.6151523739726001
E01004003,-0.29857040894891873,0.5765220143697319
E01004004,-0.4043710840749825,1.108090048199522
E01004005,-0.489619156974028,-0.21713281942191873
E01004006,-0.7618207025932804,0.252665813520007
E01004007,-1.57536956190235,-1.1409097983633933
E01004008,0.526669362137035,-0.944688400720944
E01004010,-0.3131989871435097,-0.7442241093261983
E01004011,-0.0193470607817804,-1.4779745869553989
E01004012,-1.1303914857489872,-0.5271980599800176
E01004013,-0.754884069100105,-0.9407668070424213
E01004014,-1.797775797774283,-0.526724579381123
E01004015,-1.4260932039185246,0.8845057468928698
E01004016,-0.3737684465287281,0.1497019908827172
E01004017,0.3743882816009969,1.4987867175549812
E01004018,-0.891567456423177,0.8742488607045346
E01004019,-0.6054808498601072,0.5314464819852442
E01004020,-0.555103737947596,-0.10523916703177147
E01004021,-0.9308748712011283,2.420591463653388
E01004022,-1.9268917439032074,0.19287846622579516
E01004023,-2.3412000732770353,0.13408579916888197
E01004024,-1.1969670931044953,-0.046647830668738
E01004027,-2.2352520441861077,1.8164214655178126
E01004028,-1.6260748962037763,0.2787657920919536
E01004029,-2.915772970191744,0.3194625300907603
E01004030,-2.8564885230554107,0.13428087605459688
E01004031,-2.0332588159901754,0.08106015463163646
E01004032,-3.3453766268084566,0.7836374940449472
E01004033,-2.1460874668897802,-0.135145671667635
E01004034,-1.9015544756925662,-0.3100068298116764
E01004035,-1.5261100179847678,0.162376645322279
E01004036,-1.3751388262673996,-0.7592067449723456
E01004037,-2.116945799349198,0.2197845368197927
E01004038,-1.6497233370793265,-0.27664682733318735
E01004039,-2.2593929270954556,0.15890113976811843
E01004040,-1.3571054340358262,-0.8762499890418421
E01004041,-1.7934958575340085,0.2539039737357695
E01004042,-0.4904179289310434,-0.07142706493040409
E01004043,-1.2609285647018196,1.192118072664837
E01004044,-1.662641904485029,-1.5365725487718784
E01004045,2.3853100288453932,-1.600003168821832
E01004046,-0.5585894167409876,0.9564877439723602
E01004047,-1.4040057972681272,-1.2359296692894801
E01004048,0.1754677100979158,0.3751748286255514
E01004049,-1.2127860457642317,-0.9300079303245946
E01004050,-1.288411122466939,1.3300750575873646
E01004051,-0.8523370405384192,0.6259529481011765
E01004052,-2.167531441676948,-2.461760287415514
E01004053,-3.373601202457303,0.9229984495257372
E01004054,-3.319952018759371,0.7762403396182361
E01004055,-1.0002733617800443,-0.3631323001649615
E01004056,-2.2714866098414115,0.039404077639955036
E01004057,-2.369850638989374,0.10431204837788688
E01004058,-3.716234421670882,1.5042592872020082
E01004059,-3.6449847783577263,0.9371543321516612
E01004060,-2.0716381509783672,0.29039559024445344
E01004061,-0.4128060922864635,1.2910540605989895
E01004062,-0.5691330000045547,1.277108230224032
E01004063,-1.0203576422987433,1.6745196590966687
E01004064,-0.2647698533799677,1.3587020180328102
E01004065,0.21227527866595655,0.7203227624761246
E01004066,1.9136669653138665,-1.2214127282800986
E01004067,-0.29739186769452153,-0.3365589538345366
E01004068,0.14660572663366403,-0.1107944595029923
E01004069,-1.748578717574555,1.0796757537371473
E01004070,-1.734086837409904,2.274528489878221
E01004071,0.47422813523972207,0.953966343491193
E01004072,0.18949886716574638,0.7872094692724777
E01004073,-0.7899914989760964,1.9824966870267549
E01004074,-3.171054890122565,1.7662058734298651
E01004075,-2.231794654257516,2.0191290379842197
E01004076,3.919071043160963,-0.45101779711908646
E01004077,3.5380583870773754,-0.01544080891387173
E01004078,5.856511731292442,0.2697303463622527
E01004079,4.736989209579551,0.6255141575388731
E01004080,3.9926197720305363,0.027648200367515634
E01004081,0.8453665855220287,0.33028000628156756
E01004082,5.321364938093357,1.690030785429982
E01004083,4.759803353364463,-2.3550461325176792
E01004084,1.098755504852796,0.16471771443125727
E01004085,4.468778542463704,1.3673440967767312
E01004086,2.1910460878147933,-0.18419426140205708
E01004087,3.136343088068318,1.6824564305538912
E01004088,5.485939264921062,0.2616766508720397
E01004089,-1.5484502108533442,0.04592796924932695
E01004090,3.3484850191615028,0.4037952563076242
E01004091,4.776320067487291,0.666255275605131
E01004092,2.9284969606617492,1.868568053357159
E01004093,0.9185006831240574,0.061406686252838606
E01004094,0.9301604729441617,4.95662027500489
E01004095,3.4965868849118142,-0.8792323203687838
E01004096,5.765881028677012,1.394937972604408
E01004097,0.7720136938070603,2.2066679433717713
E01004098,0.5166910330691266,-0.9369283402792776
E01004099,1.8835155535485077,2.005289695965016
E01004100,3.1405076264784055,0.5790295649218203
E01004101,4.919049503656847,1.7619733265561468
E01004102,3.742411984695125,2.745709257723881
E01004103,4.193706792176617,1.224521561250936
E01004104,2.044262075945259,0.6357276253415084
E01004105,1.8526859245339269,1.7142841696684634
E01004106,0.08915767318321406,0.6190705987338865
E01004107,3.484892312936757,0.5133412557073509
E01004108,2.6476589035191087,1.5436014093256094
E01004109,4.490190224030404,1.2335292154779411
E01004110,1.304575381064497,3.080069835108101
E01004111,4.134652484506737,1.715486275620606
E01004112,1.8227864702845225,1.0414814086992406
E01004114,0.2245929471664223,1.0942063101783335
E01004115,5.224616286417218,-0.029130659953779125
E01004116,4.640058505092234,1.8113675170970776
E01004117,4.26446433386012,0.7207586670770357
E01004118,2.604675313239583,2.067403417249397
E01004119,3.9677253256844205,1.0137447810483362
E01004120,4.750586020402488,0.7387468788349106
E01004121,4.829071031708742,2.4597275624453636
E01004122,4.851365992316962,1.5795479584315741
E01004123,2.9191190693993474,1.1538749308667262
E01004124,5.554001843059891,0.3312761913575454
E01004125,4.361666769201481,0.017573499676423753
E01004126,4.313934493909251,-0.06693921749074704
E01004127,4.118910614369047,-0.27084798606272853
E01004128,2.393795482254741,0.549801121296872
E01004129,3.2259144948653913,-0.25407708995213363
E01004130,3.490226024497239,1.2184642251745277
E01004131,2.4839926365355223,1.58778797178249
E01004132,3.096783208166742,0.4411142697828256
E01004133,5.01136709743064,-0.19221100908348984
E01004134,2.7090363976375387,0.03816462999723405
E01004135,4.646032090255734,0.5070222621883311
E01004136,5.631502662738283,1.5900912679512789
E01004137,2.744720075438974,3.868328109076111
E01004138,3.762229490584042,0.13064784568110396
E01004139,0.945135225653339,0.7979998711967821
E01004140,7.458260420259868,1.4503627408715976
E01004141,5.056649776584159,-0.3188592219145857
E01004142,3.9199002112951327,0.13407446142284635
E01004143,3.73846845790333,0.6292558654480745
E01004144,3.7747322300050508,0.3068790608977319
E01004145,3.549490864959217,1.0645386647823292
E01004146,2.936951570943325,1.5509846642081853
E01004147,3.9190500589872066,2.2075094692876576
E01004148,2.94325647095522,-1.3179021137963576
E01004149,2.421468982601211,0.5189182352052887
E01004150,-1.6971457005925725,-0.6462625051480472
E01004151,0.9487352448052018,1.3263808124069572
E01004152,1.7506111959962976,-0.7243202480070031
E01004153,2.784032031194182,0.4001133381480355
E01004154,3.0938755619363905,-0.08367288456301386
E01004155,4.699680224679243,1.62387317264031
E01004156,0.13846620160313997,0.30691665297039566
E01004157,0.04577841899059333,1.6260657026381615
E01004158,0.5840960969718594,0.3161146314413229
E01004159,2.05774144314828,0.35083324317817843
E01004160,2.391013915206139,2.427573630212585
E01004161,4.180931264346277,1.6995471178865365
E01004162,2.9075244064128642,1.8553521541823974
E01004163,5.276836507293831,1.9660324360718637
E01004164,3.792446594924792,2.198363110150771
E01004165,2.7940174061618457,2.3673933980888116
E01004166,3.2959027672009915,0.7460970107080886
E01004167,3.44270214521341,-1.4829152341011824
E01004168,1.7206955618707018,-0.13006073119623246
E01004169,3.0472815458247084,1.1093743155512132
E01004170,0.8409632205337406,1.461289850314973
E01004171,2.1550679815670337,0.0368042252473435
E01004172,4.818442119186034,0.8451986720741532
E01004173,5.575511201795572,0.5706705844998872
E01004174,2.898658043734682,0.8757844637179559
E01004175,4.4053214235825715,0.6267425133229333
E01004176,4.8223426477133176,1.4332315659315404
E01004177,2.707874007911108,0.7007805335660979
E01004178,4.6580317170503935,1.0689278451534157
E01004179,4.608799660415436,1.9326491086921056
E01004180,3.7060682738078357,1.245211683034323
E01004181,3.981711898375692,0.33339332590948384
E01004182,2.871482674965442,0.838948729895373
E01004183,6.462543897925494,1.2714223719406794
E01004184,3.6550349257867065,0.6416147069282377
E01004185,2.59849762455554,1.1651303619060671
E01004186,2.280018804260678,1.974538852920263
E01004187,3.139328200820793,0.144303777494034
E01004188,2.7747030388842755,0.908106930479233
E01004189,4.642778091308177,-0.4426334779249874
E01004190,7.65331998593113,0.10589427758076649
E01004191,0.8682659651278428,-0.3667677192609821
E01004192,4.339040694374902,1.5686091796936368
E01004193,4.856472198637631,0.7697385276800525
E01004194,4.2766304762013005,-0.32268918487633386
E01004195,5.403204324815488,1.6851742692925187
E01004196,3.8495917149005745,1.5636811455736308
E01004197,-0.04971893676458642,-1.3663516796319537
E01004198,-0.5321327840401465,-1.2802291656144231
E01004199,0.4162137927390114,-1.6109999670453758
E01004200,-0.9323603198178316,-0.35434754574823113
E01004201,-0.5037747629642715,-0.6484912636757517
E01004202,-0.06863325958769197,-1.4417844905276926
E01004203,-0.8863112425356773,-0.24305672079899038
E01004204,-0.5383249485301095,-0.9374677619527675
E01004205,1.4739498581203527,-2.021933029742235
E01004206,1.326916319002286,-1.7739961214381885
E01004207,1.007715527978614,-1.3242030790539245
E01004208,-0.6246725394274134,0.8687713491103947
E01004209,0.18170521307729462,-1.642454236640787
E01004211,-2.1896991637966594,-0.09088884644685158
E01004212,-0.5486348377495773,-0.4465192577429675
E01004214,2.451675738799058,-0.0009173310119484567
E01004215,-0.01744845742693295,1.1991634611069049
E01004216,0.12389654428738692,0.6110075898792556
E01004217,-0.6126596387748422,1.1206047486903332
E01004218,-1.2530509423546956,1.2125468067514678
E01004219,0.16158552549525554,-1.067201743489523
E01004221,-0.13566638384302102,0.7755009258832634
E01004222,-0.32178998896035516,-0.3328124654500326
E01004223,-1.0535004693410281,-0.41611523980193565
E01004224,-1.1727266157955594,-0.3581510540881278
E01004225,-2.4277049032253877,0.26030479996103634
E01004226,-0.9404212998262602,-0.012218360603869804
E01004228,-2.0662991028508952,0.46078672356129025
E01004229,-0.7457897932573311,-0.8957655772754678
E01004230,-0.3437993263451586,0.07639248350905975
E01004231,0.12030835790176286,-1.1598844531393848
E01004232,-1.878376640113073,-0.2672579719693233
E01004233,-0.7872570753602983,-0.4112069936122651
E01004234,-1.759240255017621,0.26079709217550695
E01004235,-0.2832708859321056,-1.8688742698006275
E01004236,0.9025202278809777,-2.3485840920429504
E01004237,-0.5373396353841743,-1.0105384989216908
E01004238,-1.6887326617441214,-1.4490490157903475
E01004239,-0.03362337270046825,-1.862384010676503
E01004240,0.9129056098862788,-1.3204227633848584
E01004241,0.5198438847249852,-1.5988104760831727
E01004242,-0.6159863580785783,-0.6818402779965969
E01004243,0.10586472340231717,-1.401449472056984
E01004244,-0.286158577150381,-0.4453600736435994
E01004245,0.45649619164637484,-2.203810315198887
E01004246,-1.8369853240222256,-1.827320964765447
E01004247,0.4735556596496538,-1.1691449401176561
E01004248,0.009971180349775005,-1.371548544681096
E01004249,-0.45466095687677655,-0.8735377293055474
E01004250,0.18667270059894678,-1.2989397236257942
E01004251,1.723270630829842,-1.0663006293732347
E01004252,0.4760049096053013,-0.2956540099376837
E01004253,-0.479501510582016,-0.42626251647490865
E01004254,-2.106246034056868,1.4266996041313713
E01004255,-0.21344981336910476,-0.2901848147524307
E01004256,-0.8013557645293115,-0.5716738379091653
E01004257,0.9359572198654048,-0.6272962525219264
E01004258,-1.7581400467508503,2.3858020837243497
E01004259,-1.7286151829846401,0.07849461649848898
E01004260,0.027312170499680002,-1.012960412955141
E01004261,1.0707714024604362,-1.2369522313916623
E01004262,-0.28785847290526034,-0.9940094799354408
E01004263,0.03367129034123453,-1.068254004559572
E01004264,1.4987262635108096,-1.9216450391253255
E01004266,-0.5015077380633971,-1.0733681281249212
E01004267,-0.9654191885738345,-0.6350769949661664
E01004268,0.4155194840751841,-1.2218299646756243
E01004269,0.23601002359201873,-0.8009633178207843
E01004270,-0.8434320918549626,-0.6014199926893832
E01004271,1.293367588370276,-1.822640456083349
E01004272,1.6107449860663314,-2.8365451702573052
E01004273,2.4122265590697753,-1.2450714715156004
E01004274,0.9849937248435914,0.25408520324169387
E01004275,-0.3476629697800034,1.1461781254060908
E01004276,-1.7860175626712114,1.6288790163066877
E01004277,-3.666030839996238,1.4850192297982994
E01004280,-0.8914742779676507,1.1163143775351845
E01004281,-1.2743952644963785,1.370125178778448
E01004283,1.5556886109526193,-1.0347828257767568
E01004284,0.5884578779591015,-1.4386466726730993
E01004285,1.347339462670644,-1.3631963793000383
E01004286,0.5426769663816262,-0.363212003980811
E01004287,1.403588575022238,-1.469484663751875
E01004288,1.2368556201905774,-0.831276002661783
E01004289,0.6121749311711217,-0.4968445354243296
E01004290,-0.273319067883749,0.14816939193609302
E01004291,-1.7427006694876408,1.9195820555054095
E01004292,-1.421594755821645,1.5854090530864604
E01004293,-1.5523296145810335,1.1778650463010698
E01004294,-0.2957948608683193,1.6250959604245911
E01004295,0.814232306167356,-1.1651230484421242
E01004296,0.4657003074235988,-0.376781732736242
E01004297,-1.9246454503960826,1.872121791113118
E01004298,0.4287601511248742,-0.29713598184599255
E01004300,0.951163694120634,-1.2021596705727529
E01004301,1.4785190491939486,-1.5647533019737796
E01004302,1.4609568671023547,-1.296216446025016
E01004303,-1.062429526148488,0.38873810118634045
E01004304,1.1610481606862255,-1.1119376067888815
E01004305,0.05112295611522002,0.26127901708189166
E01004306,-1.6794963984275735,-0.1323532895576247
E01004307,-3.605233271315542,1.1851066378497088
E01004308,0.3044757205789798,-0.8293887975347262
E01004309,-0.38151895938517605,-1.0521231432661418
E01004310,-0.4692065683337945,-0.7861421191953801
E01004311,-0.26615025589738356,-0.6570058875025256
E01004312,0.2000793298180112,-1.4805452022550951
E01004313,-1.102153369258408,-1.1950611610754096
E01004314,-2.058723746400513,-0.37349883701384623
E01004315,-0.9437705712934146,-0.3479873861133641
E01004316,-0.29957686046329673,-0.9628723569417386
E01004317,-1.5145404445630726,-0.45160378714379934
E01004318,-0.13973700609752246,-0.5334304302885258
E01004319,0.01695533020681405,-1.0853949211428529
E01004321,-0.2818601225281289,-1.2178035486935703
E01004322,1.143701477647491,-0.7193430892592652
E01004323,1.1860604528915037,-1.2925344543282284
E01004324,2.0330545651490994,-2.475711840630651
E01004325,-1.7256081248853585,-0.2208253925709618
E01004326,-0.18279015054403938,0.26202057334546985
E01004327,-1.544610546901554,-1.0084841842052983
E01004328,-2.1923758475342976,-1.0772451272426804
E01004329,-1.037171833543687,-1.360658072275359
E01004330,-1.9926092606041614,-0.36431077739978673
E01004331,-1.4675858219975235,-0.9717042240854513
E01004332,-1.2377094412479337,-1.3534500476429723
E01004333,-1.1806450314440937,-1.273864063496589
E01004334,-1.064673504802604,-1.8113463222850357
E01004335,-0.689702261725003,-1.4474017285622118
E01004336,-1.0046764657896718,-1.0266643646039204
E01004337,-0.7447366810405237,-0.9693988955117593
E01004338,-1.5571014327491217,-0.6614187348472949
E01004339,-1.8169961417567664,-0.9674748817007
E01004340,-1.000284480091864,-1.0825818311713429
E01004341,-1.6404528472752524,-0.9110874048950363
E01004342,-0.8917280002420765,-0.6484479921057659
E01004343,-1.1358743994758576,0.1905623422685462
E01004344,-0.14144013270899897,-0.6575755555864018
E01004345,-1.4804386611306475,-0.8049519114586507
E01004346,-0.38916632588201416,-0.6494168932921414
E01004347,-0.007097779028872901,0.22923377247351653
E01004348,-1.386639753852594,-0.40122215636757924
E01004349,-0.9769019677862498,-0.005407457966385575
E01004350,-1.816096182847705,-0.25228170339312594
E01004351,-0.9799142883836224,1.0601705303551916
E01004352,-1.997371784249664,0.7776960057803949
E01004353,-1.4589292986030094,0.1419364328813807
E01004354,-1.4086590081101398,0.6407139111048731
E01004355,-0.5373356238735534,0.31670831965824897
E01004356,-0.6126693062028662,-0.03968671933355922
E01004357,-1.4125694205973824,0.09517840135667084
E01004358,-1.257527813252688,-0.16801625808823756
E01004359,-1.6849305948896331,-0.025162183440059077
E01004360,-1.9086989537485195,0.5889538891787265
E01004361,-1.4635350154599303,-0.17343633439363268
E01004362,-2.6844088307991316,-0.013931896770008442
E01004363,-1.5515897213676604,-1.8608504592105197
E01004364,-1.5240429027742624,-1.6698687521401614
E01004365,-2.406955064528146,-2.8313979801041618
E01004366,-2.2168786025670837,-1.1126590972263675
E01004367,-2.3060020274069326,-2.098445664298644
E01004368,-2.2472299969954928,-1.28353229031442
E01004369,-1.5826391014650916,-1.4588524269722716
E01004370,-1.9103600593009458,-1.0630758287708537
E01004371,-2.464959216859318,-0.8688995505556046
E01004372,-2.790747359094092,-0.24974623143574723
E01004373,-0.7517847948207901,-1.9331405589644601
E01004374,-2.1097427004429545,-0.6915762687990112
E01004375,-1.448174279876089,-1.8535736372862617
E01004376,-0.607388312192583,-1.3050100828117057
E01004377,-1.1052474417764464,-0.12094648641816814
E01004378,-0.959756939888095,-0.3083067194571721
E01004379,-1.4672585229817874,0.5783925573547338
E01004380,-1.5401801088897444,-0.011627109365992976
E01004381,-1.7223909528554964,0.2460449586061363
E01004382,-0.6849767256950985,-0.8007571633198962
E01004383,-1.1680877968717207,0.05422924994879193
E01004384,-0.9118615988981814,-0.607464517388495
E01004385,-1.4172400288989941,-0.1174187651063835
E01004386,-2.002444949193459,0.205354900610049
E01004387,-1.7110603389891959,0.26796599977059693
E01004388,-1.8145506891782237,0.4516043119399105
E01004389,-0.8071152539178389,-0.3663159686985254
E01004390,-0.7856785622575314,-0.4780662065593616
E01004391,-0.20217994399654565,0.07211588029537747
E01004392,-0.8636632327661544,1.0695607297220728
E01004393,0.5780814937769874,-0.23347904344500106
E01004394,-0.3118857726699509,-1.3105085050831753
E01004395,-1.9010576425509271,-0.9018403660280536
E01004396,-0.21591152910700478,0.2281552531707128
E01004397,-0.1047606521242614,0.5546162548816119
E01004398,0.9844863979705782,-1.7936736005307232
E01004399,2.7055578203179764,-2.475792666377043
E01004400,-0.6828659002379383,-0.8057196164999038
E01004401,-1.2875280352558087,-0.8604639162910839
E01004402,-0.40938850361343526,-0.6485019619316429
E01004403,0.2835958968384129,-1.086901952259039
E01004404,-0.6767680789253522,-0.7967004245703591
E01004405,-1.8493513558851415,-1.1956293867652752
E01004406,-1.8207803058069498,-0.8547108740129736
E01004407,-0.14874690732903928,-1.3350276987964895
E01004408,-0.4718948839357253,-0.017809497245514318
E01004409,-0.4644263976297494,-0.28128572812257385
E01004410,-1.0695884259564357,-0.5100445712269243
E01004411,-0.4827257296214536,-0.7261459929713431
E01004412,-2.4579070396339837,-0.12954270329740986
E01004413,-0.43457484211947034,-0.21842440480558287
E01004414,-0.8906554838413333,0.10078851810915636
E01004415,-0.8536954489367865,-0.20763022812278728
E01004416,-1.191529260574699,-0.04126976967540681
E01004417,-1.3495497630178022,0.11626824348586377
E01004418,-0.4271550157239302,-0.4942997425033835
E01004419,-0.10072883014878774,-0.7984999906597634
E01004420,-1.5753462436952055,-2.2848503916992664
E01004421,-1.2835373916344182,-2.8811654830010345
E01004422,1.0309810870540514,-2.232495205852563
E01004423,-1.589032660624983,-1.927757557629611
E01004424,-1.1718624649004343,-2.700219035811288
E01004425,-0.7466425322424276,-0.8832725367193148
E01004426,-0.8639963313456165,-2.178052488534941
E01004427,-1.606522040166475,-1.1462438013184648
E01004428,-0.8310194479336802,-2.270621989016417
E01004429,-1.1611664831660076,-1.0032223566598752
E01004430,-0.42324950259614696,-0.641546922304334
E01004432,-2.068082843252664,-1.4033622890270994
E01004434,-1.3711085674935413,-1.5465527508920907
E01004435,-0.6726631607374133,-1.7259603674191195
E01004436,-2.2828881628169295,-0.3117268787726565
E01004437,-2.1594943730625293,-1.0617581302248296
E01004438,-2.765963328144627,-0.8651127563491099
E01004439,-2.389440374444643,-0.7285051659741935
E01004440,-2.1186753829361424,-0.7515726009564002
E01004441,-2.1801119084978717,0.12353367375694167
E01004442,-2.4415549107759866,-0.07151600453569919
E01004443,-0.5623485936689259,-2.061714812030318
E01004444,0.30175417119458503,-1.2513030063891504
E01004445,-0.4132606382320399,-1.8413709047116025
E01004446,-0.5899270154259669,-0.12516143430751384
E01004447,-1.7459650596272231,-1.7754629995010387
E01004448,-0.7177016360528082,-0.4533098059122016
E01004449,-0.3206829152874254,-2.3075127859303586
E01004450,-0.9605933247621754,-0.4865215125495702
E01004451,-0.6345664923547375,0.033381593245338945
E01004452,0.04597667264556594,0.015610373470235262
E01004453,-1.1049603787720859,-0.7185170024456684
E01004454,-0.07535758524742353,-0.4834712577305476
E01004455,0.283817778314552,-0.9241904239803403
E01004456,-0.7304205461047573,-1.0324105208478431
E01004457,-0.3396300146156132,0.09149303917722067
E01004458,0.3457568890158307,-0.3742764060352157
E01004459,1.2136137684268944,-1.6406557527956578
E01004460,-0.4137043815045769,-1.1235208959833027
E01004461,-0.2445911377800777,0.28691753633378203
E01004462,-0.471971301564229,-0.8446858854953246
E01004463,-0.7213291841530718,1.2210481004309341
E01004464,-0.9918815262791391,-1.7059557245016155
E01004465,-1.543107388780827,-0.6766946232738363
E01004466,-1.428144366388772,0.42927605993493817
E01004467,-1.681301191047672,-1.5574492477238873
E01004468,-0.9962343153263294,-1.0961854004099048
E01004469,-0.16045045703593241,-1.8267005183367313
E01004470,-0.1774730135937747,-1.3350119320369773
E01004471,-0.447164701203747,-1.5489411155847352
E01004472,-2.679384873805128,0.6391875393762791
E01004473,-1.4117205901669716,0.7060260034450663
E01004474,-2.599184492928481,1.6988055135316833
E01004475,-0.29943986710500625,0.6868390487942551
E01004476,-3.229945890404543,0.5853404002841802
E01004477,-4.038775973604005,1.1095347711308023
E01004478,-3.8718216544273742,2.0766345508687483
E01004479,-2.895583179978496,1.0928232819963977
E01004480,-3.606643105158122,0.515646072919726
E01004481,0.17888030739346558,0.13334009020594165
E01004482,-1.2138252815591317,0.5118450528366402
E01004483,-0.7834270812169634,0.9560729192684069
E01004484,-1.1107565048806944,2.322251107752753
E01004485,-0.004704076447239126,-0.08104121029341793
E01004486,-0.04554039534535676,0.7698990559240558
E01004487,-0.5390460595358592,2.0216308899910644
E01004488,-0.09767646436722302,1.2909813760911333
E01004489,-0.2749426902167537,1.5443315058091172
E01004490,-0.877264598628366,0.44552351174847216
E01004491,0.11008752477211933,0.29720784159158103
E01004492,0.3097728915636334,0.7958341166318379
E01004493,-0.12770172044149364,1.3494114211332153
E01004494,0.26674420444818747,1.0809916333082454
E01004495,0.5385091694153562,-2.3940176440172416
E01004496,-0.6102833072321772,1.6753056735952392
E01004497,0.43472548615204176,0.5336308545582416
E01004498,-0.9024288136274374,1.2106185852993168
E01004499,-1.4493463274286504,2.119149593476714
E01004500,1.4593841910920495,1.157323217304558
E01004501,0.5941355704413015,2.1056880400188795
E01004502,-1.4980245061189081,1.5048853898106427
E01004503,0.6079424022346233,0.7981022278869047
E01004504,-0.4320308256276126,0.7325987894598228
E01004505,-0.5815513870601037,2.7519995576914282
E01004506,-0.7190185673173778,1.1040770137724376
E01004507,-0.8195199169156114,1.4803699674981707
E01004508,-3.3696865875669917,1.571389852762955
E01004509,-1.6909379606864932,1.1780787167389866
E01004510,0.013719534015340854,2.309680564693917
E01004511,0.013609597359953063,2.7387364558183243
E01004512,-0.34358632673466843,3.1795187458055514
E01004513,1.7661005643320051,1.1174493218051083
E01004514,-1.0585569656041174,1.3926368919089906
E01004515,-1.7495453580241846,0.8933961008430168
E01004516,-1.1715334693075088,0.8891068869867332
E01004517,-1.9884358087696585,-0.060348857134140906
E01004518,-0.3320414487016733,0.7068359080364787
E01004519,1.0317386660575705,0.5341848459125192
E01004520,-0.23093292776363972,0.4307537946357031
E01004521,-1.5890589685507084,-0.13497125683350897
E01004522,-0.35182634207792773,0.004930422169532849
E01004523,-1.0397061451750262,-0.1988097697931848
E01004524,-1.1595834406015375,-0.5472571468297003
E01004525,1.0645589356757954,0.29276874984357243
E01004526,0.3101491974668487,0.6375429387848776
E01004527,-0.12853439072495543,1.1676344290159855
E01004528,1.1250332418765832,-0.1004252867048029
E01004529,0.8626334359233148,0.5092124468188123
E01004530,0.7207384882222359,1.4030942913939077
E01004531,0.6491005456233427,-0.601326233634088
E01004532,-0.23091218193614985,0.12876002398806924
E01004533,0.1649815388343552,-0.9278139480959978
E01004534,-0.9384577864135584,2.08794514432871
E01004535,0.7921335147990427,-0.6526686491454093
E01004536,1.1173162030031085,0.3560122654724265
E01004537,1.3755175081182716,0.6628869170196934
E01004538,0.15360502863865025,1.1094870651891744
E01004539,-0.4159490380032989,0.00012715823979321186
E01004540,-1.2095134109704202,0.016748640808809223
E01004541,1.0845737797789508,0.000807303163939081
E01004542,-2.3914582981703743,1.6524593434320478
E01004543,0.2934259524634809,2.112196968588436
E01004544,-0.774971013520435,2.4042857620164786
E01004545,-0.5814398965045435,1.1542753320484143
E01004546,-1.0178996084744891,1.3195594445905503
E01004547,-0.7962512799022889,1.666278331271833
E01004548,0.30847251246339524,2.0848561067266838
E01004549,-0.31972297418865847,0.4741304866426882
E01004550,-2.738229593612815,1.3855482581622656
E01004551,0.3337510626661646,1.4706568683522747
E01004552,-0.705851031492124,2.9735246678500817
E01004553,-2.223804705937322,0.880532202546463
E01004554,-2.6068502244623097,2.4575978918081196
E01004555,-3.472179074865356,0.9108116944780753
E01004556,-1.2185896425647704,2.0386813540181614
E01004557,-2.1955548670703715,1.585622705160025
E01004558,-2.6237210746199664,1.0834198322581163
E01004559,-3.1173429192148996,0.7879781345857003
E01004560,-2.8515993948053033,0.8768426035564242
E01004562,-0.9182958158914402,0.037982190715246014
E01004563,-1.2005024967007059,-0.6020857651412665
E01004564,-2.4582995361030573,0.8902093051405732
E01004565,-0.6536050438768474,2.2873130710685285
E01004566,-3.6620011577349088,0.8111458000446151
E01004567,-0.9629845121186342,-0.5563953028314446
E01004568,3.5055933576733387,-0.006192991604729997
E01004569,0.36105843271239574,-0.050265574592877005
E01004570,1.725468541758239,-0.23698136498347808
E01004571,0.910367053703489,0.5625577764668942
E01004572,1.8303249444903669,1.6369247231071178
E01004573,0.02757739906265668,0.5642808801907703
E01004574,1.397870833410081,-0.11387195696715835
E01004575,-0.4912332551328428,0.5006554556303382
E01004576,-0.7478517793251126,-0.221153887019976
E01004577,-3.068935174223747,0.734608678542947
E01004579,-0.9787690890367278,0.7316546521200452
E01004580,-0.019979942479211636,0.15790701664100057
E01004581,-0.9926761428200365,1.2197793030779491
E01004582,-3.374437330238743,0.2843462715877407
E01004583,-2.5501683197177636,0.4056393412213931
E01004584,0.5128451940283778,-1.4970197403918786
E01004585,-0.46521946241124595,1.785845988594238
E01004586,-1.252639128789896,1.389313569939675
E01004587,-4.097044124557402,1.9110887870498552
E01004588,-1.5213973170079642,1.7092423788659807
E01004589,-3.4709958193429014,1.6267181302270832
E01004590,-0.846564527460366,-0.11922525364925883
E01004591,-1.2786226969864747,0.6084422505548325
E01004592,-0.7292881694004261,-0.9067636697440207
E01004593,-1.3773505715486245,1.07075149982486
E01004594,-1.4123504989367694,1.9104504007074843
E01004595,-1.482114256204849,0.6722829635046972
E01004596,-2.0972430984181956,1.4942351459728227
E01004597,-0.42535860399358205,1.5464120312414156
E01004598,-0.7969249544449668,2.217351646956578
E01004599,-1.7964937148722537,1.8149628361396868
E01004600,0.11889031275328403,0.9457876766712942
E01004601,1.235587649051414,0.44031074488920824
E01004602,0.9166673956647949,0.9976467920083186
E01004604,0.2987836829634438,3.9008409794057775
E01004605,-0.4214994557847973,1.3883905958289942
E01004606,-0.3017792440894693,1.7097803484788812
E01004607,1.2329543280971689,0.6045724011936064
E01004608,1.256428223188838,2.892947582977312
E01004609,0.07621479558554005,4.047885586919573
E01004610,1.1259381186719513,-1.1641564548729313
E01004611,0.9050495351638435,0.3221727119845221
E01004612,0.47054434138346934,-1.5511140292853942
E01004613,0.3170238212331504,-1.395054754414116
E01004614,1.1726759898737193,0.8434043089766319
E01004615,1.0552933036319465,-0.5140777563503299
E01004616,0.449050802883383,-1.3196750053291857
E01004617,2.3079102839924164,-0.024468775302134784
E01004618,-0.033292253129476125,-0.8566980186695267
E01004619,-1.8626833982377335,1.9963934401656138
E01004620,-1.7833030713834728,0.30912883398118923
E01004621,-0.24066134330159444,1.3545538492926867
E01004622,0.1739825417270466,4.254639403674801
E01004623,0.977163677926601,1.304422883385756
E01004624,-0.5446123456651377,0.39332846100125907
E01004625,-2.6766293211451737,2.780509002932308
E01004626,-1.9237671802665421,1.7355056362872379
E01004627,-1.702347905047667,1.953849297914179
E01004628,0.5201447628117074,0.42914412889216275
E01004629,-0.4985360564514693,0.8836680494713326
E01004630,-0.59253148524225,-0.253583290997057
E01004631,-0.2882923072709356,0.6357541168935701
E01004632,-1.6044664350065851,1.0668183162873788
E01004633,0.3981443323971967,0.7507804366881262
E01004634,-0.3422022237561033,1.5106958916697915
E01004635,0.06434849075732853,0.8599293995852435
E01004636,-0.6377592917483491,0.742669564519602
E01004637,-0.5406111589707634,2.7697763079475988
E01004638,0.626458508464167,0.9441171642613456
E01004639,-1.2314304015847417,0.6891087432987572
E01004640,-2.226341084850016,2.8511175792504684
E01004641,0.7420459046274775,2.1488786293108304
E01004642,0.25847232417908644,3.1236892274037196
E01004643,-0.5505879244882979,2.185977146218249
E01004644,0.4316864731937971,1.783911691051142
E01004645,0.43417043525685556,0.5254834231702531
E01004646,-3.239410259086848,-0.5796238006992946
E01004647,-2.928520031816982,0.24684123084016538
E01004648,-3.134306449780064,0.3995727343965518
E01004649,-3.9923613186432187,0.08146070468338039
E01004650,-3.3785925969981787,0.4223153367569761
E01004651,-3.5732439988966456,0.3463559371482815
E01004652,-2.5247355980002575,-0.4428846331654486
E01004653,-3.816598037828443,0.21911461594509635
E01004654,-3.300163708126366,-0.28919619816276987
E01004656,-1.0029899164752059,0.05346776805303165
E01004657,-1.7191567910163421,-1.3662717867715457
E01004658,-2.340551229111152,-0.8746277675468285
E01004659,-2.3701207901113253,0.8989076662364149
E01004660,-2.1921806398093016,-0.4192829616145864
E01004661,-1.6360136520824269,-1.3084535473324188
E01004662,-4.015355898583448,0.650858111912185
E01004663,-2.3608762790460736,-0.16736429646145323
E01004665,0.7737909011612227,-0.5263317344821332
E01004666,-0.6347963421417406,-0.3526658235725843
E01004667,-1.4928482953527835,-1.0425380493381764
E01004668,-2.5820566633595954,0.2853142051928121
E01004669,-0.42562649647073186,-0.6619721781058224
E01004670,-1.4805148823821095,-3.280930038668664
E01004674,-0.7033678954484963,-0.6953803779856798
E01004675,-1.9527038463889526,-0.5251041932347336
E01004676,-2.1411312222869223,0.4822963195064875
E01004677,-0.6638830162460037,0.18124857040675843
E01004678,-1.6213340833360748,0.9573562527745332
E01004679,-1.519920441989728,-0.44111349642435493
E01004680,-4.5467227303514335,0.49819531662477734
E01004681,-2.5373285604102955,-0.4148497123285489
E01004682,-3.5022139968270762,0.4779701842417155
E01004683,-3.019340624865621,-1.8825565278982852
E01004684,-1.8068596793514886,-2.087115765160131
E01004686,-2.5807482648598103,-1.3836558154855114
E01004687,-4.52575373151251,2.823746761562398
E01004688,-3.022633476092972,-0.038973908469504055
E01004689,-3.799009029971593,2.848210938276393
E01004690,-4.72148422365257,1.1899452975335894
E01004691,-5.500225354489785,-0.6999038183925811
E01004692,-3.8964002844598853,-0.9559221008316702
E01004693,-4.763871265485464,0.7499240332369097
E01004694,-2.9737392509999903,0.8308538353834322
E01004695,-2.4294146885827073,-0.5842241946872476
E01004696,-0.1690910928758804,-0.44424243606420327
E01004697,-1.3659692345679517,1.2986842674884933
E01004698,-2.804299680826313,0.11091227040179948
E01004699,-3.8104634063638714,0.3631301579797406
E01004700,-3.2344178293029313,0.8161712635358137
E01004701,-3.4886611405656076,0.5877636396680835
E01004702,-0.7136364695042748,-3.0842273465195014
E01004703,-3.5987116068944047,0.8003119888334792
E01004705,-3.7822200067029175,1.697294805145708
E01004706,-3.2837312780718833,0.12479602238571834
E01004707,-3.7668842535261855,0.9843631195333259
E01004708,-2.2024921312688224,0.06541770389228498
E01004709,-0.9673464474731729,-0.7288997136701512
E01004710,0.5780647666710781,-1.4619297818287662
E01004711,-0.9626389612348469,-0.8811685341629621
E01004712,-1.3159243548002288,-0.6190842824667336
E01004713,-2.207576199517691,2.0211920340916496
E01004714,-3.2819130813611204,0.3974090688770546
E01004715,-0.8544345000129114,1.599760901356073
E01004716,-1.4830506295503143,0.24243026693387104
E01004717,-0.9083855481810051,-1.0936583104336095
E01004718,-1.0166354426900226,-0.17050340887350782
E01004719,-1.193646266185181,0.06983416581537728
E01004720,-0.19589802575595086,0.33700537056704843
E01004721,-0.5602781495760891,-0.5536808108004762
E01004722,0.5087999847075967,-1.1399780808743303
E01004723,-0.905477093256291,-0.523115841738055
E01004724,-3.2192182522413937,0.5261127220445257
E01004725,-2.2035555343102735,-0.04738987033217154
E01004726,-3.542894547250379,-0.047725247774901135
E01004727,-3.8559355685938868,-0.32472425562535123
E01004728,-2.560363469075328,0.04760860015227363
E01004729,-2.7649750901160006,-0.27217189797881475
E01004730,-4.273431244738044,0.303266733931434
E01004731,-3.003383087638463,-0.6843426210031627
E01004732,-1.2621044865729691,0.3383592598547333
E01004733,-1.4773652791468526,0.7353600853711157
E01004734,-3.6827138558912917,2.5070037218843666
E01004735,-2.7313087347470795,0.35610221115221136
E01004736,-3.2196769173257995,1.5515201098025475
E01004737,-1.6728304474626003,1.2451202617288577
E01004738,-1.3644042670545902,0.23721030768846066
E01004739,-3.559128660405547,0.9946168719245472
E01004740,-1.240279130255136,-0.7279808038916133
E01004741,-2.0909969374346415,1.8378106634201112
E01004742,-1.436815119870611,1.181435851405175
E01004743,-2.1769247962126523,-0.16582872553384342
E01004744,-1.059105848786502,0.057282961531635014
E01004745,-2.6922222489330334,0.10026767274126744
E01004746,-1.960387171412699,-0.7948603192381027
E01004747,-2.2657198213158996,-0.28920866478496343
E01004748,0.5812516262154345,1.6984265561491996
E01004749,-0.7653381048181834,0.5179063816955244
E01004750,-0.8246539022867047,1.1941168191024094
E01004751,-0.14960833460427256,0.7626152932638933
E01004752,-0.5913631482902386,0.14421024445138364
E01004753,-1.0700872917610011,1.0461360362736778
E01004754,-1.2690074451427527,-1.4615313649895232
E01004755,-0.6479603786407993,-0.3585135564513314
E01004756,-1.2415803441682667,0.16730872253083642
E01004757,-1.1557075047900012,-1.5742531889806555
E01004760,-3.1458885947891377,0.01211952576443605
E01004761,-4.224917756889451,-0.6733117276435058
E01004762,-3.487625223234003,-1.5861309872230915
E01004763,-2.467703960642996,0.3150817902650088
E01004765,-1.658585782853452,-0.187109296080447
E01032512,-0.018680224838349472,-2.5604312189373126
E01032513,-2.230706344391165,-0.5592109797105217
E01032562,0.7852912207271585,-3.268716965157433
E01032563,1.5117220737165997,0.6358401993311549
E01032564,1.3910499139319317,-1.9905649616360148
E01032565,1.6946188311000772,-0.9124301747881689
E01032566,1.0405629463634123,-0.13280007985842815
E01032567,-0.8122341117615947,-0.9617318698698487
E01032568,5.0516177504312525,1.8811129100407753
E01032569,3.4981321201018067,-1.4967340024818818
E01032570,2.0852253374939247,1.1796678229341453
E01032572,-0.35755494753164385,1.1718796678000383
E01032573,0.5726922663153164,1.5445726702643676
E01032574,-1.1757842778648437,-1.116246096093622
E01032575,-0.93237106892709,-1.059406306405519
E01032576,0.37248296042508544,-0.9421520856492417
E01032577,1.3007726164650004,0.0777896796452133
E01032579,-0.920098308255116,0.33985003884711784
E01032580,2.477826710608359,-1.9078808151662152
E01032581,2.4830744313472373,-0.5889249002974062
E01032582,-1.4360039507749058,1.5124742618806932
E01032583,-1.8386655823009932,0.5700014283936664
E01032584,-1.8017252205572445,0.4730088654750192
E01032623,5.867330291836943,-0.296497988180677
E01032637,-4.101654668493147,1.5094733159044866
E01032638,-4.44142442209235,1.5307148069575287
E01032639,-2.3583585095792796,0.38252701897911595
E01032640,-4.570922298275885,1.7081711778490936
E01032646,-2.907624774894365,0.8604157441879854
E01032719,-2.7984796943294925,-0.2114379034160989
E01032720,-1.3082170603209642,-0.7034590289060023
E01032722,-1.5668223344857142,-0.1886324654279347
E01032739,-2.4552714516026515,2.096597540535971
E01032740,-0.8904104022952484,1.13894064203232
E01032741,0.07297840944093358,-0.25367379012359115
E01032742,3.9427147089418106,1.4532827088105051
E01032743,4.140134011938404,-1.6656065655078327
E01032744,1.1286089910538604,0.08163764614963008
E01032764,-1.8501100229699838,-0.04549474219764461
E01032765,-0.7509992212890786,0.028048879889266253
E01032766,-1.3714226481878875,-0.020818310464734032
E01032767,-1.203966348369719,0.4567300141382706
E01032768,-3.037742969038003,2.2276988541250478
E01032769,-2.0613687448192266,0.7729486180800604
E01032770,-1.4049274188341092,0.45039091913983786
E01032771,-1.251085821324387,0.9959951951027198
E01032772,-1.0612315098282148,0.920880150277916
E01032773,-0.9548280215599004,-0.18657692164188383
E01032774,0.6216919776598169,0.17178119087280844
E01032775,-0.9675059211301601,1.7923754157337441
E01032776,-1.0556680373842078,-0.08017339091273816
E01032777,-0.6430093680802452,0.29312483005973977
E01032778,-2.2800262135668192,1.7880057802073288
E01032779,-2.325355327639257,0.3580484531700997
E01032780,-1.7578914377678139,1.947032911586547
E01032781,-1.6453066251047386,0.9284938500254375
E01032782,-0.7544364206330527,0.8602205809082537
E01032783,-0.4306197280598403,1.3198791584466136
E01032784,-2.0977261659613546,0.331361749042815
E01032785,-1.9288996288912534,-0.7652226425509906
E01032786,-0.9506227549213464,-1.3540221719086925
E01032787,0.288452617463941,-1.848262130510321
E01032788,0.7307642052060063,0.8720647988386845
E01032789,-0.6172649062110855,0.824348418893944
E01032790,-1.2709774351770022,-0.43443024955139303
E01032803,-2.993955428406446,0.6512595402803619
E01032805,-0.28960246917077875,-1.0927510154522102
E01032834,-4.454965081363185,1.8461411310139066
E01033000,3.2341746465540138,-0.9313468852282238
E01033030,0.7642905096012447,-0.7623164610341555
E01033081,0.3989290038753687,0.6401275481207657
E01033082,0.228739000177275,2.3879883109668296
E01033083,3.629611206198679,0.468004933279996
E01033084,1.1910909788211468,-0.695308335131142
E01033085,-1.640172942788463,0.45364776247110256
E01033086,-0.5896128144180961,-0.3990573087375171
E01033093,-0.13675049081297064,2.9504828693234697
E01033098,-4.587804260515244,1.6505835029338756
E01033099,-0.41892325204460107,0.5524136264095658
E01033100,-2.2040222436187777,-0.13087435573676834
E01033101,-3.4803570336864698,2.531171781141381
E01033132,-2.0880828786164787,0.6560215003343548
E01033133,-1.4443034465805378,2.4425767527844284
E01033135,0.2488874202891624,4.553943509246665
E01033146,-0.5690619979008584,-2.111201249773939
E01033148,0.02365322278082205,-1.0074369542329968
E01033150,-0.16295268875153782,-1.4091133448980349
E01033151,-1.0012672125454183,-1.2428818396942292
E01033153,-1.1334863022612778,-2.4403349985407146
E01033207,-2.219102605796131,0.19821998424729612
E01033208,-2.1265900994785327,1.1511782481054387
E01033320,-1.1156992345330954,-0.020445874464251387
E01033322,-1.022736453476123,0.4219943909731083
E01033324,-1.1127525603136539,0.21578384503548909
E01033325,-2.640196376368987,0.487292449647262
E01033327,-0.49350056054704244,0.4598068257360716
E01033341,-0.4509625308618925,-0.5219137808203744
E01033424,-0.5242474395054422,-1.3243614786173519
E01033455,-1.249781851513384,-1.453584249638029
E01033456,0.057637493335312345,-1.6363001404401976
E01033457,-0.8145993715382881,-1.3215558143268693
E01033463,1.904441845419719,-2.040846927343343
E01033464,-0.5349586552894333,-2.410367838270104
E01033485,-1.5855216688277414,-2.1287117550027053
E01033486,-0.19246024931944508,0.3002946861972554
E01033487,-2.5987637467722045,0.8122323917540298
E01033488,-1.2309995295217533,0.27602569702386087
E01033489,-0.05364091298333208,0.6882196671835513
E01033490,-0.22209086336701975,1.8373921235006532
E01033491,-1.9062284972027392,1.4096438030998142
E01033492,-0.8981748696895302,1.4865636153560364
E01033493,-1.600886947566099,1.552026523959105
E01033494,-0.9465565912600167,2.8669901293771844
E01033568,2.2929099820239043,-1.2649712298960616
E01033569,-1.5582146543155293,-0.1434483669958197
E01033570,-1.7348795163235666,4.12291862076022
E01033571,-0.12155102940819457,2.04925375575788
E01033572,-1.242744650212159,-0.24852354509320002
E01033573,-0.9713986978360387,0.2908032051528747
E01033574,-3.0263128179605294,1.2124374503235948
E01033575,-2.5550731362714614,1.221499359247724
E01033576,-1.8772899716169886,0.6154199459194064
E01033577,-1.1239049750850647,0.18498137081597057
E01033578,-1.2739823413566822,0.07281348737693794
E01033579,-2.5337691927124304,-0.09687790183502129
E01033580,-1.7009518827588335,0.8572488106463796
E01033581,-1.1448662501826306,-0.7505367689921013
E01033582,-2.5963633127385233,0.405635308480663
E01033583,-0.5029471357742241,-0.7379789054343406
E01033584,-0.5536960770194542,-0.8709556952339896
E01033585,-0.7715089041014601,-1.044904738102413
E01033586,-1.3257766441159278,-0.6118054079739953
E01033587,-2.1888300193348234,-1.403412779473138
E01033588,0.447799661941429,-1.3064084078995457
E01033589,2.996950819715818,-2.35393012333789
E01033590,2.777574550535107,-0.8674467077595748
E01033591,1.867242423767816,-0.575289914686537
E01033592,2.271609937834864,-1.0574564137703568
E01033593,-1.3430493131721222,-1.8906603465699219
E01033594,-1.1766708607228038,0.647474844062519
E01033595,-0.628450306993036,0.5917600886986116
E01033596,1.341245551732904,-0.7945107160818211
E01033597,-2.441502670274321,1.0108883892420346
E01033598,-0.8660314964168259,-2.5768428257243703
E01033599,0.2780810936066276,-0.720039040416501
E01033600,-3.342420358181807,1.177134289940686
E01033601,-1.3006099195841139,-2.0369240180809465
E01033602,-0.7932076593669759,-2.6504737607215025
E01033603,-1.4150409851343053,-1.7664726964520938
E01033604,-1.8945501794962822,-1.4026969122219026
E01033605,-1.1774127356701083,-2.628659522596575
E01033606,-3.9650955539118375,0.8997647136601107
E01033607,-2.419609966225493,0.5130974677817159
E01033608,-2.984977265201259,1.9393835274827391
E01033698,-1.5518392669185814,-1.079960554220268
E01033699,0.4240431905906796,0.9673661873983975
E01033700,-2.2094497303677008,-0.012371506186475997
E01033701,-0.7793593503240638,-0.7255043104813894
E01033702,-1.0762871987825893,0.7488659058172892
E01033703,-1.7614654610890812,-0.7121987959656394
E01033704,-3.1628728221635107,-0.37327845101023494
E01033705,-0.05270219020229406,-1.2249677729608675
E01033706,-3.199671744578456,0.7692032545544077
E01033707,-1.238896484932018,0.938981479194556
E01033708,-3.4773422572858292,1.6691521932509588
E01033709,-0.41508483908064986,1.0838819886820497
E01033710,-0.9769438459413909,-1.4452810744552949
E01033711,-1.839354584384851,1.9132895938944783
E01033712,-1.9679625159465124,-1.6244177082397773
E01033713,-1.57648680793127,-0.7005894011932189
E01033724,2.679711694053102,0.4258552717737251
E01033725,1.1957146886100876,-0.7299770458322182
E01033726,-1.097785055446907,-0.17956612729860852
E01033727,-1.2575371164439044,0.21260759415824762
E01033728,-2.477769228480382,0.5938397296608221
E01033729,0.820752681390484,-1.4855000508159937
E01033730,-2.4860210283963506,0.7973284581504194
E01033731,-1.7856767021603235,1.7880065854694367
E01033732,-0.3082394609253999,2.5285013413464315
E01033733,-0.5606939106655197,-0.430282258005939
E01033734,-0.7238567215278967,1.6530585048571143
E01033735,-1.8026366242494969,-0.7213336328750903
E01033736,-2.2968278304145127,2.307364957816403
E01033737,-0.13586374216246294,-0.7310307232901565
E01033738,0.22835055961367107,1.0645075869228284
E01033739,-1.018261255630151,-0.8306882024612373
E01033740,-0.4002642522552717,-0.019164062863257926
E01033741,0.03864302737558428,-0.9922615385292695
E01033742,-1.8037185601438064,0.14634084676032105
E01033743,0.36106173103094624,-0.5894940208015301
E01033744,-0.1104007109128838,-1.005270165359897
E01033745,-0.6917445045986346,-1.153425547334111
E01033746,-2.0812931105479935,0.46271959000459667
