"MSOA11CD","express_coverage","extra_coverage","superstore_coverage","total_coverage","overlap_index","unique_types","cluster","imd_score","income","employment","education","health","crime","barriers","living_environment"
"E02000001",99.9999999999971,0,0,99.9999999999971,0,1,"1",14.2679424256019,0.0676328697472708,0.0535307312696276,4.68412636458801,-0.781975773889636,-1.20258157619261,30.8655017197547,47.4559962614027
"E02000002",13.8850179842542,0,7.10479681595804,20.9898148002123,3.5527136788005e-15,2,"4",38.4307181189863,0.270228892803903,0.170816506301667,33.7051532728012,0.638012332294349,0.909129556850522,40.1963607534896,18.1442587071419
"E02000003",86.5661465831543,0.156222643614618,0,86.5661465831543,0.156222643614612,2,"1",25.7169651119403,0.173323973880597,0.115780410447761,17.7068053171642,0.0411000932835821,0.97076875,29.7064368470149,28.8959457089552
"E02000004",43.0080256101406,20.9163107215062,0,62.5784179884424,1.34591834320432,2,"4",24.6090231028152,0.177581854345165,0.138371328029376,23.068394124847,0.128556456548348,0.16993099755202,31.1992818237454,16.3982311811506
"E02000005",86.5140667061771,5.67662887999318,0,86.5140667061771,5.67662887999317,2,"1",32.3816574705182,0.22432035053554,0.149176890619929,27.3312466731581,0.300409390890404,0.989791301525479,32.3469476360489,29.6790921778643
"E02000007",79.8477408887215,0,0,79.8477408887215,0,1,"1",40.526203125,0.286007864238411,0.186832264072848,33.0974535389073,0.614326262417219,0.858078745860927,41.4530015521523,22.064620343543
"E02000008",74.4136625464027,5.53755895857263,0,74.4136625464027,5.53755895857263,2,"1",35.7203473375672,0.25601384139391,0.17093779514737,29.3556529066927,0.560640042338381,0.842790913531998,34.8290365575639,26.7317117733268
"E02000009",69.8104828254247,45.1245137583787,0,69.8104828254247,45.1245137583787,2,"2",36.236058073115,0.263003808073115,0.162584063214014,31.0161530845392,0.489845963442498,0.906681645087586,34.4396075780655,30.8296779322163
"E02000010",99.5728847079285,0,0,99.5728847079285,0,1,"1",37.5830287097129,0.276688923110769,0.179814541854581,30.2999979100209,0.614333736662633,0.800885821141789,37.4981511384886,23.9054338356616
"E02000011",99.6726529640524,0,0,99.6726529640524,0,1,"1",25.8796911699453,0.174054577725189,0.122567223783464,22.4304858748706,0.150911403638515,0.684810087265197,30.2663137109895,29.0512258541636
"E02000012",54.9402348885216,0,0,54.9402348885216,0,1,"4",20.0784633449991,0.142175538773255,0.0965723890219193,16.9236913796279,-0.17966476330816,0.464876772886351,31.9970814146252,19.4223846933137
"E02000013",13.2061632379803,0,0,13.2061632379803,0,1,"4",38.321097697039,0.253593048204835,0.175693606064941,34.0814674581605,0.570054355600057,1.1220333285653,36.8240072950937,26.7944954942068
"E02000014",100.000000000021,0,0,100.000000000021,0,1,"1",39.213232584737,0.255767519234768,0.178736119775421,33.1510202744853,0.524797775005199,1.3655010397172,35.5954092326887,27.7864024745269
"E02000015",91.2988317848943,0,0,91.2988317848943,0,1,"1",43.3747221223022,0.309558581706064,0.206375642343268,34.2606207605344,0.584443088386434,1.07164401336074,40.1626989979445,24.8357534686536
"E02000016",99.9999999999997,0,99.9999999999997,99.9999999999997,99.9999999999997,2,"3",35.9009390627135,0.244809946714032,0.126310151660063,14.229557863096,0.101220658559913,1.06974258778522,52.6959647492827,38.9318924716491
"E02000017",99.9999999999844,0,43.8195861286295,99.9999999999844,43.8195861286295,2,"3",28.532576996518,0.180920700887341,0.108929911265865,17.0709296866225,-0.0119056497809727,1.10287161630911,40.1537660339212,31.3220233629114
"E02000018",75.678777492638,0,0,75.678777492638,0,1,"1",38.733456306386,0.264962055545728,0.174007518131965,33.7749250840262,0.453339288873165,1.0237375729701,38.1386101185211,29.8833016982133
"E02000019",22.8955306008558,0,0,22.8955306008558,0,1,"4",34.8707743001984,0.24006535155389,0.154501102049813,27.7988048269782,0.240338549702447,1.1475153184924,39.1474927264712,22.9691448093454
"E02000020",45.6570969527735,1.11390428157356,4.10152413599545,46.1310433132313,4.74148205711118,3,"4",33.4297947194159,0.230601748875117,0.150187961626624,25.1503603022328,0.203910009338654,0.975754393412004,39.9139847185669,26.8438931997623
"E02000021",21.6926128835517,0,0,21.6926128835517,0,1,"4",33.1184257924248,0.228697677079757,0.147554296830301,26.4711093946676,0.401860052637602,0.818985124156082,35.8012526604875,31.1747867032841
"E02000022",99.9999999999989,0.725223335268612,84.3021457214797,99.9999999999989,85.0273690567483,3,"3",41.4125439972322,0.296267789182332,0.17969484488525,24.9811852150848,0.561377695767501,0.682569830469381,52.2297508937839,26.759263752739
"E02000023",75.2949537612172,0,0,75.2949537612172,0,1,"1",40.8964445762488,0.298404375906155,0.174379201265322,28.9406624489258,0.528723342559641,0.954014630288652,44.0958608145512,27.5812873335969
"E02000024",71.7550619819386,0,0,71.7550619819386,0,1,"1",10.8397136051306,0.0759249656436097,0.0640424186898763,2.12911607879065,-1.02292414109024,0.471551076500229,23.5589186440678,21.2263456710948
"E02000025",76.1288493518053,0,0,76.1288493518053,0,1,"1",16.7497111638955,0.12634703087886,0.107543467933492,6.89816793349169,-0.640947149643706,0.293929097387173,28.3162946555819,16.8936777909739
"E02000026",95.9698337023637,0,0,95.9698337023637,0,1,"1",11.4357543806186,0.104053938747524,0.0767492000609477,4.65689516989182,-1.00088557062319,0.177185281121438,23.3863815328356,14.4262821880238
"E02000027",79.5326418201967,0,0,79.5326418201967,0,1,"1",25.5428555257671,0.200897229669348,0.142567570251216,17.4770425975573,-0.0171144871412968,0.512479594876378,30.448964353093,14.956727931685
"E02000028",100.000000000002,0,0,100.000000000002,0,1,"1",14.465554941682,0.118079803560467,0.0804499693063229,5.82907059545734,-0.996415131982812,0.333778238182934,27.5955805709024,22.7000793431553
"E02000029",100.000000000001,0,0,100.000000000001,0,1,"1",17.5613046202036,0.153617742476787,0.105536189730395,8.17771238393556,-0.614462020360219,0.234061080657792,23.6019391430809,25.586034567625
"E02000030",11.0139649453633,0.00126866706647914,0,11.0152336124297,0,2,"4",13.5761750605979,0.0904663793877368,0.0691693150193016,6.26627695484334,-0.92557419876111,0.336979710925577,31.7073851333154,13.4746152257833
"E02000031",91.6615576977707,0,0,91.6615576977707,0,1,"1",11.787332718894,0.0952411059907834,0.0649131797235023,3.05338101382488,-0.586233732718894,0.242699907834101,25.0808105069124,16.6932742857143
"E02000032",99.9999999999938,0,0,99.9999999999938,0,1,"1",9.38435144598625,0.0790348852288938,0.0605284658280379,3.50684372973674,-1.20196187264946,0.258276228764103,20.6576406432369,16.2582601478407
"E02000033",91.0728349349491,0.638089268221243,0,91.0728349349491,0.63808926822125,2,"1",18.8941797111186,0.15178882543948,0.108334788937409,11.6002131900123,-0.525557384391446,0.399805732840667,27.0987568021498,17.2288279028104
"E02000034",100.000000000006,0.880946843553606,0,100.000000000006,0.880946843553602,2,"1",15.449288733978,0.128897796267146,0.0849246683157185,6.47676433550708,-0.710021025410389,0.16795187767034,27.1548042500562,25.2935202383629
"E02000035",80.686293080737,0,0,80.686293080737,0,1,"1",15.8071724017263,0.128170068820716,0.0858527936544967,4.4897030211128,-0.475868540767526,0.0082695672460049,31.8675891753179,20.1987165519655
"E02000036",99.9999999999781,0,0,99.9999999999781,0,1,"1",18.2918810702806,0.148084875336635,0.0964999565632873,10.5234810181565,-0.550491095473895,0.264356876031622,31.9793635652854,19.2931155416558
"E02000037",80.6120798357164,0,0,80.6120798357164,0,1,"1",14.0454300864909,0.122258649093904,0.0746718492586491,7.84071735996705,-0.847810852553542,-0.0352588550247117,29.3366218080725,15.654966330313
"E02000038",98.3932982630802,74.4620138323761,0,99.9999999999966,72.8553120954597,2,"2",17.6416407417172,0.12730749626505,0.0895115563757799,7.43538017400475,-0.752583531065999,0.83800131821777,25.6594810616047,24.1591587134195
"E02000039",95.0144447591078,0,0,95.0144447591078,0,1,"1",12.9033419446416,0.084025266146203,0.0592501064584812,3.29328119233499,-1.06992036905607,0.568526188786373,28.2532613200852,24.0865408090845
"E02000040",13.0272361140687,0,10.5472034852441,23.5744395993128,0,2,"4",18.5896392490546,0.154811723392761,0.0876370880605078,10.6704658292815,-0.674141815235008,-0.033598190167477,38.4339389519179,17.1336940842788
"E02000041",99.9999999999838,0,0,99.9999999999838,0,1,"1",18.3690285053119,0.138277690123067,0.0931834437782686,10.9302700115704,-0.743760492268855,0.452339013358578,29.7691909119596,27.2689825391817
"E02000042",99.9314319803046,12.4702735559859,29.0541463309082,99.9999999999967,41.455851867202,3,"1",16.5569822810941,0.126099088250473,0.0826944778943747,4.00317220024084,-0.41814209530363,0.472807758472389,25.9153934285223,30.1912753311543
"E02000043",38.0650230917081,0,53.8484292928393,67.7061455057582,24.2073068787891,2,"4",7.61942022900763,0.0527992366412214,0.0425825699745547,2.13427048346056,-1.31527111959288,-0.226037150127226,28.0223711195929,15.0208529262087
"E02000044",95.8891758168545,0,0,95.8891758168545,0,1,"1",26.5516881355932,0.202775282485876,0.13962895480226,17.8427,-0.0782738700564971,0.609256073446328,30.7677781073446,25.6674867231638
"E02000045",74.7872579662705,99.9999999999985,0,99.9999999999985,74.7872579662705,2,"2",23.1646232149396,0.181070120834859,0.117642255584035,11.1194079091908,-0.430154796777737,0.734617447821311,32.6373511534237,21.0366698095936
"E02000046",6.33520241158664,0,100.000000000005,100.000000000005,6.33520241158664,2,"3",12.9967534731681,0.0920096703895396,0.0597273222555162,2.05190452192863,-1.00969272677744,0.251822391718878,27.5267600108962,36.8912254154181
"E02000047",74.1220374023764,0,0,74.1220374023764,0,1,"1",29.0359424746212,0.21960843018979,0.124348609680741,23.4676502868913,-0.0307964543180815,0.860730910695895,36.1008394880094,23.7285863616301
"E02000048",26.6004152839909,0,20.0816676630367,46.6820829470276,7.105427357601e-15,2,"4",14.3774246307346,0.103047637679742,0.0654895823143891,4.51290462682187,-1.3793799276142,0.474163650591803,33.5679804362712,20.7397054680622
"E02000049",100.00000000002,0,0,100.00000000002,0,1,"1",39.8845185961814,0.310733252400397,0.181029798035537,22.9436512526211,0.140772872751352,0.628884008387595,52.64268723099,23.8557394327337
"E02000050",40.7631764819227,29.263627311646,36.3548683037719,85.065583160978,21.3160889363626,3,"4",19.9853981378026,0.165353445065177,0.108604189944134,10.3266760707635,-0.728633147113594,0.423675977653631,29.470045716946,23.8865576350093
"E02000051",15.2474927213824,0,56.0004847838842,71.2479775052666,0,2,"4",11.6858072368421,0.0863267543859649,0.0678120614035088,5.60950065789474,-1.30459385964912,-0.00806820175438596,27.5998785087719,23.2996489035088
"E02000052",95.4757341047536,0,0.237162320725232,95.7128964254788,-1.4210854715202e-14,2,"1",13.3504016091183,0.107134847468991,0.0709524807241032,4.97392105263158,-0.739948876969494,0.0186385350318471,26.8404979047938,25.6095601743212
"E02000053",99.9999999999817,0,0,99.9999999999817,0,1,"1",22.2102993441599,0.165444643972517,0.0900452061211742,13.7253905371643,-0.60174968769519,0.113565427857589,39.6557489069332,34.6816821517801
"E02000054",98.7231713893931,0,0,98.7231713893931,0,1,"1",16.7847081320451,0.106374127750939,0.0716038647342995,4.44572826086957,-0.969362453032743,0.467925791733763,40.2611215780998,25.4223827160494
"E02000055",100.000000000005,0,10.2358882703249,100.000000000005,10.2358882703249,2,"1",18.5944373112434,0.11119104323065,0.0747792734489602,6.04286245577703,-0.602071533350591,0.789290016394857,33.794399257917,34.0903884718267
"E02000056",48.1617243179339,0,1.40273295283769,49.5644572707715,7.105427357601e-15,2,"4",7.68873324708926,0.0430642949547219,0.026208150064683,1.94593686934023,-1.94331630012937,0.142521345407503,28.1445199223803,20.0048262613195
"E02000057",100.000000000004,0,71.4459441039094,100.000000000004,71.4459441039094,2,"3",14.2594575296973,0.0892030910716567,0.0624492272320858,6.42258130029378,-1.07277915442585,0.529864350491761,31.0132776855282,28.3821435687827
"E02000058",61.1223520263596,0,14.6803374744131,61.1223520263596,14.6803374744131,2,"1",11.2264742862457,0.076703989584302,0.0585404073281875,3.0185861620013,-1.27332837347717,0.176410025109272,27.9174993955175,27.0526724634986
"E02000059",56.2921284058601,0,0.886899887378563,56.5508196726305,0.628208620608135,2,"4",27.0751082148499,0.176161312971739,0.117918729155696,14.235565824118,-0.476009127611023,0.753329120589784,42.2966062840091,33.6363778304371
"E02000060",95.0767084200114,0,79.9308112518581,95.0767084200114,79.9308112518581,2,"3",14.090981697031,0.0987825573549258,0.074998987854251,6.79091278677463,-0.759161943319838,0.121739035087719,29.7930366902834,26.1095521255061
"E02000061",97.2405676411721,0,30.7937193000748,97.2405676411721,30.7937193000748,2,"1",14.8492791353383,0.0743888627819549,0.0617951127819549,3.16511066729323,-1.07818644266917,0.833230615601504,31.3302777255639,31.4511873825188
"E02000062",84.1189286639761,0,78.8407253441692,99.9877360037106,62.9719180044348,2,"3",33.6425099009901,0.219946894689469,0.134662616261626,17.7129510951095,-0.0983850885088509,1.24143504350435,41.0202407740774,39.7216093609361
"E02000063",97.6267859034254,0,69.3396927933166,99.999999999999,66.9664786967431,2,"3",24.5811338529768,0.184731487703266,0.122468754199704,11.5346048918156,-0.382346055637683,0.557393226716839,34.9922861174573,29.3400756618734
"E02000064",99.9999999999992,0,0.718312860195338,99.9999999999992,0.71831286019534,2,"1",24.4785600060689,0.192615384615385,0.116491731148536,10.1598214231528,-0.232413290851161,0.457136701562737,35.6089978758914,29.6936621150053
"E02000065",0,0,0,0,0,0,"4",21.8985406949627,0.18431203358209,0.112624416977612,10.7772667910448,-0.447908232276119,0.522482392723881,37.4053983208955,11.1060292677239
"E02000066",0,0,0,0,0,0,"4",30.7864984341358,0.258319534155412,0.166725582305735,23.2901051086318,-0.297962517126639,0.83240301428851,34.2917503425328,11.5876662752006
"E02000067",1.91201394531619,0,0,1.91201394531619,0,1,"4",26.5065426104622,0.205667546978161,0.138879939055358,27.3718607414931,-0.209129608938548,0.542227120365668,29.4342399187405,21.9793167089893
"E02000068",31.9811100109232,0,0,31.9811100109232,0,1,"4",26.2706861128725,0.211312872542803,0.141076220672162,22.9370133164236,-0.205515282181357,0.555450602409639,29.2097223842739,20.6650319594166
"E02000069",68.5395216202039,0,0,68.5395216202039,0,1,"1",19.6995980988001,0.145685522829983,0.111710612435718,19.4340501792115,-0.446109552750507,0.433533115162849,25.0034081346424,21.0212457534673
"E02000070",11.5969577407854,0,0,11.5969577407854,0,1,"4",13.0524740284241,0.0895413155577915,0.0860690479185008,17.9117161363351,-0.676865803043642,0.0130399949691863,23.2718265626965,11.2902119230285
"E02000071",98.0761464736357,0,0,98.0761464736357,0,1,"1",17.3116056857068,0.136830218478547,0.104105290866017,24.0177438799684,-0.474747696762306,0.172195577783627,18.438884311661,15.6267221637273
"E02000072",46.0337449397738,0,0,46.0337449397738,0,1,"4",33.5255225008588,0.251455942974923,0.175455771212642,32.9794243387152,0.217696238406046,0.680610443146685,34.8105608038475,15.2532081758846
"E02000073",43.3972027671753,0,5.00452603324134,43.5752573585182,4.82647144189846,2,"4",8.66950870318054,0.0753170509432243,0.0700455663902306,13.7508999362071,-1.0192495215529,-0.340409277317051,16.3413555089766,9.06370108448009
"E02000074",99.9999999999765,0,0,99.9999999999765,0,1,"1",30.279469170579,0.216527386541471,0.168794992175274,35.0958280125196,0.104030203442879,0.460122222222222,32.6297992175274,15.9444835680751
"E02000075",28.3578475238788,0,0,28.3578475238788,0,1,"4",8.87334194252455,0.0786618164180914,0.0754110585667516,13.1800409846005,-0.856332727052262,-0.562666909179095,15.0398443070207,9.55891948587365
"E02000077",99.9999999999885,0,77.9473698466511,99.9999999999885,77.9473698466511,2,"3",13.9905186802523,0.111640344492965,0.0903703299369238,19.5641643619602,-0.679226952935468,-0.165810164968462,18.0533541969918,14.4217964580301
"E02000078",71.2185268553335,0,0,71.2185268553335,0,1,"1",9.54502851686824,0.0785656269891789,0.0645262889879058,15.0968469764481,-0.989375811584978,-0.205493952896244,18.0962746021642,13.0749535327817
"E02000079",1.81333320026407,0,4.0682895440866,4.0682895440866,1.81333320026407,2,"4",13.16386627418,0.104006968641115,0.0853027754415475,9.02664988585846,-0.618065601345669,0.378578757659498,20.3390704073051,15.4734422684128
"E02000080",100.000000000003,0,96.7558216297361,100.000000000003,96.7558216297361,2,"3",13.0321531888923,0.100834909978639,0.0794660766961652,16.9236742955956,-0.767492421930627,0.130289288983827,17.6036707354287,15.4875357542468
"E02000081",2.95717553756102,0,0,2.95717553756102,0,1,"4",16.7509204509368,0.121741346459193,0.106582248332804,19.5734947602413,-0.484469355350905,0.160343759923785,23.1223737694506,16.227221340108
"E02000082",91.0729317295161,0,11.9036861747586,91.0729317295161,11.9036861747586,2,"1",9.28027038161318,0.0689438421509107,0.0589486123156982,15.1236496097138,-1.14948417172593,-0.148633781439722,21.4217996530789,13.7399535993062
"E02000083",28.494955749027,0,0,28.494955749027,0,1,"4",21.4600190505934,0.158314725171768,0.117275687070581,25.6286114147408,-0.335076280449719,0.13732534353529,29.0342891942536,18.5518905371643
"E02000084",19.3607660827355,0,30.9139850459879,32.8444254270234,17.4303257017,2,"4",8.75465325218023,0.0687030341569767,0.05915234375,11.8235485101744,-1.12249155159884,-0.0570326126453488,20.5598737281977,11.7253493822674
"E02000085",97.2657898274667,0,26.9575229062214,97.2657898274667,26.9575229062214,2,"1",11.2969641975309,0.0830206172839506,0.0691311111111111,19.3072995061728,-0.835429259259259,0.00798234567901235,18.5608362962963,15.3995255555556
"E02000086",97.9410351266674,0,0,97.9410351266674,0,1,"1",6.91775698286331,0.0586166509243017,0.0539829982458508,14.1057745243557,-1.18963311294022,-0.510223586560518,15.2135849413035,12.3398274187019
"E02000087",0,0,0,0,0,0,"4",7.39880964945345,0.0560639527578842,0.0550035180299033,7.14688440758889,-1.13030807890438,-0.116078527453198,20.232884156301,11.5408485990702
"E02000088",39.9255530120811,0,0,39.9255530120811,0,1,"4",8.10394167852063,0.0573305314884262,0.0576492952282426,13.2151459976723,-1.24411884132937,-0.47206297685245,23.2393513513514,8.15446786499418
"E02000089",40.430525874086,0,0,40.430525874086,0,1,"4",6.6248521430383,0.0608293177783414,0.055166497590667,12.462490362668,-1.03857304083185,-0.496134034998732,13.8433650773523,8.63393101699214
"E02000090",88.7538820356474,0,0,88.7538820356474,0,1,"1",10.8837988808781,0.0869996771763693,0.0651470999677176,9.86130517593888,-0.72245216829872,-0.107935650489616,21.1549663187345,21.0308576347789
"E02000091",72.193610650991,0,27.2001592826364,72.193610650991,27.2001592826364,2,"1",15.3917437323446,0.123397245762712,0.0901979166666667,14.2729656603107,-0.48439177259887,-0.215626677259887,26.4589022775424,15.1861344456215
"E02000092",23.2292674432739,0,23.0984655521197,24.0340157065163,22.2937172888774,2,"4",26.0739208744438,0.185438382665893,0.138480363706713,28.9911195589089,0.00181021474172954,0.21020274714645,34.5237523698975,17.7326604759141
"E02000093",98.2353485663909,0,0,98.2353485663909,0,1,"1",18.3470383360522,0.139860340764908,0.0813762914627515,12.4226857893783,-0.569230469458039,0.437434112742432,35.5085178539061,18.8213590719594
"E02000094",35.3094136522408,0,0,35.3094136522408,0,1,"4",18.9472929304578,0.144238150155691,0.0889287279437204,15.6636965747895,-0.571700957213701,0.315097681928267,33.5507952946604,21.9124779148887
"E02000095",98.0781638008203,0,0,98.0781638008203,0,1,"1",19.8205160425151,0.134034767060693,0.0857104400516539,11.1457442137678,-0.64690026820304,0.657203834310122,37.052593026721,23.5156980232443
"E02000096",52.2931220822698,0,11.0235695334701,55.179452299763,8.13723931597684,2,"4",11.2669197235513,0.0849549441786284,0.0574887028176502,3.50582230196704,-0.808370946305157,0.253493487506645,29.7077313928761,16.9099942849548
"E02000097",25.1614208511342,0,0,25.1614208511342,0,1,"4",19.2058162720907,0.135201511614983,0.0843983550072246,15.3339218628432,-0.494632099588752,0.638468156052017,33.4763558964099,20.2795478492831
"E02000098",96.620814505051,0,0,96.620814505051,0,1,"1",21.601206966967,0.170142102102102,0.108158678678679,11.5566675075075,-0.354256696696697,0.321644204204204,36.1645261261261,18.0628260660661
"E02000099",98.6663948763947,0,0,98.6663948763947,0,1,"1",18.7430960566229,0.146939445006179,0.0794191663857994,10.810965958881,-0.632026176834063,0.0491840242669363,39.9764634310752,21.512499269745
"E02000100",67.4566373583166,0,5.9932386160612,67.4566373583166,5.99323861606119,2,"1",13.6703200378072,0.0827957466918715,0.0525180529300567,5.04191209829868,-0.830784215500945,0.0461052930056711,46.9954411153119,16.7162924385633
"E02000101",61.2182716573986,11.2251866152971,0,61.2182716573986,11.2251866152971,2,"1",28.9099809573361,0.219431945889698,0.134408220603538,15.1115709677419,0.0591499479708637,0.521484287200833,39.3952527575442,29.6415698231009
"E02000102",91.1365255630287,24.4849423111688,0,91.1365255630287,24.4849423111688,2,"1",31.5526772918526,0.239603595562922,0.147918781078669,27.4057418079816,-0.290268137192401,0.639568022440393,40.2231954609206,25.2279030983042
"E02000103",71.4364034940174,11.3001618468999,2.40758304113883,72.6234894064205,12.5206589756356,3,"1",27.8109142953549,0.231057586323248,0.137462940051738,19.8328355640535,-0.241043077269149,0.525745585423462,36.3304882465414,22.0749686199528
"E02000104",99.9999999999909,0,0,99.9999999999909,0,1,"1",22.6386616331096,0.160328859060403,0.110622483221477,11.5178406040268,-0.183645413870246,0.643393736017897,35.0040548098434,22.9053361297539
"E02000105",99.9999999999968,0,0,99.9999999999968,0,1,"1",23.7457175300761,0.160364473361159,0.0973145101890498,13.7757987969556,-0.329157377854162,0.416692855389148,43.3816697765775,27.7318427449055
"E02000106",97.6211130742797,99.9504831254174,0,100.000000000005,97.571596199692,2,"2",34.7184134526665,0.245741926554715,0.145705296180107,23.1479919726887,-0.155684812696069,1.19175678169404,40.6753658424064,35.9725916220705
"E02000107",99.9999999999962,0,0,99.9999999999962,0,1,"1",26.5895943238731,0.185333450487655,0.122266760390124,13.895282751955,-0.037088744398559,0.647019506194535,34.3105358052895,37.0369729373517
"E02000108",82.4192421434585,0,0,82.4192421434585,0,1,"1",20.8645408843125,0.133855844942459,0.0986340096910963,12.8143734100545,-0.40778316172017,0.48569079345851,38.3421558146578,25.1749884918231
"E02000109",99.9999999999962,23.5007897685175,0,99.9999999999962,23.5007897685175,2,"1",21.9682614066727,0.140312714156898,0.0901643823264202,14.1929672678088,-0.398063931469793,0.652910730387737,40.0919873760144,24.6150644724977
"E02000110",84.412939382295,21.910826612084,0,85.165002238872,21.158763755507,2,"1",21.7669826076668,0.161391741599621,0.104753786086133,11.1299546852816,-0.308412091812589,0.597926762896356,33.8574229768102,26.5279791765263
"E02000111",99.9999999999983,0,0,99.9999999999983,0,1,"1",23.1201090078329,0.14998955613577,0.0901735359940321,14.6934725848564,-0.392800634091757,0.670349962700485,42.6926579634465,25.0351946102201
"E02000112",92.6772200491485,0.924938100185472,0,92.6772200491485,0.924938100185472,2,"1",23.6571589285714,0.147866964285714,0.0952842261904762,16.9630691468254,-0.361063392857143,0.644943353174603,38.8930390873016,33.4576123015873
"E02000113",99.7603239757762,89.9885593464456,1.06320930094424,100.000000000005,90.8120926231606,3,"2",47.045322951505,0.33902477006689,0.205081730769231,33.4210954222408,0.287160221571906,1.23318363294314,52.4057890886288,28.4468900501672
"E02000114",24.23315778454,0,5.91470448858228,29.4093434965859,0.738518776536431,2,"4",25.5513780949292,0.179516812628392,0.110422099686453,12.6399186939129,-0.124227592172127,0.657636933722565,34.854582981944,40.0591699643205
"E02000115",99.8626886869599,0,0,99.8626886869599,0,1,"1",24.4587718555124,0.175294622896811,0.112379221084834,9.54006777267914,0.0707131427226732,0.73182115543005,34.6106743146253,27.6169692905048
"E02000116",21.7148677745305,16.833928883032,66.4561266941376,79.7295872773457,25.2753360743543,3,"4",38.8082585505334,0.246710326624876,0.162562080721434,23.2001677114264,0.314093478499945,0.949657318816672,43.3014459474321,46.2992598702298
"E02000117",94.9739679076238,59.7439842696609,77.3433934026292,99.9999999999986,132.061345579915,3,"2",44.2247774370562,0.323711910910265,0.229502824402841,30.3371330697224,0.27291438024532,0.780216107165914,41.4745467236927,34.1287873628147
"E02000118",56.5013946794744,0,0,56.5013946794744,0,1,"4",24.5832771973545,0.149145691555641,0.0990950829099971,24.4595553532062,-0.490716189015623,0.572971149237995,43.0220338349468,23.8931904533691
"E02000119",74.4843526287446,6.5320797333338,22.5451786119163,74.4843526287446,29.0772583452501,3,"1",46.3284317324617,0.359684058335429,0.235562861453357,28.8923883580588,0.436289791299975,0.522969952225295,43.6768838320342,33.0026184309781
"E02000120",100.000000000004,0,0,100.000000000004,0,1,"1",25.9115990808038,0.17184127832407,0.121171654553228,7.3882945703292,0.0279152415562206,0.946909683625481,31.2894544677212,38.4229852501069
"E02000121",43.4594816206648,0,20.2550368824451,63.7145185031099,7.105427357601e-15,2,"4",23.5266761046341,0.144040854315666,0.0818234544920153,19.4309468991868,-0.471681787008915,0.782193788576467,40.0717576173214,32.4882199470951
"E02000122",91.3228616443133,0,1.93875572286848,91.3228616443133,1.93875572286848,2,"1",17.5113869189325,0.133778097982709,0.0903409347199599,5.51758551559955,-0.36698784613457,0.51349141711565,28.9304615962912,25.2035622102493
"E02000123",58.5244184098705,0,99.9999999999912,99.9999999999912,58.5244184098705,2,"3",41.7862907806017,0.273233596991701,0.185870656120332,29.6517251685685,0.000695993257261407,1.1950437629668,43.1472157676349,45.7844502074689
"E02000124",99.9999999999949,0,0,99.9999999999949,0,1,"1",22.5068517677266,0.14444005530318,0.105653663835671,8.7548327078807,-0.138280959905195,0.640996346039897,29.7517312857989,42.63805895714
"E02000125",91.842564719962,0,46.16445351779,100,38.0070182377515,2,"3",20.0029911111111,0.148935833333333,0.101449907407407,10.4516506481481,-0.312987037037037,0.339533611111111,30.0291676851852,32.4168759259259
"E02000126",99.9999999999843,0,0,99.9999999999843,0,1,"1",44.4105532143336,0.331647161454838,0.228011810495236,19.9949653737753,0.640235673064018,0.518115152328546,43.4463403569991,37.7484540330157
"E02000127",50.1117860044646,0,0,50.1117860044646,0,1,"4",35.9146531032986,0.267312934027778,0.179100802951389,30.524111328125,0.120990885416667,1.39563812934028,28.2023319227431,14.9254772135417
"E02000128",0,0,0,0,0,0,"4",13.6792014915777,0.107134241995628,0.0721991770605632,11.5938112382667,-0.68093442201363,0.450278256397068,21.7722574257426,14.811811366851
"E02000130",97.437441015184,0,0,97.437441015184,0,1,"1",19.743275582216,0.142769230769231,0.105557280639849,9.89662691131499,-0.47668725005881,0.826120912726417,22.4477614678899,31.010254763585
"E02000131",100,0,0,100,0,1,"1",27.0791252126914,0.17895335802222,0.11805785206686,14.8326867180462,-0.197473626263637,1.31821699529577,31.0326105494945,32.8562035832249
"E02000132",72.9475971891171,0,0,72.9475971891171,0,1,"1",16.9572614521658,0.115944842630103,0.0787320037394827,12.6699281188325,-0.747347979640594,0.420393372805651,31.0255935390049,26.0831969460891
"E02000133",0,0,6.77182827983185,6.77182827983185,0,1,"4",6.44716779483268,0.0448257221851463,0.038956811898179,1.55974601963962,-1.47811211745638,0.0622054533320622,24.4679117170369,10.4599480408047
"E02000134",99.999999999989,0,6.85362588140537,99.999999999989,6.85362588140538,2,"1",17.1001990240502,0.136496165911467,0.103929853607529,5.99286754966887,-0.217477779714186,0.183808905542001,22.4067488672011,27.0836547577553
"E02000135",100.000000000001,0,0,100.000000000001,0,1,"1",40.0922686365392,0.287620992661259,0.206518829663963,28.0727878524527,0.417360563924295,1.0267066434917,35.5835134221707,27.9865594824256
"E02000136",10.6548692267527,0,0,10.6548692267527,0,1,"4",21.1743613489429,0.140794338633584,0.111713437008562,18.3282783505155,-0.567029180499738,0.658775816879259,33.8764780709418,13.1159730910362
"E02000137",79.8135802579348,0,0,79.8135802579348,0,1,"1",8.8341962962963,0.0702094384707288,0.0594800477897252,2.73695495818399,-0.912397491039427,-0.0218112305854241,26.6228887694146,12.2093493428913
"E02000138",76.5440628898285,0,0,76.5440628898285,0,1,"1",6.57200810059243,0.0509793253536453,0.0431639463184621,1.90204473461492,-1.46010421956233,0.115358723249909,21.9404298150163,15.1441514931689
"E02000139",99.1135726035717,0,42.7346998283455,99.5918994510504,42.2563729808668,2,"3",13.6270976092986,0.0954091929731872,0.0774935939770176,5.74109562805442,-0.583992999603751,0.455974507991018,21.4795933166028,26.9137123233391
"E02000140",96.410980617534,0,42.994072637652,96.410980617534,42.994072637652,2,"3",36.8407666547916,0.275276570478565,0.19202873767961,37.1128552428453,0.352298064362902,0.988788267426672,31.9342730079563,10.7387141669635
"E02000141",100.000000000001,0,69.739189576912,100.000000000001,69.739189576912,2,"3",18.6104559956739,0.140005407597675,0.102577125861836,12.3668752196837,-0.424476544545086,0.59675828038394,21.512346491821,27.8867576044342
"E02000142",49.98150657414,0,87.9433382173881,89.3346908633428,48.5901539281853,2,"3",8.23130816947566,0.0690337078651685,0.0613985252808989,4.00472705992509,-0.863643141385768,-0.402257490636704,23.0982640449438,15.1894294241573
"E02000144",99.962172449969,0,44.9823470749304,99.962172449969,44.9823470749304,2,"3",10.2458825883923,0.0676374916611074,0.0582124082721815,2.68090006671114,-1.35823642428286,0.147979719813209,26.8179454302869,22.9960277518346
"E02000145",28.7583581593844,0,17.2500814747497,29.8801558117186,16.1282838224155,2,"4",36.993356613519,0.268746013923198,0.176811812261397,35.2364423983831,0.181881877386032,1.20796317089603,34.036482371435,17.1317168201213
"E02000146",39.9460722445532,0,93.3425357014625,93.491241740939,39.7973662050767,2,"3",10.3633218689163,0.0900230369889682,0.067448193813541,5.2490710577547,-0.660466904607398,-0.105449491672074,21.7499594419208,17.3952585983128
"E02000147",100.000000000005,0,0.68844066946033,100.000000000005,0.688440669460334,2,"1",5.1737109335996,0.0463853220169745,0.0396777833250125,2.19501907139291,-1.68696255616575,-0.316321917124314,21.2996944583125,11.8197539690464
"E02000148",0,0,7.4198816276897,7.4198816276897,0,1,"4",6.76566571557291,0.0556239675626971,0.0496137558191921,3.44276948490764,-1.29086769785253,-0.058148070280823,22.4208453221204,10.7824398558342
"E02000149",30.4712122562301,2.65538748690126,0,33.1265997431314,0,2,"4",22.2445569526627,0.17657100591716,0.123846893491124,24.3560771696252,-0.340779585798817,0.488049802761341,24.566224852071,17.6193774654832
"E02000150",89.441189709368,0,24.8595710423805,91.0224018519073,23.2783588998412,2,"1",11.7227150574713,0.066358275862069,0.0693337931034483,7.89042747126437,-1.06958873563218,0.291335632183908,28.8994935632184,12.6902968965517
"E02000151",0,5.67940870616096,0,5.67940870616096,0,1,"4",3.70019434306569,0.0351569343065693,0.0393366788321168,4.23509476016684,-1.64490198123045,-0.472166058394161,14.6444189259645,8.53074582898853
"E02000152",0,0,0.078891326719665,0.078891326719665,0,1,"4",28.469205107847,0.220379515680826,0.154497816593886,21.7603477570464,0.100833664152441,0.220049622866217,34.7285835649067,12.5542683604605
"E02000153",44.5669377325027,0,1.50968191524287,44.5680459587193,1.50857368902624,2,"4",5.21648156537058,0.0441278469862841,0.0477505977098276,6.69989341890021,-1.28282999874166,-0.382041399270165,16.4258691330062,8.36150408959356
"E02000154",0,81.9937206075965,0,81.9937206075965,0,1,"2",12.4791966507177,0.0921857655502392,0.0729801435406699,8.29746220095694,-0.991432416267943,0.150316028708134,23.6038586124402,20.1453325358852
"E02000155",0,44.6848791754673,0,44.6848791754673,0,1,"4",17.6667275488069,0.110041214750542,0.0998827187274042,18.6341953723789,-0.569123788864787,0.67481460592914,24.3282312364425,17.1527874186551
"E02000156",30.9811199260411,0,0,30.9811199260411,0,1,"4",6.54416169455898,0.0548557684533915,0.0477844611528822,5.0371166626243,-1.32667426631094,-0.226347804996362,21.6290373514431,11.450849866602
"E02000157",0,29.8331336482956,0,29.8331336482956,0,1,"4",5.73616225902125,0.0383759268413248,0.0403981710331191,3.71650247157687,-1.31090385565991,-0.391077360355907,27.4813213049926,7.96351408798814
"E02000158",0,28.1541164999192,0,28.1541164999192,0,1,"4",20.4359980667612,0.158003608712463,0.114511148343859,18.6456646475061,-0.495339734501869,0.676665034153886,23.786567083387,8.06728727928857
"E02000159",0,0,0,0,0,0,"4",7.03964022906228,0.0535092340730136,0.0528267716535433,6.25757680744452,-1.44998783106657,-0.317020901932713,23.123153614889,12.8911823908375
"E02000160",0,0,0,0,0,0,"4",7.9414829481574,0.0525229231730169,0.0543611492816989,6.1114467207995,-1.24982298563398,0.149053591505309,25.1095191755153,10.3072206121174
"E02000161",0,50.8008824025998,0,50.8008824025998,0,1,"2",4.92603727565578,0.0478479061205706,0.0497994707777266,4.42379210768523,-1.23702059364933,-0.765182811780948,18.660718016567,8.49539875747814
"E02000162",0,0,0,0,0,0,"4",13.4512401602977,0.095796765421497,0.083100329182768,12.5262908258194,-0.59839902676399,-0.074910977529698,28.6418366967225,9.75488321167883
"E02000163",0,0.0125570115116645,0,0.0125570115116645,0,1,"4",7.55339099191582,0.0708529449505967,0.0567537533684076,6.78248646220968,-1.22606056717567,-0.187008854099833,18.8360342615167,9.37153098934942
"E02000165",14.2342068982589,0,0,14.2342068982589,0,1,"4",9.65840697674419,0.0729130743051617,0.0629437039137833,17.4956583947816,-0.949892512762337,-0.0152230572887124,20.4683926545661,6.69474049914918
"E02000166",86.1875197180855,0,0,86.1875197180855,0,1,"1",23.1057417455553,0.176460401754791,0.132233317940429,10.6743900946664,-0.142188062803048,0.350105749249596,19.4824978065112,37.4243675825444
"E02000167",88.0441010518819,0,0,88.0441010518819,0,1,"1",9.18703735105408,0.0508346700274977,0.0416849220898258,4.24956862969753,-1.28792277726856,0.302191911090742,13.7354115490376,37.2816126260312
"E02000168",100.000000000042,0,0,100.000000000042,0,1,"1",21.3289150477445,0.147556140928548,0.111632971133794,4.98757732411371,0.0505234332126002,0.667970036219954,17.302228295467,43.3984604324443
"E02000169",100.000000000001,0,0,100.000000000001,0,1,"1",8.64689372093023,0.0496229069767442,0.0365477906976744,6.80291569767442,-1.297955,0.170871860465116,17.6300605813953,35.1921631395349
"E02000170",100.000000000013,0,0,100.000000000013,0,1,"1",16.1939803089643,0.110039490861619,0.085062771975631,5.737772845953,-0.542024912967798,0.347922541340296,16.2987514142733,43.5012785030461
"E02000171",99.9999999999977,0,0,99.9999999999977,0,1,"1",17.7644412265758,0.144732197614991,0.0937007382169222,4.15339466212379,-0.249033957978421,0.498301873935264,15.7030356615559,40.1965630891539
"E02000172",100.000000000001,0,0,100.000000000001,0,1,"1",39.3143851252475,0.280479383661875,0.197714384092279,24.0664977188603,0.987651889472325,0.734859257983989,26.2016803821985,36.579309374193
"E02000173",100.000000000014,0,0,100.000000000014,0,1,"1",12.327094392946,0.0742880397919964,0.0468996156454895,6.28203018313362,-0.777523852588741,0.13083845806014,17.7103133619715,40.1537993443364
"E02000174",100.000000000013,0,0,100.000000000013,0,1,"1",29.2676986272439,0.217323125659979,0.148944033790919,8.68761045406547,0.403128511087645,0.720265258711721,21.8688606124604,47.56117687434
"E02000175",100.000000000014,0,0,100.000000000014,0,1,"1",21.2148751381215,0.150352687091914,0.0971415369161225,6.49413169261677,-0.123061074836765,0.265157408337519,18.9799033651431,52.3606488196886
"E02000176",100.000000000006,0,0,100.000000000006,0,1,"1",11.9300284648335,0.0586307862373912,0.0483954677352494,8.50496987702086,-1.00884606881304,0.100257150753074,16.5849342268896,51.921583252729
"E02000177",100.000000000011,0,0,100.000000000011,0,1,"1",33.5720460092018,0.252951690338068,0.162793058611722,16.8989795959192,0.525574514902981,0.870994398879776,24.5979687937587,39.9213542708542
"E02000178",100.000000000007,0,0,100.000000000007,0,1,"1",32.7764864479315,0.235301711840228,0.159121662930507,14.2468659058488,0.60349877725698,0.872175463623395,24.0515467699205,44.9631476462197
"E02000179",100.000000000003,0,0,100.000000000003,0,1,"1",19.0741235499651,0.173355835080363,0.0996616352201258,7.60910090845563,-0.408483857442348,0.162365199161426,20.1848022361985,39.8159182389937
"E02000180",100.000000000006,0,0,100.000000000006,0,1,"1",30.3314877890642,0.195732980332829,0.139052733952885,11.7507648584396,0.43810460341474,0.972475470066998,26.1326758158634,47.1780856926734
"E02000181",99.9999999999973,0,0,99.9999999999973,0,1,"1",16.1584364915686,0.117264345505277,0.0712070847992236,4.94801953172389,-0.506042217639209,0.57094492296494,16.6522302559748,43.8235865582919
"E02000182",99.9999999999769,0,0,99.9999999999769,0,1,"1",18.0651544416743,0.127640860779425,0.0771264925862748,9.64360398897782,-0.661710667891353,0.377284083453615,20.9277252329091,47.3169093294843
"E02000183",99.9999999999983,0,0,99.9999999999983,0,1,"1",22.637295462708,0.170066922063929,0.113103914761164,5.20783598707051,-0.337642763079133,0.836298934514546,19.2400597390159,40.0616992697235
"E02000184",99.9999999999947,0,0,99.9999999999947,0,1,"1",36.3650585831063,0.262968140850975,0.161751309997904,16.8091493397611,0.732616642213372,0.872068539090337,28.9366291133934,44.9908123035003
"E02000185",99.9999999999947,0,0,99.9999999999947,0,1,"1",37.1841648374842,0.285746306458421,0.176610067539046,12.8651129168426,0.730392781764458,0.758843182777543,27.6223362178134,47.8281237864078
"E02000186",100.000000000007,0,0,100.000000000007,0,1,"1",28.8693790040377,0.179962449528937,0.123258815612382,9.28897052489906,0.347523553162853,0.860723149394347,22.9739099596231,55.3356741588156
"E02000187",99.9999999999947,0,0,99.9999999999947,0,1,"1",41.0860157630522,0.295572690763052,0.190861546184739,28.2831264056225,0.804725602409638,0.834403915662651,30.4206549196787,43.7138596385542
"E02000188",99.999999999992,0,0,99.999999999992,0,1,"1",30.9084217670874,0.230099785663253,0.135236484877352,23.649939509407,0.559540843057871,0.185861395570374,29.7067768516313,44.1620566801619
"E02000189",99.9999999999984,0,0,99.9999999999984,0,1,"1",33.9370922628185,0.224805649370586,0.147365213386552,19.5153589192508,0.207589653054959,0.498276020878109,30.1747368744243,69.5001816088425
"E02000190",100.00000000002,0,0,100.00000000002,0,1,"1",26.4670253062323,0.149043882083726,0.112259792704267,12.6261211468569,0.00554341095706018,0.380585677749361,27.2155623906313,66.8828480279984
"E02000191",99.9999999999968,0,0,99.9999999999968,0,1,"1",17.8618246369554,0.0716036054081122,0.0528887330996495,4.5229474211317,-0.544873309964947,0.30386509764647,27.7680531797697,70.6046245368052
"E02000192",100.000000000009,0,0,100.000000000009,0,1,"1",29.1422974549969,0.21564903786468,0.137235257603973,15.5908820608318,0.118885661080074,-0.333609931719429,24.7877142147734,64.3017955307263
"E02000193",100.000000000001,0,0,100.000000000001,0,1,"1",24.0525916705809,0.139586190699859,0.0992116799749491,6.92725990292782,-0.214849694692344,0.451733364646939,22.6802170032879,69.8923225301393
"E02000194",95.1703065208189,0,0,95.1703065208189,0,1,"1",23.8001056006841,0.163577811030355,0.118209491235571,9.36433882000855,-0.089178495083369,0.801036660966225,32.6785646643865,27.9409288157332
"E02000195",79.6255394780334,2.89538776852176,8.94987140292072,85.8117668532618,5.65903179621414,3,"1",16.5652644085461,0.113737258989057,0.0826259510161542,7.51481459093278,-0.723663470557582,0.907373319437207,26.3688386659719,21.8728477331944
"E02000196",94.5256519988766,2.48474759884333,16.4322611349805,94.9312041943147,18.5114565383858,3,"1",25.707964880333,0.167733350676379,0.122770811654527,16.0749196149844,-0.145825182101977,0.96648517169615,32.447396201873,26.1634224765869
"E02000197",91.189339512562,0.000756858750585462,0,91.1900963713126,1.4210854715202e-14,2,"1",23.3558478125648,0.175372900684221,0.111236056396434,12.2893296703297,-0.257335164835165,0.786170226000415,30.2031912709932,28.8613605639643
"E02000198",43.1657552573474,0,78.3054877212349,80.8393016511335,40.6319413274487,2,"3",30.8130177092916,0.217857175712971,0.155178242870285,21.2747410303588,0.194430312787488,0.73730634774609,31.743997700092,34.7438049678013
"E02000199",54.3943264685442,0,94.6727004476285,99.3562019910305,49.7108249251422,2,"3",24.7944127968183,0.189200374312785,0.127687448824424,14.154893437829,-0.360608141303076,0.780692478652474,29.6483309158966,28.2380796584396
"E02000200",99.8066810868557,0,12.8854348035051,99.8066810868557,12.8854348035051,2,"1",29.7458130537176,0.197112930357744,0.142202870920713,12.6576338454637,0.028114276101828,0.94802781204441,33.1327277111136,40.8036079398901
"E02000201",100.000000000001,0,54.5983689239819,100.000000000001,54.5983689239819,2,"3",35.4744799419132,0.245489108731167,0.162546923216555,16.4412099292068,0.326390996551098,1.18406734434562,37.0223344527137,36.9450029043384
"E02000202",99.9999999999925,0,98.1840881469627,99.9999999999925,98.1840881469627,2,"3",22.8809127791418,0.173013796328774,0.11371144627616,13.5247873260844,-0.287615807319069,0.809108383023501,29.1221543318134,25.624080790366
"E02000203",95.1900400026406,0,99.9999999999921,99.9999999999921,95.1900400026406,2,"3",35.3938267215569,0.241439745508982,0.1710749750499,18.9620898203593,0.326902944111776,1.2146256237525,34.7309686876248,32.3043303393214
"E02000204",100.000000000001,0,25.5183227351895,100.000000000001,25.5183227351895,2,"1",24.3939931839306,0.16593101311577,0.118204791903336,13.5974339564185,-0.132515749251265,1.01871548073944,30.671557884953,25.0327820923268
"E02000206",100.000000000006,0,50.5644699283654,100.000000000006,50.5644699283654,2,"3",35.2334115653041,0.255631704885344,0.172497607178465,21.543060219342,0.44211924227318,0.951973080757727,35.4829163509472,30.0825509471585
"E02000207",99.9999999999987,0,41.1602769450757,99.9999999999987,41.1602769450757,2,"1",31.3105171511227,0.23117206226753,0.170138035542086,20.1411270147403,0.387778895164623,0.671020388483262,33.2586786058686,23.6776590439454
"E02000208",100.000000000004,0,39.080399259978,100.000000000004,39.080399259978,2,"1",37.4522612942613,0.260413355874894,0.158110923264769,20.4626224288532,0.65966920259228,0.903599041983657,41.5512041889734,31.6949865689866
"E02000209",79.8855226338437,0,0,79.8855226338437,0,1,"1",27.6412937678674,0.186732761578045,0.121649971412236,17.2313144654088,-0.0315971412235563,0.935715037164094,36.2595319611206,29.4510166952544
"E02000210",99.9999999999965,0,0,99.9999999999965,0,1,"1",19.4618304368248,0.150763503992485,0.102396547674965,12.8899051197745,-0.277820807891029,0.488006106153124,24.436717355566,28.1195794974166
"E02000211",100.000000000008,0,28.3714324364006,100.000000000008,28.3714324364006,2,"1",10.4429017802333,0.0808096992019644,0.0609531000613873,11.092975567833,-0.741955801104972,-0.156924493554328,26.3296240638429,12.4809642725599
"E02000212",81.5345145605929,0,0,81.5345145605929,0,1,"1",32.5884641359523,0.205606047230192,0.133633745310086,25.1493488192452,0.195070624586184,1.37592407856985,34.5405008828073,31.9000342087839
"E02000213",99.9999999999955,0,0.0682402255895084,99.9999999999955,0.0682402255895056,2,"1",42.4715598618573,0.248796239447429,0.183534727551804,20.4056258633922,0.811872409823484,1.41908115886416,43.1125285878741,39.8589836914812
"E02000214",100.000000000014,0,0,100.000000000014,0,1,"1",10.3287662541125,0.0772213692621025,0.065860253799154,8.0764966316779,-0.604952843490522,0.178163872787091,20.2862230925897,16.5831597994673
"E02000215",100.000000000011,0,0,100.000000000011,0,1,"1",24.705057172074,0.161313377335688,0.110832853025937,10.6171656595705,0.13276954541229,0.524427256670075,33.1652583434043,41.5549319512875
"E02000216",65.6477602484752,0,0,65.6477602484752,0,1,"1",13.4813621535797,0.0794382217090069,0.0592536085450346,4.27677684757506,-0.595718244803695,0.29400938221709,33.6495985854503,24.4310200635104
"E02000217",86.3381206606654,0,0,86.3381206606654,0,1,"1",31.328146911958,0.194369250985545,0.124874200613228,13.7152825229961,0.199880595707403,1.40630889180902,37.0362215505913,38.0028923346474
"E02000218",94.2818228690886,0,0,94.2818228690886,0,1,"1",23.4351994990423,0.191447325769854,0.127879180786798,21.0322420804479,-0.359810078090467,0.21056829232356,30.416038897893,13.1681969942537
"E02000219",30.0621540390035,0,0,30.0621540390035,0,1,"4",9.24689335618244,0.0626504086475086,0.0564114157658845,7.47026562088057,-0.868824677036647,0.223248615871342,21.6549307935671,12.1467023464276
"E02000220",100.000000000001,0,0,100.000000000001,0,1,"1",27.904642024061,0.159998438791441,0.1098435118009,16.4356711360088,0.286623473229865,0.964897419414088,33.0576364220773,42.4351487739921
"E02000221",54.3679254016962,2.45770061899674,0,55.291944223694,1.53368179699887,2,"4",28.89448347533,0.212459788409325,0.139714820709671,19.6592348094748,0.116845613706582,0.734205411478326,36.3178184626908,22.5893846081828
"E02000222",77.5225633045959,0,0,77.5225633045959,0,1,"1",16.5769858190709,0.101661002444988,0.0818854523227384,8.47795085574572,-0.357210880195599,0.397484963325183,29.6886982885086,28.3279215158924
"E02000223",0,0,0,0,0,0,"4",42.1531175985874,0.320592466156563,0.196842377869335,47.460973631548,0.680558210712184,0.817825544437905,36.299247675103,10.1200618010594
"E02000224",99.9999999999962,10.1033191476095,0,99.9999999999962,10.1033191476095,2,"1",17.9694411361654,0.111988787841036,0.0808857605581164,8.54737760059798,-0.265209791952161,0.574328142518998,29.5831649433163,31.6344139778248
"E02000225",0,0,0,0,0,0,"4",32.5876181865828,0.226274109014675,0.159136661425577,44.5487033542977,0.400635482180293,0.614091719077568,30.851885351153,14.6153541666667
"E02000226",2.69638344081995,0,0,2.69638344081995,0,1,"4",9.02528705636743,0.0606210855949896,0.0580818110647182,8.68914405010439,-0.933823199373695,-0.113471946764092,25.4226751043841,10.8485264874739
"E02000227",0,0,0,0,0,0,"4",19.1829498324886,0.122971394210119,0.0967541448329181,18.1048698565415,-0.336631389055923,0.393132720556653,32.1662505798471,14.7366252040203
"E02000228",54.0671390960766,0,0,54.0671390960766,0,1,"4",5.23857439271255,0.0363698127530364,0.040616270242915,2.75603757591093,-1.16390258097166,-0.483439650809717,24.5018402074899,9.83856806680162
"E02000229",0,0,0,0,0,0,"4",40.3683739274424,0.274715038386271,0.189023633900346,45.9887057052537,0.72165678157459,0.513258768628632,41.7696945657083,15.0335601384916
"E02000230",98.7858074257311,91.3295127058796,0,99.4227864107265,90.6925337208842,2,"2",16.1702343262411,0.102667612293144,0.0864197635933806,4.38900926713948,-0.40066988179669,0.55437598108747,30.9041878014184,19.6262951300236
"E02000231",66.2526409451605,35.8193398680701,0,67.3521395416758,34.7198412715548,2,"2",10.4684839551265,0.0544489955648317,0.0564268197234542,2.57031489694756,-0.679177667623272,0.780036394469084,25.1233803809027,10.0772912861988
"E02000232",4.72139250466855,0,0,4.72139250466855,0,1,"4",10.8967172131148,0.0837309268600252,0.0766431273644388,11.942573297604,-0.369512925598991,-0.390660624211854,22.7640040983607,7.71621343001261
"E02000233",26.2100058168174,22.5956308673169,0,26.2100058168174,22.5956308673169,2,"4",15.861897480315,0.111265669291339,0.0931341732283465,10.1402582677165,-0.175282992125984,-0.0496615748031496,31.2264941732283,15.8709411023622
"E02000234",83.3119105309597,17.2814651545946,0,83.3119105309597,17.2814651545946,2,"1",17.4650875160875,0.112086463086463,0.0859340119340119,11.4905073125073,-0.548934245934246,0.362579618579619,36.6920351000351,16.5340489060489
"E02000235",37.9681225871558,1.15070616327472,0,38.0681688485116,1.05065990191893,2,"4",11.9412683405807,0.0772900827605555,0.0656681161453219,9.83921405526722,-0.808009257960443,-0.0699758731939963,32.4767552251368,13.6203532052181
"E02000236",33.8411319927103,0,33.0013255476001,51.2014388109895,15.6410187293209,2,"4",9.73924677974748,0.073017344726438,0.0604178038515495,8.8409304935595,-0.766144369340645,-0.180433490626196,27.3419843132254,10.0362803213876
"E02000237",1.31680461134958,0,0,1.31680461134958,0,1,"4",12.5409681735516,0.0950996362691608,0.0740465055858665,13.3509407638348,-0.607238243699662,0.161350220836581,23.9342025201351,9.8200144193297
"E02000238",50.2905348149545,0,0,50.2905348149545,0,1,"4",19.2069168039539,0.141281713344316,0.0835119439868204,15.9837504118616,-0.429758546128501,0.631078665568369,30.7568048805601,21.1479300864909
"E02000239",81.0357719260488,0,9.66722256406338,85.2558962484332,5.44709824167899,2,"1",12.9675959183673,0.092346276889134,0.0571473800330943,9.3296279095422,-0.806036183121898,0.431632763375621,28.8830492002206,19.7108706012135
"E02000240",54.5817673552467,0,0,54.5817673552467,0,1,"4",29.5905071456539,0.230469753328113,0.146242854346124,23.3912095732185,0.151752740798747,0.516834181675803,34.5518836139389,24.0497684025059
"E02000241",49.069804362105,0,0,49.069804362105,0,1,"4",18.9043368857312,0.134609680284192,0.0818607164002368,13.9043505032564,-0.495174955595027,0.738096210775607,29.3539749851983,24.732467732386
"E02000242",14.9657011029293,0,98.3280399945661,99.9923941552713,13.3013469422241,2,"3",15.7528948940407,0.110613284027877,0.0747471198975964,13.8424025032001,-0.539995022045228,0.251203100554686,29.9165546863888,23.6523904138814
"E02000243",94.8264115130808,0,9.20591102960172,100.000000000001,4.03232254268151,2,"1",22.3379650881438,0.148319506855629,0.103313169720014,11.9313569535661,-0.029605714944118,0.720663094826593,33.3013218112686,23.7551300841111
"E02000244",17.13582483491,0,96.526418233337,99.9999999999985,13.6622430682485,2,"3",17.6072289512555,0.129125688196589,0.0783256344836847,9.83486625486773,-0.628165570028199,0.55252141802068,33.2781271653015,21.5638661205855
"E02000245",99.5794966307996,31.2216227440894,0,99.5794966307996,31.2216227440894,2,"1",38.4598212721825,0.282852385342245,0.173751786125835,23.5146269877852,0.412454136897903,0.856730698317585,44.7564705001152,27.1600912652685
"E02000246",42.1323660142988,5.29144812610368,0,42.1323660142988,5.29144812610368,2,"4",31.0269010416667,0.237841485507246,0.148021512681159,22.821503736413,0.208936141304348,0.795008265398551,34.8107528306159,23.1009219882246
"E02000247",99.999999999997,16.822864824091,0,99.999999999997,16.822864824091,2,"1",28.1739365778885,0.221022034872581,0.131874880245258,20.0003203678866,0.131274956888293,0.596520406208086,34.0647340486683,24.9140584403142
"E02000248",21.419734068116,0,2.79235402283407,24.2120880909501,-3.5527136788005e-15,2,"4",18.0292120812451,0.124314165127935,0.0680170139804801,8.28568187813242,-0.735325375890266,0.550795172777631,32.8857552097072,36.9850768926405
"E02000249",97.6521923411906,0,0,97.6521923411906,0,1,"1",26.7492165703276,0.163114707771355,0.116867180475273,16.9280119460501,0.128308670520231,0.984039434810533,33.9943980732177,29.8293346178548
"E02000250",38.521891247872,0,63.9293765192892,90.4365960033097,12.0146717638515,2,"3",7.53112939698492,0.0555577889447236,0.0455804020100503,0.825679648241206,-0.805006281407035,0.0803260050251256,19.1126865577889,23.5068511306533
"E02000251",94.466254623126,13.9301028557745,0,94.466254623126,13.9301028557745,2,"1",18.8169949651433,0.132628195197521,0.0927197263103537,13.9392232119804,-0.172256261296153,0.637982184353215,26.9064608830364,19.9347526465272
"E02000252",88.821580045551,0,23.814881813151,90.4547682967957,22.1816935619063,2,"1",32.053389087903,0.221856158721411,0.126913015523101,18.5188680995683,0.23061017727565,0.501608707632957,46.0580054193074,35.5901800312299
"E02000253",44.540557070668,0,18.3820559862909,62.918767837521,0.00384521943793459,2,"4",33.3350014942897,0.26202316149002,0.177274735830932,18.9302269185612,0.528667520546483,0.372756003842459,36.9056954851105,22.4242685452023
"E02000254",51.692071617028,87.2136525838859,0,90.4607577032453,48.4449664976686,2,"2",22.7214986165552,0.159189070786258,0.115298478210745,16.1522266543694,0.171369495042656,0.559827069402813,29.8727461378833,19.6212649296749
"E02000255",41.746993517987,0,40.6520100944303,81.8849766780477,0.514026934369554,2,"4",22.3296464930293,0.170678374581217,0.114873014157571,7.22527018264347,-0.187091537879607,0.418136604344537,31.8262664000865,26.5647847184697
"E02000256",99.9999999999952,0,0,99.9999999999952,0,1,"1",13.4883982830679,0.0883764825482887,0.0677388455890658,1.97989269174291,-0.516604314921495,-0.0119530102790015,27.1819325652321,34.4005321359991
"E02000257",88.6610744700139,0,0,88.6610744700139,0,1,"1",15.7133665587918,0.0937349154980223,0.0679099604458828,3.91365652642934,-0.368353541891406,0.583344336569579,25.5126584681769,34.3305497303128
"E02000258",99.5704716633254,0,0,99.5704716633254,0,1,"1",19.8315765306122,0.164752915451895,0.105788083090379,7.85239905247813,-0.120174016034985,0.322274416909621,28.5094462463557,23.9319508017493
"E02000259",86.159981687034,0,0,86.159981687034,0,1,"1",14.6609408437045,0.102603523517052,0.0776334249232261,4.37165088087926,-0.365148537255536,0.405485210926135,23.4578684338128,30.2971996120899
"E02000260",19.7520977934804,6.76027787461632,0,26.5123756680967,3.5527136788005e-15,2,"4",30.7822491995731,0.185600213447172,0.135389114194237,21.8395583778015,0.245593169690502,1.08928612593383,35.8184293489861,32.5593766275347
"E02000261",86.1601893731424,0,92.0269479727087,99.9999999999935,78.1871373458576,2,"3",27.1371100948799,0.19510906915121,0.11210838533208,10.7033506282588,0.0722280536798017,0.895250961620651,33.8568914437131,38.1690017950252
"E02000262",96.2471969926127,0,23.7518196701794,99.9999999999993,19.9990166627928,2,"1",27.586190436552,0.181149371069182,0.122858120606733,7.03110719570847,0.297995930447651,1.17404226785054,29.1612339992601,37.5465315390307
"E02000263",69.9443078830367,26.6312470827251,0,85.7642986034697,10.8112563622921,2,"1",32.4010100073825,0.198426872282832,0.13929825280945,27.4284441801329,0.413465589369207,0.954079156754983,38.1676684439341,29.0212178656386
"E02000264",100.000000000011,0,0,100.000000000011,0,1,"1",18.0891197446091,0.119867726779906,0.0762193711601012,4.07060342127455,-0.301740272256355,0.535441151668474,28.5215617395495,39.0859739790387
"E02000265",99.9999999999888,0,0,99.9999999999888,0,1,"1",27.15160713622,0.186220219290095,0.13250771232113,9.30740568667534,0.243054450845568,0.882261196803568,28.5095942204051,35.0513525367032
"E02000266",49.6018734921381,0.0315849472118809,0,49.6018734921381,0.0315849472118828,2,"4",38.8698375634518,0.275454357738966,0.189865611287964,25.8640979093177,0.585110556654908,0.543369267831025,45.1842231781812,22.3745596661791
"E02000267",99.9999999999936,0,0,99.9999999999936,0,1,"1",18.7953358914622,0.140010415239139,0.0876842538029327,8.86664903384953,-0.0730094559407976,0.329147594902015,25.8654024941757,33.9168939290119
"E02000268",97.4325079779228,0,0,97.4325079779228,0,1,"1",18.9926330874007,0.129124290578888,0.103020715096481,6.28532226636398,-0.124505864547862,0.420003688989784,28.1145497540674,29.6246971244798
"E02000269",99.999999999977,0,0,99.999999999977,0,1,"1",8.11018462012637,0.0563233163815688,0.0395364462937278,1.20701741408538,-0.818271844660194,0.128967945754354,19.3022575127138,29.9360090923101
"E02000270",88.9797209412607,0,3.7240724668991,88.9797209412607,3.7240724668991,2,"1",39.4634228289723,0.300704462141322,0.19100998609531,17.6781824042472,0.511854253570977,0.693906964985463,39.8855245860195,31.4332262672228
"E02000271",94.0009774456788,0,72.0910640850526,100.000000000007,66.0920415307243,2,"3",10.5986418367347,0.0711148688046647,0.0481922740524781,1.83041282798834,-0.662534402332361,0.438206851311953,19.9689820699708,28.9729922740525
"E02000272",99.7686214662388,8.46590985618536,0,100.000000000003,8.23453132242082,2,"1",9.00681292203806,0.0746565377532228,0.0588109269490485,2.97337676488643,-0.840119858809085,0.0917515346838551,19.1974468999386,20.4391875383671
"E02000274",96.2608086055766,50.041526626622,0,100.000000000009,46.30233523219,2,"2",32.7725078574984,0.213570290834104,0.140502595463272,26.0000315011022,0.338693166465192,0.931039963023537,38.9209022256986,30.6559520728152
"E02000275",90.429172163817,0,0,90.429172163817,0,1,"1",31.1972924178155,0.209879639448568,0.134406283138918,19.4294052226935,0.218962486744433,1.01095638918346,37.3029746818664,31.2472215005302
"E02000276",84.5982040371173,2.04033016340462,0,84.5982040371173,2.04033016340462,2,"1",12.7515809204511,0.0829925327644011,0.0592403230722341,3.06556949100884,-0.242619780554709,0.394632886315148,20.7197828405974,30.5157543431881
"E02000277",99.9999999999961,0,0,99.9999999999961,0,1,"1",27.2754931858049,0.217945216569964,0.125683578464445,26.0784863041425,-0.339132235865605,0.876802051005262,28.863840777223,25.5239350964782
"E02000278",99.0177670168908,0,0,99.0177670168908,0,1,"1",40.9090276512342,0.32150238372709,0.188698590952431,37.0034842674012,0.116282127343998,1.18996154253629,34.4037120457676,22.7079967157538
"E02000279",98.4589836323772,0,2.20147300113899,99.4106061141099,1.24985051940628,2,"1",35.5984861355987,0.30470956884116,0.163335550569001,27.2132354543997,-0.0553426831222952,0.803218785061709,36.6589675428755,24.850875460811
"E02000280",5.19312965290836,0,0.0603857194390195,5.19759755220215,0.0559178201452282,2,"4",18.380188496255,0.135354330708661,0.0925560783560591,13.8745323602842,-0.527015555982332,0.0826303053581717,30.3388814096409,21.2268585557903
"E02000281",25.8947392962373,2.03392418508667,0,27.8862733504955,0.0423901308284407,2,"4",29.0056441300958,0.214779683671196,0.149012474938739,21.5023393851637,-0.0333968589886389,0.517728335932279,32.027118511918,29.4148550902205
"E02000282",99.9999999999965,10.0183167088464,0,99.9999999999965,10.0183167088464,2,"1",43.1502582095796,0.335291047897929,0.202965592972182,39.0956192219201,0.178980757163773,1.133619535662,34.2296995398452,29.2754044133027
"E02000283",91.4828741604598,13.9226724944565,0,93.6903968488547,11.7151498060617,2,"1",32.0139489712891,0.265997791468092,0.147011391375102,34.7958419156108,-0.38274601883064,0.955618621411136,30.5054304312449,22.8665814250843
"E02000284",97.5174459643288,0,59.6899725384576,98.4750033405525,58.7324151622339,2,"3",17.0627685435524,0.139379687316328,0.0956774421065005,10.2756508757494,-0.529279299400494,0.256982720112848,24.8765531914894,24.7276518161514
"E02000285",26.531575097792,0,70.8095963287916,70.8095963287916,26.531575097792,2,"3",12.0722071962189,0.0930195151699954,0.0821789906998018,8.7550513797835,-0.785430248513493,0.14618630888855,22.1943837475225,16.4345076993444
"E02000286",56.332624772711,0,12.0987080389423,56.332624772711,12.0987080389423,2,"4",16.5788999882753,0.110790127799273,0.0952301559385625,5.05266338374956,-0.457565834212686,-0.0508680970805487,37.842626099191,16.9031674287724
"E02000287",30.7314974569553,0,0,30.7314974569553,0,1,"4",14.142087403599,0.119701601740162,0.0817182123788808,6.59604765671347,-0.710577812932569,-0.0162942456001582,28.9922861380265,11.6002531144948
"E02000288",8.67830290985343,90.3937963720946,16.7303561005734,97.7365647856913,18.0658905968301,3,"2",34.9363017361433,0.267935474886269,0.172379816173057,26.6119417881348,0.0257106118280568,0.909760003713676,34.84146021725,28.1340645251137
"E02000289",57.7513675672717,0,0,57.7513675672717,0,1,"4",9.9953045323632,0.0917007730786721,0.0711194482340458,6.90392375322116,-1.03285523722904,-0.0557976352887676,21.8840489616492,10.815781112627
"E02000290",18.6204553003885,22.2563192753335,0,39.2525269785485,1.62424759717356,2,"4",40.2340388568211,0.32053287343376,0.201307898071238,34.3485714486837,0.259620160495565,0.547066310009855,36.4409549486133,31.9601261438829
"E02000291",31.3939620717753,10.2344235919319,93.349312068458,97.4907647524657,37.4869329796994,3,"3",23.9410470155356,0.184007154538021,0.117301614881439,13.8463930907604,-0.101331663941128,0.477622342600164,30.6071326655765,32.0818261447261
"E02000292",0.0407891031644593,39.9373831206131,41.219429426327,72.1012860428383,9.09631560726625,3,"4",21.8423677425903,0.164546792529436,0.108692448233861,16.0871107389363,-0.519898294762485,0.850559683313033,25.6768052172148,25.6249793950467
"E02000293",83.4453914263193,0,39.0345524225612,86.5467516859216,35.9331921629589,2,"1",9.91755747477836,0.0634828798532559,0.0552364720269031,3.14035952308163,-1.15960119229593,0.275507184347294,28.504244267808,15.3230279730969
"E02000294",0,36.7092945600694,0,36.7092945600694,0,1,"4",29.646533076429,0.252469064440163,0.150081781203169,29.4409750588739,-0.328439948619139,0.587404517233997,30.5975375722543,24.5869595375723
"E02000295",48.7282062093889,0,0,48.7282062093889,0,1,"4",14.9464435628073,0.1286829459097,0.0888893607510058,7.49867333482342,-0.657218372820742,0.0248987483236478,29.8005441439428,13.5668873491283
"E02000296",87.3811067420932,0,0,87.3811067420932,0,1,"1",17.6545083850411,0.147508888143552,0.0901186483313768,7.57518329699815,-0.542149756833809,0.33194004695623,29.5595212980044,21.945808569512
"E02000297",64.8411084559755,0,7.8797697479156,70.8920346721188,1.82884353177226,2,"1",11.9819729394753,0.095548440404875,0.0764455690972939,7.6583531295187,-0.933177752530469,0.226880190043379,23.4878323693452,17.1557059491841
"E02000298",79.7235592196909,0,0,79.7235592196909,0,1,"1",9.36413382173382,0.0713765567765568,0.0576910866910867,2.80538046398046,-1.14068986568987,0.335648351648352,23.1140327228327,15.6128935286935
"E02000299",0,0.0757051477257105,0,0.0757051477257105,0,1,"4",34.9054111576581,0.292673750894043,0.168680290180852,31.1540898130173,-0.0554691938285481,0.757227240216614,32.6473018289568,28.9388431592929
"E02000300",0,0,0,0,0,0,"4",33.215589607155,0.253501415147741,0.158903996377222,27.9790262651421,-0.237881354013359,0.81697860296615,36.4668670893241,30.1492345748896
"E02000301",11.3537873753239,0,0,11.3537873753239,0,1,"4",42.2537397137746,0.329067419499106,0.202606887298748,35.7351072227191,0.181082401610018,0.532393783542039,41.9593263640429,33.1059546064401
"E02000302",74.774286901071,0,0,74.774286901071,0,1,"1",19.8949236309592,0.164892420258374,0.109139705041729,14.0168534354636,-0.415722419115125,0.437583171373042,28.903178003887,17.0974958271407
"E02000303",51.2949012279292,0.0583314605210403,0,51.2949012279292,0.058331460521039,2,"4",42.0394227521574,0.311233924097615,0.198022640809131,37.9517841699917,0.0435160063097337,1.22335789180663,36.5847828709288,28.1237231140392
"E02000304",14.0954347299257,0,0,14.0954347299257,0,1,"4",7.61182363430054,0.0613963365213163,0.0490129680661371,1.69263170692171,-1.13788539471551,0.156746636407846,20.9354634462636,16.7743854757659
"E02000305",20.9003272338791,0,0,20.9003272338791,0,1,"4",15.6487106698669,0.115701723761728,0.0804935631682304,4.89008029674886,-0.514751036439014,0.424208378791185,25.5055893519529,30.8276388828278
"E02000306",43.4748105212653,58.1361722751933,0,78.4097131114139,23.2012696850447,2,"2",46.6444644297606,0.343586887496782,0.205142023513258,37.9102778683601,0.27492027803999,1.10537810006007,44.2065346262765,33.474290225693
"E02000307",47.3291792005861,0,0,47.3291792005861,0,1,"4",26.1611708770257,0.230889895138227,0.119158960915157,22.1992240228789,-0.440096997140133,0.593037893231649,32.1237459485224,25.3898493803622
"E02000308",44.6845468715318,8.35047740240142,0,48.4974271481344,4.53759712579875,2,"4",22.692491281551,0.166633947079624,0.113479087916108,13.6419258626997,-0.463424948177052,0.621542982563102,31.089511888794,27.5713074015364
"E02000309",84.7369660152824,90.434108655902,0,100.000000000002,75.171074671182,2,"2",42.65546510631,0.296435785322359,0.184017832647462,32.2175824759945,0.0147303669410151,1.36184687928669,41.1354027777778,40.7024090363512
"E02000311",51.0774392580468,0,0,51.0774392580468,0,1,"4",27.7637527889753,0.224874941408081,0.128224149245336,18.5880820286866,-0.284590512796475,0.878986594168932,31.4677534452048,27.899083903628
"E02000312",84.5974729531026,0,0,84.5974729531026,0,1,"1",19.876633659902,0.148520643806858,0.0971864940517845,9.50240237928621,-0.50157977606718,0.583245626312106,29.119244926522,29.3875083974808
"E02000313",4.48220085848979,0,0,4.48220085848979,0,1,"4",33.247294742577,0.260696540452193,0.176363388722419,22.6836111413784,0.19791732497957,0.937909016616726,34.1322058022337,14.47972092073
"E02000314",77.703597327699,0.52114088246134,0,77.703597327699,0.521140882461339,2,"1",25.7568047417993,0.19592763884378,0.113136407924651,10.5077903864891,0.354826047417993,0.614434101981163,36.9460339071127,18.1098428061059
"E02000315",18.2627557354415,0,0,18.2627557354415,0,1,"4",37.0448241906943,0.286208493806599,0.191249089205787,24.489063911731,0.681672738628084,1.06006890808785,26.8698832101593,21.482658478193
"E02000316",73.1822016186759,53.180192277332,0,73.1822016186759,53.1801922773319,2,"2",28.6618629264123,0.183044370191934,0.112504778926101,16.1711657471443,0.398032481156267,0.585955862926412,38.7758952521563,35.2068473851892
"E02000317",99.9999999999925,67.4244882580946,0,99.9999999999925,67.4244882580946,2,"2",35.8560898100173,0.278812089810017,0.192127461139896,22.1323378238342,0.537181922855498,0.552790097869891,36.2529497985032,21.5074200345423
"E02000318",99.9663962586411,0,0,99.9663962586411,0,1,"1",25.7655583380229,0.204456762333521,0.117078972050272,19.8762706809229,0.170766835490527,0.578308666291503,26.6116393734759,30.2656865503658
"E02000319",100.000000000016,36.7259350713121,0,100.000000000016,36.725935071312,2,"1",25.0205394214876,0.189336033057851,0.121858842975207,17.4153762809917,0.298285785123967,0.395593140495868,29.98282,23.8880198347107
"E02000320",34.4277846555245,0,0,34.4277846555245,0,1,"4",24.6749058406114,0.183719159388646,0.138949645196507,18.8749383187773,-0.000208515283842829,0.692814546943231,23.0948494814411,20.1224081604803
"E02000321",99.9999999999677,94.08323992675,0,99.9999999999677,94.08323992675,2,"2",35.3134652544562,0.274442133815552,0.184294755877034,25.711877680186,0.444794626711444,0.779997158357014,29.5100979075174,26.5892204856626
"E02000323",81.2754609715738,91.533208522233,0,95.6236033685153,77.1850661252914,2,"2",34.4492836930891,0.257453473607836,0.165869762379829,21.8696691456557,0.549012787955741,0.719113005623073,35.5764366043896,28.2729129330673
"E02000324",59.3654004186903,0,0,59.3654004186903,0,1,"4",33.9192586023413,0.226207697765165,0.167652536360412,17.567161936857,0.859312699538844,0.857526782547002,32.8644134444839,28.6343740688187
"E02000326",22.9553965237,0,0,22.9553965237,0,1,"4",19.9370367135253,0.160035485191757,0.113100996314999,9.28916391428961,0.0206937354988399,0.337057868158864,20.8746716254947,27.910242118193
"E02000327",72.4004882363737,50.0662565808868,0,72.4004882363737,50.0662565808868,2,"2",32.1904855291577,0.252669546436285,0.157522678185745,22.0281671706264,0.571774514038877,0.54475003599712,36.2268649388049,16.5239013678906
"E02000328",90.0390929313692,0,0,90.0390929313692,0,1,"1",16.5295327116637,0.119868413262285,0.0947895204262878,4.26225651272943,-0.221131438721137,0.472760805210184,23.0320137655417,26.7596706631143
"E02000329",46.7770104725441,0,5.94544497302813,46.7770104725441,5.94544497302812,2,"4",19.604836718627,0.159544323728547,0.117740828216029,17.0924616595812,-0.0141014013541175,0.159218233349079,21.5123799401669,20.0842750747914
"E02000331",7.64293712618332,0,0,7.64293712618332,0,1,"4",26.3697282316648,0.19203522738581,0.137745646332968,17.2224200417952,0.401340630908548,0.572219922380336,27.6177331077719,22.5566673300826
"E02000332",15.1851002840218,1.10050664656062,0,16.0761477169308,0.209459213651595,2,"4",16.5663397779229,0.127452122795558,0.100990594382756,8.08118902677988,-0.166688177661659,0.50922077073808,20.4184343566297,20.198563291966
"E02000333",64.5105777528985,0,0,64.5105777528985,0,1,"1",13.8376653653966,0.0893108994378513,0.066883978763273,2.84596658338538,-0.793777326670831,0.58224703310431,23.2533154278576,31.5216203935041
"E02000334",83.0164477113888,0,0,83.0164477113888,0,1,"1",23.3651407533716,0.169836149434196,0.134656952410479,18.6220409238878,0.0706912106650132,0.545228336691986,26.9893238257634,18.0006533870718
"E02000335",64.9521260987531,0,0,64.9521260987531,0,1,"1",10.7623686465721,0.088493646572104,0.0751125886524823,11.4436226359338,-0.689963356973995,-0.273473108747045,16.8549874408983,19.2889485815603
"E02000337",99.9999999999997,0,0,99.9999999999997,0,1,"1",32.5782012915804,0.219446691848422,0.171214451078348,32.2971217253564,0.397876446935543,0.733342634336542,29.1615918118679,25.7167639819666
"E02000339",90.3128740225946,0,0,90.3128740225946,0,1,"1",15.333003024996,0.108591943957968,0.094673141219551,5.61125521413788,-0.341725839834421,0.585230377328451,18.2618866422544,24.9015199808948
"E02000340",45.7265904416124,0,0,45.7265904416124,0,1,"4",16.0562950507614,0.105177030456853,0.088972557106599,9.68355203045685,-0.408438293147208,0.776864689086294,18.8290515545685,23.9818751586294
"E02000341",100.000000000008,0,0,100.000000000008,0,1,"1",40.5155730034297,0.284710313571779,0.211551935325821,34.2635447084762,0.599106197942185,1.00274252817246,34.7074877511024,20.7060623468888
"E02000342",2.5681148602272,0,0,2.5681148602272,0,1,"4",22.4090611433812,0.178492815652706,0.106098440843779,27.9014769183736,0.0317633751146438,0.487597065117701,22.9358841332926,19.0409464995414
"E02000343",29.5058706556638,0,0,29.5058706556638,0,1,"4",26.2240968162084,0.186630969609262,0.154187698986975,26.0905575976845,0.21339493487699,0.687354413892909,21.2149795947902,15.4963696092619
"E02000344",0,0,0,0,0,0,"4",13.4881787118234,0.105171152101603,0.081959328696704,13.8859803447233,-0.424990021167221,0.345182794073178,19.6335692470517,12.1047774417901
"E02000345",64.3440097215363,0,46.6630259813066,95.1407508852155,15.8662848176274,2,"3",29.1426776281449,0.152011170268295,0.098270383129763,40.3527685562167,-0.0464051571145213,0.123859275498486,41.0683739430003,49.690555903539
"E02000346",99.9999999999903,0,19.4542533749887,99.9999999999903,19.4542533749887,2,"1",52.2023211091234,0.348359719737627,0.228771019677996,33.317915921288,0.892683363148479,1.22702638640429,45.994637745975,41.8489797257007
"E02000347",100.000000000006,0,3.00221374837884,100.000000000006,3.00221374837884,2,"1",31.9252409290502,0.198975040443725,0.134315229951468,27.6831156690548,0.344164201525306,0.36051178645713,40.023952738618,43.7788954240813
"E02000348",99.0925445249081,0,0.417392997220588,99.5099375221288,-1.4210854715202e-14,2,"1",35.5653592188397,0.236251120045951,0.158320964962665,34.9745764503159,0.507988856978748,0.207970246984492,41.1857840321654,38.0141854106835
"E02000350",100.000000000002,0,0,100.000000000002,0,1,"1",25.3225750099088,0.159114347998415,0.104116428854538,11.5165819460959,0.102822334522394,0.521646551724138,32.7707047166072,49.0367682322632
"E02000351",99.9999999999965,0,62.4930013174151,99.9999999999965,62.4930013174151,2,"3",27.3910666666667,0.16707945799458,0.109324769647696,8.04219349593496,0.43547512195122,0.93639566395664,29.767543197832,47.0996019512195
"E02000352",99.9999999999947,0,0,99.9999999999947,0,1,"1",28.2822525899673,0.193999318429662,0.127691248636859,11.2668155670665,0.472278625954198,0.447578925845147,32.7110396673937,41.7693755452563
"E02000353",100.000000000012,0,0,100.000000000012,0,1,"1",24.0803943148688,0.14193962585034,0.0939652575315841,3.83321234207969,0.152046525753158,1.00335896501458,27.001375,51.0364107142857
"E02000354",99.9999999999888,0,47.7765641008934,99.9999999999888,47.7765641008934,2,"3",39.1397760639817,0.268327430258022,0.169335713605636,19.1019763876988,0.66702599257355,0.972432923926497,39.8708303341902,41.7650565552699
"E02000355",99.9999999999933,0,38.9227786015797,99.9999999999933,38.9227786015797,2,"1",32.668118558952,0.199484825327511,0.13973307860262,10.2182456331878,0.286242576419214,1.105771069869,34.4058164847162,54.1367618995633
"E02000356",99.9999999999827,0,0,99.9999999999827,0,1,"1",22.4560130046058,0.142324708751016,0.109634109997291,4.19677526415605,0.320994310484963,0.572764697913844,26.4712665944189,42.4601215117854
"E02000357",67.198532654489,0,1.53907663640298,67.198532654489,1.53907663640298,2,"1",50.0787581243508,0.384943018251966,0.242080130583173,25.8981078795073,0.741357916604837,0.734052678438937,45.3767866152248,31.9641089182371
"E02000358",100,0,0.539779018531177,100,0.539779018531178,2,"1",34.8705329970935,0.232491109591383,0.146659001538725,13.7266216447256,0.716553256967003,1.03537442297829,33.9104174217815,44.5323003932296
"E02000359",92.4158989809449,0,91.5978760254642,96.7692797172413,87.2444952891678,2,"3",33.9462357206274,0.236741935483871,0.147707309854987,10.7777895827168,0.553643977508138,1.11846907369044,31.5784490973661,46.2040702870672
"E02000360",100.000000000003,0,80.9199499761683,100.000000000003,80.9199499761683,2,"3",37.900530785018,0.293211390456644,0.166215238583889,17.0640292457671,0.591472293483838,0.624455105182145,41.3564661364803,38.1330846587994
"E02000361",99.9999999999876,0,99.9999999999876,99.9999999999876,99.9999999999876,2,"3",36.137874025974,0.227367060212515,0.142422550177096,12.5844338842975,0.448807319952775,1.30022514757969,38.1877561983471,50.7730133412042
"E02000362",97.1787565500338,0,30.1726008022031,99.9999999999955,27.3513573522413,2,"1",46.7313797610682,0.3120372452565,0.209776247364722,21.6281852424455,1.08014307800422,1.33623569922699,38.2049866479269,37.3784709768096
"E02000363",86.482661660985,0,99.999999999978,99.999999999978,86.482661660985,2,"3",48.2260427467811,0.351710815450644,0.219060600858369,26.4801297854077,0.745468669527897,1.03744643776824,42.7394205150215,37.5804824892704
"E02000364",99.9999999999987,0,61.3837332207871,99.9999999999987,61.3837332207871,2,"3",30.2948468800575,0.188813882395253,0.133520769645747,6.96946871066355,0.223855511598633,1.27505979140442,32.9364869627765,45.4035677036504
"E02000365",100.000000000004,0,8.27820661890873,100.000000000004,8.27820661890873,2,"1",32.5698347780988,0.191290583092539,0.121543454100911,9.66285144847003,0.36120241535156,1.59005608653775,32.1979872564273,46.8579748833074
"E02000366",64.5182259515712,0,99.9999999999956,99.9999999999956,64.5182259515712,2,"3",38.5452403269755,0.247761198910082,0.177005340599455,17.8348219073569,0.739347247956403,1.20982855585831,34.745263106267,38.0205651226158
"E02000367",99.9927313115946,0,96.7109504500341,99.9999999999788,96.7036817616499,2,"3",35.027280674567,0.204182862351869,0.136116681859617,10.0083924339107,0.746168641750228,1.42592288058341,35.476968094804,45.0702231540565
"E02000368",100.000000000008,0,14.7733373269088,100.000000000008,14.7733373269088,2,"1",39.1345170205595,0.287838894506235,0.18532760364004,17.213885630828,0.73692270531401,0.773540164026514,39.1624521963824,37.6908331648129
"E02000369",100.000000000003,0,0,100.000000000003,0,1,"1",38.1300357679181,0.266439795221843,0.160301638225256,14.9161415699659,0.618928395904437,0.863914675767918,38.8641726962457,49.5114853242321
"E02000370",100,0,0,100,0,1,"1",34.5899342934293,0.245313231323132,0.153481323132313,16.8431345634563,0.453894689468947,0.509151665166517,40.2338159315932,41.8109403690369
"E02000371",100.000000000001,0,0,100.000000000001,0,1,"1",29.4499914072405,0.156108184251303,0.0889094238625158,11.2179125228905,0.282536343146922,1.03658303986477,37.452955134526,59.9887499647838
"E02000372",87.6897430719292,0,28.4840435525671,99.3569963419305,16.8167902825658,2,"1",38.4166485469371,0.280184716704997,0.170135897971984,18.6617680326155,0.95974587079239,0.567351139452227,37.5577280995191,37.376469266151
"E02000373",100.000000000008,0,60.527610520187,100.000000000008,60.527610520187,2,"3",45.8658281367676,0.377965356228348,0.219123813827384,26.1454797409248,0.587802078626299,0.704255460159663,37.6393286639554,33.5369825274891
"E02000374",100.000000000006,0,100.000000000006,100.000000000006,100.000000000006,2,"3",28.7314186151079,0.214902428057554,0.144505095923261,11.138020383693,0.300979466426859,0.795649430455636,25.0370577038369,40.1526779076739
"E02000375",100.000000000008,0,65.9305810447794,100.000000000008,65.9305810447794,2,"3",32.7742897669706,0.225306411926473,0.160892748588797,8.18522912143581,0.650995513098857,0.395173252279635,31.3865720075264,44.6946791141989
"E02000376",100.000000000025,0,100.000000000025,100.000000000025,100.000000000025,2,"3",33.2617202502182,0.210501745708467,0.161232761128891,9.43129706139075,0.888324556299098,0.819349578120454,26.8115546988653,51.353058772185
"E02000377",100.000000000005,0,100.000000000005,100.000000000005,100.000000000005,2,"3",30.7352816412545,0.207913722573447,0.149189661584232,8.66857667038552,0.539612619313252,0.884449361596628,26.4853346969133,48.423198090988
"E02000378",99.9999999999894,0,99.9999999999894,99.9999999999894,99.9999999999894,2,"3",25.6849672435105,0.161827564894932,0.115098733003708,8.53256365883807,0.178383961681088,0.604228831891224,24.4843949320148,54.3711199011125
"E02000379",100.000000000012,0,99.5683110819008,100.000000000012,99.5683110819009,2,"3",20.5853372865893,0.150762674312524,0.099536165776098,4.51239489117685,-0.0769465658803597,0.467022546591946,24.1348215821713,41.6388615925974
"E02000380",99.999999999998,0,99.999999999998,99.999999999998,99.999999999998,2,"3",18.091595631235,0.120236842105263,0.085968008255934,7.67945614035088,0.081219642242862,0.463672170622635,20.0682786377709,38.8656737186103
"E02000381",100.000000000002,0,100.000000000002,100.000000000002,100.000000000002,2,"3",21.7111117000646,0.135962120232708,0.100441758241758,5.84348597285068,0.193850678733032,0.451770394311571,22.6082828700711,50.2012549450549
"E02000382",100.000000000005,0,59.5072192040586,100.000000000005,59.5072192040586,2,"3",26.905052740792,0.169258689261629,0.11002732145945,3.4796868407401,0.460909735431437,0.8874770880166,25.8863086633235,52.1640039771745
"E02000383",99.9999999999922,0,99.9999999999922,99.9999999999922,99.9999999999922,2,"3",19.5873676039518,0.128817717945934,0.083100857670177,6.43848843773749,-0.0750133535989577,-0.157833242861796,26.9655243730322,52.1295131907502
"E02000384",100.000000000011,0,100.000000000011,100.000000000011,100.000000000011,2,"3",33.9726106482135,0.219674481005508,0.158217765852281,16.1280973026409,0.782466741985595,0.639145883349809,30.7547164242339,49.947808925293
"E02000385",99.9999999999944,0,99.1762712199712,99.9999999999944,99.1762712199712,2,"3",18.1997851913478,0.0932783693843594,0.0698895174708819,3.09801763727121,0.122079367720466,0.350912811980033,23.7336099833611,54.0325221297837
"E02000386",100.000000000005,0,100.000000000005,100.000000000005,100.000000000005,2,"3",33.3338896995177,0.244564238901941,0.16078966242117,14.2691289724249,0.672300234944973,0.324551255100779,30.1494862124397,44.5848355385186
"E02000387",100.000000000008,0,42.9252864579931,100.000000000008,42.9252864579931,2,"3",24.3195707950066,0.172746879106439,0.116435775295664,8.62410397503285,0.513488173455979,0.300062746386334,28.32438978318,37.1945686596583
"E02000388",99.9999999999881,0,62.7370651353879,99.9999999999881,62.7370651353879,2,"3",21.0208550496488,0.1326012351659,0.0862493339791717,7.6915305158634,0.324926495519496,0.573724630661177,21.9226989585856,45.3896266650521
"E02000389",100.000000000047,0,22.6199357401063,100.000000000047,22.6199357401063,2,"1",11.827607919349,0.0731908174420017,0.053848536377991,3.77271019069598,-0.224469330742135,0.269218025021256,18.0269799587028,36.0804024049557
"E02000390",100.000000000007,0,11.5139641568318,100.000000000007,11.5139641568318,2,"1",20.6441579858379,0.144752163650669,0.101836978756884,11.0101894571204,0.312990558615264,0.363133280881196,20.7330782061369,37.0828344610543
"E02000391",99.9999999999946,0,0,99.9999999999946,0,1,"1",18.0090161330981,0.113817242248551,0.0775525586085203,4.35855797832115,-0.32994202167885,0.725146710360474,19.4295426014621,44.3065083186287
"E02000392",100.000000000005,0,0,100.000000000005,0,1,"1",19.4573032057468,0.13504524498767,0.0894677817090168,8.26256856438297,-0.164312104642436,0.318827382866945,20.6125818591187,45.2285498016511
"E02000393",99.9999999999825,0,0,99.9999999999825,0,1,"1",10.2889601081812,0.0599278228532792,0.0439295131845842,4.80169878296146,-0.388594320486815,0.361211122379986,14.1675006761325,36.2339680527383
"E02000394",100.000000000007,0,0,100.000000000007,0,1,"1",21.8320120523815,0.167036041256229,0.0982796384285549,10.3394082744235,0.229452080194692,-0.0275958975547572,27.6053966855951,39.0149030015065
"E02000395",100.000000000001,0,0.823244112921923,100.000000000001,0.823244112921927,2,"1",10.8436236719788,0.0536118857901726,0.0373542496679947,4.95720368525896,-0.757866865869854,0.255241035856574,16.325089309429,43.8680245683931
"E02000396",100.000000000006,0,0,100.000000000006,0,1,"1",19.2450742748315,0.145585701728684,0.0933458833870495,7.3873328450044,-0.399639173747436,0.569020216818049,22.1755074714328,39.0002572516847
"E02000397",100.000000000003,0,0,100.000000000003,0,1,"1",29.5790868151716,0.186972546658639,0.132711860325105,16.5008669476219,0.0348120409391933,0.862853100541842,35.0392673088501,43.0582750150512
"E02000398",99.9999999999932,90.5459623912006,0,99.9999999999932,90.5459623912006,2,"2",54.1656471359287,0.363142220474505,0.273579106042732,39.7077817538341,0.447902739546467,1.34539507143793,42.663835627212,35.4615439769301
"E02000400",92.6104842995024,18.9888301056113,0,100,11.5993144051134,2,"1",25.6834806945119,0.193185769791161,0.118988829528898,9.912669378339,0.0143354783875668,0.785459082078679,33.0049928363283,32.5852039825158
"E02000401",79.3765477409914,0,0,79.3765477409914,0,1,"1",43.6588384924047,0.32371668099742,0.202140728002293,32.6150160504443,0.384442963599885,0.903599742046432,41.7028783319003,36.584471768415
"E02000402",56.5626735252107,1.12395296924248,0,56.5626735252107,1.12395296924248,2,"4",48.3576938653961,0.355359440142942,0.217519654556284,35.0955396069089,0.601005658129839,1.29721381774866,39.4146235854675,32.3822564026206
"E02000403",99.9999999999948,0,0,99.9999999999948,0,1,"1",27.353730502822,0.177004617752694,0.107003206772704,15.3161236531555,0.0134952539763982,0.865002180605439,36.5854493329913,41.4984667778348
"E02000404",99.999999999997,0,0,99.999999999997,0,1,"1",33.7188907151819,0.248276160602258,0.154099623588457,23.9404757841907,0.175463864491844,0.623982810539523,39.7469086574655,32.4503595984944
"E02000405",81.1204067887391,10.2465782694656,0,88.7104033006223,2.65658175758253,2,"1",13.1265224127557,0.0755661853188929,0.062432761732852,1.14788703369434,-0.53346119133574,0.921704121540313,19.9528003910951,28.8219920276775
"E02000406",100.000000000023,0,0,100.000000000023,0,1,"1",35.8983422402159,0.256608636977058,0.165829419703104,25.1093345479082,0.448805533063428,0.84980620782726,34.5830106612686,39.6303336032389
"E02000407",52.5655687889566,0,54.5239271133996,67.0424406061031,40.0470552962532,2,"3",46.4529020339856,0.30058148815654,0.207056127703399,31.3214808187436,0.567653836251287,1.40613658599382,43.8159442584964,40.0125771112255
"E02000408",100.000000000016,1.49309022709282,37.1777416953391,100.000000000016,38.6708319224319,3,"1",44.4262857988867,0.3175302617553,0.189756129337913,34.1518650953453,0.332160014212957,1.22898152315528,41.814426625607,35.8119323700107
"E02000409",84.8889212911676,0,14.9732714627072,85.0898566544948,14.77233609938,2,"1",41.8740411949686,0.300598742138365,0.212913836477987,32.8306498427673,0.279985220125786,0.706798270440252,38.0812261006289,33.0615323899371
"E02000410",15.9808539530592,10.7932815451121,0,25.8958269862353,0.878308511935984,2,"4",12.2770947961047,0.0781153377967133,0.0562913877054169,0.801122489348752,-0.551401856360316,0.442370815581254,20.6151626597687,39.317395769933
"E02000411",100.00000000002,10.2988477271692,42.7502212549318,100.00000000002,53.049068982101,3,"3",38.3712486102532,0.284085752522133,0.173601914762199,26.0096213712168,0.234692814494544,0.825789376158122,42.1693292155652,36.9428113032736
"E02000412",99.9999999999932,0,0,99.9999999999932,0,1,"1",40.5716647854049,0.238436015225095,0.161415671347946,23.1403283895524,0.408822811392571,1.60353143457147,42.3271277070482,42.2737670297939
"E02000413",72.6511959392564,35.8875163467359,0,95.3663722618623,13.1723400241299,2,"1",15.504474019088,0.10501882290562,0.0787322375397667,3.97704175503712,-0.250869962884411,0.435753844114528,24.780868504772,29.3375351272534
"E02000414",99.3080740928429,0,98.9664383442317,99.9999999999983,98.2745124370762,2,"3",33.7362144012945,0.240686218985976,0.155571601941748,25.359119201726,0.0938178263214671,0.759443770226537,38.5007231661273,37.009770631068
"E02000415",100.000000000001,0,1.03650202895699,100.000000000001,1.03650202895699,2,"1",30.8346249651325,0.217475453277545,0.139960948396095,15.8746682008368,0.201320641562064,0.841696931659693,34.5172921896792,40.5924436541144
"E02000416",99.9999999999815,0,0,99.9999999999815,0,1,"1",31.7828998201901,0.225610069355253,0.145206267659902,13.7355328795274,0.504365014127922,0.435127022861546,35.4820138710506,42.1461426920113
"E02000417",44.6416920779228,0,0,44.6416920779228,0,1,"4",14.7304957515835,0.0777114166537927,0.0607145064112467,2.25414413718523,-0.439459292445543,0.652832689633864,23.666200216283,38.5656619805345
"E02000418",97.5827544640961,0,0,97.5827544640961,0,1,"1",12.0379088546179,0.0849286085600416,0.061922543753249,1.43390019060821,-0.490291457286432,0.479723618090452,19.0696995321435,30.4573817362675
"E02000419",99.9999999999784,0,0,99.9999999999784,0,1,"1",29.8909960567823,0.189914939161785,0.125208201892744,16.3215850608382,0.0612858269490762,0.938690401081568,36.5136926543488,40.8210332356918
"E02000420",99.8767648317541,0,99.9999999999923,99.9999999999923,99.8767648317541,2,"3",42.1102605748713,0.267907242374796,0.168630224676792,26.616454374294,0.345388979540605,1.52440077821012,41.1752227940254,44.2926523158027
"E02000421",96.1475720644476,0,100.000000000005,100.000000000005,96.1475720644476,2,"3",44.7290440651052,0.295631202858277,0.19303056768559,25.8072250893212,0.551220325526002,1.38549622866217,42.6927915839619,39.6843386264391
"E02000422",99.9999659551554,0,74.6863055339233,100.000000000006,74.6862714890732,2,"3",36.4342855454438,0.248454083441674,0.156755584446283,23.0896090296655,0.481575700271835,0.893597092542253,40.5981966670606,38.5700555489895
"E02000423",99.999999999989,0,3.75425621549652,99.999999999989,3.75425621549653,2,"1",28.1866819792803,0.172486232279171,0.110104007633588,14.6962996183206,0.207529989094875,1.01908001635769,32.988917393675,45.1328101145038
"E02000424",100.000000000002,0,32.4086887778578,100.000000000002,32.4086887778578,2,"1",20.4997847363427,0.159859156838823,0.126724278161854,4.88508756947269,-0.0560028466856446,0.286425782838552,23.7706687000136,32.5352418327233
"E02000425",69.0904155920123,0,99.99999999997,99.99999999997,69.0904155920123,2,"3",28.4564708681672,0.164952411575563,0.122172733118971,34.2401535691318,-0.100676012861736,0.464327974276527,38.0775683601286,35.9951130546624
"E02000426",91.3536095863449,0,0,91.3536095863449,0,1,"1",14.555908832359,0.0914773265918787,0.0729930478748617,4.79302891452046,-0.43188418391531,0.29403239058303,27.1010564070153,31.2866669300047
"E02000427",99.9999999999989,0,65.9957866444991,99.9999999999989,65.9957866444991,2,"3",29.0913329076203,0.179117780615865,0.120319852419469,11.1215720164609,0.122316162906201,1.31564424577835,34.0820648502909,44.3669937562083
"E02000428",100.000000000004,0,49.8546280661766,100.000000000004,49.8546280661766,2,"3",37.2310909665992,0.28532262145749,0.172991649797571,22.2832160931174,0.428505313765182,0.656062879554656,38.2584744433198,38.3241559969636
"E02000429",100.000000000014,0,3.19135169864011,100.000000000014,3.19135169864012,2,"1",12.8869657272341,0.0744220365387339,0.0572088939243733,2.05784010763348,-0.615889675683331,0.460225322192324,25.2794781192466,36.0223020818581
"E02000430",99.9999999999962,0,70.6946950729965,99.9999999999962,70.6946950729965,2,"3",15.7955876247505,0.0919020625415835,0.0683974717232202,3.72496793080506,-0.431206653359947,0.289983100465735,23.6294109115103,49.8005286759814
"E02000431",99.9999999999884,0,0,99.9999999999884,0,1,"1",14.6010070694087,0.0634453727506427,0.0509675449871465,5.89592673521851,-0.735494858611825,0.19693412596401,30.9996491002571,49.0337773136247
"E02000432",99.9999999999674,0,99.9999999999674,99.9999999999674,99.9999999999674,2,"3",24.2469556619805,0.170009423760235,0.113866522477985,6.81032133477522,0.170636026571914,0.955041402749884,25.8060883670632,36.6946259848602
"E02000433",42.4344617605887,0,0,42.4344617605887,0,1,"4",11.5797191532006,0.105578354002255,0.0588922710760366,5.48097920581235,-1.1618994112489,0.171618564449455,28.1208989101841,12.7651777527245
"E02000434",99.9999999999954,0,0,99.9999999999954,0,1,"1",14.3467919506654,0.129174835010278,0.0853343070431678,5.54342259006816,-0.736130801687764,0.202841501676945,29.1025242886509,11.3749717624148
"E02000435",49.4929410185462,0,0,49.4929410185462,0,1,"4",19.5836018495376,0.157322169457636,0.109912771807048,10.4299382654336,-0.64887328167958,0.27514671332167,35.3945513621595,9.38826843289178
"E02000436",48.883485514615,0,0.747429663670675,48.883485514615,0.747429663670673,2,"4",6.82076869322152,0.0528214535290007,0.039993535988819,2.8713892382949,-1.27047466806429,-0.266755939902166,25.5093469601677,11.7177230957372
"E02000437",12.8694072431326,0,0,12.8694072431326,0,1,"4",16.2729644977169,0.146046461187215,0.0963530821917808,7.86273824200913,-0.529278082191781,0.310152739726027,26.3139767123288,14.0351442922374
"E02000438",79.6815585792332,0,4.97244378807121,79.6815585792332,4.9724437880712,2,"1",17.2847076502732,0.157513412816692,0.1068195479384,13.1072403129657,-0.56627694982613,0.157847242921013,21.9926513909588,14.5286932439146
"E02000439",99.9999999999898,0,0,99.9999999999898,0,1,"1",17.8951953215027,0.139762963816548,0.087039179534455,13.1983960589998,-0.699386955519705,0.549793385572713,29.3070280018437,19.4620268495045
"E02000440",100.000000000006,0,0,100.000000000006,0,1,"1",9.72712145159613,0.0971874805032755,0.0637328688780285,5.87338681501508,-1.09454518040969,-0.00986430279713008,22.5954660497036,12.068021732349
"E02000441",50.4103445775194,0,60.3293094843603,71.7686432732223,38.9710107886574,2,"3",15.0186920425165,0.126061476587188,0.0988148520540075,8.03744900890549,-0.713773915541511,0.0772507900028727,27.1537862683137,12.1205986785407
"E02000442",100.000000000001,0,0,100.000000000001,0,1,"1",14.6565586537414,0.115920705805468,0.0669852957194206,16.819643067204,-0.936428384707548,0.378421631630541,28.1007600479251,15.093725737937
"E02000443",19.2328304200891,0,14.1117334570019,33.0637494690473,0.280814408043724,2,"4",22.9791703034081,0.205837801330008,0.122051122194514,18.7977244389027,-0.243186928512053,0.359036055694098,27.4269212385702,19.9373525561097
"E02000444",95.9134176595545,0,0,95.9134176595545,0,1,"1",11.61207532379,0.113881617814133,0.0661840490797546,8.86841910929334,-1.10644944330834,-0.0120044308111793,24.6762935696433,14.9062388093615
"E02000445",85.7428144101385,0,59.1478724410975,96.0735459214193,48.8171409298168,2,"3",21.9171242201835,0.197069174311927,0.114843211009174,15.0265193577982,-0.415776697247706,0.416993119266055,29.651073853211,20.1654932110092
"E02000447",85.8231535798961,0,6.58147020759333,85.883678574983,6.52094521250652,2,"1",11.4306012667338,0.109354253634662,0.076577371527278,3.71234432128977,-1.01190744206132,0.0766088959262991,22.5161312796891,13.6167515474305
"E02000448",86.96652101939,0,61.7627762252385,99.0486706790262,49.6806265656023,2,"3",5.97518035148372,0.0623732353788534,0.0443684817055604,1.29356568712187,-1.26688519158744,-0.314855949294152,19.1736904350331,11.8918435609335
"E02000449",99.9999999999999,0,0,99.9999999999999,0,1,"1",17.5159998804971,0.146087595602294,0.0846442399617591,16.5486434034417,-0.635223589866157,0.302576242829828,29.4541203393881,16.2915366873805
"E02000451",100.000000000023,0,0,100.000000000023,0,1,"1",6.34005428656185,0.0665099377039454,0.0525307030554732,1.94082393948383,-1.17820631859982,-0.213934292494809,18.1195679323643,11.8346754672204
"E02000452",78.7117669310386,0,91.4755802280797,91.4755802280797,78.7117669310386,2,"3",17.0730331602549,0.13795846117536,0.093267524191645,6.19987078121312,-0.473525843757375,0.328189756903469,22.9402105263158,29.5838777436866
"E02000453",100.000000000004,0,54.9750784897775,100.000000000004,54.9750784897774,2,"3",10.3786600073992,0.119534961154273,0.069048957947959,2.96547848070046,-0.977442348008386,-0.0398474534467875,20.2977616228881,14.553411148107
"E02000454",99.9999999999904,0,21.3089520443462,99.9999999999904,21.3089520443462,2,"1",4.14990891004689,0.054192269432997,0.0474746340770215,1.22374179337786,-1.56836634929658,-0.611117379565156,17.6183946283928,8.03011482165696
"E02000455",100.00000000001,0,94.73671464477,100.00000000001,94.73671464477,2,"3",16.827481929111,0.134211737361999,0.0946504357931435,5.16037478210343,-0.283871237652528,0.235565950029053,27.7997722254503,22.2385589773388
"E02000456",100.000000000001,0,11.0082152870441,100.000000000001,11.0082152870441,2,"1",13.3015381011437,0.120208901750034,0.0893178999586606,6.19743599283451,-0.742930274217996,-0.0815112305360342,22.1708560011024,19.444883285104
"E02000457",99.9999999999976,0,0,99.9999999999976,0,1,"1",9.23179680966393,0.0932079913272418,0.0709939600433638,3.69337556140623,-1.13362738113675,-0.182908161684993,21.6865747251045,11.157429921016
"E02000459",97.0000037927702,0,0,97.0000037927702,0,1,"1",19.8107742928832,0.17879641879562,0.103477075729927,9.70973175182482,-0.450365533759124,0.407976961678832,29.0435683166058,19.9252182937956
"E02000460",99.999999999999,0,0,99.999999999999,0,1,"1",23.3728731488407,0.211340164547494,0.12875153328347,17.036382946896,-0.139401944652206,0.319574719521316,26.5993458489155,15.4089102468212
"E02000461",57.0309535218561,0,7.17821346203102,57.0309535218561,7.17821346203101,2,"4",9.42509929761741,0.0664280402148464,0.0503036771794519,7.07182702107148,-1.20267167056879,-0.00833411375843546,24.8730235504751,18.4494685305054
"E02000462",97.3185598494374,0,0,97.3185598494374,0,1,"1",17.0682483526139,0.132016254209987,0.0803722360521306,13.7034089910675,-0.655744179235613,0.730249816957095,24.6065148630839,21.9735431249085
"E02000463",99.9205608966802,0,0,99.9205608966802,0,1,"1",18.390803731611,0.171340868317187,0.106354024638201,15.7413090539409,-0.517058844635809,0.371247338835068,23.5470361200813,13.3728686759957
"E02000464",0,0,0,0,0,0,"4",33.4110305075214,0.241427527063124,0.170755799240827,41.8722600871643,0.248558976521861,0.762729649936736,31.8014463658091,13.2712257837762
"E02000465",0,6.60177850759269,0,6.60177850759269,0,1,"4",31.7954119281992,0.227729588882455,0.170719050376375,39.6492746960046,0.24014209612044,0.822738969310944,26.1613871453387,13.8354516502606
"E02000466",0,0,16.1460462758658,16.1460462758658,0,1,"4",24.9775756302521,0.189668650793651,0.141814425770308,36.7997956349206,-0.00841141456582631,0.175643090569561,24.9590783146592,11.1873341503268
"E02000467",0,57.5379966966723,0,57.5379966966723,0,1,"2",41.1327066040449,0.301115594747436,0.213361640946995,46.0873778395476,0.611011118566088,1.04547781079268,28.6839924278731,10.2396449726828
"E02000468",0,0,36.7170504112354,36.7170504112354,0,1,"4",21.3900399753239,0.161624059222702,0.120761258482418,31.4955811227637,-0.167605552128316,0.539733991363356,18.3475958050586,11.8590078963603
"E02000469",1.56960786322472,53.479320118351,0,53.479320118351,1.56960786322473,2,"2",30.1817078732253,0.210522443711458,0.176904918973182,34.2633877814427,0.388667718342177,0.797595726373154,22.4185012189875,11.5006558152875
"E02000470",9.07036182868439,17.360914854983,0,18.6104190558521,7.82085762781528,2,"4",14.4506303556755,0.0996492546073483,0.0862718628947059,13.6146127479751,-0.322468716985562,0.3445202488555,22.542933560277,14.2595014673084
"E02000471",32.555370944448,0,21.2071749261133,53.3115937948478,0.45095207571341,2,"4",11.0800822136491,0.0805845417054676,0.0711310363176799,19.2834693361713,-0.734412930690435,-0.0279329519755222,20.5105434348809,9.91001756019689
"E02000472",53.3075564729418,0,72.3233206721121,100.000000000017,25.630877145037,2,"3",13.838845460659,0.103591661062542,0.084701277740417,23.9554235373235,-0.421478278412912,-0.0746515131136516,17.9460102219233,11.3023022192334
"E02000473",68.6786043813735,40.1362859417701,0,68.6786043813735,40.1362859417701,2,"2",11.9202335429357,0.0886609353507565,0.075704362350167,14.0810739831008,-0.61148211829436,0.106325211239929,22.1311995480448,11.3711990567892
"E02000474",84.7204272395446,0,35.515438973005,99.8368458526209,20.3990203599287,2,"1",19.556236677116,0.145641401701747,0.102283922973578,28.4933011643529,-0.281480183609494,0.425418607254814,20.7608643081057,15.9281339005822
"E02000475",82.621117804453,24.8461156681162,0,92.6365434865242,14.830689986045,2,"1",11.0895561151079,0.0913127440904419,0.0701700924974306,12.8238303186023,-0.56118417266187,0.172044912641316,18.8851217882837,10.3755867420349
"E02000476",99.9999999999994,9.52640804793949,0,99.9999999999994,9.5264080479395,2,"1",26.3240876764387,0.188527596815056,0.119393593919653,22.2071729098806,0.0927500904813608,1.0071744480637,24.1438441910966,28.5125778139703
"E02000477",100.000000000022,30.2539806147024,0,100.000000000022,30.2539806147024,2,"1",8.78509591211577,0.0655164254779761,0.0670543994929756,12.6771805218126,-0.785319002852012,0.0862254145980775,13.6955523397063,11.6447818738777
"E02000478",70.1011631796361,0,0,70.1011631796361,0,1,"1",7.41327242133603,0.0468312300185092,0.0499803129732458,12.0736998149083,-0.900048965169106,-0.517344943631163,27.1204772000673,5.73196298165909
"E02000479",80.774769878455,98.7314703875522,0,100.000000000007,79.5062402659998,2,"2",18.815351112602,0.15209773006821,0.107859443139886,19.5784773565917,-0.228867717768087,0.279410376831041,16.3729661187521,25.0914350888963
"E02000480",64.5987059651713,15.6690545293962,0,66.015369848399,14.2523906461685,2,"1",21.7028174442191,0.160600934826704,0.10780121703854,21.4671149131317,-0.112907046476762,0.714765764176735,23.4211171179116,20.1852693359203
"E02000481",18.3043772750904,0,0,18.3043772750904,0,1,"4",9.49824436372746,0.0825437124248497,0.0686625751503006,16.1604318637275,-0.681438251503006,-0.618208667334669,17.5613912825651,8.84595804108216
"E02000482",69.8179408270579,0,0,69.8179408270579,0,1,"1",3.66348080776939,0.0335438569446585,0.0433075381532295,5.01521859102821,-1.35325543394481,-0.235071835979652,10.7330365346077,7.65262047171266
"E02000483",69.635382029556,0,0,69.635382029556,0,1,"1",15.3980429206349,0.124106793650794,0.0900793650793651,20.6822062222222,-0.494079492063492,0.37672926984127,16.6710783492064,14.6449624126984
"E02000484",63.2252152135934,93.5644612474709,0,99.3115669136552,57.4781095474091,2,"2",12.0227456421202,0.0831243922684691,0.0728770307126764,21.0207178939879,-0.617945215225898,0.153960868018499,18.3850298826041,10.8044718368315
"E02000485",2.41964644282896,0,0,2.41964644282896,0,1,"4",11.2754622607439,0.0926428313470567,0.0761751534850127,15.1724169977128,-0.696491392801252,0.0875627783796798,16.071269170579,10.943269772481
"E02000486",81.0745302910375,1.50391312831025,58.8976089359323,81.7908538631876,59.6851984920925,3,"3",11.1480055673383,0.0853958112407211,0.0737717391304348,17.1610284994698,-0.651689156945917,0.0414786585365854,13.3627013520679,15.9465546129374
"E02000487",5.37598057310961,0,4.02556827520665,9.40154884831626,0,2,"4",4.76081984536082,0.0307164948453608,0.0415188144329897,7.71895412371134,-1.30961262886598,-0.0878154639175258,13.2583889175258,7.11819072164949
"E02000488",41.4053663215768,0,86.0498511674334,86.0498511674334,41.4053663215768,2,"3",8.60954470556456,0.0639270664505673,0.0630305240410589,14.5324246353323,-0.703990680713128,-0.171132495948136,17.8632432468936,8.41764424635332
"E02000489",67.2186205730503,1.8147394945874,52.9803132419734,89.3955722210638,32.6181010885473,3,"3",18.5319976162098,0.144141716328963,0.105979737783075,24.6292313468415,-0.179786412395709,0.387252562574493,17.708731942789,12.3622331346841
"E02000490",91.9038493418985,21.5469904740396,25.2466868501252,96.4494139251428,42.2481127409205,3,"1",17.8745630220671,0.130422515895774,0.105210447575115,28.1174049370403,-0.344595810996135,0.495156588953996,16.1557546440593,11.5917890537339
"E02000491",50.7505664081264,40.7745932733342,0,59.2992464231224,32.2259132583383,2,"2",28.0197861445783,0.200387048192771,0.157580464716007,31.3870741179002,-0.0564414802065405,0.84117093373494,25.2973683304647,14.8147346170396
"E02000492",1.66740159360307,10.3865819311698,1.20855485677763,11.8703485641004,1.39218981745006,3,"4",14.1455398148148,0.0962348765432099,0.0903104938271605,28.8713203703704,-0.442789197530864,0.0293518518518518,13.597224691358,10.9164759259259
"E02000493",33.5903294211092,81.0096038433188,0,81.0096038433188,33.5903294211092,2,"2",25.5498651719902,0.178821867321867,0.129043611793612,30.4179054054054,-0.107671836609337,1.00076044226044,18.0444146191646,24.4344987714988
"E02000494",40.7635029320814,0,1.00391467732532,40.7635029320814,1.00391467732532,2,"4",9.22408572204863,0.0676778970248608,0.0667849476973237,4.41804007607662,-0.519773807906534,-0.015328487977177,22.6136917538378,6.02795299551691
"E02000495",99.782044520938,0,19.350006678949,99.782044520938,19.350006678949,2,"1",11.7664995595576,0.104930018596457,0.0770629343251444,6.75042380346481,-0.364086620338651,-0.0493391406479397,19.9606384457277,15.8505443868063
"E02000496",3.57553196648604,0,0,3.57553196648604,0,1,"4",18.9228619725809,0.133398509250632,0.105757353919872,19.990884466924,0.101852921602556,0.421406894715826,22.4847392519633,10.4284888859311
"E02000497",92.7444415518984,0,43.6649538518176,93.4364415827691,42.9729538209469,2,"3",13.8061530645336,0.119659280077829,0.0879395741000973,9.13572165171333,-0.534424170359961,0.204598205599395,23.8166252297049,8.79664814614636
"E02000498",30.0797388852166,0,0,30.0797388852166,0,1,"4",11.3216346217377,0.0979902543772712,0.0779783614139412,10.7094557317476,-0.420206475057813,0.0493230921704658,17.6040670630988,9.5055839114635
"E02000499",99.9487975542324,0,12.9982249890747,100.00000000001,12.9470225432972,2,"1",6.02749432404541,0.0585050309597523,0.0488166924664603,4.97791086171311,-0.992345072239422,-0.247051599587203,16.1347009803922,10.3012173632611
"E02000500",74.9313751829899,0,0,74.9313751829899,0,1,"1",7.25153272394881,0.0600884826325411,0.0468943327239488,3.36906435100548,-0.938023765996344,0.206832906764168,16.6576888482633,16.1674234003656
"E02000501",99.5528150036155,0,0,99.5528150036155,0,1,"1",7.60389587031121,0.0796167317477222,0.0579050999881671,7.46705443142823,-0.75566489172879,-0.130089575198201,12.8880132528695,10.1869263992427
"E02000502",51.6484454703143,0,0,51.6484454703143,0,1,"4",9.33152768690173,0.0772436689688598,0.0561828426026899,8.80082127711135,-0.393574336604871,-0.0950434993335757,20.4489069429298,11.2712293711378
"E02000503",57.9694766067323,0,0,57.9694766067323,0,1,"4",6.68152287367617,0.059206572769953,0.0444705753903265,11.2932039523965,-0.704004804017906,-0.389779779451905,16.2423320231466,11.1851685773556
"E02000504",48.9966119125854,0,0,48.9966119125854,0,1,"4",4.95016264737406,0.0469721329046088,0.0424251071811361,4.25039000535906,-1.10294761521972,-0.447989013933548,17.9129658360129,8.41962392818864
"E02000506",13.7448700051322,0,0,13.7448700051322,0,1,"4",7.73888163213744,0.055538276907529,0.0541443911066195,3.71239994946943,-0.837786003031834,0.0431795098534613,23.5103975492673,10.4995265285498
"E02000507",0,0,0,0,0,0,"4",12.1624987083282,0.105997539672776,0.0717374830852503,13.7951824332636,-0.3607259195473,0.154153893467831,15.3544242834297,13.0515733792594
"E02000508",80.9030766073407,0,0,80.9030766073407,0,1,"1",14.8658720652078,0.101590679542837,0.0660131124302295,10.6556960219722,-0.170184725790733,0.328880924957916,26.7423372906884,20.2375334455568
"E02000509",93.2915538156071,0,0,93.2915538156071,0,1,"1",15.0176185618313,0.116560089574521,0.0725292361283901,11.1896496640955,-0.248679273451107,0.0767997014182633,26.4524140333416,18.5863692460811
"E02000510",68.1534996871935,0,5.42340106333244,68.1534996871935,5.42340106333243,2,"1",16.2841785105173,0.115211142694713,0.0823304150085276,11.6773060830017,-0.207619101762365,0.719619215463332,22.3469738487777,17.1242852757248
"E02000511",19.2187731081561,0,0,19.2187731081561,0,1,"4",15.7010889359984,0.12128306077125,0.0857676155865132,18.5399765798506,-0.314946799919241,0.403905915606703,20.1965945891379,14.6005366444579
"E02000512",50.8845264348277,0,0,50.8845264348277,0,1,"4",27.0643972781065,0.202591479289941,0.128262130177515,23.5728041420118,0.322729349112426,0.884587337278107,26.039370295858,19.6985773964497
"E02000513",71.1202641268009,55.0269866332183,0,87.6456832291753,38.5015675308439,2,"2",31.4286568254604,0.231538430744596,0.143763610888711,28.3334960968775,0.213800440352282,1.24651961569255,27.1883532826261,20.0450971777422
"E02000514",99.9679521663388,8.70086577855703,0,100.000000000004,8.66881794489214,2,"1",21.2880514929026,0.15582731277533,0.099958492413118,19.2449731767009,-0.222376994615761,0.87391669114048,25.6837385217817,18.6229946157611
"E02000515",80.5857911370814,0,82.7388680297073,99.9999999999957,63.324659166793,2,"3",24.8873893147325,0.162209872757933,0.105708416372835,28.1696822780929,0.109841407327917,0.801112754867392,25.8482859113905,26.4467985589453
"E02000516",36.6053748988204,93.8397244040637,0,96.3354012719179,34.1096980309663,2,"2",23.2078576969966,0.167242491410839,0.100083564224759,18.9956362628837,-0.143061841959437,0.730771029591045,34.688485647789,16.6618911670176
"E02000517",34.7678282477317,0,0,34.7678282477317,0,1,"4",30.0048415283753,0.226176090964966,0.148739090350338,27.8210704773612,0.413152018029092,0.945811309157959,25.1244603564843,19.0946170866626
"E02000518",85.4301199912821,0,30.5791318612566,87.6252226832687,28.3840291692699,2,"1",25.6564736768802,0.195954735376045,0.123003899721448,31.1550043175487,0.232370891364903,0.62481504178273,25.1748979108635,14.2692121169916
"E02000519",82.1937018484106,10.7058254701991,0,82.7449769009844,10.1545504176253,2,"1",29.2192959027169,0.217729404031551,0.134218448729185,25.8012422217353,0.115107142857143,1.11785144609991,26.4595188431201,23.2515258545136
"E02000520",67.503195579037,28.6264568564613,0,71.1501338078856,24.9795186276127,2,"1",27.3482728948986,0.205810540872772,0.132205977258758,23.4125298094653,0.0280085279655808,0.915332590657652,27.8927476183159,23.2267831130916
"E02000521",63.5754019808308,0,1.15435942214312,63.5754019808308,1.15435942214312,2,"1",28.610030055101,0.199754216062782,0.134951661379195,31.9692956253131,0.138779095007514,0.769592920353982,32.4639984137586,17.6522873601603
"E02000522",96.318597794676,0,39.3061212821113,99.8175984179906,35.8071206587967,2,"1",23.7781936566356,0.180032582810132,0.111654687161723,26.7158512665079,0.0594928555964494,0.859559644944793,20.912225481706,18.2336551201559
"E02000523",97.2585473195486,52.9791834360036,0,97.2585473195486,52.9791834360036,2,"2",21.326921563318,0.162704395703583,0.0934894846105244,16.2773929054969,-0.421761711345789,0.569257243433523,32.6202650961278,25.7766687426663
"E02000524",10.6198693585226,0,1.40000685487475,11.5388327733532,0.481043440044196,2,"4",22.7209413719755,0.133837410263228,0.0867104493485775,23.179572985908,0.0628409997341133,0.536677878223877,32.6997608348843,27.9643344855092
"E02000525",66.936881148484,12.6811455193553,4.57972425426457,69.4088919506821,14.7888589714218,3,"1",24.8978581632653,0.175841734693878,0.0935768367346939,22.7991501020408,-0.22877887755102,0.912427959183673,33.7521223469388,25.9431435714286
"E02000526",99.9999999999921,0,17.4885678918969,99.9999999999921,17.4885678918969,2,"1",11.4691734899727,0.062686958585499,0.0439608401566394,2.14470404651715,-0.854343538625845,0.44922048178474,27.4932245164353,33.8039577548356
"E02000528",14.7465988927789,0,0,14.7465988927789,0,1,"4",30.9827455821206,0.230654365904366,0.13276282051282,16.6786084546085,0.384138946638947,0.451063496188496,42.0056207553708,28.6244975744976
"E02000529",99.2026573997073,0,0,99.2026573997073,0,1,"1",24.438060048877,0.177465262422902,0.116767252414756,15.1622427557314,-0.101436518096125,0.178566973117654,40.7780794833004,23.8889838240428
"E02000530",75.6982248017702,48.9668309808818,0,94.9092751741744,29.7557806084777,2,"2",37.0434962921506,0.260870854904156,0.159610605848608,28.3704396250175,0.190111095564573,0.80760570868896,49.1290249055548,22.5677719322793
"E02000531",44.7183587543678,43.0356113255852,0,65.7615160609586,21.9924540189945,2,"2",21.5289885831382,0.134826112412178,0.0881870608899297,9.13137129195941,-0.141475800156128,0.410385050741608,35.8654278883685,38.2277863973458
"E02000532",74.350231410253,0,15.7696464422596,83.7944296813637,6.32544817114884,2,"1",16.1876762187088,0.105604194115064,0.0798599033816425,5.16345805884936,-0.501790513833992,0.593766578831796,27.0862763504611,26.0397523056653
"E02000533",66.4830191017415,0,0,66.4830191017415,0,1,"1",16.0629349690329,0.108395307289185,0.0797621486422106,3.91372332062887,-0.409365292996665,0.645661386374464,27.0484350881372,26.4737101000476
"E02000534",44.1256727213115,62.0985923457626,0,69.2783264364796,36.9459386305946,2,"2",14.3970203033268,0.0859781066536204,0.055708904109589,3.3636615704501,-0.69651198630137,0.256747064579256,40.374439334638,22.2430261741683
"E02000535",61.1100483287909,0,0,61.1100483287909,0,1,"1",19.69100064,0.137631146666667,0.0804573866666667,10.5065607466667,-0.467119466666667,0.600882773333333,37.35964032,25.1417182933333
"E02000536",53.4746711994588,0,0,53.4746711994588,0,1,"4",21.0205692275443,0.147781783880096,0.094922754428257,10.5989993711351,-0.109545330678126,0.480400586940572,36.6167796876638,23.6716854627398
"E02000537",72.2912065320622,3.7403418938369,0,72.5525200963167,3.47902832958241,2,"1",16.4294410367171,0.0836344492440605,0.0545539956803456,4.17232354211663,-0.757200539956803,0.938464362850972,38.2617889848812,25.9974095032397
"E02000538",94.4478057732731,1.72079247492939,15.2921257395283,94.6588381631429,16.8018858245879,3,"1",25.0332506546559,0.160221535560909,0.0996961349114905,15.973617471457,-0.15004462134702,0.531421703152823,46.8531198282183,22.4663717398135
"E02000539",99.0176084834289,63.4846683911386,0,99.9999999999984,62.5022768745692,2,"2",21.259321656632,0.148837438423645,0.0944931581828134,11.9407350848385,-0.0596325488049626,0.492733807699325,32.8717564313081,28.6798631636563
"E02000540",100.000000000001,5.51851696016127,0,100.000000000001,5.51851696016128,2,"1",21.9617444703143,0.128301416375631,0.0834177337989911,7.90910710128056,-0.124655316259216,0.969241268917346,34.5956609429569,33.9671689949554
"E02000541",29.8506124801667,0,0,29.8506124801667,0,1,"4",27.9532014472704,0.185445886985208,0.120949771203576,17.4415551771842,0.0697024582313504,0.624021283388316,43.6805268702778,23.5816480791742
"E02000542",89.6604097609667,0,0,89.6604097609667,0,1,"1",25.9895088154514,0.169250022149375,0.102506511916364,10.7214044475946,-0.0428242225569238,0.78708797731904,43.4374955258262,29.1063280765482
"E02000543",100.000000000011,0,0,100.000000000011,0,1,"1",22.1069651277386,0.114551739822606,0.0714006519596695,10.0275485558335,-0.342704419680085,0.94144507618831,41.757100826321,33.9437909180502
"E02000544",91.2696635704705,79.5288253861467,0,100.000000000002,70.7984889566156,2,"2",13.9361224148237,0.087926838015541,0.0704120741183503,8.68863980872684,-0.733062163777645,0.160635863717872,33.0796710101614,19.8996759115362
"E02000545",86.0903958046351,80.5845368043591,0,100.000000000005,66.6749326089893,2,"2",25.0916597108883,0.187832012124038,0.126390767078573,14.7370571228725,0.0801228724644439,0.340025996735836,32.7166604103521,25.9657463278153
"E02000546",96.5267952234442,0,3.92657743816465,96.5267952234442,3.92657743816466,2,"1",22.7815020924773,0.156382464019598,0.0988220883944065,10.7560143921609,-0.250858834337042,0.392245789527406,42.6725485352659,26.9445942635501
"E02000547",92.0120073465371,0,96.1720526633432,100.000000000007,88.1840600098736,2,"3",20.9411602499496,0.147106027010683,0.093370892965128,24.0753308808708,-0.0884104011288047,0.127252570046362,31.769534368071,24.93594033461
"E02000548",58.8795160772768,6.70901496691396,9.64657635255871,64.6134159175176,10.6216914792318,3,"4",29.6101231613839,0.201238243215248,0.126529003521856,33.2895348042262,0.172040915682619,0.586281541330019,37.4205572819557,23.0795919825979
"E02000549",92.7974315519737,0,65.1433046370833,100.000000000002,57.9407361890546,2,"3",23.1974639283834,0.157420308934527,0.106156573635247,23.7220047393365,0.076212392487274,0.430974372476742,30.6336757065122,23.8085072845357
"E02000550",44.0851957559561,0,99.9999999999902,99.9999999999902,44.0851957559561,2,"3",27.1281483133538,0.170002601988663,0.109595111978441,31.5634739336493,-0.00170746213177215,0.541581451537961,39.8718344020072,23.8771733110306
"E02000551",92.8167076896488,0,20.9086593470522,98.9586914269094,14.7666756097916,2,"1",33.8864985484591,0.23865989280929,0.153211143367575,33.1536835640911,0.331090665475659,0.683465832961143,39.7379031933899,21.6589525457794
"E02000552",16.9198340795134,0,44.1174197752771,54.0697865469923,6.96746730779821,2,"4",18.828225,0.114849099099099,0.0705165540540541,22.0942204954955,-0.327830743243243,0.263698536036036,36.6286621621622,23.1408951576577
"E02000553",80.2714621450157,0,7.90973629409988,83.625282720938,4.5559157181776,2,"1",23.777305020432,0.148678488032691,0.10716112084063,24.6787929071804,-0.100003064798599,0.676954757734968,34.588579392878,18.653073117338
"E02000554",100.000000000016,0,99.3141144373062,100.000000000016,99.3141144373062,2,"3",41.0791386469516,0.304503342110593,0.21223992303018,15.5725758557829,0.861020356491797,0.976974782256431,30.8848976098845,37.7434940247114
"E02000555",99.9999999999816,0,31.336535249024,99.9999999999816,31.336535249024,2,"1",31.1562874922855,0.218314544332442,0.145003702941782,18.2771848385106,0.516680209833368,0.927970376465748,29.0085269491874,33.4213077556058
"E02000556",99.9999999999958,0,99.3497385333198,99.9999999999958,99.3497385333198,2,"3",33.3140904380594,0.233337258596326,0.163892604804522,10.7438771549694,0.670412435233161,1.03482326895902,29.0332302402261,39.302157701366
"E02000557",100.000000000001,0,1.92789190066265,100.000000000001,1.92789190066264,2,"1",36.8127213655091,0.233907592701589,0.172023425544438,13.5258098881695,0.880825191288994,1.05221954090642,32.3346295467922,41.6262572101236
"E02000558",99.9999999999587,0,84.8554594847895,99.9999999999587,84.8554594847895,2,"3",52.2430559327186,0.374816293444118,0.244284527307731,23.9648631066977,1.02466339041443,1.09434390515756,39.1197827540784,43.4617097983585
"E02000559",100.000000000001,0,45.8308044241563,100.000000000001,45.8308044241563,2,"3",22.4649317856412,0.148889957046431,0.0986819390468398,6.11735631008386,0.230393945592146,0.55769860912252,24.4130570668848,39.1904148087543
"E02000560",100.000000000002,0,68.6195077085645,100.000000000002,68.6195077085645,2,"3",32.4621364419291,0.181819020669291,0.117216412401575,10.4828235728346,0.672250123031496,1.53374557086614,27.8942274852362,51.3307301919291
"E02000561",99.999999999996,0,2.42216844353425,99.999999999996,2.42216844353425,2,"1",20.5562400726392,0.114623244552058,0.0937324455205811,2.24239334140436,-0.144379661016949,0.891976271186441,26.0188860774818,46.8596644067797
"E02000562",99.9999999999834,0,0,99.9999999999834,0,1,"1",29.1625309237849,0.208899988775396,0.13730261533281,8.67674385452913,0.385494892805029,1.00583410034796,26.4559594791784,40.4410292962173
"E02000563",100.00000000003,0,0,100.00000000003,0,1,"1",41.818293520687,0.283602654176425,0.185845544775287,19.2397478532397,0.974257722761236,1.17933801717408,36.5597865506858,39.2759658748745
"E02000564",99.9999999999755,0,0,99.9999999999755,0,1,"1",31.8927114598114,0.186896836658042,0.120487855771638,11.0089704532176,0.463063684166597,1.01273942074952,33.6684267590351,56.1345874300977
"E02000565",100.000000000001,0,0,100.000000000001,0,1,"1",36.4116800635786,0.253108537693006,0.164426430517711,16.3106119436876,0.533804495912807,1.15857652134423,31.1735719800182,41.3295894641235
"E02000566",99.9999999999881,0,0,99.9999999999881,0,1,"1",23.4462581280788,0.146383032293377,0.10307947454844,5.72344499178982,0.07815982484948,1.01988779419814,21.3994900930487,47.5482687465791
"E02000567",100.000000000018,0,0,100.000000000018,0,1,"1",30.9737639225182,0.206571687997233,0.138241093047388,13.8922644413698,0.659562781044621,1.00471540989277,25.9235805084746,42.4440783465929
"E02000568",100.000000000003,0,0,100.000000000003,0,1,"1",40.2338641153165,0.252980527691141,0.171347888392481,23.7967029419203,0.957614178538312,1.02871491191098,41.2247991233246,37.3543218410183
"E02000569",99.9999999999962,0,0,99.9999999999962,0,1,"1",34.4808195668135,0.234703836270191,0.151975954478708,19.2948659140969,0.410226046255507,1.31388023127753,26.1056328010279,40.6005180800294
"E02000570",99.9999999999939,0,0,99.9999999999939,0,1,"1",20.5989564131905,0.120225631956725,0.0847661500052013,10.1901006969728,0.0424454384687402,0.6607532508062,23.9549532924165,45.3903283054198
"E02000571",99.9999999999902,0,0,99.9999999999902,0,1,"1",33.8748070662961,0.242975387058356,0.158560275241498,17.9557803361122,0.480884345639804,1.05711036125447,26.4749080322879,41.7275776101628
"E02000572",99.9999999999972,0,0,99.9999999999972,0,1,"1",39.2928417999813,0.27773140611844,0.168407147534849,23.0643148096174,0.862651698007297,0.879287491814015,36.0074107025915,40.5504869492001
"E02000573",100.000000000005,0,0,100.000000000005,0,1,"1",28.2714690151236,0.167932681667281,0.111042327554408,16.9183380671339,0.242200202877167,1.07651650682405,24.9871831427518,50.1809238288454
"E02000574",100.00000000001,0,0,100.00000000001,0,1,"1",29.5692528719912,0.185159600656455,0.135615289934355,9.8945408916849,0.438103938730853,0.484703501094092,30.1271363512035,57.3738826586433
"E02000575",100.000000000004,0,0,100.000000000004,0,1,"1",25.5667251709783,0.157706735057984,0.0961090544157003,16.0592681385668,0.117186068986024,0.115298840321142,35.3701665923283,52.1676894885519
"E02000576",99.9999999999867,0,0,99.9999999999867,0,1,"1",34.2509586614173,0.253124731567645,0.146841177523264,18.2063645311382,0.583902559055118,0.387956066571224,36.9358245347173,45.6529149964209
"E02000577",100.000000000019,0,0,100.000000000019,0,1,"1",48.0126875580316,0.3303047818013,0.23479422005571,17.0836260445682,0.71226822191272,1.02359726090994,44.8270925023213,43.9246894150418
"E02000578",100.000000000009,0,0,100.000000000009,0,1,"1",47.9810040767793,0.337787158145065,0.24284491251911,20.9470920672669,0.903646848989298,0.614237981994225,43.2759215219976,41.1459760489214
"E02000579",100.000000000012,0,0,100.000000000012,0,1,"1",30.7691987644054,0.207395509088749,0.149353451348461,8.09036057977902,0.259173102055364,0.89968848758465,33.15388725199,45.0740173458477
"E02000580",99.999999999971,0,0,99.999999999971,0,1,"1",36.2197964765879,0.240302271673621,0.173529129964457,7.36471967238448,0.232301498995518,1.17074578890434,34.0622155771905,57.079706845928
"E02000581",100.000000000018,0,0,100.000000000018,0,1,"1",43.0170603607442,0.33615054679733,0.215964351654595,15.2681935804573,0.684017469109501,0.450286464990768,43.8075800312456,36.826723050703
"E02000582",99.9999999999984,0,0,99.9999999999984,0,1,"1",18.5355322355568,0.0793873848730114,0.0578431481998325,1.38042910968462,-1.00941794585543,0.794229416689925,30.0570806586659,64.0512033212392
"E02000583",99.9999999999834,0,13.5319950450455,99.9999999999834,13.5319950450455,2,"1",18.8593700086182,0.083481758115484,0.0634494398161448,3.61177635736857,-1.36766475150819,0.973151106004022,26.5924653835105,59.0116294168342
"E02000584",100.000000000001,0,13.7767751541039,100.000000000001,13.7767751541039,2,"1",13.079329069031,0.0481597213426219,0.0380016466117796,1.12954426852438,-1.91870018999367,0.357035338822039,26.8129179227359,57.6930377454085
"E02000585",99.9999999999908,0,81.364339823394,99.9999999999908,81.364339823394,2,"3",18.386217305559,0.105011216566005,0.0669922346850733,3.09265240971281,-1.34560014791076,0.425476765684704,32.2092444225317,52.6120843091335
"E02000586",99.9999999999971,0,34.6735329373158,99.9999999999971,34.6735329373158,2,"1",11.2950632069195,0.0298540252827678,0.0200013306719894,2.51825588822355,-2.21645934797073,-0.0943208250166334,26.9298713240186,58.4112557551564
"E02000587",100.000000000007,0,100.000000000007,100.000000000007,100.000000000007,2,"3",12.9896372231226,0.0572720151269584,0.0367531064289573,1.5274602917342,-1.61946704484063,0.0497236628849271,26.1422579686656,58.7665875202593
"E02000588",88.4317812798094,0,0,88.4317812798094,0,1,"1",12.2995962962963,0.0188,0.0104062962962963,4.81736172839506,-2.77963555555555,-0.0662953086419753,28.3968774074074,63.0301009876543
"E02000589",100.000000000002,0,99.2210461522379,100.000000000002,99.2210461522379,2,"3",19.397937094532,0.085050046339203,0.0665541010194625,2.12168327154773,-1.05705572289157,0.138586422613531,32.8208096617238,70.463531858202
"E02000590",99.9999999999913,0,0,99.9999999999913,0,1,"1",22.1666773754424,0.139445276340866,0.0961407568744895,7.33546242853254,-0.605432752518377,0.0258708140484618,33.3725912060986,52.6758062891369
"E02000591",100.000000000007,0,100.000000000007,100.000000000007,100.000000000007,2,"3",31.9235214359887,0.191537754042427,0.140929980715027,4.16396306186026,0.0081599169262721,0.583308707906839,41.6095046728972,64.1525779557929
"E02000592",100.000000000005,0,14.1024845760601,100.000000000005,14.1024845760601,2,"1",11.6493599318472,0.0293117989493114,0.0223169104074968,1.85228467982394,-1.96354493823655,0.0626035780207298,25.7691191253727,60.3584383075394
"E02000593",100.000000000001,0,91.4334907970503,100.000000000001,91.4334907970503,2,"3",22.3102254149121,0.12429452563785,0.0932911815704731,3.27740834778301,-0.622062422591033,0.576147386673272,29.8085029725043,58.0284116918504
"E02000594",99.9999999999875,0,0,99.9999999999875,0,1,"1",13.6318274459975,0.0639724269377382,0.0436268106734435,4.3140208386277,-1.70367420584498,0.179824523506989,25.0888221092757,50.8189453621347
"E02000595",100.00000000001,0,0,100.00000000001,0,1,"1",14.8047601043025,0.0783986962190352,0.050377444589309,4.42947627118644,-1.3343259452412,0.162513037809648,26.5431941329857,54.0156211212516
"E02000596",99.999999999988,0,13.1632767063804,99.999999999988,13.1632767063804,2,"1",14.1636603570145,0.0565864382412843,0.034676290882952,5.68469857433808,-1.37072840541512,0.256487839942494,26.5781522702767,55.9849575895531
"E02000597",99.9999999999983,0,0,99.9999999999983,0,1,"1",32.7894934743784,0.228401566149196,0.159675642258552,8.62479585107844,0.253929798049183,0.586003846682237,34.0258797911801,51.4924541832669
"E02000598",28.9921397651973,0,0,28.9921397651973,0,1,"4",5.3932223183391,0.0608549184379634,0.0516653484923381,1.30502916460702,-1.4870507909046,-0.62258007909046,15.7561235788433,15.8828481216016
"E02000599",31.4808560467591,0.621684462847175,0,31.4808560467591,0.621684462847178,2,"4",7.41842407917815,0.0493623152092207,0.0351946880481082,2.67229904785768,-1.78263718366324,-0.247338261087447,29.281708844901,16.3353673264846
"E02000600",71.6826476377548,0,0,71.6826476377548,0,1,"1",9.40888576779026,0.0988012778144966,0.0477083057942278,4.46739645296321,-1.25203789380921,-0.30012007050011,20.2265302930161,24.5102151354924
"E02000601",99.7304777792569,0,0,99.7304777792569,0,1,"1",8.55825316558442,0.0762413149350649,0.0525120941558442,2.09253092532468,-1.30616818181818,-0.258286038961039,18.176533198052,27.5199176948052
"E02000602",99.9999999999949,0,0,99.9999999999949,0,1,"1",19.498890189374,0.14576301946344,0.0934406891109942,14.1677369805366,-0.563627432930037,0.140951472908995,26.2404014992109,38.5467256706996
"E02000603",100.000000000002,0,0,100.000000000002,0,1,"1",18.530354765597,0.145891327686986,0.0996188715257068,14.9348760586902,-0.416968388405106,0.0657040438983657,25.8072960753907,25.4915809376118
"E02000604",100,76.534811322595,0,100,76.534811322595,2,"2",10.3564514763231,0.0810884679665738,0.0531165459610028,3.05655554317549,-1.47278551532033,0.16620713091922,20.6351308077994,30.7276775487465
"E02000605",82.0812965721018,0.735879580361097,0,82.0812965721018,0.7358795803611,2,"1",9.95754202863086,0.0909635384803622,0.0622904686161752,4.22177768261348,-0.963893062522941,-0.348456625474122,20.8717076960724,23.4450078306619
"E02000606",59.6991163954075,0,0,59.6991163954075,0,1,"1",13.5838250621282,0.0751625875442428,0.0485620905188644,6.00841697416974,-1.10576978688154,0.452802545372393,27.180107688832,37.2615336245199
"E02000607",39.9314746915066,0,0,39.9314746915066,0,1,"4",8.73683096590909,0.057480242768595,0.0427745351239669,3.33470351239669,-1.14879506714876,-0.378862215909091,27.7292647210744,27.2217051911157
"E02000608",0,0,0,0,0,0,"4",13.1587792713123,0.0736914278976536,0.0607197264473529,4.4195719844358,-0.784104704633887,-0.099703808513147,20.8996779860865,46.2894409857328
"E02000609",97.6971810282808,9.00978112381225,0,97.6971810282808,9.00978112381225,2,"1",12.4369745355333,0.103827855008445,0.074561257632844,7.81450370274133,-1.25550721060153,0.0166771469403664,24.939020657399,23.360218396778
"E02000610",49.5931799653162,0,0,49.5931799653162,0,1,"4",13.6812771054581,0.106203507038775,0.0707525314892566,7.16247061002717,-0.710305507532724,-0.48730032106693,24.1214393677451,36.3157947641393
"E02000611",84.0847864928017,0,0,84.0847864928017,0,1,"1",5.15100742311771,0.0435258483563096,0.0468757953340403,2.5270448038176,-1.50807184517497,-0.203273064687169,15.8498673117709,14.9516200954401
"E02000612",99.9999999999982,24.3493629145065,0,99.9999999999982,24.3493629145065,2,"1",7.83525211734381,0.0689542162759298,0.054706272247453,5.16054339020498,-1.48856511599362,-0.336719405916288,20.698549650178,18.8715221553946
"E02000613",99.9989451540457,0,0,99.9989451540457,0,1,"1",9.81038371150729,0.0869180510534846,0.0601830429497569,8.43365245137763,-1.14381584278768,-0.462218699351702,19.9310141815235,25.8739172406807
"E02000614",96.6175258901243,0,0,96.6175258901243,0,1,"1",13.2024110609481,0.106321106094808,0.0649639954853273,12.8731380361174,-0.921826297968397,-0.0380700902934537,23.6834083521445,27.1278022573363
"E02000615",100.000000000004,0,0,100.000000000004,0,1,"1",10.3491070745698,0.0819713193116635,0.0673428935627788,13.3001676226896,-0.831103887826641,-0.0981676226896112,16.9666003824092,18.4631007010835
"E02000616",91.8493183689732,0,0,91.8493183689732,0,1,"1",8.84702342225114,0.0669128171763175,0.0498458035133377,15.1312109629148,-1.31106359791802,-0.15533148991542,21.2428640208198,14.9626582628497
"E02000617",23.760942468049,0,0,23.760942468049,0,1,"4",15.412629403794,0.127464656729901,0.086761630532972,18.7979931120145,-0.59847120596206,-0.0787973125564589,24.5408563685637,16.0143617886179
"E02000619",100.00000000001,0,57.6640853781137,100.00000000001,57.6640853781137,2,"3",32.4429439595774,0.225081074873679,0.152962333486449,15.520768488746,0.546306155259531,0.585453261368856,33.4592610243454,44.327805466238
"E02000620",99.9999999999996,0,99.9999999999996,99.9999999999996,99.9999999999996,2,"3",27.5102011407287,0.186496449773018,0.11622244209056,7.26800500523804,0.199001396810616,0.764213362821557,30.2559244558259,51.6078279594925
"E02000621",100.000000000004,0,84.1950645547694,100.000000000004,84.1950645547694,2,"3",30.9304432013769,0.184713816304178,0.120439524331091,10.3410593803787,0.242223986856517,1.03648106712565,32.5150216711,59.0311833828822
"E02000622",100.000000000022,0,83.4255122378418,100.000000000022,83.4255122378418,2,"3",28.5957060447406,0.19055497382199,0.121684245597335,11.4963326035221,0.288931556401713,0.951204378867206,28.8951165159448,46.9254648262732
"E02000623",100.000000000033,0,27.1778120715295,100.000000000033,27.1778120715295,2,"1",32.8201926764105,0.220034103410341,0.134438629577243,14.1105366965268,0.341970454188276,1.078385352821,32.3334739902562,48.450638220965
"E02000624",100.000000000002,0,32.2441810718144,100.000000000002,32.2441810718144,2,"1",35.0235847346452,0.240546094215862,0.155002146690519,12.2709581395349,0.493374597495528,1.26138366129994,31.5817412045319,42.1860447227191
"E02000625",99.9999999999653,0,2.36437422796511,99.9999999999653,2.3643742279651,2,"1",37.4354789686312,0.258499643536122,0.158241326045627,19.2436711026616,0.470480038022814,1.08869676806084,37.3889698193916,45.4173254515209
"E02000626",100.000000000012,0,9.71475643475382,100.000000000012,9.71475643475381,2,"1",42.6201363583207,0.306729622266402,0.211952403227693,20.7208332358788,0.496349783651035,0.966695240322769,40.7058273886095,38.2767286867033
"E02000627",100.000000000005,0,79.6968901376187,100.000000000005,79.6968901376187,2,"3",31.6392942491364,0.20157315586263,0.118178419020524,12.561591648039,0.221359479780532,1.33557264783581,31.7876051615525,48.8460368827474
"E02000628",99.9999999999951,0,91.1315496619391,99.9999999999951,91.1315496619391,2,"3",44.1522125533465,0.288025085874883,0.183621213698345,19.1739310919121,0.536476631622775,1.54295773914854,39.6344273966899,53.9418198188821
"E02000629",99.9999999999939,0,49.1305938300392,99.9999999999939,49.1305938300392,2,"3",24.9180294794521,0.140677808219178,0.0937738082191781,9.12347298630137,0.0967172602739726,1.34499824657534,22.9302248767123,49.7971524383562
"E02000630",100.000000000001,0,42.3169767798748,100.000000000001,42.3169767798748,2,"3",22.3735372037014,0.132160096336671,0.0912827988338192,5.51499708454811,0.0845965268094815,1.09357206236532,20.8751225757384,42.1171336037521
"E02000631",99.9999999999924,0,3.62057175790615,99.9999999999924,3.62057175790615,2,"1",23.3180609158235,0.158335558568895,0.105770522582664,6.0699354333994,0.130267862730781,0.903151350787525,25.515305309273,38.4995815166371
"E02000632",99.9351605219585,0,100.000000000015,100.000000000015,99.9351605219585,2,"3",21.2403595794654,0.116717928643328,0.0743555530701264,6.38256011631809,0.182169332289453,1.27023957051784,20.7790136450062,43.372909517951
"E02000633",100.000000000007,0,100.000000000007,100.000000000007,100.000000000007,2,"3",39.1755471516815,0.261229512697323,0.154381606039808,14.2770785175017,0.416528071379547,1.66335717227179,35.2942561427591,47.772508030199
"E02000634",98.2231271496651,0,97.7344332660269,99.9999999999359,95.9575604157561,2,"3",33.7496095295175,0.208217410848067,0.13672700029967,9.75164698831286,0.708722954749775,1.47719703326341,32.1433383278394,42.0941573269404
"E02000635",99.999999999982,0,61.9512065459195,99.999999999982,61.9512065459195,2,"3",30.995215165962,0.181641450031483,0.127119816497256,10.7666633084465,0.238917963479356,1.58098821624539,28.6515836106863,45.2247126922731
"E02000636",78.5547578238243,0,99.9999999999997,99.9999999999997,78.5547578238243,2,"3",16.0853855830922,0.0789971065542836,0.0526170587495282,5.21699924518807,-0.274215247200906,1.11632293370235,16.5962991571267,42.0194835828406
"E02000637",100.000000000047,0,83.4457121476185,100.000000000047,83.4457121476185,2,"3",23.6356699220893,0.1462479973664,0.0963227257763634,7.93850246900033,-0.160901788653572,1.1920459782728,23.4764864479315,46.4455065291342
"E02000638",99.9999999999968,0,56.602568321427,99.9999999999968,56.602568321427,2,"3",31.0642666236281,0.205645393341326,0.133564696117311,15.584342432906,0.4260491561376,1.01003117218482,32.0553440007378,39.148593747118
"E02000639",100.000000000001,0,57.9807337650123,100.000000000001,57.9807337650123,2,"3",34.1586335616438,0.241450714711138,0.152821322215605,19.0565509231686,0.253783055390113,0.803288266825491,35.9377048838594,46.8181687016081
"E02000640",100.000000000001,0,76.4316279229613,100.000000000001,76.4316279229613,2,"3",16.7825588721339,0.125393203883495,0.0788217310473043,6.00229095228259,-0.195169902912621,0.525236108242099,18.1616478000413,36.9732016112373
"E02000641",99.9999999999943,0,16.2811826249669,99.9999999999943,16.2811826249668,2,"1",37.9282715526843,0.289194029850746,0.188785475607039,21.0874450879929,0.445956449097795,0.780399198039653,39.0398733570951,31.9041809979951
"E02000642",99.9999999999961,0,0,99.9999999999961,0,1,"1",24.941323610123,0.175938001829454,0.117833214757597,9.28789694074601,-0.0136172375241386,0.865218823051123,27.7807707084053,38.1865906088017
"E02000643",99.9999999999811,5.14639252242938,0,99.9999999999811,5.14639252242938,2,"1",26.9894629544409,0.184562908421537,0.1118420616659,10.300279245283,0.0285606994937874,0.954285780027612,28.693443902439,45.326987942936
"E02000644",99.9999999999923,9.04952045140465,0,99.9999999999923,9.04952045140465,2,"1",23.513037348997,0.156928626842514,0.105363958772027,5.99470985259891,-0.0318484982821678,0.924469466917877,28.3124303446747,39.6379530089771
"E02000645",100.000000000008,0,0,100.000000000008,0,1,"1",24.1696769118566,0.160888622629715,0.112243696603459,7.14352729735362,0.0484574911439883,0.971426755574078,27.3683077724526,35.8904805167743
"E02000646",100.000000000002,64.2090804923622,0,100.000000000002,64.2090804923622,2,"2",20.8254490740741,0.128868794326241,0.0864615839243499,6.53718301812451,-0.136518124507486,0.964586682427108,26.4574404058314,40.3890795902285
"E02000647",100.000000000011,42.5217226781959,0,100.000000000011,42.5217226781959,2,"2",21.4740548993876,0.151818350831146,0.106555008748906,7.61723479877515,-0.134148731408574,0.643228237095363,28.2622755905512,33.5900891294838
"E02000648",99.9999999999949,1.1143255680699,0,99.9999999999949,1.1143255680699,2,"1",41.1043479257115,0.305662083936324,0.200919802219006,19.0576339845634,0.884164857694163,0.926568861553304,36.1799646647371,29.2252679691269
"E02000649",59.4979366112406,100.000000000002,0,100.000000000002,59.4979366112406,2,"2",28.1281352994147,0.166551478313072,0.113351118114963,9.61308622242233,0.167755290409725,1.1271786732703,31.0337308269548,49.0278180249137
"E02000650",96.5992108035956,0,0,96.5992108035975,-1.94688709598267e-12,1,"1",33.9132638888889,0.246544942348008,0.170872248427673,12.1651840932914,0.330046252620545,0.930319313417191,33.0547862945493,36.0675248951782
"E02000651",32.0940831086912,95.7615301621625,0,96.3601233152975,31.4954899555562,2,"2",24.5612796162553,0.158648054327908,0.113134095073839,9.15537792389781,-0.142784197477633,1.01144885199957,30.371956451439,37.5503174517624
"E02000652",75.6831022469357,50.4514840908285,0,84.8222797370947,41.3123066006695,2,"2",23.8250850586181,0.191194063357446,0.113229982539287,18.0415789473684,-0.159605138438513,0.431023197804939,28.6029960089798,31.5525759541033
"E02000653",99.9999999999939,98.8451449433274,0,99.9999999999939,98.8451449433274,2,"2",31.2957716049383,0.240067800040478,0.139711799230925,12.3637862780814,0.334063954665048,0.541109896782028,36.3314658975916,37.0475273224044
"E02000654",100.000000000001,17.7637050965758,0,100.000000000001,17.7637050965758,2,"1",41.1204112408928,0.310471608650399,0.183880420955245,19.7157068347404,0.355205042211172,1.10097895223777,40.9595020238233,36.0850634902278
"E02000655",97.9627521457439,23.5588029295124,0,98.6061667035762,22.9153883716802,2,"1",34.0462721426154,0.200352138102223,0.132063071194855,14.674561999323,0.346577682500282,1.02168972131333,41.7847789687465,49.7060582195645
"E02000657",99.999999999995,0,13.3441753016997,99.999999999995,13.3441753016997,2,"1",30.1612125681956,0.176,0.118324307940998,11.9251332592443,0.197356637704587,1.24312315619317,33.745995049505,47.4531249747424
"E02000658",100.000000000005,0,0,100.000000000005,0,1,"1",27.068196141112,0.183754309852723,0.129457472314191,9.22838417627583,0.165662518552346,0.740755337367279,30.6269190546866,42.8746605776915
"E02000659",71.903513726875,0,67.080053002733,96.754654443696,42.228912285912,2,"3",24.0487439055039,0.167189243528525,0.11598994722292,12.0114119125408,-0.013181703945715,0.716220658456899,28.021063583815,33.208068861523
"E02000660",100.000000000011,0,74.1158758430171,100.000000000011,74.115875843017,2,"3",25.4460787325039,0.151080384914463,0.108259622861586,8.35514978615863,0.206323192068429,0.878636275272162,29.4254406104199,47.5464580093313
"E02000661",22.0921265259868,0,25.3677248983593,45.5278111891536,1.9320402351924,2,"4",16.7248222682242,0.117720686086056,0.0741030607718468,7.91955744492089,-0.259019665828774,0.238150820641727,22.5941191778796,39.2764571935532
"E02000662",54.6649110295048,0,0,54.6649110295048,0,1,"4",26.5512850181324,0.208900271985494,0.133790571169538,13.7485613100635,0.226921464188577,0.447635426110607,29.5653449682684,31.4304258839529
"E02000663",99.669478593784,0,100.000000000012,100.000000000012,99.669478593784,2,"3",19.2311555555556,0.137842857142857,0.0851809523809524,10.7994920634921,-0.0516603174603175,0.506331746031746,24.843680952381,35.132919047619
"E02000664",80.3125365235326,0,91.475172861346,100.000000000004,71.7877093848743,2,"3",37.2818580425532,0.239222638297872,0.159966808510638,14.8457574468085,0.722833106382979,1.14493931914894,33.9835953191489,46.4398425531915
"E02000665",96.5791458343297,0,11.6320749092153,96.5791458343297,11.6320749092153,2,"1",18.1109899598394,0.121277825588067,0.0905331325301205,9.5414305794607,-0.356852409638554,0.529313683304647,22.3951183304647,39.8728584337349
"E02000666",82.367098406532,0,59.3621093301124,82.367098406532,59.3621093301124,2,"3",21.9020678615406,0.169437269120263,0.113750444657272,8.38591681488576,0.0216319605965248,0.490354768094131,26.8473951292927,30.749983718703
"E02000667",37.4783546707536,0,49.9232713103827,49.9355576879932,37.466068293143,2,"4",17.2528656997825,0.125376649746193,0.094766932559826,8.33330427846265,-0.146229296591733,0.378456417693981,21.3359467730239,31.1637924583031
"E02000668",97.9180914781016,0,0,97.9180914781016,0,1,"1",20.6802188253342,0.142727153188692,0.112000876616261,9.20569570458032,0.115082401928556,0.519002629848784,24.744124041201,28.9114001753233
"E02000669",100.000000000006,0,38.1249612828065,100.000000000006,38.1249612828065,2,"1",24.0980885410144,0.171675516593613,0.121432310582342,11.272212899186,0.0432850344395742,0.54449680651221,28.1701544145272,38.1710653725736
"E02000670",99.9999999999917,0,99.9999999999917,99.9999999999917,99.9999999999917,2,"3",37.1678937906028,0.244615651911165,0.175250793171174,19.9631343103188,0.544566701918719,1.07644825502342,33.7794644206073,45.2428930352017
"E02000671",58.2245560764822,0,38.492352427477,74.2106083915466,22.5063001124126,2,"4",22.0962932218915,0.164071215937715,0.118301465536982,11.8139829402336,0.0769859171055645,0.419292878406229,23.5681020151133,33.3092697504007
"E02000672",100.000000000001,0,100.000000000001,100.000000000001,100.000000000001,2,"3",35.0610990869124,0.208552023447187,0.162626648630369,13.9276242813663,0.462844775109909,1.09076530267163,33.5491245631834,49.8822025701725
"E02000673",98.4723662394696,0,0,98.4723662394696,0,1,"1",18.5964952175992,0.115863582018173,0.0957205882352941,6.91797728359637,-0.341982305117169,0.678558584409373,23.9762582496413,38.3426770683883
"E02000674",94.1579662786287,0,18.8762557128711,94.1579662786287,18.8762557128711,2,"1",19.0759940921623,0.156871996849153,0.108595706971249,11.1152455691217,-0.165897400551398,0.000959925167388738,22.914163942497,32.3943570303269
"E02000675",96.8619472417187,0,0,96.8619472417211,-2.44426701101474e-12,1,"1",21.0908129446867,0.149941473490934,0.107386389717696,12.468116364471,-0.0321774156529722,0.468773008951113,26.1017867798944,28.6415686252008
"E02000676",100.000000000008,0,21.2693567136816,100.000000000008,21.2693567136816,2,"1",20.9263114416139,0.158470328375792,0.103759240170814,7.36204697393609,-0.112549698129878,0.727810042703578,23.9751759681932,34.334909586217
"E02000677",99.9999999999956,0,72.0732353138532,99.9999999999956,72.0732353138532,2,"3",24.6112790040615,0.159494967331803,0.12916404732474,10.4822618753311,0.0706249337806816,0.772955500618047,29.4781981282006,34.3066063923715
"E02000678",99.3062997606685,0,0,99.3062997606685,0,1,"1",34.1519809509525,0.250195440227989,0.165169491525424,26.779590220489,0.234021898905055,0.750944352782361,35.0726220188991,31.316011099445
"E02000679",100.000000000016,0,0,100.000000000016,0,1,"1",29.6506803586322,0.21627481234362,0.140542326939116,16.8282467681401,0.297500312760634,0.82628565471226,29.2585956005004,34.8717224770642
"E02000680",100.000000000011,0,0,100.000000000011,0,1,"1",30.8587840819543,0.213329787234043,0.14865195692146,12.7594066193853,0.339473863934857,1.0375646178093,33.9605311268716,31.2890949566588
"E02000681",100.000000000001,0,28.5543955225415,100.000000000001,28.5543955225415,2,"1",33.9694921411107,0.243923856095005,0.16593293747817,27.2130594947025,0.385237163814181,0.862813948073117,30.8440721853534,30.5474610548376
"E02000682",98.2307435402962,0,0,98.2307435402962,0,1,"1",33.9108651131526,0.258138135783106,0.174386847412055,23.9524541788035,0.23305355142281,0.920181492269774,31.1738486444096,25.6080005601613
"E02000683",76.4713831610212,0,0,76.4713831610212,0,1,"1",35.1176506632975,0.250027795325332,0.188107548957675,26.0300885975995,0.528069646241314,0.676617024636766,35.2635235312697,24.8267409981049
"E02000685",99.9999999999932,0,0,99.9999999999932,0,1,"1",30.9405537199905,0.218834323746137,0.150047539814595,14.3511824340385,0.338109698122177,0.941878298074638,34.6357160684573,29.3436739957214
"E02000686",95.1076083469147,0,0,95.1076083469147,0,1,"1",40.0651401057914,0.286041231520412,0.195640444866404,30.9814703648447,0.608114742981148,0.918863284958633,37.3324460870745,27.2791539400515
"E02000687",99.9999999999881,0,0,99.9999999999881,0,1,"1",25.3072047607769,0.194683917574609,0.129794054950261,14.5769876835623,0.138499881572714,0.50001006631928,26.8187025106585,33.5148546897205
"E02000689",99.4455781875496,0,0,99.4455781875495,1.4210854715202e-13,1,"1",7.92384990825688,0.0643284403669725,0.0393275840978593,1.36230666666667,-1.20399058103976,-0.026337003058104,14.853715351682,30.4462433027523
"E02000690",42.5712889769897,0,0,42.5712889769897,0,1,"4",6.48413492352513,0.042114530225783,0.032861798980335,1.34356937363438,-1.7943969410051,-0.241153313911143,25.7574839766934,18.3477503641661
"E02000691",100.000000000002,0,0,100.000000000002,0,1,"1",8.79398998129842,0.0674668714934545,0.0566510820197702,1.40067646273043,-0.954078813785733,0.173882847982901,15.0579400213732,27.9365789473684
"E02000692",99.9999999999996,0,0,99.9999999999996,0,1,"1",6.15695128977347,0.0402897734712584,0.0259641220374493,2.53686264239885,-1.35389380646851,-0.754642398847715,19.0045029461831,32.5120433416263
"E02000693",100.000000000011,0,0,100.000000000011,0,1,"1",13.0584185798185,0.083376294714362,0.0525065670048051,7.54559295248265,-0.614435130806193,0.393592205018687,17.139638868126,42.5946528563801
"E02000694",100.000000000011,0,0,100.000000000011,0,1,"1",11.7753966960352,0.0942232378854626,0.0537893171806167,4.70224284140969,-0.47148050660793,0.236112775330396,13.4945459251101,32.3709862334802
"E02000695",99.9999999999728,2.97812654326276,0,99.9999999999728,2.97812654326276,2,"1",15.1797207685054,0.123682578972183,0.0814443658651579,10.2047471711457,-0.736234323432343,0.678623998114097,18.2768025695427,23.8286496935408
"E02000696",100.000000000007,0,0,100.000000000007,0,1,"1",20.0312119571755,0.148938169132684,0.0943715866714784,14.3187111752677,-0.206509683628052,0.477700709731745,26.7435064357031,30.5366143389871
"E02000697",99.9999999999947,0,0,99.9999999999947,0,1,"1",7.00248152534344,0.0477553292278541,0.0324471814306016,1.02867858834676,-1.20135528185694,0.0820082899099953,13.1230582662245,33.8565360018948
"E02000698",30.5062229175612,33.8427319802438,0,54.6441639043393,9.70479099346574,2,"4",5.83124049188641,0.0417970334685598,0.030137677484787,1.01358988336714,-1.47616379310345,-0.247668230223124,17.8687961460446,23.7675229462475
"E02000699",100,0,0,100,0,1,"1",6.31629620763513,0.0466242912939398,0.0374005291671916,0.960218974423586,-1.31320335139221,-0.573691193146025,18.9095747763639,30.145433791105
"E02000700",82.7763484452735,0,0,82.7763484452735,0,1,"1",24.0210700547849,0.205906282783541,0.128053735866651,21.3602693787155,0.072042312623849,0.12066837626763,24.7437703695069,24.8178223569181
"E02000701",78.0393831825563,0,0,78.0393831825563,0,1,"1",20.7514181611159,0.153969968687731,0.0982381155707373,15.882524765158,-0.507899943068602,0.853900370054085,22.7464813549673,29.7117735553658
"E02000702",40.6998983344648,0.0575903492082914,0,40.6998983344648,0.0575903492082901,2,"4",26.1843839419422,0.200367123603271,0.139034673424721,21.1148187996775,-0.138815459048497,0.907982375302384,23.5455272434051,23.3150407787121
"E02000703",91.8779648842048,0,0,91.8779648842048,0,1,"1",7.52902049389002,0.0645316955193483,0.0445057281059063,1.90886596232179,-1.2183191191446,0.202701120162933,13.744099287169,23.0056320010183
"E02000704",67.5660007187998,71.4671308410607,0,100.000000000008,39.0331315598528,2,"2",13.4947915690866,0.0984248736595587,0.0705894243806237,7.48238543079009,-0.428545051152471,-0.114381363244176,22.0767926784174,32.4187017132996
"E02000705",21.3313456721483,0,0,21.3313456721483,0,1,"4",17.5411716179159,0.130726805301645,0.0975354204753199,12.9351839579525,-0.560458295246801,0.908863688299817,16.5713538619744,21.4003125
"E02000706",30.5488923388807,0,0,30.5488923388807,0,1,"4",28.9389032258065,0.231857155838255,0.140113857337574,24.3790484325307,0.287558019082235,0.627947296683326,25.1607125851886,26.9593738300772
"E02000707",58.0355954835104,0,0,58.0355954835104,0,1,"4",27.547693778651,0.233481728880157,0.148866273739358,19.453549443353,-0.171957563850688,0.742276882776686,28.0024305173543,19.6807504911591
"E02000708",27.2065999588272,97.0325814107348,0,97.3977420933858,26.8414392761762,2,"2",8.1182347022347,0.077003393003393,0.0582907452907453,3.68967473967474,-1.05138832338832,-0.0966454896454897,15.7435045045045,19.8442425412425
"E02000709",36.7566615701207,5.34622146659118,0,39.5285522634268,2.57433077328506,2,"4",6.8819336254672,0.0615741719293723,0.0552118829746101,5.40978850367315,-0.875815569016626,-0.244800231988658,15.2637824461915,15.328383812347
"E02000710",0,0,0,0,0,0,"4",22.4579077223627,0.177747988968053,0.118899793151,17.2784856354861,-0.0232065042518961,0.440410710181567,23.2385938864629,29.3288414157665
"E02000711",6.92103603253028,0,0,6.92103603253028,0,1,"4",23.040765474553,0.165950481430536,0.109835855112334,19.4946004126547,-0.0320162769371848,0.404433287482806,22.6951603622192,40.2215002292526
"E02000712",8.28132921928883,0.785579006749782,0,8.67256002603047,0.394348200008141,2,"4",24.1743349841151,0.179359185199028,0.127327041674453,23.8488988974024,-0.00353504017940571,0.38495869930854,23.6576952905999,29.661997850869
"E02000713",35.1053515771991,13.4730928374002,0,38.2049502756054,10.3734941389938,2,"4",9.60949112268055,0.0761461754104926,0.0576252836737418,15.3842461620611,-0.652229875851021,-0.0930922440261647,14.8350571352289,18.2130654118275
"E02000714",100.000000000015,0,0,100.000000000015,0,1,"1",29.4024012286196,0.203261503252228,0.126256685136112,17.8038394362804,0.123608407612623,0.89965827511443,38.7060716694772,29.3737227174175
"E02000715",100.000000000004,0,0,100.000000000004,0,1,"1",35.6290077459334,0.229875032274722,0.146298347534211,24.0272627162406,0.312449651432998,1.02068461141234,44.5302322489027,34.6204595920475
"E02000716",99.9999999999876,0,0,99.9999999999876,0,1,"1",34.8944973613078,0.222638177371605,0.137420903591196,22.4349732269275,0.273301068348565,1.15783305444716,42.3238605998198,35.3051683614365
"E02000717",99.9999999999766,0,0,99.9999999999766,0,1,"1",33.039132863904,0.226292392935473,0.12941105852476,24.4773639616761,0.21487948747547,0.683589749509408,44.7724715456539,36.1573247143022
"E02000718",99.1968050082417,0,26.8891843650375,99.999999999985,26.0859893732943,2,"1",40.6844802093117,0.289531463840064,0.174617201127063,25.5687305782906,0.376942036763719,1.02505098618006,46.3038452971958,28.760420233463
"E02000719",100.000000000001,0,0,100.000000000001,0,1,"1",33.7615569076593,0.194377356239561,0.130045096635648,19.4488416845622,0.397020639465521,1.42744070627535,41.7444940348366,31.4465325697924
"E02000720",100.000000000002,0,0,100.000000000002,0,1,"1",26.5796805214922,0.176217761714212,0.111453465857751,17.0942653930554,-0.015218794372015,0.794460436297922,38.6792487414483,29.6701441848457
"E02000721",100.000000000007,0,0,100.000000000007,0,1,"1",35.1507685260586,0.221636400651466,0.140242874592834,23.1535194421824,0.392520867263844,0.827425183224756,45.269213762215,37.8763673656352
"E02000722",99.9999999999964,0,0,99.9999999999964,0,1,"1",29.87941325676,0.185937544867193,0.120185690356545,13.9649095477387,0.346850681981335,0.964999521416607,39.3382172768605,36.9867218234027
"E02000723",99.9999999999923,0,14.4325195950475,99.9999999999923,14.4325195950475,2,"1",27.9373286821705,0.182687186502508,0.102109074327405,17.3339655266758,-0.0447269493844049,0.746807113543092,42.9131125398997,37.0370837209302
"E02000724",99.9999999999885,0,0,99.9999999999885,0,1,"1",28.6544690150684,0.20161880051891,0.1151583674284,21.1758587965273,0.0153180321325217,0.532838738648837,43.5365325815787,30.9016126135116
"E02000725",99.9999999999974,0,5.00530152296736,99.9999999999974,5.00530152296736,2,"1",33.3791926860565,0.189578485885372,0.115009623609923,12.3512352437981,0.229452309666381,1.45490953806672,40.5013920017109,48.4572619760479
"E02000726",99.9999999999876,0,41.926135592994,99.9999999999876,41.926135592994,2,"3",32.3254849148552,0.181769369764004,0.10059261895636,13.8181554509117,0.286249301867163,1.59514844220555,42.9295977659749,42.9340997097958
"E02000727",100.000000000015,0,0,100.000000000015,0,1,"1",30.8032145553196,0.191878509082331,0.115501769285209,20.3502250530786,0.102195447039396,0.917515215852795,45.8383380514272,32.766211960368
"E02000728",98.5090504567285,0,99.9999999999906,99.9999999999906,98.5090504567285,2,"3",27.757837808418,0.17574068698597,0.100584421867441,19.3846087324625,0.0760110062893082,0.815836840832124,43.0157152878568,31.4621243347847
"E02000729",100.000000000004,0,0,100.000000000004,0,1,"1",28.8472878223693,0.186050199972418,0.120496621155703,15.9523959453868,0.104260515790925,1.04355606123293,38.3415468211281,32.1121224658668
"E02000730",99.9999999999965,0,0,99.9999999999965,0,1,"1",28.3257339869281,0.189457298474946,0.103385185185185,18.9118041394335,0.0711311546840959,0.714339106753813,43.1547216775599,33.3687504357298
"E02000731",100.000000000001,0,20.8137402549763,100.000000000001,20.8137402549763,2,"1",31.7649308199461,0.171957377658093,0.0946765716408209,20.8437451945399,-0.00737190082644628,1.27799322128331,45.7134681957471,43.9485710836661
"E02000732",100.000000000002,0,0,100.000000000002,0,1,"1",39.0100980783629,0.265464187671575,0.155268654854006,29.3868362864986,0.27670314449713,1.07260569004243,45.9489543299226,32.4255841028201
"E02000733",99.9999999999948,0,14.1600790814897,99.9999999999948,14.1600790814897,2,"1",34.4282282958199,0.252318327974277,0.155183474617558,21.2197076878106,0.319526454253142,0.667575855013154,40.9567429601481,32.0439057780376
"E02000734",100.000000000003,0,0,100.000000000003,0,1,"1",34.4707103853024,0.252834651696861,0.147690737433019,19.547081653483,0.281003062005614,0.879838989538147,41.9400849706558,32.6503235519265
"E02000735",100.000000000002,0,0,100.000000000002,0,1,"1",32.7611038104543,0.21053236443576,0.118199560332193,22.8556345872008,0.139945163654128,1.22732767464582,41.098375061065,35.8719563996092
"E02000736",99.7654694677402,34.9568014457583,83.8186582037903,99.9999999999999,118.540929117289,3,"3",36.6889346484461,0.24105223716112,0.147462309896407,30.9660727352876,0.43861152744104,0.925746638748072,42.235752810227,33.454041216663
"E02000737",100.000000000007,0,42.3180513360964,100.000000000007,42.3180513360964,2,"3",32.4926760301458,0.215498189292356,0.136934716648723,22.3654152882451,0.195090339630028,1.07783077224234,37.2548191249878,35.310871097191
"E02000738",100.000000000011,0,0,100.000000000011,0,1,"1",25.3260478562148,0.15925140753573,0.093398765699437,18.7745175400606,-0.283121697704634,1.0716807059333,35.5048317453443,34.1303081420528
"E02000739",100.000000000012,0,0,100.000000000012,0,1,"1",33.6243439104674,0.226625938117182,0.140121658986175,18.9240400263331,0.510571823568137,0.883826991441738,41.2639884134299,34.9019797235023
"E02000740",79.2691030139897,0,49.6891405948364,93.7596596100982,35.1985839987279,2,"3",36.8442012489356,0.25350482543287,0.174822736304286,20.6345248367868,0.602164632415555,0.864138092534772,42.7230800454158,26.3544156968493
"E02000741",99.9999999999948,0,0,99.9999999999948,0,1,"1",30.8180370996843,0.214105886332882,0.126316869643663,21.495149526387,0.145067771763645,0.841160802886784,36.815902232747,37.8396632837167
"E02000742",100.000000000007,12.5659536511994,0,100.000000000007,12.5659536511994,2,"1",33.3024313113807,0.229252455228192,0.133633391103408,24.5470461005199,0.323993067590988,0.813458232235702,41.3645060658579,33.9940256499133
"E02000743",80.2423453827859,0,0,80.2423453827859,0,1,"1",45.4708983124189,0.307943206404154,0.199813608827347,26.4769911293812,0.580776828212895,1.40593606663782,44.6916815231502,34.7122101903938
"E02000744",100,0,0,100,0,1,"1",37.6796059184813,0.245731769960916,0.150711334450028,25.7749562255723,0.450091345616974,1.14562936906756,39.0271657174763,44.1582740368509
"E02000745",66.8081447183191,0,0,66.8081447183191,0,1,"1",33.1977648924921,0.224622606039243,0.143829044765597,23.0411869345553,0.392990600399483,0.903197744095876,40.5244746798261,26.044400540477
"E02000746",22.5673051530548,96.0338660034261,0.704784375744224,98.4016937909701,20.9042617412551,3,"2",32.5386633291615,0.227422778473091,0.141123904881101,18.6437256570713,0.417504130162703,0.634248060075094,43.249903379224,21.9423178973717
"E02000747",84.6339793777706,0,17.5101517202998,88.8680046316698,13.2761264664006,2,"1",34.7087866734659,0.214815570287268,0.129053459119497,22.2327473227945,0.559751147373789,0.945279109297977,43.5039789223185,32.6245881353051
"E02000748",5.23754650634406,4.7954278503476,0,10.0329743566917,-1.77635683940025e-15,2,"4",29.3767196420306,0.175425860206758,0.112136861595433,17.6862711001389,0.0668710075605616,1.01523900632618,46.2082979478476,24.1100138867459
"E02000749",77.7295195831516,0,0,77.7295195831516,0,1,"1",47.1086840677966,0.31704395480226,0.198110508474576,27.6289073446328,1.00388350282486,1.70788372881356,40.2348567231638,26.2028653107345
"E02000750",43.9526882441572,6.27722710473034,0,45.4716591386518,4.75825621023576,2,"4",25.7326288667929,0.18987720959596,0.110680318813131,12.8871017203283,0.180243686868687,0.432680634469697,38.9736141098485,26.0075621843434
"E02000751",24.0135849267964,0,0,24.0135849267964,0,1,"4",7.6842375711575,0.0536644212523719,0.0503659392789374,3.21178387096774,-1.00370578747628,0.0495746679316888,22.0456490512334,16.6470729601518
"E02000752",32.8834940432894,0,1.7502258028215,34.6337198461109,0,2,"4",31.3453761206194,0.23807688128226,0.184728742189622,30.2900734854659,0.369912252105406,0.250211219777234,30.5530463189351,17.6423311600109
"E02000753",99.9999999999997,0,0,99.9999999999997,0,1,"1",25.7835453856645,0.184758296711623,0.144368237611759,25.2986113047431,0.164228974086983,0.514557811789665,28.8973064100621,16.6239001363843
"E02000754",7.17273850087169,0,4.5049726628902,11.0395707138099,0.638140449952004,2,"4",17.0181206972965,0.131492244053775,0.0926197370364899,12.7994310828778,-0.319748264145369,0.455673363864677,23.9508080957305,16.6484163096469
"E02000755",0,0,16.664127204226,16.664127204226,0,1,"4",18.2725744680851,0.127522340425532,0.108031914893617,16.7999446808511,-0.578437234042553,0.491842553191489,25.1761680851064,19.1651382978723
"E02000756",25.0436810086288,0,14.7651636430903,39.8088446517191,0,2,"4",19.4099520226477,0.135513149072488,0.0952239439767563,16.2142779557476,-0.266961633017954,0.662651568203829,27.1778731282128,20.7615227594427
"E02000757",99.9999999999982,0,31.3723529435992,99.9999999999982,31.3723529435992,2,"1",11.2195193958665,0.074227106518283,0.0554903815580286,3.46838147853736,-0.479882591414944,0.174116454689984,23.0913788553259,26.5832873608903
"E02000758",3.66073169891674,0,37.6735771684168,41.3343088673336,-7.105427357601e-15,2,"4",17.9655277686494,0.160509530069011,0.108169733815314,13.8679023989484,-0.501620440354913,0.395205882352941,21.5924817614196,14.4595721327637
"E02000759",37.48302031614,0,96.3289801429149,97.875827978388,35.9361724806669,2,"3",17.8757041343669,0.115917388660891,0.0801681866545068,11.1242475300198,-0.526207250341997,0.426811521507828,30.8905770633835,30.0661987384101
"E02000760",2.10194106462597,0,86.8925723777294,86.8925723777294,2.10194106462598,2,"4",21.2473652551879,0.180280005608525,0.113468592260236,13.7771971396523,-0.28264666292765,0.667318143578239,25.7396653112731,16.4324099831744
"E02000762",70.5349875032722,0,40.4608938640177,89.8041746641209,21.1917067031691,2,"3",12.0208114692087,0.103760175518233,0.0717892268119231,5.30591042517779,-0.74908579210168,0.102144045997882,24.8206516870934,17.7879202602512
"E02000763",7.537121394777,0,20.1843763860752,27.2411151585308,0.480382622321386,2,"4",20.8333868623149,0.152309654415798,0.10541387822271,11.8111342567197,-0.516515907844213,0.828741086121777,30.4940831047724,20.1017478058146
"E02000764",96.8046135991663,0,40.8845504238534,96.8046135991663,40.8845504238534,2,"1",12.7516347042882,0.0928472022955524,0.0627017376056113,5.30325593814762,-0.534780567511558,0.273681093575642,22.3175951697752,27.7641317551411
"E02000765",99.9999999999972,0,77.4426582356317,99.9999999999972,77.4426582356317,2,"3",14.2364235026535,0.114966338134951,0.0763764973464746,6.42619181197877,-0.718080212282032,0.449351630022744,26.0887179681577,18.3688943138741
"E02000767",83.1294576656474,0,90.067526596111,97.8757552887935,75.3212289729649,2,"3",17.8597126379759,0.125774153540866,0.0849170284013395,10.5114524370582,-0.208175368969366,0.282689073545827,27.9843893091901,29.6724364380504
"E02000768",79.7409835524098,0,28.4423796659284,79.8078487635864,28.3755144547518,2,"1",11.2069638512935,0.0640695562789104,0.0619501456227514,4.38587647764262,-0.887378105191023,0.504422305979099,24.4598151447661,24.7148994346411
"E02000769",85.8768922090115,52.4078159804687,0,89.1493926728812,49.135315516599,2,"2",21.0749877046609,0.170656169625494,0.107110908976852,11.9099698889656,-0.28150323066307,0.698523931999247,27.8279941659871,20.5611113480961
"E02000770",39.6242441061876,21.5125655086799,0,58.2080989970509,2.92871061781659,2,"4",18.9555887451325,0.150115060921995,0.0929309132018591,9.54952857681196,-0.471168823012184,0.490001381735963,30.3830856676297,25.2721496043211
"E02000772",55.7823694296009,78.9699707604562,0,78.9699707604562,55.7823694296009,2,"2",23.3292574652382,0.163157510827445,0.107494871210394,10.6265748803282,-0.203939708228858,1.00441235468429,33.9792573512651,21.3602980396626
"E02000773",100.000000000014,0,0,100.000000000014,0,1,"1",18.568429288871,0.161725592607473,0.100154479710727,9.33500261149056,-0.617681799919647,0.340434913619928,31.973737243873,17.2087334270791
"E02000774",84.8237561033655,90.8200069543551,0,99.9437218659301,75.7000411917905,2,"2",25.4632916887945,0.194035979819437,0.125882766861391,16.892866834838,-0.169718799787573,0.57371375464684,31.6494965480616,29.6272465480616
"E02000776",100.000000000003,0,0,100.000000000003,0,1,"1",20.4724446074835,0.16142920029347,0.107253998532649,8.44519060895084,-0.326725605282465,0.483731768158474,30.1653602347762,26.0891112252384
"E02000777",94.9335564774069,0,26.1670008455116,98.1709330690977,22.9296242538207,2,"1",19.9272654707044,0.110320276497696,0.0864320276497696,6.70177830809743,-0.279194865042791,1.22088314680711,27.7727297564187,28.3440347267939
"E02000779",85.5892948164511,0,0,85.5892948164511,0,1,"1",32.1340378814868,0.203140244626529,0.15239437121482,11.3566125163282,0.0291888136800855,1.12213905711911,40.0803710960694,37.3076578791117
"E02000780",97.7036281689047,0,0,97.7036281689047,0,1,"1",28.3606291517471,0.200695764909248,0.117137239165329,17.3543716508211,-0.172363254722805,0.911706568712187,37.8305603778244,32.7639536362514
"E02000781",89.1767558069581,13.7955755601958,0,89.1767558069581,13.7955755601958,2,"1",20.4798281239452,0.162748801728212,0.102561533787889,13.4690996422062,-0.543305542428948,0.759145682846149,29.5328314993587,18.1437742523459
"E02000782",85.2509063022091,0,11.5669607832745,87.9081242971248,8.9097427883588,2,"1",34.0805993403958,0.24389886068359,0.133634519288427,21.1377904257446,-0.0381838896662003,0.954475314811113,44.792275134919,34.1101659004597
"E02000783",64.181897600157,0,34.9590119966897,64.181897600157,34.9590119966897,2,"1",35.2234442062961,0.284682116543871,0.165227193569993,22.2225533824514,0.133522839919625,0.868900468854655,38.9035820495646,22.2633950435365
"E02000784",94.7924198920763,0,91.884817837582,99.9999999999948,86.6772377296636,2,"3",10.6164740894285,0.0732803277070378,0.0576717994274997,5.08782232750962,-1.58950834073635,0.199392162669036,17.673602901984,30.7778825387425
"E02000785",99.6994342642756,0,0,99.6994342642756,0,1,"1",6.53193166994513,0.0394127756496532,0.0358095040894503,0.492496014080133,-2.06477068019464,0.122883114194016,16.6287310280567,29.7720824101874
"E02000786",99.0927264832264,0,63.9446263996461,99.9999999999976,63.0373528828749,2,"3",11.2146916264796,0.0836758439281017,0.0614401578255151,4.19985120561157,-1.28264743533538,0.462867952652346,17.8229269618588,28.3259893029373
"E02000787",99.9999999999979,0,0,99.9999999999979,0,1,"1",13.6457876652749,0.100302800974252,0.0714477209464161,5.43710699373695,-0.962924495476687,0.227659359777314,23.5961433542102,35.4408301148225
"E02000788",99.9999999999954,0,0,99.9999999999954,0,1,"1",6.69897159856309,0.0529698024247867,0.0398524921418949,1.18115267175573,-1.65785743152223,-0.130713515940727,15.15987831163,31.1330589357881
"E02000789",60.0186611856452,0,0,60.0186611856452,0,1,"1",10.2941926268752,0.0785954356846473,0.0609885094158953,3.35144462176827,-1.35551787424194,0.0647325247366741,17.8299178104054,31.0182014044047
"E02000790",100.000000000005,61.8665358208634,0,100.000000000005,61.8665358208634,2,"2",5.8144619149587,0.0376066075252371,0.0328092688895687,0.588672682777608,-1.81192704190884,-0.260789996940961,13.0616446925665,33.4485110125421
"E02000791",96.6383969334838,0,0,96.6383969334838,0,1,"1",6.81388091579594,0.030930393362016,0.0237656730178242,0.514076674861709,-2.03288660110633,-0.100094499078058,19.4582688998156,36.7458638598648
"E02000792",99.9999999999947,2.63582581212414,0,99.9999999999947,2.63582581212414,2,"1",7.05094523241118,0.0409977531245612,0.0339293638533914,0.55487375368628,-1.77470172728549,-0.0799792164021907,19.001602443477,34.9893781772223
"E02000793",100.000000000007,23.5267384714742,0,100.000000000007,23.5267384714742,2,"1",12.1524741699628,0.0965344600263694,0.0707583603020496,7.02471149466619,-1.16955040153422,0.258859043509529,19.8612585400935,25.76762843102
"E02000794",100.000000000002,89.3076012228907,0,100.000000000002,89.3076012228907,2,"2",7.12379619326501,0.0440874084919473,0.0420090775988287,1.82336676427526,-1.80676456808199,-0.0488515373352855,19.4664837481698,30.554455636896
"E02000795",18.4833492536731,0,0,18.4833492536731,0,1,"4",8.9011045704368,0.0442529649985537,0.0432729245010124,2.67250752097194,-2.11975238646225,0.285577523864622,23.9729532831935,23.9098333815447
"E02000796",100.000000000004,0,0,100.000000000004,0,1,"1",16.6216064570783,0.132810523343373,0.0935317206325301,13.9131731927711,-0.810430252259036,0.218085184487952,24.6503522213855,23.9499426769578
"E02000797",99.9999999999953,9.86465263768596,0,99.9999999999953,9.86465263768596,2,"1",7.76051908801697,0.0492480116648993,0.0385512990455992,1.35128645281018,-1.50409040296925,-0.10132211028632,15.4179733563097,39.4733852067869
"E02000798",87.3316580345686,0,0.00276021577592722,87.3316580345686,0.00276021577592189,2,"1",10.5174579324463,0.0765012282497441,0.0622225179119754,4.30619754350051,-0.997358751279427,0.164705629477994,20.8937354145343,24.4034832139202
"E02000799",99.3551638593103,0,25.6832777693669,99.9999999999955,25.0384416286817,2,"1",6.58813519248257,0.0432668990603213,0.0435847226432252,0.539721279175508,-1.68889951500455,0.0178401030615338,18.6917206729312,23.7504757502273
"E02000800",99.8076677842974,0,1.97146506497166,99.8076677842974,1.97146506497165,2,"1",16.8707801549244,0.139992622648469,0.106265953522685,11.7563611213574,-0.74626337144965,0.0163393581704168,26.1101125046108,20.2607089634821
"E02000801",95.6689604000897,0,95.6868449038632,100.000000000011,91.3558053039423,2,"3",6.18972671242471,0.0496117103235747,0.0417709763272167,1.15527104636504,-1.48884577671943,-0.35863748424149,17.4692300042023,26.9259033478078
"E02000802",99.9999999999979,0,61.3390941859643,99.9999999999979,61.3390941859643,2,"3",8.46985492596811,0.0712444476082005,0.0552464407744875,1.29346141799544,-1.16034467539863,-0.0432937072892939,18.1310956719818,27.6239820615034
"E02000803",93.2317807753403,0,0,93.2317807753403,0,1,"1",18.2449440741512,0.135646219537596,0.108333680483233,10.3296243490939,-0.738688294105395,0.293968652364091,30.0938365965424,17.4628023328473
"E02000804",20.4671035781729,0,59.6725360295593,60.5759555270851,19.5636840806471,2,"4",7.7024337299959,0.0628288879770209,0.0468912597455888,1.1636896457393,-1.47080180549856,-0.283876213924224,20.2016927916838,24.5580447271235
"E02000805",49.5587482903054,0,14.470496818069,60.030731787872,3.99851332050244,2,"4",9.96061223773154,0.0739327539285401,0.0623997015187429,2.29264305153191,-1.19926678957071,0.247531296637696,20.5626680712843,25.2990720744447
"E02000806",10.6738904490593,0,35.1795891615865,44.8550870525298,0.998392558116038,2,"4",9.79409830475448,0.0714540140296181,0.0585008768511302,4.76489857755261,-1.53861779033515,0.278400136399065,17.5314732073266,22.6757945245518
"E02000807",99.9999999999987,73.3221574285261,0,99.9999999999987,73.3221574285261,2,"2",14.535965702979,0.0923786962734968,0.0618607233153787,11.4203945256678,-0.22166043750687,0.165459931845663,25.6902232604155,26.6634975266571
"E02000808",99.9999999999903,0,0,99.9999999999903,0,1,"1",21.8666550758234,0.140563701342606,0.0877138993528446,8.06329237902057,0.195226407804501,0.119420457838308,28.2050630735053,52.1220870279146
"E02000809",100.000000000007,0,23.9916775853177,100.000000000007,23.9916775853177,2,"1",16.9198497127306,0.0875685666767463,0.0552171152101603,11.8827016933777,-0.286057605080133,0.0184919110976716,21.8290275173874,50.2899410341699
"E02000810",99.9999999999943,12.3255277371556,67.7440473629638,99.9999999999943,80.0695751001195,3,"3",31.7096007055805,0.218429441949968,0.125638790891597,14.1400789769083,0.571254570237332,1.10480067350866,31.1117149615138,41.5362347658756
"E02000812",100.000000000003,0,53.2577553243628,100.000000000003,53.2577553243628,2,"3",29.5236656009028,0.191601184878691,0.118386590182434,12.5612619898439,0.403466146323115,0.97501325935678,32.1745026330638,44.7346463231145
"E02000813",97.8037083240063,100.000000000029,0,100.000000000029,97.8037083240063,2,"2",34.7930489919158,0.239891204831012,0.150840167527028,14.8475430018506,0.47793600857115,1.29801490211357,33.2743862861595,38.902914483296
"E02000814",100.000000000018,84.4343264640222,0,100.000000000018,84.4343264640222,2,"2",19.6954367917263,0.11724557157003,0.0735045659588514,10.0635088568599,-0.0217070084717791,0.633960501705358,26.3554626471559,36.7592899108813
"E02000815",100.000000000004,0,2.5490243919491,100.000000000004,2.5490243919491,2,"1",26.2240769013687,0.119240016932411,0.0727094680400734,15.1687351488641,-0.137130379568223,1.2092810780302,30.4993788627064,61.2168882460844
"E02000816",99.9999999999884,24.5902121522279,95.7540211519766,99.9999999999884,120.344233304205,3,"3",34.5616420121284,0.227160552738841,0.151165622825331,21.1421687046426,0.351982006163635,1.09147221393777,33.0192123471518,42.9524169400537
"E02000817",99.9999999999888,91.3476826027254,14.6189324656057,99.9999999999888,105.966615068331,3,"2",43.0777235580264,0.30690298818624,0.197488533703961,27.7856682418346,0.939780542043086,1.03883697011814,37.3104293259208,30.0681327310632
"E02000818",99.9999999999857,0,72.232034591872,99.9999999999857,72.232034591872,2,"3",39.0049275022778,0.244445398932709,0.153724977222439,16.8794534686971,0.635703761551477,1.54688077573864,33.4706628920994,50.7471906807237
"E02000819",99.9999999999889,0,99.9999999999889,99.9999999999889,99.9999999999889,2,"3",36.669003413746,0.234442762858443,0.152237710514338,19.1740071688666,0.578174556213018,1.00005370960401,37.7205094446973,47.8056381429222
"E02000820",100.000000000013,0,93.3700939952977,100.000000000013,93.3700939952977,2,"3",31.4311577198107,0.19893896666331,0.131344646993655,14.4145160640548,0.597801893443448,0.824602175445664,34.3083685164669,45.6748024977339
"E02000821",99.9999999999977,0,99.9999999999977,99.9999999999977,99.9999999999977,2,"3",38.8009034202756,0.249274237204724,0.16542876476378,21.423109128937,0.380576771653543,1.26861983267717,37.7851074064961,47.892000738189
"E02000822",99.9999999999912,0,94.4302281057983,99.9999999999912,94.4302281057983,2,"3",38.5101041809459,0.258545716244003,0.164868677176148,20.3330555174777,0.58485236463331,1.09604030157642,37.6462349554489,45.2497366689513
"E02000823",100.000000000004,0,48.8912997414325,100.000000000004,48.8912997414325,2,"3",34.4044747777906,0.236146254184463,0.148032552233637,14.6115236061411,0.29564989033822,1.16237919889184,33.2974551541037,45.1709150409789
"E02000824",100.000000000007,0.45021657068837,57.8727903814203,100.000000000007,58.3230069521086,3,"3",36.7249840451888,0.282704786443365,0.178347141016748,18.5424979684868,0.218621742146467,0.846187493806362,40.0865366167872,33.6182693489248
"E02000825",99.9999999999973,0,55.1100189299759,99.9999999999973,55.1100189299759,2,"3",36.402617134509,0.277981008035062,0.178226442658875,15.9343676301784,0.53162579567985,0.534165918814568,42.9379043097151,29.6370330794115
"E02000826",100.000000000017,0,13.1182993282274,100.000000000017,13.1182993282274,2,"1",34.1754870751292,0.244908370916291,0.14809569904301,13.7999147508525,0.364667253327467,1.05666307336927,33.7453063469365,45.7538935210648
"E02000827",100.000000000025,0,7.64727816345526,100.000000000025,7.64727816345525,2,"1",36.4747997082688,0.24139438417358,0.157732518916948,14.2301868903273,0.504834989515908,1.08583635700611,36.7352013857234,48.1278760142219
"E02000828",99.9999999999975,0,0,99.9999999999975,0,1,"1",39.0632779205607,0.274392289719626,0.170564485981308,17.8477732476636,0.234482593457944,1.42613072429907,37.0804716121495,44.3480829439252
"E02000829",100.000000000018,0,0,100.000000000018,0,1,"1",39.0724406217255,0.267089591337758,0.185246157876353,15.1313416870416,0.886859151239958,0.96501108976598,37.1953059727559,38.7808898882291
"E02000830",99.9999999999893,0,0,99.9999999999893,0,1,"1",24.7363076093986,0.154584824315585,0.112708881224402,6.60946809657254,0.0885684414744557,1.02677602931666,26.5398293813322,42.9948328303514
"E02000831",100.000000000003,0,0,100.000000000003,0,1,"1",28.987398808923,0.179342485111537,0.125878671646311,9.00287352377107,0.396143433935601,1.24264267689512,26.8114846068436,44.0775432522459
"E02000832",99.9999999999984,0,0,99.9999999999984,0,1,"1",34.3141614500607,0.265656825189199,0.177451088479865,18.0850066336541,0.462631224890218,0.605552648790059,33.2286527141923,34.2426935438662
"E02000833",99.9877712605295,0,0,99.9877712605295,0,1,"1",21.9733797372649,0.164501086853795,0.107624704659295,10.5465713070598,-0.106660901616104,0.514505812305075,29.1276069369625,30.2649995274549
"E02000834",99.9999999999883,0,0,99.9999999999883,0,1,"1",19.8198334026622,0.123338706322795,0.0938624168053245,5.99849542429285,0.0534653702163062,0.845759047420965,18.4742166181364,41.5124750415973
"E02000835",43.4618969532896,0,0,43.4618969532896,0,1,"4",24.4986356192426,0.179794268167861,0.122005885363357,7.89673426305015,0.11728505629478,0.782745649948823,27.6212551177073,32.6917913254862
"E02000836",74.9866789047008,0,0,74.9866789047008,0,1,"1",15.2797179700499,0.111066436890896,0.081675303066318,2.74949001663893,-0.247951390539577,0.654179938198241,15.3038472783456,33.7225019015926
"E02000837",78.9275458797077,0,0,78.9275458797077,0,1,"1",9.94481191856546,0.0488093568828367,0.0367099905622219,0.523677767291358,-1.2549514628556,0.867938789267898,13.4324309019819,34.1185428070649
"E02000838",91.851834891312,0,0,91.851834891312,0,1,"1",19.9757604951561,0.138808180839612,0.100597739504844,8.493663401507,-0.0538180839612487,0.65609601722282,20.8310791173305,36.7790724434876
"E02000839",99.7588689954968,0,0,99.7588689954969,-1.4210854715202e-13,1,"1",23.7337763238351,0.158565366271249,0.107612082670906,9.69840051363581,-0.18410407239819,1.12297872080225,29.0218362480127,27.5103781337899
"E02000840",0,0,0,0,0,0,"4",28.4044317160309,0.207554223810073,0.148251469401867,32.6341033767431,0.260683300679959,0.511193730552034,23.5430031116745,25.5142905382044
"E02000841",67.8189831906426,11.9345218496236,0,67.8189831906426,11.9345218496236,2,"1",28.5950126739844,0.20623141337558,0.144730112028969,30.9306196673079,0.271626230621252,0.394566708158877,25.2605072988571,29.3321666855268
"E02000842",84.7470460474101,97.0582278062088,0,97.0582278062088,84.7470460474101,2,"2",10.4200021820049,0.0745378000256706,0.0664820947246823,13.372278013092,-0.505364138108073,0.209427672955975,15.4471769991015,14.7756678218457
"E02000843",0,0,0,0,0,0,"4",16.7673077679449,0.122964929531301,0.0817541789577188,18.4612835136021,-0.315321206161914,0.330841363487381,20.8242717141921,25.8842589314979
"E02000844",23.6837991572664,0,0,23.6837991572664,0,1,"4",20.9066423124231,0.159371709717097,0.114830381303813,20.1272728167282,0.134611931119311,0.518570602706027,19.4951857318573,18.6350622386224
"E02000845",70.1446284395965,0.0282545958740066,0,70.1728830354705,4.2632564145606e-14,2,"1",9.02360771937086,0.0842405836092715,0.0553024627483444,10.1694257036424,-0.924237065397351,-0.145298427152318,18.7487448261589,14.364515625
"E02000846",99.9999999999909,65.8366462286216,0,99.9999999999909,65.8366462286216,2,"2",11.5753018685121,0.087634740484429,0.0664489965397924,9.56508761245675,-0.610669480968858,0.340373702422145,20.0935002076125,18.4980071972318
"E02000847",91.019906842143,9.91995691607474,0,91.019906842143,9.91995691607474,2,"1",6.47337107599047,0.063323879627625,0.0533751894349426,6.95089056072743,-0.828508335137476,-0.297054882009093,14.3229896081403,11.5425484953453
"E02000848",100.000000000009,69.8844296732457,0,100.000000000009,69.8844296732457,2,"2",7.24029177026355,0.0606842366981601,0.0480346842366982,11.3355215067131,-0.933717429139731,0.0693141471904525,13.1690507210343,12.2884163351566
"E02000849",56.6167792846159,0,0,56.6167792846159,0,1,"4",14.3756256026389,0.11472227860949,0.08398756660746,10.0465300685105,-0.379757929459528,0.487876807916772,17.0857174574981,18.9857245622938
"E02000850",7.09565355226624,0,0,7.09565355226624,0,1,"4",11.9855003748126,0.0880257683658171,0.0720876124437781,12.1174473388306,-0.642385213643178,0.246808658170914,19.9166392428786,14.6883719077961
"E02000851",100.000000000006,25.0852473600561,0,100.000000000006,25.0852473600561,2,"1",23.9687990357221,0.169804514573745,0.121249835634451,15.2127131273285,0.215485864562788,0.714980056980057,22.1730374753452,29.8320074512382
"E02000852",100.000000000009,0,0,100.000000000009,0,1,"1",10.1392659629248,0.0796404479917611,0.066893666323378,9.14678166838311,-0.503346292481977,-0.0174642121524202,13.5970769824923,22.5497915808445
"E02000853",99.9999999999907,69.8384704364579,0,99.9999999999907,69.838470436458,2,"2",12.9230613481444,0.101777581418834,0.0788660691744509,11.4361724312042,-0.53506652360515,0.0526079272910881,20.2787456450391,19.488633678364
"E02000854",79.9045784324839,0,0,79.9045784324839,0,1,"1",10.6578781781101,0.083838341264446,0.0758713800135962,6.09971257647859,-0.620871244051665,0.255783684568321,13.6124134602311,17.7142920462271
"E02000855",49.7974035572879,0.413547090284737,0,49.7974035572879,0.413547090284737,2,"4",5.78935745422842,0.0505355586000747,0.0476020675052933,4.54356744301906,-1.10678876572425,-0.302090422219454,15.9110945323203,14.1663246979699
"E02000856",97.7369147086192,0,0,97.7369147086192,0,1,"1",12.5858089471914,0.094305079044736,0.0738153380423814,5.78204406323579,-0.633528422468887,0.373628321560713,16.9700787083754,28.323792465523
"E02000857",84.3352681461856,0,0,84.3352681461856,0,1,"1",11.8939465383277,0.0973477907920677,0.0611187521744173,4.09807723530094,-0.417636437434768,-0.00456036182303144,21.4620569407399,27.3115295140902
"E02000858",29.7671420420693,0,0,29.7671420420693,0,1,"4",34.1905133139676,0.266502178649237,0.191812878237715,31.1823478576616,0.391539941902687,0.864395787944808,22.8358710965868,14.2482822561123
"E02000859",86.2667975760476,0,0,86.2667975760476,0,1,"1",13.0655262417994,0.108234653233365,0.0846894329896907,7.36426932989691,-0.438561972820993,0.0497840909090909,18.0927488284911,19.3474887535145
"E02000860",64.9889748023745,0,0,64.9889748023745,0,1,"1",21.2594524040796,0.155403472559495,0.117644001942691,11.0690420106848,0.141672413793103,-0.29631629431763,30.2033088878096,29.1004278776105
"E02000861",37.2208750170003,0,0,37.2208750170003,0,1,"4",4.79817084252889,0.0348705699078281,0.0414843567441257,1.61210372582111,-1.29261183954304,-0.448750876281968,21.889104634558,8.93658470725691
"E02000863",11.5861239391114,2.44343674151634,4.07466477243496,15.3256584505961,2.77856700246658,3,"4",12.4838381962865,0.082157382847038,0.078569702328323,8.82581373415856,-0.859156203949307,0.496358384910109,24.2542281167109,10.9436796345417
"E02000864",100.000000000001,0,31.2878004200419,100.000000000001,31.2878004200419,2,"1",42.8248195945251,0.309354121642482,0.188087681383143,24.0085859833282,1.10911021920346,1.07050838736235,34.8694790573222,32.5956435113718
"E02000865",99.9999999999985,0,39.8038584455912,99.9999999999985,39.8038584455912,2,"1",44.2788628571429,0.308804952380952,0.193812571428571,22.3053975873016,0.912323682539683,1.133496,37.8007503492063,43.2378082539683
"E02000866",100.000000000011,0,42.6090423166111,100.000000000011,42.609042316611,2,"3",30.0646153255233,0.195821010178606,0.121370078740157,13.929550797004,0.25348703668139,1.37117870174765,27.6928212982524,42.5467705012483
"E02000867",100.000000000001,0,60.8162062361031,100.000000000001,60.8162062361031,2,"3",31.6380554009613,0.220697276330213,0.112167299097732,14.7158183657981,0.558876212159541,0.74906568850662,36.3310537988026,44.583297495573
"E02000868",100.000000000013,0,0.0130968207548416,100.000000000013,0.0130968207548392,2,"1",34.5197693513899,0.235217248752673,0.12711789023521,11.5448748396294,0.667347113328582,1.24409950106914,34.1019133285816,44.5209568068425
"E02000869",100.000000000008,0,0,100.000000000008,0,1,"1",40.054601946472,0.25734095701541,0.16034403892944,14.6042577453366,0.869619140308191,1.52806261151663,33.4837438767234,46.1252335766423
"E02000870",100.000000000005,0,0,100.000000000005,0,1,"1",38.9607308240081,0.278752187182096,0.159888911495422,23.2581892166836,0.867142421159715,0.957603458799593,37.0126305188199,38.755598982706
"E02000871",100.000000000014,0,100.000000000014,100.000000000014,100.000000000014,2,"3",43.460698192322,0.345213101006336,0.181224748415952,21.1626517890421,0.594196421915766,0.982587868058144,42.5914197726426,35.8147281960492
"E02000872",100.000000000016,0,0,100.000000000016,0,1,"1",36.8660875920945,0.253839550929716,0.138363700152029,13.8827513741083,0.565145246170039,1.1646403929365,37.7207684481347,48.4632989124079
"E02000873",99.9999999999971,0,0,99.9999999999971,0,1,"1",31.2951668593044,0.2250925711884,0.117812651045498,19.6590418199012,0.362147105180204,0.447305033098666,39.6784737837554,42.1194638016182
"E02000874",100.000000000004,0,0,100.000000000004,0,1,"1",40.3175054945055,0.267312687312687,0.15075024975025,24.9992628482628,0.650192363192363,1.23488689088689,40.9878321678322,42.8666701076701
"E02000875",100.000000000008,0,87.6969368227983,100.000000000008,87.6969368227983,2,"3",43.9343805746661,0.327283690813436,0.180111371914205,23.6351520841764,0.777470093079725,0.929687980574666,44.6734258195063,35.0913362201538
"E02000876",99.9999999999997,0,0,99.9999999999997,0,1,"1",42.05572109375,0.265690885416667,0.15615,18.050384375,0.758245963541667,1.30034895833333,38.69883359375,56.3574552083333
"E02000877",99.9999999999908,0,1.47589955223729,99.9999999999908,1.47589955223728,2,"1",43.6585344436033,0.312494490705694,0.175303557910674,24.9001065690975,0.664071242324838,1.28754293885104,42.0121044663134,34.6579327109092
"E02000878",99.9999999999984,0,0,99.9999999999984,0,1,"1",36.8428759587411,0.227330953010667,0.141205060389668,16.2551005906727,0.534702900467249,0.951588204178789,39.8438921801992,52.1388351406154
"E02000879",99.9999999999879,0,0,99.9999999999879,0,1,"1",37.8333734333035,0.269003133393017,0.156709713518353,18.9719104744852,0.663010854968666,0.984816808415398,39.8033716427932,40.2576834153984
"E02000880",100.000000000001,0,0,100.000000000001,0,1,"1",42.8883172051568,0.28403421932198,0.149327073054273,18.0464082444692,1.06623810281713,1.55574152474932,39.1515392328505,42.1178707623747
"E02000881",99.9999999999906,0,54.6455521070339,99.9999999999906,54.6455521070339,2,"3",51.0237665638495,0.367498704503393,0.212736088834053,36.4731480567551,0.8532974706971,1.12682072794571,43.4664708204812,33.5249774213448
"E02000882",99.9999999999888,0,0,99.9999999999888,0,1,"1",42.4378998219937,0.319794007120253,0.187002472310127,26.0932065862342,0.906227452531646,0.651571993670886,41.6581935324367,32.4749335443038
"E02000883",100.000000000001,0,8.57282494932055,100.000000000001,8.57282494932055,2,"1",52.8045624449339,0.367047246696035,0.24655936123348,38.1715327092511,0.970379074889868,1.07132973568282,40.5407441629956,35.9106613436123
"E02000884",99.9999999999864,0,0,99.9999999999864,0,1,"1",30.7073905908096,0.19047492706054,0.0965084792122538,13.0701974835886,0.277348741794311,0.556749817651349,37.2970919037199,64.9981280999271
"E02000885",99.9999999999954,0,0,99.9999999999954,0,1,"1",41.4116124143257,0.318711844772661,0.169005309392799,21.4077846317212,0.63847041220195,0.889262670141906,41.1713397046047,40.6453506129935
"E02000886",99.9999999999967,0,0,99.9999999999967,0,1,"1",31.5393863554758,0.227291801316577,0.129552842609216,15.3301710353082,0.282166128067026,0.818453500897666,35.9140830640335,41.2096823459007
"E02000887",100.000000000007,0,0,100.000000000007,0,1,"1",45.307522985133,0.341829812206573,0.193476134585289,27.7145091940532,0.913517214397496,1.02194835680751,41.1443677621283,29.9532675078247
"E02000888",99.9999999999855,0,0,99.9999999999855,0,1,"1",31.3165786558898,0.206594970812753,0.104989223170184,16.7287540787307,0.183365963179165,0.889515940727436,40.2797290824727,45.54364900464
"E02000889",99.9999999999944,0,0,99.9999999999944,0,1,"1",27.9876401524778,0.210833036848793,0.127977255400254,14.5466951715375,0.248760991105464,0.282644091486658,35.9222087674714,34.0352711562897
"E02000890",100.000000000011,0,0,100.000000000011,0,1,"1",11.8021068166993,0.0714885844748858,0.0499791258969341,3.8197915851272,-0.472026908023483,0.0245888780169602,22.6045260926288,41.9111896607958
"E02000891",99.999999999989,0,0,99.999999999989,0,1,"1",22.669753076403,0.167915956727519,0.0842287356321839,9.84896504394861,0.190459229208925,-0.0259176470588235,36.4714212305612,36.1952268424611
"E02000893",99.9999999999958,0,0.954015649934495,99.9999999999958,0.95401564993449,2,"1",25.9494439037578,0.216590835360908,0.131701811300351,15.492431197621,0.365375236550419,0.196153690186537,31.01282900784,16.8013254933766
"E02000894",100.000000000001,0,0,100.000000000001,0,1,"1",17.3350922238732,0.132982565626548,0.0787110450718177,10.68184952947,-0.161526399207528,-0.36137097573056,28.0107542347697,33.0183217434373
"E02000895",65.2841839225907,0,0,65.2841839225907,0,1,"1",25.3261643246644,0.170529257550336,0.12202317533557,18.2677613255034,-0.0371341233221476,0.600711409395973,37.4064312080537,21.8913539219799
"E02000896",91.8650011407071,0,0,91.8650011407071,0,1,"1",18.0693661327231,0.113210199411572,0.0921012313392176,9.72827623406342,-0.262430096981584,0.733252479023646,30.184948785006,19.3273189495478
"E02000897",73.8307605675681,0,21.2071957207084,78.4209378329767,16.6170184552998,2,"1",31.1178354296462,0.211166333607617,0.165045256847302,26.0130215116962,0.287707064770189,0.73178923239685,33.3082467379805,21.8873220876925
"E02000898",100.000000000008,0,52.7997945632155,100.000000000008,52.7997945632155,2,"3",27.3856829207302,0.184187296824206,0.138047261815454,24.5048349587397,0.0920445111277819,0.537602650662666,36.5714823705926,19.6871807951988
"E02000899",100.00000000001,0,27.4276465351254,100.00000000001,27.4276465351254,2,"1",24.8523085210578,0.17023674268924,0.11531215894781,20.4678123688261,-0.111132782985868,0.927596893801595,29.6360061564293,25.6953630894081
"E02000900",89.0456674749797,13.4125756788238,14.4851648859095,95.7196821268891,21.2237259128239,3,"1",31.346480486685,0.215818526170799,0.143951101928375,22.2409111570248,0.156808080808081,0.751338154269973,39.8317582644628,25.0199842745638
"E02000901",77.4361385933803,0,92.5319284568173,100.000000000016,69.9680670501812,2,"3",17.9463470985419,0.119092964086506,0.0896816713964184,9.65434122712594,-0.316254917310891,0.566348566395929,28.0356682649966,26.3796914570897
"E02000902",67.0122439081223,0,91.9878173843399,99.9999999999986,59.0000612924636,2,"3",27.9551271147691,0.183824645633288,0.124626314586191,19.5029147233653,-0.118641975308642,0.763782578875171,39.0072322816644,29.644435299497
"E02000903",51.7285197334789,28.0070105363741,0,62.5013662469993,17.2341640228537,2,"4",40.4618568950564,0.293742844752819,0.184377601908066,27.6929028620989,0.504102450130095,1.12206016912402,36.2554197745013,33.9557071769297
"E02000904",100.000000000002,0,33.1976410249732,100.000000000002,33.1976410249732,2,"1",24.6357835708493,0.160280848105666,0.103836056076932,16.6873714517437,-0.179491947630634,0.888606766307496,34.1629816938941,32.1516665508052
"E02000905",100.000000000013,0,0.556264368555178,100.000000000013,0.556264368555176,2,"1",25.8007446089635,0.175601311736063,0.102278743913346,16.8807663718573,0.0879581635695121,0.778664314816655,35.2345522210077,32.8258702176289
"E02000906",100.000000000028,0,0,100.000000000028,0,1,"1",30.2839244747899,0.225384558823529,0.134344852941176,19.796287815126,0.160310294117647,0.503721638655462,35.0672452731092,36.5526766806723
"E02000907",100.000000000013,0,11.8206802009219,100.000000000013,11.8206802009219,2,"1",45.3687234934816,0.299668885039657,0.22019746558483,25.4981703892789,0.526472604613,1.10650250706537,47.4879202297384,35.03920557936
"E02000908",99.9999999999944,0.964106821961639,6.02955042195114,99.9999999999944,6.99365724391278,3,"1",27.0458434051944,0.182499151247666,0.10895815650993,15.3012183839756,0.166529960957393,0.500856136479375,37.3404275165507,40.4570617042947
"E02000909",96.7395044264261,0,34.163308887075,96.7395044264261,34.163308887075,2,"1",27.6101114932328,0.16261371200355,0.110141890392722,10.8274429775904,0.103992567117817,1.09898912802308,36.7658938318172,39.2952740181939
"E02000910",99.999999999979,0,72.8230995330077,99.999999999979,72.8230995330077,2,"3",29.9915885319387,0.171092267463579,0.117913802764288,12.1802078819574,0.198127007844602,1.18015988046321,38.0737997758685,43.6112499066119
"E02000911",100.000000000009,0,11.5887636393195,100.000000000009,11.5887636393195,2,"1",36.1908973553286,0.212832155014402,0.134755957056821,17.8857339617701,0.226648162695296,1.51506930260976,41.5074392074714,46.9345062407262
"E02000912",86.9651695133451,0,27.0949198112528,87.6147349196033,26.4453544049946,2,"1",33.5666886698416,0.216124930778602,0.144741056595415,20.1464132240558,0.110330379887031,1.27320788570163,38.6319370915938,31.4288528076199
"E02000913",100.000000000001,0,99.9908922443513,100.000000000001,99.9908922443513,2,"3",27.2316959159354,0.152027515978767,0.120461596793413,14.7833344166396,0.110909760589319,1.0490821146138,34.3178347957968,38.0071180803813
"E02000914",100.000000000009,0,100.000000000009,100.000000000009,100.000000000009,2,"3",42.5917803395889,0.265270062555853,0.169077122430742,28.9841319928508,0.514474530831099,0.989722520107239,48.6048938337802,42.4641627345845
"E02000915",98.0884943085025,0,93.3537572136212,99.966649175174,91.4756023469498,2,"3",27.2675985635359,0.15048320441989,0.104727403314917,10.8702616574586,0.197178232044199,0.886621988950276,36.4015380110497,47.1627224309392
"E02000916",78.8869911206298,0,16.672702275372,78.8869911206298,16.672702275372,2,"1",33.3371182851778,0.206967873161573,0.130052571190153,25.3784956712214,0.0434215082924794,0.850500782309377,42.6496819651612,44.6662448106811
"E02000917",100.000000000013,0,88.3096289841755,100.000000000013,88.3096289841755,2,"3",26.466762808921,0.151212678320273,0.0995058268032952,19.5953872814949,-0.0963037974683544,0.70150381756078,38.8029781997187,42.6097540687161
"E02000918",100.000000000008,0,91.0650737645826,100.000000000008,91.0650737645826,2,"3",29.5251947753396,0.18097157784744,0.11890303030303,13.8207878787879,0.199910031347962,0.638944200626959,40.1046802507837,45.0583357366771
"E02000919",100.000000000005,0,24.6990977124711,100.000000000005,24.6990977124711,2,"1",25.3186254920736,0.138411107564635,0.0955405894244069,14.3805208000851,-0.148808703053516,0.6869455261198,39.2227362485371,47.3061875731461
"E02000920",99.466685925946,0,10.1319490671342,99.466685925946,10.1319490671342,2,"1",35.6141267048824,0.224223957303815,0.152189266653489,22.1649215259933,0.290422613164657,0.849317651709824,46.7746525993279,32.6384594781577
"E02000921",100.000000000012,0,11.3963169940452,100.000000000012,11.3963169940452,2,"1",36.7667632346443,0.242720636323464,0.160510737958462,21.4584049491825,0.29998064516129,0.787067520989836,47.4185371630579,34.183404418913
"E02000922",99.9999999999964,0,0,99.9999999999964,0,1,"1",29.0061643860947,0.180322207840237,0.106470321745562,20.1991906434911,0.175636649408284,0.848822115384615,38.7120208949704,40.4793602071006
"E02000923",100.000000000018,0,0,100.000000000018,0,1,"1",14.1971079872204,0.0805648562300319,0.0467187220447284,3.47095271565495,-0.899741597444089,0.589391182108626,19.8946176357827,50.7267791693291
"E02000924",99.9999999999941,0,5.74043434568554,99.9999999999941,5.74043434568554,2,"1",28.302472445465,0.192623257339675,0.116563309824504,14.6004583401673,0.067138346727899,0.379556831228473,34.8429458750205,48.1493007216664
"E02000925",99.9999999999915,0,0,99.9999999999915,0,1,"1",31.519550328781,0.236136949924127,0.142333839150228,12.714502276176,0.287004299443601,0.826851922104198,33.6215137835104,38.4824487860395
"E02000926",100.000000000024,0,0,100.000000000024,0,1,"1",17.931455536661,0.119696709012704,0.071443032909873,4.83394848454536,-0.251934980494148,0.512153746123837,25.3500905271581,43.8446508952686
"E02000927",100.000000000009,0,0,100.000000000009,0,1,"1",24.9159486434109,0.162606035437431,0.119539451827243,11.7187382336656,0.336464977851606,0.762948228128461,21.1167765780731,45.1178356866002
"E02000928",99.9999999999928,0,38.1673866698133,99.9999999999928,38.1673866698133,2,"1",9.71950669149308,0.0651008960782032,0.0431529151635052,1.48226556499476,-1.06837134877226,0.182554288374258,17.0940193180496,37.0679811474456
"E02000929",100.000000000028,0,0,100.000000000028,0,1,"1",36.8511501412619,0.2907394053545,0.179800753397013,15.7890882550787,0.419242566931253,0.815105206511503,37.7410189694605,30.3009003094309
"E02000930",99.9999999999831,0,0,99.9999999999831,0,1,"1",17.0009359155593,0.0900744510413721,0.0545386862689662,4.15345565922156,-0.351715012722646,0.793843087362171,18.7341125247385,53.5255115446235
"E02000931",100.000000000006,0,67.8784756509943,100.000000000006,67.8784756509943,2,"3",9.6343386327504,0.0419757286698463,0.0298219395866455,2.49656385797562,-1.01211149973503,0.323214944356121,13.1894331743508,48.9542277689454
"E02000932",99.9999999999981,0,0,99.9999999999981,0,1,"1",11.6006184536366,0.0442943226634871,0.0332682747867559,2.65657259469871,-0.934460607172338,0.443500321012565,18.6383775107769,50.6672861597725
"E02000933",99.9999999999949,0,2.60479972968965,99.9999999999949,2.60479972968966,2,"1",11.5660280179869,0.0708782428225527,0.052286982589646,2.52164833390984,-0.872676928398478,0.211621699527269,22.4274143894846,37.9670534993658
"E02000934",99.999999999998,0,0,99.999999999998,0,1,"1",15.3803293468261,0.0955431871614024,0.0622683226004293,7.44516498006746,-0.418153429418379,0.70396258816314,19.0156647245221,39.5255349074926
"E02000935",68.3104431891248,0,0.354130839875364,68.3104431891248,0.354130839875367,2,"1",30.0166166170424,0.242085779101092,0.131561321423508,20.9355840068056,0.345283141925422,0.328011200907415,39.4306394442081,23.346834254927
"E02000936",100.000000000003,0,0,100.000000000003,0,1,"1",14.4856466916355,0.0896613324253774,0.0540279196458972,7.33285154919986,-0.472949267960504,-0.0214489842242651,25.3919144251504,44.6725653160822
"E02000937",86.4303814856687,0,13.9473507908358,86.4303814856687,13.9473507908358,2,"1",10.3087539432177,0.0533283183693278,0.0460162581897598,1.69924071827226,-0.742552778451832,0.46942708080563,19.3889616597913,34.4050347003155
"E02000938",79.4724140836723,0,0,79.4724140836723,0,1,"1",23.6945492984633,0.180575450987878,0.113080748305813,12.7665441443161,0.0529085616111482,0.330041901307626,35.8367286436957,24.4994285577933
"E02000939",94.6919678359724,0,98.601884642896,99.5637356292589,93.7301168496094,2,"3",8.00964472563572,0.0596587176055481,0.0348795473901935,0.791652512471104,-0.942591191142475,0.0086053047816036,16.9473645212313,30.8162140163037
"E02000940",99.9999999999828,0,0,99.9999999999828,0,1,"1",22.0854728138013,0.183007138607971,0.103490779298037,9.80263640690066,-0.146918976799524,0.516443664485425,26.3123685901249,35.5747054134444
"E02000941",99.9999999999966,0,0,99.9999999999966,0,1,"1",13.5644542602216,0.0929626433964114,0.0633372879694088,3.32374546524169,-0.480569467594862,0.393529757819394,20.8369445043632,36.4612902245318
"E02000942",100.000000000004,0,0,100.000000000004,0,1,"1",8.85451033894692,0.0600791942016628,0.0424325303773183,1.97682061394159,-1.0415998720955,0.0221889788957578,18.2832757407802,35.2189184608825
"E02000943",72.5934388458578,0,89.053477349375,99.9999999999882,61.6469161952447,2,"3",12.3577587491533,0.0837165274328291,0.0572811018288553,3.21706592910364,-0.63413185820727,0.510507112214947,19.0027605554301,35.7852669902913
"E02000944",99.9999999999931,0,0,99.9999999999931,0,1,"1",26.2633944112331,0.218216877519811,0.130262616432643,11.1023150284999,0.472122063116919,0.0765990546364521,31.3732528847491,29.1013837063812
"E02000945",19.5687169877868,0,0,19.5687169877868,0,1,"4",29.6653404361371,0.210562990654206,0.136858193146417,19.1846019937695,0.412836012461059,0.37865445482866,36.040618317757,33.9847768224299
"E02000946",99.6851853040342,0,0,99.6851853040342,0,1,"1",18.6979667659867,0.121489342195737,0.0790419436167775,12.7255203988082,-0.169646802658721,0.239879211551685,29.1295053862022,36.1617321796929
"E02000947",99.9999999999995,0,0,99.9999999999995,0,1,"1",7.90469488762082,0.0654400838476767,0.0460111796902294,1.67283649703039,-0.90865471060906,-0.0575611971584954,14.4753395830907,29.4505872831024
"E02000948",96.1532402825626,18.1715315881341,21.0703539539008,100.00000000002,35.395125824577,3,"1",16.2572735877555,0.100727821971604,0.0569257879367637,4.21120451112678,-0.305045010572953,0.664151747054677,23.4328129090726,43.1271277816937
"E02000949",99.9999999999912,0,4.69648887039276,99.9999999999912,4.69648887039276,2,"1",12.4022502797843,0.0599700885135823,0.0526182724590497,3.60044002441754,-0.520042018516634,0.519467799369214,21.5994068572591,36.0757013938346
"E02000950",99.9999999999957,0,0,99.9999999999957,0,1,"1",12.5974268213215,0.117081584777792,0.07639319692428,4.25057122377167,-0.591081845432034,-0.0971266779616838,21.8482370650332,24.2560454841653
"E02000951",99.9999999999778,0,0,99.9999999999778,0,1,"1",19.9928529147982,0.133088191330344,0.0949388639760837,5.89079925261584,-0.0860062780269058,0.656065321375187,22.4675466367713,43.9358880418535
"E02000952",100.000000000013,0,0,100.000000000013,0,1,"1",22.0967201752962,0.125155331926635,0.0959844181139425,5.15202905372504,-0.234473786722935,1.0309120272683,24.1864861223827,50.5880230482065
"E02000953",100.000000000013,0,0,100.000000000013,0,1,"1",13.331145567975,0.093718221991162,0.0560805822719002,6.08250714842735,-0.398068884845334,-0.0798697686508968,27.2752622822979,28.9160626462178
"E02000954",99.9999999999873,0,0,99.9999999999873,0,1,"1",18.9387604954158,0.145948689078334,0.0798748592568763,5.38110696477401,-0.453812288885314,0.804709184494129,24.0409829499759,37.3478100369953
"E02000955",100.000000000002,0,0,100.000000000002,0,1,"1",28.0046419886101,0.218215330152378,0.117407110974296,10.1811840849623,0.105676927812837,1.01026720024627,28.7625522548869,38.9959202708943
"E02000956",99.9999999999949,0,0,99.9999999999949,0,1,"1",26.2968464285714,0.188830172413793,0.115602093596059,13.7430928571429,0.359340270935961,0.396816502463054,31.5502062807882,37.3298615763547
"E02000957",99.9999999999994,0,0,99.9999999999994,0,1,"1",22.0874535440181,0.149380586907449,0.0890330474040632,7.83853724604966,-0.145592595936795,0.84334690744921,25.7941068171558,43.7994558013544
"E02000958",88.3093795648814,51.1349961318969,0,99.9999999999929,39.4443756967854,2,"2",17.2802228329326,0.139044658193061,0.0862847818619031,5.21177464788732,-0.479706401007672,0.462181266460552,25.4740478644223,31.9530855376159
"E02000959",80.8971026882277,94.7842852972883,0,99.999999999992,75.6813879855241,2,"2",25.2783934082212,0.205495864708061,0.128090852981113,14.2052829280336,-0.0210002468831008,0.366405382051599,29.3852797185533,31.5580706085668
"E02000960",100.000000000001,0,0,100.000000000001,0,1,"1",14.2760220200422,0.0967207278481013,0.0559970991561181,4.84279641350211,-1.23666693037975,-0.113867352320675,29.0867634493671,46.1658494198312
"E02000961",99.9999999999893,0,0,99.9999999999893,0,1,"1",24.5418660503726,0.166459956607867,0.104309121780964,10.4363343080841,-0.64493321384775,0.645591453636449,32.946797000283,46.9407095557023
"E02000962",100.000000000003,0,0,100.000000000003,0,1,"1",24.8846407159802,0.167882467112357,0.0932042268708217,10.3952201854647,-0.341182014233341,-0.000569980590899295,35.2561252965279,55.3939312055208
"E02000963",100.000000000006,0,0,100.000000000006,0,1,"1",42.0526728624535,0.30516547284432,0.206106809320881,20.0278907425877,0.656745942515187,0.62050294677668,41.2044720282891,41.7778980868619
"E02000964",100.000000000008,0,0,100.000000000008,0,1,"1",38.9466284541523,0.291643113684673,0.183096972806567,11.2089081580298,0.637037528402844,0.60534647804735,40.7509314666862,45.7102705416697
"E02000965",100.000000000007,0,0,100.000000000007,0,1,"1",22.5010818623124,0.14791206972639,0.0920503089143866,5.84841902030009,-0.253709951456311,0.786644307149162,28.3521632833186,46.3995047440424
"E02000966",100.00000000001,0,0,100.00000000001,0,1,"1",18.6097322220081,0.111038253998844,0.0716057043746387,5.8652155521295,-0.727247639236847,0.514495471189054,28.3425039506649,50.3261851031027
"E02000967",99.9999999999881,0,0,99.9999999999881,0,1,"1",13.669483249679,0.0568482549317147,0.0266962764094782,2.29286389634645,-1.54093626707132,0.191154196334773,30.6533834481149,56.7520301155597
"E02000968",99.9999999999976,0,0,99.9999999999976,0,1,"1",53.016222488193,0.380825321860646,0.251492721744194,21.1771526169373,0.970507342951414,0.48572607879925,47.1866477971146,49.9360880507214
"E02000969",99.9999999999963,0,0,99.9999999999963,0,1,"1",51.7761468034728,0.381080406471981,0.24527456590371,17.2480976716654,0.970932320441989,0.83120816890292,45.1637037292818,43.0443699684294
"E02000970",100.000000000004,0,0,100.000000000004,0,1,"1",13.6183660866152,0.0337397618736098,0.0200859610100746,1.41975009812901,-1.78847926206987,0.128942169305247,27.9252115661389,70.0749292162763
"E02000971",99.9999999999849,0,0,99.9999999999849,0,1,"1",22.5703653183176,0.111101470926224,0.0704173753160193,4.92872661457136,-0.943850953803723,0.76939151919099,32.630326476672,68.5535176970811
"E02000972",100.000000000006,0,0,100.000000000006,0,1,"1",26.3258929973146,0.121264924602355,0.0943071679405082,6.39060741582318,-0.00538411485230325,0.614513840115679,36.4806766164016,71.2791126833299
"E02000973",99.9999999999902,0,0,99.9999999999902,0,1,"1",24.7942402555911,0.131829575536285,0.100316111364674,4.5855425832953,-0.11271967138293,1.02925714285714,32.059176266545,51.7857633044272
"E02000974",100.000000000004,0,0,100.000000000004,0,1,"1",26.5176862305149,0.138942135096835,0.0803046764289088,7.85921398205007,-0.473415800661313,0.841753660840813,35.9654455597544,64.3330715635333
"E02000975",100.000000000007,0,0,100.000000000007,0,1,"1",20.5693132277352,0.085183782649743,0.0533762718976188,8.20338476869821,-0.608646491136054,0.377056540438477,35.4002179796496,67.7895066610721
"E02000976",99.9999999999865,0,0,99.9999999999865,0,1,"1",25.0880005668399,0.121530656589513,0.0836922059518186,3.6420652810581,-0.242748984411904,0.960601417099669,36.8481307510628,57.9155557864903
"E02000977",100.000000000012,0,0,100.000000000012,0,1,"1",19.379599053599,0.0693209573209573,0.0528543088543089,9.347,-1.19833324233324,0.37411648011648,30.3409492219492,68.730825006825
"E02000978",90.1250634052709,0,0,90.1250634052709,0,1,"1",11.558925908176,0.0122149908942778,0.00783887664142624,4.00329569634813,-2.33383245471101,0.0161157864468513,29.6357795456724,52.0916797661267
"E02000979",99.9999999999754,0,2.78972610412639,99.9999999999754,2.78972610412639,2,"1",28.5912853920658,0.170010614302773,0.165281942417407,7.65786214674274,0.043162664189996,-0.429179912432002,31.6506246517182,54.1253194905135
"E02000980",99.9999999999922,0,50.8522683614146,99.9999999999922,50.8522683614146,2,"3",29.5603740599567,0.199755228185845,0.139568970845781,6.80707829401463,0.359213660245184,-0.155496239826929,35.9036270732461,54.7108735963737
"E02000981",100.00000000002,0,0,100.00000000002,0,1,"1",19.0500423907584,0.101587242591662,0.0833698643897539,3.05439497739829,-0.589395379206429,0.407914515318935,28.2165959819186,56.6691486690105
"E02000982",100,0,0,100,0,1,"1",31.8241823542753,0.227093218416875,0.154356997051486,8.74445792696757,0.18327477886142,0.141013608528011,37.5825873213881,54.7383017691086
"E02000983",100.000000000021,0,20.8835223446409,100.000000000021,20.8835223446409,2,"1",29.1852085527023,0.201034382722682,0.126544321478457,11.0107659825937,0.0494142043623079,0.206757709251101,37.5284085097239,48.1534143118083
