lsoa_code,express_coverage,superstore_coverage,extra_coverage,total_coverage,overlap_index,unique_types
E01000001,100.0,100.0,100.0,100.0,200.0,3
E01000002,100.0,100.0,100.0,100.0,200.0,3
E01000003,100.0,100.0,100.0,100.0,200.0,3
E01000005,100.0,100.0,100.0,100.0,200.0,3
E01000006,100.0,100.0,100.0,100.0,200.0,3
E01000007,100.0,100.0,100.0,100.0,200.0,3
E01000008,100.0,100.0,100.0,100.0,200.0,3
E01000009,100.0,100.0,100.0,100.0,200.0,3
E01000010,100.0,100.0,100.0,100.0,200.0,3
E01000011,100.0,100.0,100.0,100.0,200.0,3
E01000012,100.0,100.0,100.0,100.0,200.0,3
E01000013,100.0,100.0,100.0,100.0,200.0,3
E01000014,100.0,100.0,100.0,100.0,200.0,3
E01000015,100.0,100.0,100.0,100.0,200.0,3
E01000016,100.0,100.0,100.0,100.0,200.0,3
E01000017,100.0,100.0,100.0,100.0,200.0,3
E01000018,100.0,100.0,100.0,100.0,200.0,3
E01000019,100.0,100.0,100.0,100.0,200.0,3
E01000020,100.0,100.0,100.0,100.0,200.0,3
E01000021,100.0,100.0,100.0,100.0,200.0,3
E01000022,100.0,100.0,100.0,100.0,200.0,3
E01000023,100.0,100.0,100.0,100.0,200.0,3
E01000024,100.0,100.0,100.0,100.0,200.0,3
E01000025,100.0,100.0,100.0,100.0,200.0,3
E01000027,100.0,100.0,100.0,100.0,200.0,3
E01000028,100.0,100.0,100.0,100.0,200.0,3
E01000029,100.0,100.0,100.0,100.0,200.0,3
E01000030,100.0,100.0,100.0,100.0,200.0,3
E01000031,100.0,100.0,100.0,100.0,200.0,3
E01000032,100.0,100.0,100.0,100.0,200.0,3
E01000033,100.0,100.0,100.0,100.0,200.0,3
E01000034,100.0,100.0,100.0,100.0,200.0,3
E01000035,100.0,100.0,100.0,100.0,200.0,3
E01000036,100.0,100.0,100.0,100.0,200.0,3
E01000037,100.0,100.0,100.0,100.0,200.0,3
E01000038,100.0,100.0,100.0,100.0,200.0,3
E01000039,100.0,100.0,100.0,100.0,200.0,3
E01000040,100.0,100.0,100.0,100.0,200.0,3
E01000041,100.0,100.0,100.0,100.0,200.0,3
E01000042,100.0,100.0,100.0,100.0,200.0,3
E01000043,100.0,100.0,100.0,100.0,200.0,3
E01000044,100.0,100.0,100.0,100.0,200.0,3
E01000045,100.0,100.0,100.0,100.0,200.0,3
E01000046,100.0,100.0,100.0,100.0,200.0,3
E01000048,100.0,100.0,100.0,100.0,200.0,3
E01000049,100.0,100.0,100.0,100.0,200.0,3
E01000050,100.0,100.0,100.0,100.0,200.0,3
E01000051,100.0,100.0,100.0,100.0,200.0,3
E01000052,100.0,100.0,100.0,100.0,200.0,3
E01000053,100.0,100.0,100.0,100.0,200.0,3
E01000054,100.0,100.0,100.0,100.0,200.0,3
E01000055,100.0,100.0,100.0,100.0,200.0,3
E01000056,100.0,100.0,100.0,100.0,200.0,3
E01000057,100.0,100.0,100.0,100.0,200.0,3
E01000058,100.0,100.0,100.0,100.0,200.0,3
E01000059,100.0,100.0,100.0,100.0,200.0,3
E01000060,100.0,100.0,100.0,100.0,200.0,3
E01000061,100.0,100.0,100.0,100.0,200.0,3
E01000062,100.0,100.0,100.0,100.0,200.0,3
E01000063,100.0,100.0,100.0,100.0,200.0,3
E01000064,100.0,100.0,100.0,100.0,200.0,3
E01000065,100.0,100.0,100.0,100.0,200.0,3
E01000066,100.0,100.0,100.0,100.0,200.0,3
E01000067,100.0,100.0,100.0,100.0,200.0,3
E01000068,100.0,100.0,100.0,100.0,200.0,3
E01000069,100.0,100.0,100.0,100.0,200.0,3
E01000070,100.0,100.0,100.0,100.0,200.0,3
E01000071,100.0,100.0,100.0,100.0,200.0,3
E01000072,100.0,100.0,100.0,100.0,200.0,3
E01000073,100.0,100.0,100.0,100.0,200.0,3
E01000074,100.0,100.0,100.0,100.0,200.0,3
E01000075,100.0,100.0,100.0,100.0,200.0,3
E01000076,100.0,100.0,100.0,100.0,200.0,3
E01000077,100.0,100.0,100.0,100.0,200.0,3
E01000078,100.0,100.0,100.0,100.0,200.0,3
E01000079,100.0,100.0,100.0,100.0,200.0,3
E01000080,100.0,100.0,100.0,100.0,200.0,3
E01000081,100.0,100.0,100.0,100.0,200.0,3
E01000082,100.0,100.0,100.0,100.0,200.0,3
E01000083,100.0,100.0,100.0,100.0,200.0,3
E01000084,100.0,100.0,100.0,100.0,200.0,3
E01000085,100.0,100.0,100.0,100.0,200.0,3
E01000086,100.0,100.0,100.0,100.0,200.0,3
E01000087,100.0,100.0,100.0,100.0,200.0,3
E01000088,100.0,100.0,100.0,100.0,200.0,3
E01000089,100.0,100.0,100.0,100.0,200.0,3
E01000090,100.0,100.0,100.0,100.0,200.0,3
E01000091,100.0,100.0,100.0,100.0,200.0,3
E01000092,100.0,100.0,100.0,100.0,200.0,3
E01000093,100.0,100.0,100.0,100.0,200.0,3
E01000094,100.0,100.0,100.0,100.0,200.0,3
E01000095,100.0,100.0,100.0,100.0,200.0,3
E01000096,100.0,100.0,100.0,100.0,200.0,3
E01000097,100.0,100.0,100.0,100.0,200.0,3
E01000098,100.0,100.0,100.0,100.0,200.0,3
E01000099,100.0,100.0,100.0,100.0,200.0,3
E01000100,100.0,100.0,100.0,100.0,200.0,3
E01000101,100.0,100.0,100.0,100.0,200.0,3
E01000102,100.0,100.0,100.0,100.0,200.0,3
E01000103,100.0,100.0,100.0,100.0,200.0,3
E01000104,100.0,100.0,100.0,100.0,200.0,3
E01000105,100.0,100.0,100.0,100.0,200.0,3
E01000106,100.0,100.0,100.0,100.0,200.0,3
E01000107,100.0,100.0,100.0,100.0,200.0,3
E01000108,100.0,100.0,100.0,100.0,200.0,3
E01000109,100.0,100.0,100.0,100.0,200.0,3
E01000110,100.0,100.0,100.0,100.0,200.0,3
E01000111,100.0,100.0,100.0,100.0,200.0,3
E01000112,100.0,100.0,100.0,100.0,200.0,3
E01000113,100.0,100.0,100.0,100.0,200.0,3
E01000114,100.0,100.0,100.0,100.0,200.0,3
E01000115,100.0,100.0,100.0,100.0,200.0,3
E01000116,100.0,100.0,100.0,100.0,200.0,3
E01000117,100.0,100.0,100.0,100.0,200.0,3
E01000118,100.0,100.0,100.0,100.0,200.0,3
E01000119,100.0,100.0,100.0,100.0,200.0,3
E01000120,100.0,100.0,100.0,100.0,200.0,3
E01000121,100.0,100.0,100.0,100.0,200.0,3
E01000122,100.0,100.0,100.0,100.0,200.0,3
E01000123,100.0,100.0,100.0,100.0,200.0,3
E01000124,100.0,100.0,100.0,100.0,200.0,3
E01000125,100.0,100.0,100.0,100.0,200.0,3
E01000126,100.0,100.0,100.0,100.0,200.0,3
E01000127,100.0,100.0,100.0,100.0,200.0,3
E01000128,100.0,100.0,100.0,100.0,200.0,3
E01000129,100.0,100.0,100.0,100.0,200.0,3
E01000130,100.0,100.0,100.0,100.0,200.0,3
E01000131,100.0,100.0,100.0,100.0,200.0,3
E01000132,100.0,100.0,100.0,100.0,200.0,3
E01000133,100.0,100.0,100.0,100.0,200.0,3
E01000134,100.0,100.0,100.0,100.0,200.0,3
E01000135,100.0,100.0,100.0,100.0,200.0,3
E01000136,100.0,100.0,100.0,100.0,200.0,3
E01000137,100.0,100.0,100.0,100.0,200.0,3
E01000138,100.0,100.0,100.0,100.0,200.0,3
E01000139,100.0,100.0,100.0,100.0,200.0,3
E01000140,100.0,100.0,100.0,100.0,200.0,3
E01000141,100.0,100.0,100.0,100.0,200.0,3
E01000142,100.0,100.0,100.0,100.0,200.0,3
E01000143,100.0,100.0,100.0,100.0,200.0,3
E01000144,100.0,100.0,100.0,100.0,200.0,3
E01000145,100.0,100.0,100.0,100.0,200.0,3
E01000146,100.0,100.0,100.0,100.0,200.0,3
E01000147,100.0,100.0,100.0,100.0,200.0,3
E01000148,100.0,100.0,100.0,100.0,200.0,3
E01000150,100.0,100.0,100.0,100.0,200.0,3
E01000151,100.0,100.0,100.0,100.0,200.0,3
E01000152,100.0,100.0,100.0,100.0,200.0,3
E01000153,100.0,100.0,100.0,100.0,200.0,3
E01000154,100.0,100.0,100.0,100.0,200.0,3
E01000155,100.0,100.0,100.0,100.0,200.0,3
E01000156,100.0,100.0,100.0,100.0,200.0,3
E01000157,100.0,100.0,100.0,100.0,200.0,3
E01000158,100.0,100.0,100.0,100.0,200.0,3
E01000159,100.0,100.0,100.0,100.0,200.0,3
E01000160,100.0,100.0,100.0,100.0,200.0,3
E01000161,100.0,100.0,100.0,100.0,200.0,3
E01000162,100.0,100.0,100.0,100.0,200.0,3
E01000163,100.0,100.0,100.0,100.0,200.0,3
E01000164,100.0,100.0,100.0,100.0,200.0,3
E01000165,100.0,100.0,100.0,100.0,200.0,3
E01000166,100.0,100.0,89.4,100.0,189.4,3
E01000167,100.0,100.0,57.4,100.0,157.4,3
E01000168,100.0,100.0,100.0,100.0,200.0,3
E01000169,100.0,100.0,100.0,100.0,200.0,3
E01000170,100.0,100.0,100.0,100.0,200.0,3
E01000171,100.0,100.0,100.0,100.0,200.0,3
E01000172,100.0,100.0,100.0,100.0,200.0,3
E01000173,100.0,100.0,100.0,100.0,200.0,3
E01000174,100.0,100.0,100.0,100.0,200.0,3
E01000175,100.0,100.0,100.0,100.0,200.0,3
E01000176,100.0,100.0,100.0,100.0,200.0,3
E01000177,100.0,100.0,100.0,100.0,200.0,3
E01000178,100.0,100.0,100.0,100.0,200.0,3
E01000179,100.0,100.0,100.0,100.0,200.0,3
E01000180,100.0,100.0,100.0,100.0,200.0,3
E01000181,100.0,100.0,100.0,100.0,200.0,3
E01000182,100.0,100.0,100.0,100.0,200.0,3
E01000183,100.0,100.0,100.0,100.0,200.0,3
E01000184,100.0,100.0,100.0,100.0,200.0,3
E01000185,100.0,100.0,100.0,100.0,200.0,3
E01000186,100.0,100.0,100.0,100.0,200.0,3
E01000187,100.0,100.0,100.0,100.0,200.0,3
E01000188,100.0,100.0,100.0,100.0,200.0,3
E01000189,100.0,100.0,100.0,100.0,200.0,3
E01000190,100.0,100.0,100.0,100.0,200.0,3
E01000191,100.0,100.0,100.0,100.0,200.0,3
E01000192,100.0,100.0,100.0,100.0,200.0,3
E01000193,100.0,100.0,100.0,100.0,200.0,3
E01000194,100.0,100.0,100.0,100.0,200.0,3
E01000195,100.0,100.0,100.0,100.0,200.0,3
E01000196,100.0,100.0,100.0,100.0,200.0,3
E01000197,100.0,100.0,100.0,100.0,200.0,3
E01000198,100.0,100.0,100.0,100.0,200.0,3
E01000199,100.0,100.0,100.0,100.0,200.0,3
E01000200,100.0,100.0,100.0,100.0,200.0,3
E01000201,100.0,100.0,100.0,100.0,200.0,3
E01000202,100.0,100.0,100.0,100.0,200.0,3
E01000203,100.0,100.0,100.0,100.0,200.0,3
E01000204,100.0,100.0,100.0,100.0,200.0,3
E01000205,100.0,100.0,100.0,100.0,200.0,3
E01000206,100.0,100.0,100.0,100.0,200.0,3
E01000207,100.0,100.0,100.0,100.0,200.0,3
E01000208,100.0,100.0,100.0,100.0,200.0,3
E01000209,100.0,100.0,100.0,100.0,200.0,3
E01000210,100.0,100.0,100.0,100.0,200.0,3
E01000211,100.0,100.0,100.0,100.0,200.0,3
E01000212,100.0,100.0,100.0,100.0,200.0,3
E01000213,100.0,100.0,100.0,100.0,200.0,3
E01000214,100.0,100.0,100.0,100.0,200.0,3
E01000215,100.0,100.0,100.0,100.0,200.0,3
E01000216,100.0,100.0,100.0,100.0,200.0,3
E01000217,100.0,100.0,100.0,100.0,200.0,3
E01000218,100.0,100.0,100.0,100.0,200.0,3
E01000219,100.0,100.0,100.0,100.0,200.0,3
E01000220,100.0,100.0,100.0,100.0,200.0,3
E01000221,100.0,100.0,100.0,100.0,200.0,3
E01000222,100.0,100.0,100.0,100.0,200.0,3
E01000223,100.0,100.0,100.0,100.0,200.0,3
E01000224,100.0,100.0,100.0,100.0,200.0,3
E01000225,100.0,100.0,100.0,100.0,200.0,3
E01000226,100.0,100.0,100.0,100.0,200.0,3
E01000227,100.0,100.0,100.0,100.0,200.0,3
E01000228,100.0,100.0,100.0,100.0,200.0,3
E01000229,100.0,100.0,100.0,100.0,200.0,3
E01000230,100.0,100.0,100.0,100.0,200.0,3
E01000231,100.0,100.0,100.0,100.0,200.0,3
E01000232,100.0,100.0,100.0,100.0,200.0,3
E01000233,100.0,100.0,100.0,100.0,200.0,3
E01000234,100.0,100.0,100.0,100.0,200.0,3
E01000235,100.0,100.0,100.0,100.0,200.0,3
E01000236,100.0,100.0,100.0,100.0,200.0,3
E01000237,100.0,100.0,100.0,100.0,200.0,3
E01000238,100.0,100.0,100.0,100.0,200.0,3
E01000239,100.0,100.0,100.0,100.0,200.0,3
E01000240,100.0,100.0,100.0,100.0,200.0,3
E01000241,100.0,100.0,100.0,100.0,200.0,3
E01000242,100.0,100.0,100.0,100.0,200.0,3
E01000243,100.0,100.0,100.0,100.0,200.0,3
E01000244,100.0,100.0,100.0,100.0,200.0,3
E01000245,100.0,100.0,100.0,100.0,200.0,3
E01000246,100.0,100.0,35.23,100.0,135.23,3
E01000247,100.0,100.0,83.82,100.0,183.82,3
E01000248,100.0,100.0,84.16,100.0,184.16,3
E01000249,100.0,100.0,31.57,100.0,131.57,3
E01000250,100.0,100.0,76.56,100.0,176.56,3
E01000251,100.0,100.0,100.0,100.0,200.0,3
E01000252,100.0,100.0,100.0,100.0,200.0,3
E01000253,100.0,100.0,88.92,100.0,188.92,3
E01000254,100.0,100.0,0.0,100.0,100.0,2
E01000255,100.0,100.0,100.0,100.0,200.0,3
E01000256,100.0,100.0,100.0,100.0,200.0,3
E01000257,100.0,100.0,100.0,100.0,200.0,3
E01000258,100.0,100.0,100.0,100.0,200.0,3
E01000259,100.0,100.0,100.0,100.0,200.0,3
E01000260,100.0,100.0,100.0,100.0,200.0,3
E01000261,100.0,100.0,100.0,100.0,200.0,3
E01000262,100.0,100.0,100.0,100.0,200.0,3
E01000263,100.0,100.0,100.0,100.0,200.0,3
E01000264,100.0,100.0,100.0,100.0,200.0,3
E01000265,100.0,100.0,100.0,100.0,200.0,3
E01000266,100.0,100.0,100.0,100.0,200.0,3
E01000267,100.0,100.0,100.0,100.0,200.0,3
E01000268,100.0,100.0,100.0,100.0,200.0,3
E01000269,100.0,100.0,100.0,100.0,200.0,3
E01000270,100.0,100.0,100.0,100.0,200.0,3
E01000271,100.0,100.0,100.0,100.0,200.0,3
E01000272,100.0,100.0,100.0,100.0,200.0,3
E01000273,100.0,100.0,100.0,100.0,200.0,3
E01000274,100.0,100.0,100.0,100.0,200.0,3
E01000275,100.0,100.0,100.0,100.0,200.0,3
E01000276,100.0,100.0,100.0,100.0,200.0,3
E01000277,100.0,100.0,100.0,100.0,200.0,3
E01000278,100.0,100.0,100.0,100.0,200.0,3
E01000279,100.0,100.0,100.0,100.0,200.0,3
E01000280,100.0,100.0,100.0,100.0,200.0,3
E01000281,100.0,100.0,100.0,100.0,200.0,3
E01000282,100.0,100.0,100.0,100.0,200.0,3
E01000283,100.0,100.0,100.0,100.0,200.0,3
E01000284,100.0,100.0,100.0,100.0,200.0,3
E01000285,100.0,100.0,100.0,100.0,200.0,3
E01000286,100.0,100.0,100.0,100.0,200.0,3
E01000287,100.0,100.0,100.0,100.0,200.0,3
E01000288,100.0,100.0,100.0,100.0,200.0,3
E01000289,100.0,100.0,100.0,100.0,200.0,3
E01000290,100.0,100.0,100.0,100.0,200.0,3
E01000291,100.0,100.0,100.0,100.0,200.0,3
E01000292,100.0,100.0,100.0,100.0,200.0,3
E01000293,100.0,100.0,100.0,100.0,200.0,3
E01000294,100.0,100.0,100.0,100.0,200.0,3
E01000295,100.0,100.0,100.0,100.0,200.0,3
E01000296,100.0,100.0,100.0,100.0,200.0,3
E01000297,100.0,100.0,100.0,100.0,200.0,3
E01000298,100.0,100.0,100.0,100.0,200.0,3
E01000299,100.0,100.0,100.0,100.0,200.0,3
E01000300,100.0,100.0,100.0,100.0,200.0,3
E01000301,100.0,100.0,100.0,100.0,200.0,3
E01000302,100.0,100.0,100.0,100.0,200.0,3
E01000303,100.0,100.0,100.0,100.0,200.0,3
E01000304,100.0,100.0,100.0,100.0,200.0,3
E01000305,100.0,100.0,100.0,100.0,200.0,3
E01000306,100.0,100.0,100.0,100.0,200.0,3
E01000307,100.0,100.0,100.0,100.0,200.0,3
E01000308,100.0,100.0,100.0,100.0,200.0,3
E01000309,100.0,100.0,100.0,100.0,200.0,3
E01000310,100.0,100.0,100.0,100.0,200.0,3
E01000311,100.0,100.0,100.0,100.0,200.0,3
E01000312,100.0,100.0,100.0,100.0,200.0,3
E01000313,100.0,100.0,100.0,100.0,200.0,3
E01000314,100.0,100.0,100.0,100.0,200.0,3
E01000315,100.0,100.0,100.0,100.0,200.0,3
E01000316,100.0,100.0,100.0,100.0,200.0,3
E01000317,100.0,100.0,100.0,100.0,200.0,3
E01000318,100.0,100.0,100.0,100.0,200.0,3
E01000319,100.0,100.0,100.0,100.0,200.0,3
E01000320,100.0,100.0,100.0,100.0,200.0,3
E01000321,100.0,100.0,100.0,100.0,200.0,3
E01000322,100.0,100.0,100.0,100.0,200.0,3
E01000323,100.0,100.0,100.0,100.0,200.0,3
E01000324,100.0,100.0,100.0,100.0,200.0,3
E01000325,100.0,63.23,100.0,100.0,163.23,3
E01000326,100.0,1.64,100.0,100.0,101.64,3
E01000327,100.0,100.0,100.0,100.0,200.0,3
E01000329,100.0,95.75,100.0,100.0,195.75,3
E01000330,100.0,100.0,100.0,100.0,200.0,3
E01000331,100.0,18.45,100.0,100.0,118.45,3
E01000332,100.0,100.0,100.0,100.0,200.0,3
E01000333,100.0,100.0,100.0,100.0,200.0,3
E01000334,100.0,100.0,100.0,100.0,200.0,3
E01000335,100.0,100.0,100.0,100.0,200.0,3
E01000336,100.0,100.0,100.0,100.0,200.0,3
E01000337,100.0,100.0,100.0,100.0,200.0,3
E01000338,100.0,100.0,100.0,100.0,200.0,3
E01000339,100.0,100.0,100.0,100.0,200.0,3
E01000340,100.0,100.0,100.0,100.0,200.0,3
E01000341,100.0,100.0,100.0,100.0,200.0,3
E01000342,100.0,100.0,100.0,100.0,200.0,3
E01000343,100.0,100.0,100.0,100.0,200.0,3
E01000344,100.0,100.0,100.0,100.0,200.0,3
E01000345,100.0,100.0,100.0,100.0,200.0,3
E01000346,100.0,100.0,100.0,100.0,200.0,3
E01000347,100.0,100.0,100.0,100.0,200.0,3
E01000348,100.0,100.0,100.0,100.0,200.0,3
E01000349,100.0,100.0,100.0,100.0,200.0,3
E01000350,100.0,100.0,100.0,100.0,200.0,3
E01000351,100.0,100.0,100.0,100.0,200.0,3
E01000352,100.0,100.0,100.0,100.0,200.0,3
E01000353,100.0,100.0,100.0,100.0,200.0,3
E01000354,100.0,100.0,100.0,100.0,200.0,3
E01000355,100.0,100.0,100.0,100.0,200.0,3
E01000356,100.0,100.0,100.0,100.0,200.0,3
E01000357,100.0,100.0,100.0,100.0,200.0,3
E01000358,100.0,100.0,100.0,100.0,200.0,3
E01000359,100.0,100.0,100.0,100.0,200.0,3
E01000360,100.0,100.0,100.0,100.0,200.0,3
E01000361,100.0,100.0,100.0,100.0,200.0,3
E01000362,100.0,100.0,100.0,100.0,200.0,3
E01000363,100.0,100.0,100.0,100.0,200.0,3
E01000364,100.0,100.0,100.0,100.0,200.0,3
E01000365,100.0,100.0,100.0,100.0,200.0,3
E01000366,100.0,100.0,100.0,100.0,200.0,3
E01000367,100.0,15.51,100.0,100.0,115.51,3
E01000368,100.0,0.02,100.0,100.0,100.02,3
E01000369,100.0,87.44,100.0,100.0,187.44,3
E01000370,100.0,100.0,100.0,100.0,200.0,3
E01000371,100.0,37.48,100.0,100.0,137.48,3
E01000372,100.0,97.14,100.0,100.0,197.14,3
E01000373,100.0,0.0,100.0,100.0,100.0,2
E01000374,100.0,0.0,35.3,100.0,35.3,2
E01000375,100.0,0.0,9.34,100.0,9.34,2
E01000376,100.0,0.0,85.59,100.0,85.59,2
E01000377,100.0,0.0,100.0,100.0,100.0,2
E01000378,100.0,0.0,100.0,100.0,100.0,2
E01000379,100.0,0.0,56.74,100.0,56.74,2
E01000380,100.0,0.0,100.0,100.0,100.0,2
E01000381,100.0,61.83,100.0,100.0,161.83,3
E01000382,100.0,100.0,100.0,100.0,200.0,3
E01000383,100.0,45.12,95.58,100.0,140.7,3
E01000384,100.0,100.0,100.0,100.0,200.0,3
E01000385,100.0,100.0,100.0,100.0,200.0,3
E01000386,100.0,100.0,100.0,100.0,200.0,3
E01000387,100.0,100.0,100.0,100.0,200.0,3
E01000388,100.0,100.0,100.0,100.0,200.0,3
E01000389,100.0,100.0,100.0,100.0,200.0,3
E01000390,100.0,100.0,100.0,100.0,200.0,3
E01000391,100.0,100.0,100.0,100.0,200.0,3
E01000392,100.0,100.0,100.0,100.0,200.0,3
E01000393,100.0,100.0,100.0,100.0,200.0,3
E01000394,100.0,100.0,100.0,100.0,200.0,3
E01000395,100.0,100.0,100.0,100.0,200.0,3
E01000396,100.0,100.0,100.0,100.0,200.0,3
E01000398,100.0,100.0,100.0,100.0,200.0,3
E01000399,100.0,100.0,100.0,100.0,200.0,3
E01000400,100.0,100.0,100.0,100.0,200.0,3
E01000401,100.0,100.0,100.0,100.0,200.0,3
E01000402,100.0,100.0,100.0,100.0,200.0,3
E01000403,100.0,44.5,100.0,100.0,144.5,3
E01000404,100.0,100.0,100.0,100.0,200.0,3
E01000405,100.0,100.0,100.0,100.0,200.0,3
E01000406,100.0,100.0,100.0,100.0,200.0,3
E01000407,100.0,99.96,100.0,100.0,199.96,3
E01000408,100.0,100.0,100.0,100.0,200.0,3
E01000409,100.0,100.0,100.0,100.0,200.0,3
E01000410,100.0,100.0,100.0,100.0,200.0,3
E01000411,100.0,100.0,100.0,100.0,200.0,3
E01000412,100.0,100.0,100.0,100.0,200.0,3
E01000413,100.0,100.0,100.0,100.0,200.0,3
E01000414,100.0,100.0,100.0,100.0,200.0,3
E01000415,100.0,100.0,100.0,100.0,200.0,3
E01000416,100.0,100.0,100.0,100.0,200.0,3
E01000417,100.0,100.0,100.0,100.0,200.0,3
E01000418,100.0,100.0,100.0,100.0,200.0,3
E01000419,100.0,100.0,100.0,100.0,200.0,3
E01000420,100.0,100.0,100.0,100.0,200.0,3
E01000421,100.0,100.0,100.0,100.0,200.0,3
E01000422,100.0,100.0,100.0,100.0,200.0,3
E01000423,100.0,100.0,100.0,100.0,200.0,3
E01000424,100.0,100.0,100.0,100.0,200.0,3
E01000425,100.0,100.0,100.0,100.0,200.0,3
E01000426,100.0,100.0,100.0,100.0,200.0,3
E01000427,100.0,100.0,100.0,100.0,200.0,3
E01000428,100.0,100.0,100.0,100.0,200.0,3
E01000429,100.0,0.0,100.0,100.0,100.0,2
E01000430,100.0,0.0,71.16,100.0,71.16,2
E01000431,100.0,0.0,100.0,100.0,100.0,2
E01000432,100.0,0.0,100.0,100.0,100.0,2
E01000433,100.0,0.0,100.0,100.0,100.0,2
E01000434,100.0,0.0,35.76,100.0,35.76,2
E01000435,100.0,0.0,100.0,100.0,100.0,2
E01000436,100.0,100.0,100.0,100.0,200.0,3
E01000437,100.0,100.0,100.0,100.0,200.0,3
E01000438,100.0,100.0,100.0,100.0,200.0,3
E01000439,100.0,100.0,100.0,100.0,200.0,3
E01000440,100.0,100.0,100.0,100.0,200.0,3
E01000441,100.0,100.0,100.0,100.0,200.0,3
E01000442,100.0,100.0,100.0,100.0,200.0,3
E01000443,100.0,100.0,100.0,100.0,200.0,3
E01000444,100.0,0.0,100.0,100.0,100.0,2
E01000445,100.0,100.0,100.0,100.0,200.0,3
E01000446,100.0,100.0,100.0,100.0,200.0,3
E01000447,100.0,71.0,100.0,100.0,171.0,3
E01000448,100.0,100.0,100.0,100.0,200.0,3
E01000449,100.0,100.0,100.0,100.0,200.0,3
E01000450,100.0,100.0,100.0,100.0,200.0,3
E01000451,100.0,100.0,100.0,100.0,200.0,3
E01000452,100.0,100.0,100.0,100.0,200.0,3
E01000453,100.0,100.0,100.0,100.0,200.0,3
E01000454,100.0,100.0,100.0,100.0,200.0,3
E01000455,100.0,100.0,100.0,100.0,200.0,3
E01000456,100.0,100.0,100.0,100.0,200.0,3
E01000457,100.0,100.0,100.0,100.0,200.0,3
E01000458,100.0,100.0,100.0,100.0,200.0,3
E01000459,100.0,100.0,100.0,100.0,200.0,3
E01000460,100.0,100.0,100.0,100.0,200.0,3
E01000461,100.0,100.0,100.0,100.0,200.0,3
E01000462,100.0,100.0,100.0,100.0,200.0,3
E01000463,100.0,100.0,100.0,100.0,200.0,3
E01000464,100.0,100.0,100.0,100.0,200.0,3
E01000465,100.0,100.0,100.0,100.0,200.0,3
E01000466,100.0,100.0,100.0,100.0,200.0,3
E01000467,100.0,100.0,100.0,100.0,200.0,3
E01000468,100.0,100.0,100.0,100.0,200.0,3
E01000469,100.0,100.0,100.0,100.0,200.0,3
E01000470,100.0,100.0,100.0,100.0,200.0,3
E01000471,100.0,100.0,100.0,100.0,200.0,3
E01000472,100.0,100.0,100.0,100.0,200.0,3
E01000473,100.0,100.0,100.0,100.0,200.0,3
E01000474,100.0,100.0,100.0,100.0,200.0,3
E01000475,100.0,100.0,100.0,100.0,200.0,3
E01000476,100.0,100.0,100.0,100.0,200.0,3
E01000477,100.0,100.0,100.0,100.0,200.0,3
E01000478,100.0,100.0,100.0,100.0,200.0,3
E01000479,100.0,100.0,100.0,100.0,200.0,3
E01000480,100.0,100.0,100.0,100.0,200.0,3
E01000481,100.0,100.0,100.0,100.0,200.0,3
E01000482,100.0,100.0,100.0,100.0,200.0,3
E01000483,100.0,100.0,100.0,100.0,200.0,3
E01000484,100.0,100.0,100.0,100.0,200.0,3
E01000485,100.0,100.0,100.0,100.0,200.0,3
E01000486,100.0,100.0,100.0,100.0,200.0,3
E01000487,100.0,100.0,100.0,100.0,200.0,3
E01000488,100.0,100.0,100.0,100.0,200.0,3
E01000489,100.0,100.0,100.0,100.0,200.0,3
E01000490,100.0,100.0,100.0,100.0,200.0,3
E01000491,100.0,100.0,100.0,100.0,200.0,3
E01000492,100.0,100.0,100.0,100.0,200.0,3
E01000493,100.0,100.0,100.0,100.0,200.0,3
E01000494,100.0,100.0,100.0,100.0,200.0,3
E01000495,100.0,100.0,100.0,100.0,200.0,3
E01000497,100.0,100.0,100.0,100.0,200.0,3
E01000498,100.0,100.0,100.0,100.0,200.0,3
E01000499,100.0,100.0,100.0,100.0,200.0,3
E01000501,100.0,100.0,100.0,100.0,200.0,3
E01000502,100.0,100.0,100.0,100.0,200.0,3
E01000503,100.0,100.0,100.0,100.0,200.0,3
E01000504,100.0,100.0,100.0,100.0,200.0,3
E01000505,100.0,100.0,100.0,100.0,200.0,3
E01000506,100.0,100.0,100.0,100.0,200.0,3
E01000507,100.0,100.0,100.0,100.0,200.0,3
E01000508,100.0,100.0,100.0,100.0,200.0,3
E01000509,100.0,100.0,100.0,100.0,200.0,3
E01000510,100.0,100.0,100.0,100.0,200.0,3
E01000511,100.0,100.0,100.0,100.0,200.0,3
E01000512,100.0,100.0,100.0,100.0,200.0,3
E01000513,100.0,100.0,100.0,100.0,200.0,3
E01000514,100.0,100.0,100.0,100.0,200.0,3
E01000515,100.0,100.0,100.0,100.0,200.0,3
E01000516,100.0,100.0,100.0,100.0,200.0,3
E01000517,100.0,100.0,100.0,100.0,200.0,3
E01000518,100.0,100.0,100.0,100.0,200.0,3
E01000519,100.0,100.0,100.0,100.0,200.0,3
E01000520,100.0,100.0,100.0,100.0,200.0,3
E01000521,100.0,100.0,100.0,100.0,200.0,3
E01000522,100.0,100.0,100.0,100.0,200.0,3
E01000523,100.0,100.0,100.0,100.0,200.0,3
E01000524,100.0,100.0,100.0,100.0,200.0,3
E01000525,100.0,100.0,100.0,100.0,200.0,3
E01000526,100.0,100.0,100.0,100.0,200.0,3
E01000527,100.0,100.0,100.0,100.0,200.0,3
E01000528,100.0,100.0,100.0,100.0,200.0,3
E01000530,100.0,100.0,100.0,100.0,200.0,3
E01000531,100.0,100.0,100.0,100.0,200.0,3
E01000532,100.0,100.0,100.0,100.0,200.0,3
E01000533,100.0,100.0,100.0,100.0,200.0,3
E01000534,100.0,100.0,100.0,100.0,200.0,3
E01000535,100.0,100.0,100.0,100.0,200.0,3
E01000536,100.0,100.0,100.0,100.0,200.0,3
E01000538,100.0,100.0,100.0,100.0,200.0,3
E01000539,100.0,100.0,100.0,100.0,200.0,3
E01000540,100.0,100.0,100.0,100.0,200.0,3
E01000541,100.0,100.0,100.0,100.0,200.0,3
E01000543,100.0,100.0,100.0,100.0,200.0,3
E01000544,100.0,100.0,100.0,100.0,200.0,3
E01000545,100.0,100.0,100.0,100.0,200.0,3
E01000546,100.0,100.0,100.0,100.0,200.0,3
E01000547,100.0,100.0,100.0,100.0,200.0,3
E01000548,100.0,100.0,100.0,100.0,200.0,3
E01000549,100.0,100.0,100.0,100.0,200.0,3
E01000550,100.0,100.0,100.0,100.0,200.0,3
E01000551,100.0,100.0,100.0,100.0,200.0,3
E01000552,100.0,100.0,100.0,100.0,200.0,3
E01000553,100.0,100.0,100.0,100.0,200.0,3
E01000554,100.0,100.0,100.0,100.0,200.0,3
E01000555,100.0,100.0,100.0,100.0,200.0,3
E01000556,100.0,100.0,100.0,100.0,200.0,3
E01000557,100.0,100.0,100.0,100.0,200.0,3
E01000558,100.0,100.0,100.0,100.0,200.0,3
E01000559,100.0,100.0,100.0,100.0,200.0,3
E01000560,100.0,100.0,100.0,100.0,200.0,3
E01000561,100.0,100.0,100.0,100.0,200.0,3
E01000562,100.0,100.0,100.0,100.0,200.0,3
E01000563,100.0,100.0,100.0,100.0,200.0,3
E01000564,100.0,100.0,100.0,100.0,200.0,3
E01000565,100.0,100.0,100.0,100.0,200.0,3
E01000566,100.0,100.0,100.0,100.0,200.0,3
E01000567,100.0,100.0,100.0,100.0,200.0,3
E01000568,100.0,100.0,100.0,100.0,200.0,3
E01000569,100.0,100.0,100.0,100.0,200.0,3
E01000570,100.0,100.0,100.0,100.0,200.0,3
E01000571,100.0,100.0,100.0,100.0,200.0,3
E01000572,100.0,100.0,100.0,100.0,200.0,3
E01000573,100.0,100.0,100.0,100.0,200.0,3
E01000574,100.0,100.0,100.0,100.0,200.0,3
E01000575,100.0,100.0,100.0,100.0,200.0,3
E01000576,100.0,100.0,100.0,100.0,200.0,3
E01000577,100.0,100.0,100.0,100.0,200.0,3
E01000578,100.0,100.0,100.0,100.0,200.0,3
E01000579,100.0,100.0,100.0,100.0,200.0,3
E01000580,100.0,100.0,100.0,100.0,200.0,3
E01000581,100.0,100.0,100.0,100.0,200.0,3
E01000582,100.0,100.0,100.0,100.0,200.0,3
E01000583,100.0,100.0,100.0,100.0,200.0,3
E01000584,100.0,100.0,100.0,100.0,200.0,3
E01000585,100.0,100.0,100.0,100.0,200.0,3
E01000586,100.0,100.0,100.0,100.0,200.0,3
E01000587,100.0,100.0,100.0,100.0,200.0,3
E01000588,100.0,100.0,100.0,100.0,200.0,3
E01000589,100.0,100.0,100.0,100.0,200.0,3
E01000590,100.0,100.0,100.0,100.0,200.0,3
E01000591,100.0,100.0,100.0,100.0,200.0,3
E01000592,100.0,100.0,100.0,100.0,200.0,3
E01000593,100.0,100.0,100.0,100.0,200.0,3
E01000594,100.0,100.0,100.0,100.0,200.0,3
E01000595,100.0,100.0,100.0,100.0,200.0,3
E01000596,100.0,100.0,100.0,100.0,200.0,3
E01000599,100.0,100.0,100.0,100.0,200.0,3
E01000600,100.0,100.0,100.0,100.0,200.0,3
E01000601,100.0,100.0,100.0,100.0,200.0,3
E01000602,100.0,100.0,100.0,100.0,200.0,3
E01000603,100.0,100.0,100.0,100.0,200.0,3
E01000604,100.0,100.0,100.0,100.0,200.0,3
E01000605,100.0,100.0,100.0,100.0,200.0,3
E01000606,100.0,100.0,100.0,100.0,200.0,3
E01000607,100.0,100.0,100.0,100.0,200.0,3
E01000608,100.0,100.0,100.0,100.0,200.0,3
E01000609,100.0,100.0,100.0,100.0,200.0,3
E01000610,100.0,100.0,100.0,100.0,200.0,3
E01000611,100.0,100.0,100.0,100.0,200.0,3
E01000612,100.0,100.0,100.0,100.0,200.0,3
E01000613,100.0,100.0,100.0,100.0,200.0,3
E01000615,100.0,100.0,100.0,100.0,200.0,3
E01000616,100.0,100.0,100.0,100.0,200.0,3
E01000617,100.0,100.0,100.0,100.0,200.0,3
E01000618,100.0,100.0,100.0,100.0,200.0,3
E01000619,100.0,100.0,100.0,100.0,200.0,3
E01000620,100.0,100.0,100.0,100.0,200.0,3
E01000621,100.0,100.0,100.0,100.0,200.0,3
E01000622,100.0,100.0,100.0,100.0,200.0,3
E01000623,100.0,100.0,100.0,100.0,200.0,3
E01000624,100.0,100.0,100.0,100.0,200.0,3
E01000625,100.0,100.0,100.0,100.0,200.0,3
E01000626,100.0,100.0,100.0,100.0,200.0,3
E01000627,100.0,100.0,100.0,100.0,200.0,3
E01000628,100.0,100.0,100.0,100.0,200.0,3
E01000629,100.0,100.0,100.0,100.0,200.0,3
E01000630,100.0,100.0,100.0,100.0,200.0,3
E01000631,100.0,100.0,100.0,100.0,200.0,3
E01000632,100.0,100.0,100.0,100.0,200.0,3
E01000633,100.0,100.0,100.0,100.0,200.0,3
E01000634,100.0,100.0,100.0,100.0,200.0,3
E01000635,100.0,100.0,100.0,100.0,200.0,3
E01000636,100.0,100.0,100.0,100.0,200.0,3
E01000637,100.0,100.0,100.0,100.0,200.0,3
E01000638,100.0,100.0,100.0,100.0,200.0,3
E01000639,100.0,100.0,100.0,100.0,200.0,3
E01000640,100.0,100.0,100.0,100.0,200.0,3
E01000641,100.0,100.0,100.0,100.0,200.0,3
E01000642,100.0,100.0,100.0,100.0,200.0,3
E01000643,100.0,100.0,100.0,100.0,200.0,3
E01000644,100.0,100.0,100.0,100.0,200.0,3
E01000645,100.0,100.0,100.0,100.0,200.0,3
E01000646,100.0,100.0,100.0,100.0,200.0,3
E01000647,100.0,100.0,100.0,100.0,200.0,3
E01000648,100.0,100.0,100.0,100.0,200.0,3
E01000649,100.0,100.0,100.0,100.0,200.0,3
E01000650,100.0,100.0,100.0,100.0,200.0,3
E01000651,100.0,100.0,100.0,100.0,200.0,3
E01000652,100.0,100.0,100.0,100.0,200.0,3
E01000653,100.0,100.0,100.0,100.0,200.0,3
E01000654,27.68,0.0,0.0,27.68,0.0,1
E01000655,88.19,0.0,0.0,88.19,0.0,1
E01000656,99.97,0.0,0.0,99.97,0.0,1
E01000657,100.0,0.0,0.0,100.0,0.0,1
E01000658,100.0,0.0,0.0,100.0,0.0,1
E01000659,100.0,0.0,0.0,100.0,0.0,1
E01000661,100.0,97.38,100.0,100.0,197.38,3
E01000662,100.0,96.06,100.0,100.0,196.06,3
E01000663,100.0,45.04,100.0,100.0,145.04,3
E01000664,100.0,25.03,100.0,100.0,125.03,3
E01000665,100.0,7.9,100.0,100.0,107.9,3
E01000666,100.0,0.0,77.31,100.0,77.31,2
E01000667,100.0,0.0,100.0,100.0,100.0,2
E01000668,100.0,100.0,100.0,100.0,200.0,3
E01000669,100.0,100.0,100.0,100.0,200.0,3
E01000670,100.0,100.0,100.0,100.0,200.0,3
E01000671,100.0,100.0,100.0,100.0,200.0,3
E01000672,100.0,100.0,100.0,100.0,200.0,3
E01000673,100.0,100.0,100.0,100.0,200.0,3
E01000674,100.0,100.0,100.0,100.0,200.0,3
E01000675,100.0,100.0,100.0,100.0,200.0,3
E01000676,100.0,100.0,100.0,100.0,200.0,3
E01000677,100.0,100.0,100.0,100.0,200.0,3
E01000678,100.0,100.0,100.0,100.0,200.0,3
E01000679,100.0,100.0,100.0,100.0,200.0,3
E01000680,0.0,0.0,0.0,0.0,0.0,0
E01000681,100.0,0.0,100.0,100.0,100.0,2
E01000682,100.0,0.0,41.69,100.0,41.69,2
E01000683,100.0,0.0,88.11,100.0,88.11,2
E01000684,100.0,0.0,5.14,100.0,5.14,2
E01000685,23.21,0.0,0.0,23.21,0.0,1
E01000686,100.0,0.0,0.25,100.0,0.25,2
E01000687,97.47,0.0,0.0,97.47,0.0,1
E01000688,23.24,0.0,0.0,23.24,0.0,1
E01000689,100.0,100.0,100.0,100.0,200.0,3
E01000690,100.0,100.0,100.0,100.0,200.0,3
E01000691,100.0,100.0,100.0,100.0,200.0,3
E01000692,100.0,100.0,100.0,100.0,200.0,3
E01000693,100.0,100.0,100.0,100.0,200.0,3
E01000694,100.0,100.0,100.0,100.0,200.0,3
E01000695,100.0,100.0,100.0,100.0,200.0,3
E01000696,100.0,100.0,100.0,100.0,200.0,3
E01000697,100.0,100.0,100.0,100.0,200.0,3
E01000698,100.0,82.6,100.0,100.0,182.6,3
E01000699,100.0,100.0,100.0,100.0,200.0,3
E01000700,100.0,100.0,100.0,100.0,200.0,3
E01000701,100.0,100.0,100.0,100.0,200.0,3
E01000702,100.0,100.0,100.0,100.0,200.0,3
E01000703,100.0,100.0,100.0,100.0,200.0,3
E01000704,100.0,100.0,100.0,100.0,200.0,3
E01000705,100.0,100.0,100.0,100.0,200.0,3
E01000706,100.0,100.0,100.0,100.0,200.0,3
E01000707,100.0,100.0,100.0,100.0,200.0,3
E01000708,100.0,100.0,100.0,100.0,200.0,3
E01000709,100.0,100.0,100.0,100.0,200.0,3
E01000710,100.0,100.0,100.0,100.0,200.0,3
E01000711,100.0,100.0,100.0,100.0,200.0,3
E01000712,100.0,100.0,100.0,100.0,200.0,3
E01000713,100.0,100.0,100.0,100.0,200.0,3
E01000714,100.0,100.0,100.0,100.0,200.0,3
E01000715,100.0,100.0,100.0,100.0,200.0,3
E01000716,100.0,100.0,100.0,100.0,200.0,3
E01000717,100.0,100.0,100.0,100.0,200.0,3
E01000718,100.0,100.0,100.0,100.0,200.0,3
E01000719,100.0,0.0,100.0,100.0,100.0,2
E01000720,50.08,0.0,13.94,50.08,13.94,2
E01000721,100.0,0.0,99.86,100.0,99.86,2
E01000722,100.0,0.0,100.0,100.0,100.0,2
E01000723,79.42,0.0,17.98,79.42,17.98,2
E01000724,100.0,0.0,91.91,100.0,91.91,2
E01000725,100.0,0.0,100.0,100.0,100.0,2
E01000726,100.0,0.0,100.0,100.0,100.0,2
E01000727,100.0,0.0,100.0,100.0,100.0,2
E01000728,100.0,24.91,99.99,100.0,124.9,3
E01000729,100.0,94.58,100.0,100.0,194.58,3
E01000730,100.0,0.0,100.0,100.0,100.0,2
E01000731,100.0,0.0,100.0,100.0,100.0,2
E01000732,100.0,0.0,100.0,100.0,100.0,2
E01000733,100.0,0.0,100.0,100.0,100.0,2
E01000734,100.0,0.0,100.0,100.0,100.0,2
E01000735,100.0,100.0,100.0,100.0,200.0,3
E01000736,100.0,100.0,100.0,100.0,200.0,3
E01000737,100.0,98.29,100.0,100.0,198.29,3
E01000738,100.0,53.94,100.0,100.0,153.94,3
E01000739,100.0,13.82,100.0,100.0,113.82,3
E01000740,100.0,100.0,100.0,100.0,200.0,3
E01000741,100.0,100.0,100.0,100.0,200.0,3
E01000742,100.0,100.0,100.0,100.0,200.0,3
E01000743,100.0,100.0,100.0,100.0,200.0,3
E01000744,100.0,100.0,100.0,100.0,200.0,3
E01000745,100.0,100.0,100.0,100.0,200.0,3
E01000746,100.0,100.0,100.0,100.0,200.0,3
E01000747,97.35,0.0,1.49,97.35,1.49,2
E01000748,20.3,0.0,0.0,20.3,0.0,1
E01000749,75.41,0.0,0.0,75.41,0.0,1
E01000750,100.0,0.0,100.0,100.0,100.0,2
E01000751,100.0,0.0,55.69,100.0,55.69,2
E01000752,100.0,0.0,26.0,100.0,26.0,2
E01000753,100.0,0.0,100.0,100.0,100.0,2
E01000754,100.0,0.0,100.0,100.0,100.0,2
E01000755,100.0,0.0,100.0,100.0,100.0,2
E01000756,100.0,0.0,100.0,100.0,100.0,2
E01000757,100.0,0.0,100.0,100.0,100.0,2
E01000758,100.0,0.0,100.0,100.0,100.0,2
E01000759,100.0,10.7,98.24,100.0,108.94,3
E01000760,100.0,76.12,100.0,100.0,176.12,3
E01000761,100.0,36.67,100.0,100.0,136.67,3
E01000762,100.0,100.0,100.0,100.0,200.0,3
E01000763,100.0,100.0,100.0,100.0,200.0,3
E01000764,100.0,100.0,100.0,100.0,200.0,3
E01000765,100.0,67.36,100.0,100.0,167.36,3
E01000766,100.0,100.0,100.0,100.0,200.0,3
E01000767,100.0,100.0,100.0,100.0,200.0,3
E01000768,100.0,100.0,100.0,100.0,200.0,3
E01000769,100.0,100.0,100.0,100.0,200.0,3
E01000770,100.0,100.0,100.0,100.0,200.0,3
E01000771,100.0,100.0,100.0,100.0,200.0,3
E01000772,100.0,100.0,100.0,100.0,200.0,3
E01000773,100.0,100.0,100.0,100.0,200.0,3
E01000774,100.0,100.0,100.0,100.0,200.0,3
E01000775,100.0,100.0,100.0,100.0,200.0,3
E01000777,100.0,100.0,100.0,100.0,200.0,3
E01000778,100.0,100.0,100.0,100.0,200.0,3
E01000779,100.0,100.0,100.0,100.0,200.0,3
E01000780,100.0,100.0,100.0,100.0,200.0,3
E01000781,100.0,100.0,100.0,100.0,200.0,3
E01000782,100.0,100.0,100.0,100.0,200.0,3
E01000783,100.0,100.0,100.0,100.0,200.0,3
E01000784,100.0,100.0,100.0,100.0,200.0,3
E01000785,100.0,100.0,100.0,100.0,200.0,3
E01000786,48.02,0.0,0.13,48.02,0.13,2
E01000787,100.0,0.0,77.58,100.0,77.58,2
E01000788,100.0,0.0,100.0,100.0,100.0,2
E01000789,100.0,0.0,21.53,100.0,21.53,2
E01000790,100.0,0.0,100.0,100.0,100.0,2
E01000791,100.0,0.0,94.93,100.0,94.93,2
E01000792,98.4,0.0,23.08,98.4,23.08,2
E01000793,100.0,0.0,74.94,100.0,74.94,2
E01000794,100.0,0.0,64.77,100.0,64.77,2
E01000795,93.7,0.0,0.0,93.7,0.0,1
E01000796,100.0,100.0,100.0,100.0,200.0,3
E01000797,100.0,100.0,100.0,100.0,200.0,3
E01000798,100.0,100.0,100.0,100.0,200.0,3
E01000799,100.0,100.0,100.0,100.0,200.0,3
E01000800,100.0,100.0,100.0,100.0,200.0,3
E01000801,100.0,100.0,100.0,100.0,200.0,3
E01000802,100.0,100.0,100.0,100.0,200.0,3
E01000803,100.0,100.0,100.0,100.0,200.0,3
E01000804,100.0,100.0,100.0,100.0,200.0,3
E01000805,100.0,100.0,100.0,100.0,200.0,3
E01000806,100.0,100.0,100.0,100.0,200.0,3
E01000807,100.0,72.42,100.0,100.0,172.42,3
E01000808,100.0,0.0,100.0,100.0,100.0,2
E01000809,100.0,18.97,100.0,100.0,118.97,3
E01000810,100.0,0.0,100.0,100.0,100.0,2
E01000811,100.0,0.03,100.0,100.0,100.03,3
E01000812,100.0,0.0,100.0,100.0,100.0,2
E01000813,100.0,0.0,100.0,100.0,100.0,2
E01000814,100.0,0.0,100.0,100.0,100.0,2
E01000815,100.0,37.71,100.0,100.0,137.71,3
E01000816,100.0,100.0,100.0,100.0,200.0,3
E01000818,100.0,100.0,100.0,100.0,200.0,3
E01000819,100.0,100.0,100.0,100.0,200.0,3
E01000820,100.0,100.0,100.0,100.0,200.0,3
E01000822,100.0,100.0,100.0,100.0,200.0,3
E01000823,100.0,100.0,100.0,100.0,200.0,3
E01000824,100.0,100.0,100.0,100.0,200.0,3
E01000825,100.0,100.0,100.0,100.0,200.0,3
E01000826,100.0,100.0,100.0,100.0,200.0,3
E01000827,100.0,100.0,100.0,100.0,200.0,3
E01000828,100.0,100.0,100.0,100.0,200.0,3
E01000829,100.0,100.0,100.0,100.0,200.0,3
E01000830,100.0,100.0,100.0,100.0,200.0,3
E01000831,100.0,100.0,100.0,100.0,200.0,3
E01000832,100.0,100.0,100.0,100.0,200.0,3
E01000833,100.0,100.0,100.0,100.0,200.0,3
E01000834,100.0,100.0,100.0,100.0,200.0,3
E01000835,100.0,100.0,100.0,100.0,200.0,3
E01000836,100.0,100.0,100.0,100.0,200.0,3
E01000837,100.0,100.0,100.0,100.0,200.0,3
E01000838,100.0,100.0,100.0,100.0,200.0,3
E01000839,100.0,100.0,100.0,100.0,200.0,3
E01000840,100.0,100.0,100.0,100.0,200.0,3
E01000841,100.0,100.0,100.0,100.0,200.0,3
E01000842,100.0,100.0,100.0,100.0,200.0,3
E01000843,100.0,100.0,100.0,100.0,200.0,3
E01000844,100.0,100.0,100.0,100.0,200.0,3
E01000845,100.0,100.0,100.0,100.0,200.0,3
E01000846,100.0,100.0,100.0,100.0,200.0,3
E01000847,100.0,100.0,100.0,100.0,200.0,3
E01000848,100.0,100.0,100.0,100.0,200.0,3
E01000849,100.0,100.0,100.0,100.0,200.0,3
E01000850,100.0,100.0,100.0,100.0,200.0,3
E01000851,100.0,100.0,100.0,100.0,200.0,3
E01000852,100.0,100.0,100.0,100.0,200.0,3
E01000853,100.0,100.0,100.0,100.0,200.0,3
E01000854,100.0,100.0,100.0,100.0,200.0,3
E01000855,100.0,100.0,100.0,100.0,200.0,3
E01000856,100.0,100.0,100.0,100.0,200.0,3
E01000857,100.0,100.0,100.0,100.0,200.0,3
E01000858,100.0,100.0,100.0,100.0,200.0,3
E01000859,100.0,100.0,100.0,100.0,200.0,3
E01000860,100.0,100.0,100.0,100.0,200.0,3
E01000861,100.0,100.0,100.0,100.0,200.0,3
E01000862,100.0,100.0,100.0,100.0,200.0,3
E01000863,100.0,100.0,100.0,100.0,200.0,3
E01000864,100.0,100.0,100.0,100.0,200.0,3
E01000865,100.0,100.0,100.0,100.0,200.0,3
E01000866,100.0,100.0,100.0,100.0,200.0,3
E01000867,100.0,100.0,100.0,100.0,200.0,3
E01000868,100.0,100.0,100.0,100.0,200.0,3
E01000869,100.0,100.0,100.0,100.0,200.0,3
E01000870,100.0,100.0,100.0,100.0,200.0,3
E01000871,100.0,100.0,100.0,100.0,200.0,3
E01000872,100.0,100.0,100.0,100.0,200.0,3
E01000873,100.0,100.0,100.0,100.0,200.0,3
E01000874,100.0,100.0,100.0,100.0,200.0,3
E01000875,100.0,100.0,100.0,100.0,200.0,3
E01000876,100.0,100.0,100.0,100.0,200.0,3
E01000877,100.0,100.0,100.0,100.0,200.0,3
E01000878,100.0,100.0,100.0,100.0,200.0,3
E01000879,100.0,100.0,100.0,100.0,200.0,3
E01000880,100.0,100.0,100.0,100.0,200.0,3
E01000881,100.0,100.0,100.0,100.0,200.0,3
E01000882,100.0,100.0,100.0,100.0,200.0,3
E01000883,100.0,100.0,100.0,100.0,200.0,3
E01000884,100.0,100.0,100.0,100.0,200.0,3
E01000885,100.0,100.0,100.0,100.0,200.0,3
E01000886,100.0,100.0,100.0,100.0,200.0,3
E01000887,100.0,100.0,100.0,100.0,200.0,3
E01000888,100.0,100.0,100.0,100.0,200.0,3
E01000889,100.0,100.0,100.0,100.0,200.0,3
E01000890,100.0,100.0,100.0,100.0,200.0,3
E01000891,100.0,100.0,100.0,100.0,200.0,3
E01000892,100.0,100.0,100.0,100.0,200.0,3
E01000893,100.0,100.0,100.0,100.0,200.0,3
E01000894,100.0,100.0,100.0,100.0,200.0,3
E01000895,100.0,100.0,100.0,100.0,200.0,3
E01000896,100.0,100.0,100.0,100.0,200.0,3
E01000897,100.0,100.0,100.0,100.0,200.0,3
E01000898,100.0,100.0,100.0,100.0,200.0,3
E01000899,100.0,100.0,100.0,100.0,200.0,3
E01000900,100.0,100.0,100.0,100.0,200.0,3
E01000901,100.0,100.0,100.0,100.0,200.0,3
E01000902,100.0,100.0,100.0,100.0,200.0,3
E01000903,100.0,100.0,100.0,100.0,200.0,3
E01000904,100.0,100.0,100.0,100.0,200.0,3
E01000905,100.0,100.0,100.0,100.0,200.0,3
E01000906,100.0,100.0,100.0,100.0,200.0,3
E01000907,100.0,100.0,100.0,100.0,200.0,3
E01000908,100.0,100.0,100.0,100.0,200.0,3
E01000909,100.0,100.0,100.0,100.0,200.0,3
E01000910,100.0,100.0,100.0,100.0,200.0,3
E01000911,100.0,100.0,100.0,100.0,200.0,3
E01000912,100.0,100.0,100.0,100.0,200.0,3
E01000913,100.0,100.0,100.0,100.0,200.0,3
E01000914,100.0,100.0,100.0,100.0,200.0,3
E01000915,100.0,100.0,100.0,100.0,200.0,3
E01000916,100.0,100.0,100.0,100.0,200.0,3
E01000917,100.0,100.0,100.0,100.0,200.0,3
E01000918,100.0,100.0,100.0,100.0,200.0,3
E01000919,100.0,100.0,100.0,100.0,200.0,3
E01000920,100.0,100.0,100.0,100.0,200.0,3
E01000921,100.0,100.0,100.0,100.0,200.0,3
E01000922,100.0,100.0,100.0,100.0,200.0,3
E01000923,100.0,100.0,100.0,100.0,200.0,3
E01000924,100.0,100.0,100.0,100.0,200.0,3
E01000925,100.0,100.0,100.0,100.0,200.0,3
E01000926,100.0,100.0,100.0,100.0,200.0,3
E01000927,100.0,100.0,100.0,100.0,200.0,3
E01000928,100.0,100.0,100.0,100.0,200.0,3
E01000929,100.0,100.0,100.0,100.0,200.0,3
E01000930,100.0,100.0,100.0,100.0,200.0,3
E01000931,100.0,100.0,100.0,100.0,200.0,3
E01000932,100.0,100.0,100.0,100.0,200.0,3
E01000933,100.0,100.0,100.0,100.0,200.0,3
E01000934,100.0,100.0,100.0,100.0,200.0,3
E01000935,100.0,100.0,100.0,100.0,200.0,3
E01000936,100.0,100.0,100.0,100.0,200.0,3
E01000937,100.0,100.0,100.0,100.0,200.0,3
E01000938,100.0,100.0,100.0,100.0,200.0,3
E01000939,100.0,100.0,100.0,100.0,200.0,3
E01000940,100.0,100.0,100.0,100.0,200.0,3
E01000941,100.0,100.0,100.0,100.0,200.0,3
E01000942,100.0,100.0,100.0,100.0,200.0,3
E01000943,100.0,100.0,100.0,100.0,200.0,3
E01000944,100.0,100.0,100.0,100.0,200.0,3
E01000945,100.0,100.0,100.0,100.0,200.0,3
E01000946,100.0,100.0,100.0,100.0,200.0,3
E01000947,100.0,100.0,100.0,100.0,200.0,3
E01000948,100.0,100.0,100.0,100.0,200.0,3
E01000949,100.0,100.0,100.0,100.0,200.0,3
E01000950,100.0,100.0,100.0,100.0,200.0,3
E01000951,100.0,100.0,100.0,100.0,200.0,3
E01000952,100.0,100.0,100.0,100.0,200.0,3
E01000953,100.0,100.0,100.0,100.0,200.0,3
E01000954,100.0,100.0,100.0,100.0,200.0,3
E01000955,100.0,100.0,100.0,100.0,200.0,3
E01000956,100.0,100.0,100.0,100.0,200.0,3
E01000957,100.0,100.0,100.0,100.0,200.0,3
E01000958,100.0,100.0,100.0,100.0,200.0,3
E01000959,100.0,100.0,100.0,100.0,200.0,3
E01000960,100.0,100.0,100.0,100.0,200.0,3
E01000961,100.0,100.0,100.0,100.0,200.0,3
E01000962,100.0,100.0,100.0,100.0,200.0,3
E01000963,100.0,100.0,100.0,100.0,200.0,3
E01000964,100.0,100.0,100.0,100.0,200.0,3
E01000965,100.0,100.0,100.0,100.0,200.0,3
E01000966,100.0,100.0,100.0,100.0,200.0,3
E01000967,100.0,100.0,100.0,100.0,200.0,3
E01000968,100.0,100.0,100.0,100.0,200.0,3
E01000969,100.0,100.0,100.0,100.0,200.0,3
E01000970,100.0,100.0,100.0,100.0,200.0,3
E01000971,100.0,100.0,100.0,100.0,200.0,3
E01000972,100.0,100.0,100.0,100.0,200.0,3
E01000973,100.0,100.0,100.0,100.0,200.0,3
E01000974,100.0,100.0,100.0,100.0,200.0,3
E01000975,100.0,100.0,100.0,100.0,200.0,3
E01000976,100.0,100.0,100.0,100.0,200.0,3
E01000977,100.0,100.0,100.0,100.0,200.0,3
E01000978,100.0,100.0,100.0,100.0,200.0,3
E01000979,100.0,100.0,100.0,100.0,200.0,3
E01000980,100.0,100.0,100.0,100.0,200.0,3
E01000981,100.0,100.0,100.0,100.0,200.0,3
E01000982,100.0,100.0,100.0,100.0,200.0,3
E01000983,100.0,100.0,100.0,100.0,200.0,3
E01000984,100.0,100.0,100.0,100.0,200.0,3
E01000985,100.0,100.0,100.0,100.0,200.0,3
E01000986,100.0,100.0,100.0,100.0,200.0,3
E01000987,100.0,100.0,100.0,100.0,200.0,3
E01000989,100.0,100.0,100.0,100.0,200.0,3
E01000990,100.0,100.0,100.0,100.0,200.0,3
E01000991,100.0,100.0,100.0,100.0,200.0,3
E01000992,100.0,100.0,100.0,100.0,200.0,3
E01000993,100.0,100.0,100.0,100.0,200.0,3
E01000994,100.0,100.0,100.0,100.0,200.0,3
E01000995,100.0,100.0,100.0,100.0,200.0,3
E01000996,100.0,100.0,100.0,100.0,200.0,3
E01000997,100.0,100.0,100.0,100.0,200.0,3
E01000998,100.0,100.0,100.0,100.0,200.0,3
E01000999,100.0,100.0,100.0,100.0,200.0,3
E01001000,100.0,100.0,100.0,100.0,200.0,3
E01001001,100.0,100.0,100.0,100.0,200.0,3
E01001002,100.0,100.0,100.0,100.0,200.0,3
E01001003,100.0,100.0,100.0,100.0,200.0,3
E01001004,100.0,100.0,100.0,100.0,200.0,3
E01001005,100.0,100.0,100.0,100.0,200.0,3
E01001006,100.0,100.0,100.0,100.0,200.0,3
E01001007,100.0,100.0,100.0,100.0,200.0,3
E01001008,100.0,100.0,100.0,100.0,200.0,3
E01001009,100.0,100.0,100.0,100.0,200.0,3
E01001010,100.0,100.0,100.0,100.0,200.0,3
E01001011,100.0,100.0,100.0,100.0,200.0,3
E01001012,100.0,100.0,100.0,100.0,200.0,3
E01001013,100.0,100.0,100.0,100.0,200.0,3
E01001014,100.0,100.0,100.0,100.0,200.0,3
E01001015,100.0,3.44,0.0,100.0,3.44,2
E01001016,100.0,22.18,0.0,100.0,22.18,2
E01001017,15.19,0.0,0.0,15.19,0.0,1
E01001018,60.57,0.0,0.0,60.57,0.0,1
E01001019,81.1,0.0,0.0,81.1,0.0,1
E01001020,3.57,0.0,0.0,3.57,0.0,1
E01001021,0.0,0.0,0.0,0.0,0.0,0
E01001022,0.0,0.0,0.0,0.0,0.0,0
E01001023,100.0,87.24,0.0,100.0,87.24,2
E01001024,100.0,100.0,0.0,100.0,100.0,2
E01001025,100.0,100.0,0.0,100.0,100.0,2
E01001026,100.0,100.0,0.0,100.0,100.0,2
E01001027,53.47,35.48,0.0,53.92,35.03,2
E01001028,100.0,100.0,46.45,100.0,146.45,3
E01001029,100.0,100.0,100.0,100.0,200.0,3
E01001030,100.0,100.0,41.66,100.0,141.66,3
E01001031,100.0,100.0,0.0,100.0,100.0,2
E01001032,100.0,100.0,100.0,100.0,200.0,3
E01001033,100.0,100.0,100.0,100.0,200.0,3
E01001034,100.0,100.0,100.0,100.0,200.0,3
E01001035,100.0,100.0,100.0,100.0,200.0,3
E01001036,100.0,100.0,100.0,100.0,200.0,3
E01001037,100.0,100.0,100.0,100.0,200.0,3
E01001038,100.0,100.0,100.0,100.0,200.0,3
E01001039,100.0,100.0,100.0,100.0,200.0,3
E01001040,100.0,100.0,100.0,100.0,200.0,3
E01001041,100.0,100.0,100.0,100.0,200.0,3
E01001042,100.0,100.0,100.0,100.0,200.0,3
E01001043,100.0,100.0,100.0,100.0,200.0,3
E01001044,100.0,100.0,100.0,100.0,200.0,3
E01001045,100.0,100.0,100.0,100.0,200.0,3
E01001046,100.0,100.0,100.0,100.0,200.0,3
E01001047,100.0,100.0,100.0,100.0,200.0,3
E01001048,100.0,100.0,100.0,100.0,200.0,3
E01001049,100.0,100.0,100.0,100.0,200.0,3
E01001050,100.0,100.0,100.0,100.0,200.0,3
E01001051,100.0,41.61,100.0,100.0,141.61,3
E01001052,100.0,25.16,100.0,100.0,125.16,3
E01001053,100.0,0.0,100.0,100.0,100.0,2
E01001054,100.0,10.55,100.0,100.0,110.55,3
E01001055,100.0,0.0,100.0,100.0,100.0,2
E01001056,100.0,0.0,100.0,100.0,100.0,2
E01001057,100.0,0.0,100.0,100.0,100.0,2
E01001058,100.0,0.0,100.0,100.0,100.0,2
E01001059,100.0,0.0,100.0,100.0,100.0,2
E01001060,100.0,0.0,36.94,100.0,36.94,2
E01001061,100.0,81.73,100.0,100.0,181.73,3
E01001062,100.0,100.0,100.0,100.0,200.0,3
E01001063,100.0,100.0,100.0,100.0,200.0,3
E01001064,100.0,99.84,100.0,100.0,199.84,3
E01001065,100.0,43.21,100.0,100.0,143.21,3
E01001066,100.0,96.81,100.0,100.0,196.81,3
E01001067,100.0,81.18,6.95,100.0,88.13,3
E01001068,100.0,0.0,0.0,100.0,0.0,1
E01001069,100.0,15.38,1.62,100.0,17.0,3
E01001070,100.0,0.0,0.0,100.0,0.0,1
E01001071,100.0,0.0,0.0,100.0,0.0,1
E01001072,82.08,0.0,0.0,82.08,0.0,1
E01001073,100.0,100.0,98.21,100.0,198.21,3
E01001074,100.0,100.0,55.53,100.0,155.53,3
E01001075,100.0,26.7,3.59,100.0,30.29,3
E01001076,100.0,0.0,0.0,100.0,0.0,1
E01001077,100.0,0.0,36.59,100.0,36.59,2
E01001078,100.0,0.0,47.97,100.0,47.97,2
E01001079,100.0,0.0,0.0,100.0,0.0,1
E01001080,100.0,0.0,0.0,100.0,0.0,1
E01001081,100.0,0.0,0.0,100.0,0.0,1
E01001082,100.0,0.0,60.39,100.0,60.39,2
E01001083,100.0,100.0,100.0,100.0,200.0,3
E01001084,100.0,100.0,100.0,100.0,200.0,3
E01001085,100.0,100.0,100.0,100.0,200.0,3
E01001086,100.0,100.0,100.0,100.0,200.0,3
E01001087,100.0,100.0,100.0,100.0,200.0,3
E01001088,100.0,100.0,100.0,100.0,200.0,3
E01001089,100.0,100.0,100.0,100.0,200.0,3
E01001090,100.0,100.0,100.0,100.0,200.0,3
E01001091,100.0,100.0,100.0,100.0,200.0,3
E01001092,100.0,100.0,100.0,100.0,200.0,3
E01001093,100.0,100.0,100.0,100.0,200.0,3
E01001094,100.0,100.0,100.0,100.0,200.0,3
E01001095,100.0,100.0,100.0,100.0,200.0,3
E01001096,100.0,100.0,100.0,100.0,200.0,3
E01001097,100.0,100.0,100.0,100.0,200.0,3
E01001098,100.0,100.0,100.0,100.0,200.0,3
E01001099,100.0,98.06,82.14,100.0,180.2,3
E01001100,100.0,100.0,100.0,100.0,200.0,3
E01001101,100.0,59.44,70.32,100.0,129.76,3
E01001102,100.0,20.13,64.51,100.0,84.64,3
E01001103,100.0,0.0,0.0,100.0,0.0,1
E01001104,100.0,21.02,19.0,100.0,40.02,3
E01001105,100.0,0.0,0.0,100.0,0.0,1
E01001106,100.0,0.0,0.0,100.0,0.0,1
E01001107,100.0,100.0,100.0,100.0,200.0,3
E01001108,100.0,94.27,100.0,100.0,194.27,3
E01001109,100.0,100.0,100.0,100.0,200.0,3
E01001110,100.0,100.0,100.0,100.0,200.0,3
E01001111,100.0,100.0,100.0,100.0,200.0,3
E01001112,100.0,100.0,100.0,100.0,200.0,3
E01001113,100.0,100.0,100.0,100.0,200.0,3
E01001114,100.0,100.0,100.0,100.0,200.0,3
E01001115,100.0,100.0,100.0,100.0,200.0,3
E01001116,100.0,100.0,100.0,100.0,200.0,3
E01001117,100.0,100.0,100.0,100.0,200.0,3
E01001118,100.0,100.0,100.0,100.0,200.0,3
E01001119,100.0,0.0,50.19,100.0,50.19,2
E01001120,100.0,49.48,100.0,100.0,149.48,3
E01001121,100.0,0.73,22.25,100.0,22.98,3
E01001122,100.0,100.0,100.0,100.0,200.0,3
E01001123,100.0,99.97,100.0,100.0,199.97,3
E01001124,100.0,100.0,100.0,100.0,200.0,3
E01001125,100.0,65.49,100.0,100.0,165.49,3
E01001126,100.0,2.42,100.0,100.0,102.42,3
E01001127,100.0,100.0,100.0,100.0,200.0,3
E01001128,100.0,100.0,100.0,100.0,200.0,3
E01001129,100.0,100.0,100.0,100.0,200.0,3
E01001130,100.0,100.0,100.0,100.0,200.0,3
E01001131,100.0,100.0,100.0,100.0,200.0,3
E01001132,100.0,100.0,100.0,100.0,200.0,3
E01001133,100.0,100.0,100.0,100.0,200.0,3
E01001134,100.0,100.0,100.0,100.0,200.0,3
E01001135,100.0,100.0,100.0,100.0,200.0,3
E01001136,100.0,100.0,100.0,100.0,200.0,3
E01001137,100.0,100.0,100.0,100.0,200.0,3
E01001138,100.0,100.0,100.0,100.0,200.0,3
E01001139,100.0,100.0,100.0,100.0,200.0,3
E01001140,100.0,100.0,100.0,100.0,200.0,3
E01001141,100.0,100.0,100.0,100.0,200.0,3
E01001142,100.0,100.0,100.0,100.0,200.0,3
E01001143,100.0,100.0,100.0,100.0,200.0,3
E01001144,100.0,100.0,100.0,100.0,200.0,3
E01001145,100.0,100.0,100.0,100.0,200.0,3
E01001146,100.0,100.0,100.0,100.0,200.0,3
E01001147,100.0,100.0,100.0,100.0,200.0,3
E01001148,100.0,100.0,100.0,100.0,200.0,3
E01001149,100.0,100.0,100.0,100.0,200.0,3
E01001150,100.0,100.0,100.0,100.0,200.0,3
E01001151,100.0,100.0,100.0,100.0,200.0,3
E01001152,100.0,100.0,100.0,100.0,200.0,3
E01001153,100.0,100.0,100.0,100.0,200.0,3
E01001154,100.0,100.0,100.0,100.0,200.0,3
E01001155,100.0,100.0,100.0,100.0,200.0,3
E01001156,100.0,100.0,100.0,100.0,200.0,3
E01001157,100.0,100.0,100.0,100.0,200.0,3
E01001158,100.0,100.0,100.0,100.0,200.0,3
E01001159,100.0,100.0,100.0,100.0,200.0,3
E01001160,100.0,100.0,100.0,100.0,200.0,3
E01001161,100.0,100.0,100.0,100.0,200.0,3
E01001162,100.0,100.0,100.0,100.0,200.0,3
E01001163,100.0,100.0,100.0,100.0,200.0,3
E01001164,100.0,100.0,100.0,100.0,200.0,3
E01001165,100.0,100.0,100.0,100.0,200.0,3
E01001166,100.0,100.0,100.0,100.0,200.0,3
E01001167,100.0,100.0,100.0,100.0,200.0,3
E01001168,100.0,100.0,100.0,100.0,200.0,3
E01001169,100.0,100.0,100.0,100.0,200.0,3
E01001170,100.0,100.0,100.0,100.0,200.0,3
E01001171,100.0,100.0,100.0,100.0,200.0,3
E01001172,100.0,100.0,100.0,100.0,200.0,3
E01001173,100.0,100.0,100.0,100.0,200.0,3
E01001174,100.0,100.0,100.0,100.0,200.0,3
E01001175,100.0,100.0,100.0,100.0,200.0,3
E01001176,100.0,100.0,100.0,100.0,200.0,3
E01001177,100.0,100.0,100.0,100.0,200.0,3
E01001178,100.0,100.0,100.0,100.0,200.0,3
E01001179,100.0,100.0,100.0,100.0,200.0,3
E01001180,100.0,100.0,100.0,100.0,200.0,3
E01001181,100.0,100.0,100.0,100.0,200.0,3
E01001182,100.0,100.0,100.0,100.0,200.0,3
E01001183,100.0,100.0,100.0,100.0,200.0,3
E01001184,100.0,100.0,100.0,100.0,200.0,3
E01001185,100.0,100.0,100.0,100.0,200.0,3
E01001186,100.0,100.0,100.0,100.0,200.0,3
E01001187,100.0,100.0,100.0,100.0,200.0,3
E01001188,100.0,100.0,100.0,100.0,200.0,3
E01001189,100.0,100.0,100.0,100.0,200.0,3
E01001190,100.0,100.0,100.0,100.0,200.0,3
E01001191,100.0,100.0,100.0,100.0,200.0,3
E01001192,100.0,100.0,100.0,100.0,200.0,3
E01001193,100.0,100.0,100.0,100.0,200.0,3
E01001194,100.0,100.0,100.0,100.0,200.0,3
E01001195,100.0,100.0,100.0,100.0,200.0,3
E01001196,100.0,100.0,100.0,100.0,200.0,3
E01001197,100.0,100.0,100.0,100.0,200.0,3
E01001198,100.0,100.0,100.0,100.0,200.0,3
E01001199,100.0,100.0,100.0,100.0,200.0,3
E01001200,100.0,100.0,100.0,100.0,200.0,3
E01001201,100.0,100.0,100.0,100.0,200.0,3
E01001202,100.0,100.0,100.0,100.0,200.0,3
E01001203,100.0,100.0,100.0,100.0,200.0,3
E01001204,100.0,100.0,100.0,100.0,200.0,3
E01001205,100.0,100.0,100.0,100.0,200.0,3
E01001206,100.0,100.0,100.0,100.0,200.0,3
E01001207,100.0,100.0,100.0,100.0,200.0,3
E01001208,100.0,100.0,100.0,100.0,200.0,3
E01001209,100.0,100.0,100.0,100.0,200.0,3
E01001210,100.0,100.0,100.0,100.0,200.0,3
E01001211,100.0,100.0,100.0,100.0,200.0,3
E01001212,100.0,100.0,100.0,100.0,200.0,3
E01001213,100.0,100.0,100.0,100.0,200.0,3
E01001214,100.0,100.0,100.0,100.0,200.0,3
E01001215,100.0,100.0,100.0,100.0,200.0,3
E01001216,100.0,100.0,100.0,100.0,200.0,3
E01001217,100.0,100.0,100.0,100.0,200.0,3
E01001218,100.0,100.0,100.0,100.0,200.0,3
E01001219,100.0,100.0,100.0,100.0,200.0,3
E01001220,100.0,100.0,100.0,100.0,200.0,3
E01001221,100.0,100.0,100.0,100.0,200.0,3
E01001222,100.0,100.0,100.0,100.0,200.0,3
E01001223,100.0,100.0,100.0,100.0,200.0,3
E01001224,100.0,100.0,100.0,100.0,200.0,3
E01001225,100.0,100.0,100.0,100.0,200.0,3
E01001226,100.0,100.0,100.0,100.0,200.0,3
E01001227,100.0,100.0,100.0,100.0,200.0,3
E01001228,100.0,100.0,100.0,100.0,200.0,3
E01001229,100.0,100.0,100.0,100.0,200.0,3
E01001230,100.0,100.0,100.0,100.0,200.0,3
E01001231,100.0,100.0,100.0,100.0,200.0,3
E01001232,100.0,100.0,100.0,100.0,200.0,3
E01001233,100.0,100.0,100.0,100.0,200.0,3
E01001234,100.0,100.0,100.0,100.0,200.0,3
E01001235,100.0,100.0,100.0,100.0,200.0,3
E01001236,100.0,100.0,100.0,100.0,200.0,3
E01001237,100.0,100.0,100.0,100.0,200.0,3
E01001238,100.0,100.0,100.0,100.0,200.0,3
E01001239,100.0,100.0,100.0,100.0,200.0,3
E01001240,100.0,100.0,100.0,100.0,200.0,3
E01001241,100.0,100.0,100.0,100.0,200.0,3
E01001242,100.0,100.0,100.0,100.0,200.0,3
E01001243,100.0,100.0,100.0,100.0,200.0,3
E01001244,100.0,100.0,100.0,100.0,200.0,3
E01001245,100.0,100.0,100.0,100.0,200.0,3
E01001246,100.0,100.0,100.0,100.0,200.0,3
E01001247,100.0,100.0,100.0,100.0,200.0,3
E01001248,100.0,100.0,100.0,100.0,200.0,3
E01001249,100.0,100.0,100.0,100.0,200.0,3
E01001250,100.0,100.0,100.0,100.0,200.0,3
E01001251,100.0,100.0,100.0,100.0,200.0,3
E01001252,100.0,100.0,100.0,100.0,200.0,3
E01001253,100.0,100.0,100.0,100.0,200.0,3
E01001254,100.0,100.0,100.0,100.0,200.0,3
E01001255,100.0,100.0,100.0,100.0,200.0,3
E01001257,100.0,100.0,100.0,100.0,200.0,3
E01001258,100.0,100.0,100.0,100.0,200.0,3
E01001259,100.0,100.0,100.0,100.0,200.0,3
E01001260,100.0,100.0,100.0,100.0,200.0,3
E01001261,100.0,100.0,100.0,100.0,200.0,3
E01001262,100.0,100.0,100.0,100.0,200.0,3
E01001263,100.0,100.0,100.0,100.0,200.0,3
E01001264,100.0,100.0,100.0,100.0,200.0,3
E01001265,100.0,100.0,100.0,100.0,200.0,3
E01001266,100.0,100.0,100.0,100.0,200.0,3
E01001267,100.0,100.0,100.0,100.0,200.0,3
E01001268,100.0,100.0,100.0,100.0,200.0,3
E01001269,100.0,100.0,100.0,100.0,200.0,3
E01001270,100.0,100.0,100.0,100.0,200.0,3
E01001271,100.0,100.0,100.0,100.0,200.0,3
E01001272,100.0,100.0,100.0,100.0,200.0,3
E01001273,100.0,100.0,100.0,100.0,200.0,3
E01001274,100.0,100.0,100.0,100.0,200.0,3
E01001275,100.0,100.0,100.0,100.0,200.0,3
E01001276,100.0,100.0,100.0,100.0,200.0,3
E01001277,100.0,100.0,100.0,100.0,200.0,3
E01001278,100.0,100.0,100.0,100.0,200.0,3
E01001279,100.0,100.0,100.0,100.0,200.0,3
E01001280,100.0,100.0,100.0,100.0,200.0,3
E01001281,100.0,100.0,100.0,100.0,200.0,3
E01001282,100.0,100.0,100.0,100.0,200.0,3
E01001283,100.0,100.0,100.0,100.0,200.0,3
E01001284,100.0,100.0,100.0,100.0,200.0,3
E01001285,100.0,100.0,100.0,100.0,200.0,3
E01001286,100.0,100.0,100.0,100.0,200.0,3
E01001287,100.0,100.0,100.0,100.0,200.0,3
E01001288,100.0,100.0,100.0,100.0,200.0,3
E01001289,100.0,100.0,100.0,100.0,200.0,3
E01001290,100.0,100.0,100.0,100.0,200.0,3
E01001291,100.0,100.0,100.0,100.0,200.0,3
E01001292,100.0,100.0,100.0,100.0,200.0,3
E01001293,100.0,100.0,100.0,100.0,200.0,3
E01001294,100.0,100.0,100.0,100.0,200.0,3
E01001295,100.0,100.0,100.0,100.0,200.0,3
E01001296,100.0,100.0,100.0,100.0,200.0,3
E01001297,100.0,100.0,100.0,100.0,200.0,3
E01001298,100.0,100.0,100.0,100.0,200.0,3
E01001299,100.0,100.0,100.0,100.0,200.0,3
E01001300,100.0,100.0,100.0,100.0,200.0,3
E01001301,100.0,100.0,100.0,100.0,200.0,3
E01001302,100.0,100.0,100.0,100.0,200.0,3
E01001303,100.0,100.0,100.0,100.0,200.0,3
E01001304,100.0,100.0,100.0,100.0,200.0,3
E01001305,100.0,100.0,100.0,100.0,200.0,3
E01001306,100.0,100.0,100.0,100.0,200.0,3
E01001307,100.0,100.0,100.0,100.0,200.0,3
E01001308,100.0,100.0,100.0,100.0,200.0,3
E01001309,100.0,100.0,100.0,100.0,200.0,3
E01001310,100.0,100.0,100.0,100.0,200.0,3
E01001311,100.0,100.0,100.0,100.0,200.0,3
E01001312,100.0,100.0,100.0,100.0,200.0,3
E01001313,100.0,100.0,100.0,100.0,200.0,3
E01001314,100.0,100.0,100.0,100.0,200.0,3
E01001315,100.0,100.0,100.0,100.0,200.0,3
E01001316,100.0,100.0,100.0,100.0,200.0,3
E01001317,100.0,100.0,100.0,100.0,200.0,3
E01001318,100.0,100.0,100.0,100.0,200.0,3
E01001319,100.0,100.0,100.0,100.0,200.0,3
E01001320,100.0,100.0,100.0,100.0,200.0,3
E01001321,100.0,100.0,100.0,100.0,200.0,3
E01001322,100.0,100.0,100.0,100.0,200.0,3
E01001323,100.0,100.0,100.0,100.0,200.0,3
E01001324,100.0,100.0,100.0,100.0,200.0,3
E01001325,100.0,100.0,87.66,100.0,187.66,3
E01001326,100.0,100.0,100.0,100.0,200.0,3
E01001327,100.0,100.0,100.0,100.0,200.0,3
E01001328,100.0,100.0,100.0,100.0,200.0,3
E01001329,100.0,100.0,100.0,100.0,200.0,3
E01001330,100.0,100.0,100.0,100.0,200.0,3
E01001331,100.0,100.0,100.0,100.0,200.0,3
E01001332,100.0,100.0,100.0,100.0,200.0,3
E01001333,100.0,100.0,100.0,100.0,200.0,3
E01001334,100.0,100.0,100.0,100.0,200.0,3
E01001335,100.0,100.0,100.0,100.0,200.0,3
E01001336,100.0,100.0,100.0,100.0,200.0,3
E01001337,100.0,100.0,100.0,100.0,200.0,3
E01001338,100.0,100.0,100.0,100.0,200.0,3
E01001339,100.0,100.0,100.0,100.0,200.0,3
E01001340,100.0,100.0,100.0,100.0,200.0,3
E01001341,100.0,100.0,100.0,100.0,200.0,3
E01001342,100.0,100.0,100.0,100.0,200.0,3
E01001343,100.0,100.0,100.0,100.0,200.0,3
E01001344,100.0,100.0,100.0,100.0,200.0,3
E01001345,100.0,100.0,100.0,100.0,200.0,3
E01001346,100.0,100.0,100.0,100.0,200.0,3
E01001347,100.0,100.0,100.0,100.0,200.0,3
E01001348,100.0,100.0,100.0,100.0,200.0,3
E01001349,100.0,100.0,100.0,100.0,200.0,3
E01001350,100.0,100.0,100.0,100.0,200.0,3
E01001351,100.0,100.0,100.0,100.0,200.0,3
E01001352,100.0,100.0,100.0,100.0,200.0,3
E01001353,100.0,100.0,100.0,100.0,200.0,3
E01001354,100.0,100.0,100.0,100.0,200.0,3
E01001355,100.0,100.0,100.0,100.0,200.0,3
E01001356,100.0,100.0,100.0,100.0,200.0,3
E01001357,100.0,100.0,100.0,100.0,200.0,3
E01001358,100.0,100.0,100.0,100.0,200.0,3
E01001359,100.0,100.0,100.0,100.0,200.0,3
E01001360,100.0,100.0,100.0,100.0,200.0,3
E01001361,100.0,100.0,100.0,100.0,200.0,3
E01001362,100.0,100.0,100.0,100.0,200.0,3
E01001363,100.0,100.0,100.0,100.0,200.0,3
E01001364,100.0,100.0,100.0,100.0,200.0,3
E01001365,100.0,100.0,100.0,100.0,200.0,3
E01001366,100.0,100.0,100.0,100.0,200.0,3
E01001367,100.0,100.0,100.0,100.0,200.0,3
E01001368,100.0,100.0,100.0,100.0,200.0,3
E01001369,100.0,100.0,100.0,100.0,200.0,3
E01001370,100.0,100.0,100.0,100.0,200.0,3
E01001371,100.0,100.0,100.0,100.0,200.0,3
E01001372,100.0,100.0,100.0,100.0,200.0,3
E01001373,100.0,100.0,100.0,100.0,200.0,3
E01001374,100.0,100.0,100.0,100.0,200.0,3
E01001375,100.0,100.0,100.0,100.0,200.0,3
E01001376,100.0,100.0,100.0,100.0,200.0,3
E01001377,100.0,100.0,100.0,100.0,200.0,3
E01001379,100.0,100.0,100.0,100.0,200.0,3
E01001380,100.0,100.0,100.0,100.0,200.0,3
E01001381,100.0,100.0,100.0,100.0,200.0,3
E01001382,100.0,100.0,100.0,100.0,200.0,3
E01001383,100.0,100.0,100.0,100.0,200.0,3
E01001384,100.0,100.0,100.0,100.0,200.0,3
E01001385,100.0,100.0,100.0,100.0,200.0,3
E01001386,100.0,100.0,100.0,100.0,200.0,3
E01001387,100.0,100.0,100.0,100.0,200.0,3
E01001388,100.0,100.0,100.0,100.0,200.0,3
E01001389,100.0,100.0,100.0,100.0,200.0,3
E01001390,100.0,100.0,100.0,100.0,200.0,3
E01001391,100.0,100.0,100.0,100.0,200.0,3
E01001392,100.0,100.0,100.0,100.0,200.0,3
E01001393,100.0,100.0,100.0,100.0,200.0,3
E01001394,100.0,100.0,100.0,100.0,200.0,3
E01001395,100.0,100.0,100.0,100.0,200.0,3
E01001396,100.0,100.0,100.0,100.0,200.0,3
E01001397,100.0,100.0,100.0,100.0,200.0,3
E01001398,100.0,100.0,100.0,100.0,200.0,3
E01001399,100.0,100.0,100.0,100.0,200.0,3
E01001400,100.0,100.0,100.0,100.0,200.0,3
E01001401,100.0,100.0,100.0,100.0,200.0,3
E01001402,100.0,100.0,100.0,100.0,200.0,3
E01001403,100.0,100.0,100.0,100.0,200.0,3
E01001404,100.0,100.0,100.0,100.0,200.0,3
E01001405,100.0,100.0,100.0,100.0,200.0,3
E01001406,100.0,100.0,100.0,100.0,200.0,3
E01001407,100.0,100.0,0.0,100.0,100.0,2
E01001408,100.0,100.0,0.0,100.0,100.0,2
E01001409,100.0,100.0,0.0,100.0,100.0,2
E01001410,100.0,100.0,0.0,100.0,100.0,2
E01001411,100.0,100.0,0.0,100.0,100.0,2
E01001412,76.43,71.88,0.0,76.43,71.88,2
E01001413,100.0,100.0,0.0,100.0,100.0,2
E01001414,100.0,100.0,0.0,100.0,100.0,2
E01001415,100.0,100.0,65.92,100.0,165.92,3
E01001416,100.0,100.0,100.0,100.0,200.0,3
E01001417,99.57,99.57,8.83,99.57,108.4,3
E01001418,100.0,100.0,100.0,100.0,200.0,3
E01001419,100.0,100.0,100.0,100.0,200.0,3
E01001420,100.0,100.0,100.0,100.0,200.0,3
E01001421,100.0,100.0,100.0,100.0,200.0,3
E01001422,100.0,100.0,0.0,100.0,100.0,2
E01001423,100.0,100.0,100.0,100.0,200.0,3
E01001424,100.0,100.0,100.0,100.0,200.0,3
E01001425,100.0,100.0,100.0,100.0,200.0,3
E01001426,100.0,100.0,100.0,100.0,200.0,3
E01001427,100.0,100.0,100.0,100.0,200.0,3
E01001428,100.0,100.0,100.0,100.0,200.0,3
E01001429,100.0,100.0,100.0,100.0,200.0,3
E01001430,100.0,100.0,100.0,100.0,200.0,3
E01001431,100.0,100.0,100.0,100.0,200.0,3
E01001432,100.0,100.0,100.0,100.0,200.0,3
E01001433,100.0,100.0,0.0,100.0,100.0,2
E01001434,100.0,100.0,0.0,100.0,100.0,2
E01001435,100.0,100.0,0.0,100.0,100.0,2
E01001436,100.0,100.0,0.0,100.0,100.0,2
E01001437,100.0,100.0,24.35,100.0,124.35,3
E01001438,100.0,100.0,0.0,100.0,100.0,2
E01001439,100.0,100.0,8.59,100.0,108.59,3
E01001440,100.0,100.0,87.69,100.0,187.69,3
E01001441,100.0,100.0,0.0,100.0,100.0,2
E01001442,100.0,100.0,0.0,100.0,100.0,2
E01001444,92.96,79.32,0.0,92.96,79.32,2
E01001445,82.03,94.14,0.0,94.32,81.85,2
E01001446,100.0,100.0,0.0,100.0,100.0,2
E01001447,100.0,100.0,0.0,100.0,100.0,2
E01001448,100.0,100.0,0.0,100.0,100.0,2
E01001449,100.0,100.0,0.0,100.0,100.0,2
E01001450,100.0,100.0,100.0,100.0,200.0,3
E01001451,100.0,100.0,100.0,100.0,200.0,3
E01001452,100.0,100.0,100.0,100.0,200.0,3
E01001453,100.0,100.0,100.0,100.0,200.0,3
E01001454,100.0,100.0,100.0,100.0,200.0,3
E01001455,100.0,100.0,100.0,100.0,200.0,3
E01001456,100.0,100.0,100.0,100.0,200.0,3
E01001457,100.0,100.0,100.0,100.0,200.0,3
E01001458,100.0,100.0,100.0,100.0,200.0,3
E01001459,100.0,100.0,100.0,100.0,200.0,3
E01001460,100.0,100.0,100.0,100.0,200.0,3
E01001461,100.0,100.0,100.0,100.0,200.0,3
E01001462,100.0,100.0,100.0,100.0,200.0,3
E01001463,100.0,100.0,100.0,100.0,200.0,3
E01001464,100.0,100.0,100.0,100.0,200.0,3
E01001465,100.0,100.0,100.0,100.0,200.0,3
E01001466,100.0,100.0,100.0,100.0,200.0,3
E01001467,100.0,100.0,100.0,100.0,200.0,3
E01001468,100.0,100.0,0.0,100.0,100.0,2
E01001469,100.0,100.0,0.0,100.0,100.0,2
E01001470,100.0,100.0,37.04,100.0,137.04,3
E01001471,100.0,100.0,0.62,100.0,100.62,3
E01001472,100.0,100.0,48.36,100.0,148.36,3
E01001473,100.0,100.0,100.0,100.0,200.0,3
E01001474,100.0,100.0,79.95,100.0,179.95,3
E01001475,100.0,100.0,100.0,100.0,200.0,3
E01001476,100.0,100.0,100.0,100.0,200.0,3
E01001477,100.0,100.0,100.0,100.0,200.0,3
E01001478,100.0,100.0,100.0,100.0,200.0,3
E01001479,100.0,100.0,100.0,100.0,200.0,3
E01001480,100.0,100.0,100.0,100.0,200.0,3
E01001481,100.0,100.0,100.0,100.0,200.0,3
E01001482,100.0,100.0,100.0,100.0,200.0,3
E01001483,100.0,100.0,100.0,100.0,200.0,3
E01001484,100.0,100.0,100.0,100.0,200.0,3
E01001485,100.0,100.0,100.0,100.0,200.0,3
E01001486,100.0,100.0,100.0,100.0,200.0,3
E01001487,100.0,100.0,100.0,100.0,200.0,3
E01001488,100.0,100.0,100.0,100.0,200.0,3
E01001489,100.0,100.0,100.0,100.0,200.0,3
E01001491,100.0,100.0,100.0,100.0,200.0,3
E01001492,100.0,100.0,100.0,100.0,200.0,3
E01001493,100.0,100.0,100.0,100.0,200.0,3
E01001494,100.0,100.0,100.0,100.0,200.0,3
E01001495,100.0,100.0,100.0,100.0,200.0,3
E01001496,100.0,100.0,100.0,100.0,200.0,3
E01001497,100.0,100.0,100.0,100.0,200.0,3
E01001498,100.0,100.0,100.0,100.0,200.0,3
E01001499,100.0,100.0,100.0,100.0,200.0,3
E01001500,100.0,100.0,100.0,100.0,200.0,3
E01001501,100.0,100.0,100.0,100.0,200.0,3
E01001502,100.0,100.0,100.0,100.0,200.0,3
E01001503,100.0,100.0,100.0,100.0,200.0,3
E01001504,100.0,100.0,100.0,100.0,200.0,3
E01001505,100.0,100.0,100.0,100.0,200.0,3
E01001506,100.0,100.0,100.0,100.0,200.0,3
E01001507,100.0,100.0,100.0,100.0,200.0,3
E01001508,100.0,100.0,100.0,100.0,200.0,3
E01001509,100.0,100.0,100.0,100.0,200.0,3
E01001510,100.0,100.0,100.0,100.0,200.0,3
E01001511,100.0,100.0,100.0,100.0,200.0,3
E01001512,100.0,100.0,100.0,100.0,200.0,3
E01001513,100.0,100.0,81.21,100.0,181.21,3
E01001514,100.0,100.0,100.0,100.0,200.0,3
E01001515,100.0,100.0,100.0,100.0,200.0,3
E01001516,100.0,100.0,6.83,100.0,106.83,3
E01001517,100.0,100.0,0.0,100.0,100.0,2
E01001518,100.0,100.0,73.68,100.0,173.68,3
E01001519,100.0,100.0,100.0,100.0,200.0,3
E01001520,100.0,100.0,100.0,100.0,200.0,3
E01001521,100.0,100.0,100.0,100.0,200.0,3
E01001522,100.0,100.0,100.0,100.0,200.0,3
E01001523,100.0,100.0,100.0,100.0,200.0,3
E01001524,100.0,100.0,100.0,100.0,200.0,3
E01001525,100.0,100.0,100.0,100.0,200.0,3
E01001526,100.0,100.0,100.0,100.0,200.0,3
E01001527,100.0,100.0,100.0,100.0,200.0,3
E01001528,100.0,100.0,100.0,100.0,200.0,3
E01001529,100.0,100.0,100.0,100.0,200.0,3
E01001530,100.0,100.0,100.0,100.0,200.0,3
E01001531,100.0,100.0,100.0,100.0,200.0,3
E01001532,100.0,100.0,100.0,100.0,200.0,3
E01001533,100.0,100.0,100.0,100.0,200.0,3
E01001534,100.0,100.0,100.0,100.0,200.0,3
E01001535,100.0,100.0,100.0,100.0,200.0,3
E01001536,100.0,100.0,66.1,100.0,166.1,3
E01001537,100.0,100.0,0.0,100.0,100.0,2
E01001538,100.0,100.0,0.0,100.0,100.0,2
E01001539,100.0,100.0,0.0,100.0,100.0,2
E01001540,100.0,100.0,0.0,100.0,100.0,2
E01001541,100.0,100.0,0.0,100.0,100.0,2
E01001542,100.0,100.0,2.29,100.0,102.29,3
E01001543,100.0,100.0,34.1,100.0,134.1,3
E01001544,100.0,100.0,89.27,100.0,189.27,3
E01001545,100.0,100.0,0.0,100.0,100.0,2
E01001546,100.0,100.0,0.0,100.0,100.0,2
E01001547,100.0,100.0,0.0,100.0,100.0,2
E01001548,100.0,100.0,0.0,100.0,100.0,2
E01001549,100.0,100.0,0.0,100.0,100.0,2
E01001550,100.0,100.0,0.0,100.0,100.0,2
E01001551,92.71,56.72,0.0,92.71,56.72,2
E01001552,98.47,65.33,0.0,98.47,65.33,2
E01001553,100.0,100.0,100.0,100.0,200.0,3
E01001554,100.0,100.0,100.0,100.0,200.0,3
E01001555,100.0,100.0,100.0,100.0,200.0,3
E01001556,100.0,100.0,100.0,100.0,200.0,3
E01001557,100.0,100.0,100.0,100.0,200.0,3
E01001558,100.0,100.0,100.0,100.0,200.0,3
E01001559,100.0,100.0,100.0,100.0,200.0,3
E01001560,100.0,100.0,100.0,100.0,200.0,3
E01001562,100.0,100.0,100.0,100.0,200.0,3
E01001563,100.0,100.0,100.0,100.0,200.0,3
E01001564,100.0,100.0,100.0,100.0,200.0,3
E01001565,100.0,100.0,100.0,100.0,200.0,3
E01001566,100.0,100.0,100.0,100.0,200.0,3
E01001567,100.0,100.0,100.0,100.0,200.0,3
E01001568,100.0,100.0,100.0,100.0,200.0,3
E01001569,100.0,100.0,100.0,100.0,200.0,3
E01001570,100.0,100.0,100.0,100.0,200.0,3
E01001571,100.0,100.0,100.0,100.0,200.0,3
E01001572,100.0,100.0,100.0,100.0,200.0,3
E01001573,100.0,100.0,100.0,100.0,200.0,3
E01001574,100.0,100.0,100.0,100.0,200.0,3
E01001575,100.0,100.0,100.0,100.0,200.0,3
E01001576,100.0,100.0,100.0,100.0,200.0,3
E01001577,100.0,100.0,100.0,100.0,200.0,3
E01001578,100.0,100.0,100.0,100.0,200.0,3
E01001579,100.0,100.0,100.0,100.0,200.0,3
E01001580,100.0,100.0,100.0,100.0,200.0,3
E01001581,100.0,100.0,100.0,100.0,200.0,3
E01001582,100.0,100.0,100.0,100.0,200.0,3
E01001583,100.0,100.0,100.0,100.0,200.0,3
E01001584,100.0,100.0,100.0,100.0,200.0,3
E01001585,100.0,100.0,100.0,100.0,200.0,3
E01001586,100.0,100.0,100.0,100.0,200.0,3
E01001587,100.0,100.0,100.0,100.0,200.0,3
E01001588,100.0,100.0,100.0,100.0,200.0,3
E01001589,100.0,100.0,100.0,100.0,200.0,3
E01001590,100.0,100.0,100.0,100.0,200.0,3
E01001591,100.0,100.0,100.0,100.0,200.0,3
E01001592,100.0,100.0,100.0,100.0,200.0,3
E01001593,100.0,100.0,100.0,100.0,200.0,3
E01001594,100.0,100.0,100.0,100.0,200.0,3
E01001595,100.0,100.0,100.0,100.0,200.0,3
E01001596,100.0,100.0,100.0,100.0,200.0,3
E01001597,100.0,100.0,100.0,100.0,200.0,3
E01001598,100.0,100.0,100.0,100.0,200.0,3
E01001599,100.0,100.0,100.0,100.0,200.0,3
E01001600,100.0,100.0,100.0,100.0,200.0,3
E01001601,100.0,100.0,100.0,100.0,200.0,3
E01001602,100.0,100.0,100.0,100.0,200.0,3
E01001603,100.0,100.0,100.0,100.0,200.0,3
E01001604,100.0,100.0,100.0,100.0,200.0,3
E01001605,100.0,100.0,100.0,100.0,200.0,3
E01001606,100.0,100.0,100.0,100.0,200.0,3
E01001607,100.0,100.0,100.0,100.0,200.0,3
E01001608,100.0,100.0,100.0,100.0,200.0,3
E01001609,100.0,100.0,100.0,100.0,200.0,3
E01001610,100.0,100.0,100.0,100.0,200.0,3
E01001611,100.0,100.0,100.0,100.0,200.0,3
E01001613,100.0,100.0,100.0,100.0,200.0,3
E01001614,100.0,100.0,100.0,100.0,200.0,3
E01001615,100.0,100.0,100.0,100.0,200.0,3
E01001617,100.0,100.0,100.0,100.0,200.0,3
E01001618,100.0,100.0,100.0,100.0,200.0,3
E01001619,100.0,100.0,100.0,100.0,200.0,3
E01001620,100.0,100.0,100.0,100.0,200.0,3
E01001621,100.0,100.0,100.0,100.0,200.0,3
E01001623,100.0,100.0,100.0,100.0,200.0,3
E01001624,100.0,100.0,100.0,100.0,200.0,3
E01001625,100.0,100.0,100.0,100.0,200.0,3
E01001629,100.0,100.0,100.0,100.0,200.0,3
E01001631,100.0,100.0,100.0,100.0,200.0,3
E01001632,100.0,100.0,100.0,100.0,200.0,3
E01001633,100.0,100.0,100.0,100.0,200.0,3
E01001634,100.0,100.0,100.0,100.0,200.0,3
E01001635,100.0,100.0,100.0,100.0,200.0,3
E01001636,100.0,100.0,100.0,100.0,200.0,3
E01001637,100.0,100.0,100.0,100.0,200.0,3
E01001638,100.0,100.0,100.0,100.0,200.0,3
E01001640,100.0,100.0,100.0,100.0,200.0,3
E01001641,100.0,100.0,100.0,100.0,200.0,3
E01001642,100.0,100.0,100.0,100.0,200.0,3
E01001644,100.0,100.0,100.0,100.0,200.0,3
E01001645,100.0,100.0,100.0,100.0,200.0,3
E01001646,100.0,100.0,100.0,100.0,200.0,3
E01001647,100.0,100.0,100.0,100.0,200.0,3
E01001648,100.0,100.0,100.0,100.0,200.0,3
E01001649,100.0,100.0,100.0,100.0,200.0,3
E01001650,100.0,100.0,100.0,100.0,200.0,3
E01001651,100.0,100.0,100.0,100.0,200.0,3
E01001652,100.0,100.0,100.0,100.0,200.0,3
E01001653,100.0,100.0,100.0,100.0,200.0,3
E01001654,100.0,100.0,100.0,100.0,200.0,3
E01001655,100.0,100.0,100.0,100.0,200.0,3
E01001656,100.0,100.0,100.0,100.0,200.0,3
E01001657,100.0,100.0,100.0,100.0,200.0,3
E01001658,100.0,100.0,100.0,100.0,200.0,3
E01001659,100.0,100.0,100.0,100.0,200.0,3
E01001660,100.0,100.0,100.0,100.0,200.0,3
E01001661,100.0,100.0,100.0,100.0,200.0,3
E01001662,100.0,100.0,100.0,100.0,200.0,3
E01001664,100.0,100.0,100.0,100.0,200.0,3
E01001665,100.0,100.0,100.0,100.0,200.0,3
E01001666,100.0,100.0,100.0,100.0,200.0,3
E01001667,100.0,100.0,100.0,100.0,200.0,3
E01001668,100.0,100.0,100.0,100.0,200.0,3
E01001669,100.0,100.0,100.0,100.0,200.0,3
E01001671,100.0,100.0,100.0,100.0,200.0,3
E01001672,100.0,100.0,100.0,100.0,200.0,3
E01001673,100.0,100.0,100.0,100.0,200.0,3
E01001674,100.0,100.0,100.0,100.0,200.0,3
E01001675,100.0,100.0,100.0,100.0,200.0,3
E01001676,100.0,100.0,100.0,100.0,200.0,3
E01001677,100.0,100.0,100.0,100.0,200.0,3
E01001678,100.0,100.0,100.0,100.0,200.0,3
E01001679,100.0,100.0,100.0,100.0,200.0,3
E01001680,100.0,100.0,100.0,100.0,200.0,3
E01001681,100.0,100.0,100.0,100.0,200.0,3
E01001682,100.0,100.0,100.0,100.0,200.0,3
E01001683,100.0,100.0,100.0,100.0,200.0,3
E01001684,100.0,100.0,100.0,100.0,200.0,3
E01001685,100.0,100.0,100.0,100.0,200.0,3
E01001686,100.0,100.0,100.0,100.0,200.0,3
E01001687,100.0,100.0,100.0,100.0,200.0,3
E01001688,100.0,100.0,100.0,100.0,200.0,3
E01001690,100.0,100.0,100.0,100.0,200.0,3
E01001692,100.0,100.0,100.0,100.0,200.0,3
E01001693,100.0,100.0,100.0,100.0,200.0,3
E01001694,100.0,100.0,100.0,100.0,200.0,3
E01001695,100.0,100.0,100.0,100.0,200.0,3
E01001696,100.0,100.0,100.0,100.0,200.0,3
E01001697,100.0,100.0,100.0,100.0,200.0,3
E01001698,100.0,100.0,100.0,100.0,200.0,3
E01001699,100.0,100.0,100.0,100.0,200.0,3
E01001700,100.0,100.0,100.0,100.0,200.0,3
E01001701,100.0,100.0,100.0,100.0,200.0,3
E01001702,100.0,100.0,100.0,100.0,200.0,3
E01001703,100.0,100.0,100.0,100.0,200.0,3
E01001704,100.0,100.0,100.0,100.0,200.0,3
E01001705,100.0,100.0,100.0,100.0,200.0,3
E01001706,100.0,100.0,100.0,100.0,200.0,3
E01001708,100.0,100.0,100.0,100.0,200.0,3
E01001709,100.0,100.0,100.0,100.0,200.0,3
E01001710,100.0,100.0,100.0,100.0,200.0,3
E01001711,100.0,100.0,100.0,100.0,200.0,3
E01001712,100.0,100.0,100.0,100.0,200.0,3
E01001713,100.0,100.0,100.0,100.0,200.0,3
E01001714,100.0,100.0,100.0,100.0,200.0,3
E01001715,100.0,100.0,100.0,100.0,200.0,3
E01001716,100.0,100.0,100.0,100.0,200.0,3
E01001717,100.0,100.0,100.0,100.0,200.0,3
E01001718,100.0,100.0,100.0,100.0,200.0,3
E01001719,100.0,100.0,100.0,100.0,200.0,3
E01001720,100.0,100.0,100.0,100.0,200.0,3
E01001722,100.0,100.0,100.0,100.0,200.0,3
E01001723,100.0,100.0,100.0,100.0,200.0,3
E01001724,100.0,100.0,100.0,100.0,200.0,3
E01001725,100.0,100.0,100.0,100.0,200.0,3
E01001726,100.0,100.0,100.0,100.0,200.0,3
E01001727,100.0,100.0,100.0,100.0,200.0,3
E01001728,100.0,100.0,100.0,100.0,200.0,3
E01001729,100.0,100.0,100.0,100.0,200.0,3
E01001730,100.0,100.0,100.0,100.0,200.0,3
E01001731,100.0,100.0,100.0,100.0,200.0,3
E01001732,100.0,100.0,100.0,100.0,200.0,3
E01001733,100.0,100.0,100.0,100.0,200.0,3
E01001734,100.0,100.0,100.0,100.0,200.0,3
E01001735,100.0,100.0,100.0,100.0,200.0,3
E01001736,100.0,100.0,100.0,100.0,200.0,3
E01001737,100.0,100.0,100.0,100.0,200.0,3
E01001738,100.0,100.0,100.0,100.0,200.0,3
E01001739,100.0,100.0,100.0,100.0,200.0,3
E01001740,100.0,100.0,100.0,100.0,200.0,3
E01001741,100.0,100.0,100.0,100.0,200.0,3
E01001742,100.0,100.0,100.0,100.0,200.0,3
E01001744,100.0,100.0,100.0,100.0,200.0,3
E01001745,100.0,100.0,100.0,100.0,200.0,3
E01001746,100.0,100.0,100.0,100.0,200.0,3
E01001747,100.0,100.0,100.0,100.0,200.0,3
E01001748,100.0,100.0,100.0,100.0,200.0,3
E01001749,100.0,100.0,100.0,100.0,200.0,3
E01001750,100.0,100.0,100.0,100.0,200.0,3
E01001751,100.0,100.0,100.0,100.0,200.0,3
E01001752,100.0,100.0,100.0,100.0,200.0,3
E01001753,100.0,100.0,100.0,100.0,200.0,3
E01001754,100.0,100.0,100.0,100.0,200.0,3
E01001755,100.0,100.0,100.0,100.0,200.0,3
E01001756,100.0,100.0,100.0,100.0,200.0,3
E01001757,100.0,100.0,100.0,100.0,200.0,3
E01001758,100.0,100.0,100.0,100.0,200.0,3
E01001759,100.0,100.0,100.0,100.0,200.0,3
E01001760,100.0,100.0,100.0,100.0,200.0,3
E01001761,100.0,100.0,100.0,100.0,200.0,3
E01001762,100.0,100.0,100.0,100.0,200.0,3
E01001763,100.0,100.0,100.0,100.0,200.0,3
E01001764,100.0,100.0,100.0,100.0,200.0,3
E01001765,100.0,100.0,100.0,100.0,200.0,3
E01001767,100.0,100.0,100.0,100.0,200.0,3
E01001768,100.0,100.0,100.0,100.0,200.0,3
E01001769,100.0,100.0,100.0,100.0,200.0,3
E01001770,100.0,100.0,100.0,100.0,200.0,3
E01001772,100.0,100.0,100.0,100.0,200.0,3
E01001773,100.0,100.0,100.0,100.0,200.0,3
E01001774,100.0,100.0,100.0,100.0,200.0,3
E01001775,100.0,100.0,100.0,100.0,200.0,3
E01001776,100.0,100.0,100.0,100.0,200.0,3
E01001777,100.0,100.0,100.0,100.0,200.0,3
E01001779,100.0,100.0,100.0,100.0,200.0,3
E01001780,100.0,100.0,100.0,100.0,200.0,3
E01001781,100.0,100.0,100.0,100.0,200.0,3
E01001782,100.0,100.0,100.0,100.0,200.0,3
E01001783,100.0,100.0,100.0,100.0,200.0,3
E01001784,100.0,100.0,100.0,100.0,200.0,3
E01001785,100.0,100.0,100.0,100.0,200.0,3
E01001786,100.0,100.0,100.0,100.0,200.0,3
E01001787,100.0,100.0,100.0,100.0,200.0,3
E01001788,100.0,100.0,100.0,100.0,200.0,3
E01001789,100.0,100.0,100.0,100.0,200.0,3
E01001790,100.0,100.0,100.0,100.0,200.0,3
E01001791,100.0,100.0,100.0,100.0,200.0,3
E01001792,100.0,100.0,100.0,100.0,200.0,3
E01001793,100.0,100.0,100.0,100.0,200.0,3
E01001794,100.0,100.0,100.0,100.0,200.0,3
E01001795,100.0,100.0,100.0,100.0,200.0,3
E01001796,100.0,100.0,100.0,100.0,200.0,3
E01001798,100.0,100.0,100.0,100.0,200.0,3
E01001799,100.0,100.0,100.0,100.0,200.0,3
E01001800,100.0,100.0,100.0,100.0,200.0,3
E01001801,100.0,100.0,100.0,100.0,200.0,3
E01001802,100.0,100.0,100.0,100.0,200.0,3
E01001803,100.0,100.0,100.0,100.0,200.0,3
E01001804,100.0,100.0,100.0,100.0,200.0,3
E01001805,100.0,100.0,100.0,100.0,200.0,3
E01001806,100.0,100.0,100.0,100.0,200.0,3
E01001807,100.0,100.0,100.0,100.0,200.0,3
E01001808,100.0,100.0,100.0,100.0,200.0,3
E01001809,100.0,100.0,100.0,100.0,200.0,3
E01001811,100.0,100.0,100.0,100.0,200.0,3
E01001812,100.0,100.0,100.0,100.0,200.0,3
E01001813,100.0,100.0,100.0,100.0,200.0,3
E01001814,100.0,100.0,100.0,100.0,200.0,3
E01001815,100.0,100.0,100.0,100.0,200.0,3
E01001816,100.0,100.0,100.0,100.0,200.0,3
E01001819,100.0,100.0,100.0,100.0,200.0,3
E01001820,100.0,100.0,100.0,100.0,200.0,3
E01001821,100.0,100.0,100.0,100.0,200.0,3
E01001822,100.0,100.0,100.0,100.0,200.0,3
E01001823,100.0,100.0,100.0,100.0,200.0,3
E01001824,100.0,100.0,100.0,100.0,200.0,3
E01001825,100.0,100.0,100.0,100.0,200.0,3
E01001826,100.0,100.0,100.0,100.0,200.0,3
E01001827,100.0,100.0,100.0,100.0,200.0,3
E01001828,100.0,100.0,100.0,100.0,200.0,3
E01001829,100.0,100.0,100.0,100.0,200.0,3
E01001830,100.0,100.0,100.0,100.0,200.0,3
E01001831,100.0,100.0,100.0,100.0,200.0,3
E01001832,100.0,100.0,100.0,100.0,200.0,3
E01001833,100.0,100.0,100.0,100.0,200.0,3
E01001834,100.0,100.0,100.0,100.0,200.0,3
E01001835,100.0,100.0,100.0,100.0,200.0,3
E01001836,100.0,100.0,100.0,100.0,200.0,3
E01001837,100.0,100.0,100.0,100.0,200.0,3
E01001838,100.0,100.0,100.0,100.0,200.0,3
E01001839,100.0,100.0,100.0,100.0,200.0,3
E01001840,100.0,100.0,100.0,100.0,200.0,3
E01001841,100.0,100.0,100.0,100.0,200.0,3
E01001842,100.0,100.0,100.0,100.0,200.0,3
E01001843,100.0,100.0,100.0,100.0,200.0,3
E01001844,100.0,100.0,100.0,100.0,200.0,3
E01001845,100.0,100.0,100.0,100.0,200.0,3
E01001846,100.0,100.0,100.0,100.0,200.0,3
E01001847,100.0,100.0,100.0,100.0,200.0,3
E01001848,100.0,100.0,100.0,100.0,200.0,3
E01001849,100.0,100.0,100.0,100.0,200.0,3
E01001850,100.0,100.0,100.0,100.0,200.0,3
E01001851,100.0,100.0,100.0,100.0,200.0,3
E01001852,100.0,100.0,100.0,100.0,200.0,3
E01001853,100.0,100.0,100.0,100.0,200.0,3
E01001854,100.0,100.0,100.0,100.0,200.0,3
E01001855,100.0,100.0,100.0,100.0,200.0,3
E01001856,100.0,100.0,100.0,100.0,200.0,3
E01001857,100.0,100.0,100.0,100.0,200.0,3
E01001858,100.0,100.0,100.0,100.0,200.0,3
E01001859,100.0,100.0,100.0,100.0,200.0,3
E01001860,100.0,100.0,100.0,100.0,200.0,3
E01001861,100.0,100.0,100.0,100.0,200.0,3
E01001862,100.0,100.0,100.0,100.0,200.0,3
E01001863,100.0,100.0,100.0,100.0,200.0,3
E01001864,100.0,100.0,100.0,100.0,200.0,3
E01001865,100.0,100.0,100.0,100.0,200.0,3
E01001866,100.0,100.0,100.0,100.0,200.0,3
E01001867,100.0,100.0,100.0,100.0,200.0,3
E01001868,100.0,100.0,100.0,100.0,200.0,3
E01001869,100.0,100.0,100.0,100.0,200.0,3
E01001870,100.0,100.0,100.0,100.0,200.0,3
E01001871,100.0,100.0,100.0,100.0,200.0,3
E01001872,100.0,100.0,100.0,100.0,200.0,3
E01001873,100.0,100.0,100.0,100.0,200.0,3
E01001874,100.0,100.0,100.0,100.0,200.0,3
E01001875,100.0,100.0,100.0,100.0,200.0,3
E01001876,100.0,100.0,100.0,100.0,200.0,3
E01001877,100.0,100.0,100.0,100.0,200.0,3
E01001878,100.0,100.0,100.0,100.0,200.0,3
E01001879,100.0,100.0,100.0,100.0,200.0,3
E01001880,100.0,100.0,100.0,100.0,200.0,3
E01001881,100.0,100.0,100.0,100.0,200.0,3
E01001882,100.0,100.0,100.0,100.0,200.0,3
E01001883,100.0,100.0,100.0,100.0,200.0,3
E01001884,100.0,100.0,100.0,100.0,200.0,3
E01001885,100.0,100.0,100.0,100.0,200.0,3
E01001886,100.0,100.0,100.0,100.0,200.0,3
E01001887,100.0,100.0,100.0,100.0,200.0,3
E01001888,100.0,100.0,100.0,100.0,200.0,3
E01001889,100.0,100.0,100.0,100.0,200.0,3
E01001890,100.0,100.0,100.0,100.0,200.0,3
E01001891,100.0,100.0,100.0,100.0,200.0,3
E01001892,100.0,100.0,100.0,100.0,200.0,3
E01001893,100.0,100.0,100.0,100.0,200.0,3
E01001894,100.0,100.0,100.0,100.0,200.0,3
E01001895,100.0,100.0,100.0,100.0,200.0,3
E01001896,100.0,100.0,100.0,100.0,200.0,3
E01001897,100.0,100.0,100.0,100.0,200.0,3
E01001898,100.0,100.0,100.0,100.0,200.0,3
E01001899,100.0,100.0,100.0,100.0,200.0,3
E01001900,100.0,100.0,100.0,100.0,200.0,3
E01001901,100.0,100.0,100.0,100.0,200.0,3
E01001902,100.0,100.0,100.0,100.0,200.0,3
E01001903,100.0,100.0,100.0,100.0,200.0,3
E01001904,100.0,100.0,100.0,100.0,200.0,3
E01001905,100.0,100.0,100.0,100.0,200.0,3
E01001906,100.0,100.0,100.0,100.0,200.0,3
E01001907,100.0,100.0,100.0,100.0,200.0,3
E01001908,100.0,100.0,100.0,100.0,200.0,3
E01001909,100.0,100.0,100.0,100.0,200.0,3
E01001910,100.0,100.0,100.0,100.0,200.0,3
E01001911,100.0,100.0,100.0,100.0,200.0,3
E01001912,100.0,100.0,100.0,100.0,200.0,3
E01001913,100.0,100.0,100.0,100.0,200.0,3
E01001914,100.0,100.0,100.0,100.0,200.0,3
E01001915,100.0,100.0,100.0,100.0,200.0,3
E01001916,100.0,100.0,100.0,100.0,200.0,3
E01001917,100.0,100.0,100.0,100.0,200.0,3
E01001918,100.0,100.0,100.0,100.0,200.0,3
E01001919,100.0,100.0,100.0,100.0,200.0,3
E01001920,100.0,100.0,100.0,100.0,200.0,3
E01001921,100.0,100.0,100.0,100.0,200.0,3
E01001922,100.0,100.0,100.0,100.0,200.0,3
E01001923,100.0,100.0,100.0,100.0,200.0,3
E01001924,100.0,100.0,100.0,100.0,200.0,3
E01001925,100.0,100.0,100.0,100.0,200.0,3
E01001926,100.0,100.0,100.0,100.0,200.0,3
E01001927,100.0,100.0,100.0,100.0,200.0,3
E01001928,100.0,100.0,100.0,100.0,200.0,3
E01001929,100.0,100.0,100.0,100.0,200.0,3
E01001930,100.0,100.0,100.0,100.0,200.0,3
E01001931,100.0,100.0,100.0,100.0,200.0,3
E01001932,100.0,100.0,100.0,100.0,200.0,3
E01001933,100.0,100.0,100.0,100.0,200.0,3
E01001934,100.0,100.0,100.0,100.0,200.0,3
E01001935,100.0,100.0,100.0,100.0,200.0,3
E01001937,100.0,100.0,100.0,100.0,200.0,3
E01001938,100.0,100.0,100.0,100.0,200.0,3
E01001939,100.0,100.0,100.0,100.0,200.0,3
E01001940,100.0,100.0,100.0,100.0,200.0,3
E01001941,100.0,100.0,100.0,100.0,200.0,3
E01001942,100.0,100.0,100.0,100.0,200.0,3
E01001943,100.0,100.0,100.0,100.0,200.0,3
E01001944,100.0,100.0,100.0,100.0,200.0,3
E01001945,100.0,100.0,100.0,100.0,200.0,3
E01001946,100.0,100.0,100.0,100.0,200.0,3
E01001947,100.0,100.0,100.0,100.0,200.0,3
E01001948,100.0,100.0,100.0,100.0,200.0,3
E01001949,100.0,100.0,100.0,100.0,200.0,3
E01001950,100.0,100.0,100.0,100.0,200.0,3
E01001951,100.0,100.0,100.0,100.0,200.0,3
E01001952,100.0,100.0,100.0,100.0,200.0,3
E01001953,100.0,100.0,100.0,100.0,200.0,3
E01001954,100.0,100.0,100.0,100.0,200.0,3
E01001955,100.0,100.0,100.0,100.0,200.0,3
E01001956,100.0,100.0,100.0,100.0,200.0,3
E01001957,100.0,100.0,100.0,100.0,200.0,3
E01001958,100.0,100.0,100.0,100.0,200.0,3
E01001959,100.0,100.0,100.0,100.0,200.0,3
E01001960,100.0,100.0,100.0,100.0,200.0,3
E01001961,100.0,100.0,100.0,100.0,200.0,3
E01001962,100.0,100.0,100.0,100.0,200.0,3
E01001963,100.0,100.0,100.0,100.0,200.0,3
E01001964,100.0,100.0,100.0,100.0,200.0,3
E01001965,100.0,100.0,100.0,100.0,200.0,3
E01001966,100.0,100.0,100.0,100.0,200.0,3
E01001967,100.0,100.0,100.0,100.0,200.0,3
E01001968,100.0,100.0,100.0,100.0,200.0,3
E01001969,100.0,100.0,100.0,100.0,200.0,3
E01001970,100.0,100.0,100.0,100.0,200.0,3
E01001971,100.0,100.0,100.0,100.0,200.0,3
E01001972,100.0,100.0,100.0,100.0,200.0,3
E01001973,100.0,100.0,100.0,100.0,200.0,3
E01001974,100.0,100.0,100.0,100.0,200.0,3
E01001975,100.0,100.0,100.0,100.0,200.0,3
E01001976,100.0,100.0,100.0,100.0,200.0,3
E01001977,100.0,100.0,100.0,100.0,200.0,3
E01001978,100.0,100.0,100.0,100.0,200.0,3
E01001979,100.0,100.0,100.0,100.0,200.0,3
E01001980,100.0,100.0,100.0,100.0,200.0,3
E01001981,100.0,100.0,100.0,100.0,200.0,3
E01001982,100.0,100.0,100.0,100.0,200.0,3
E01001983,100.0,100.0,100.0,100.0,200.0,3
E01001984,100.0,100.0,100.0,100.0,200.0,3
E01001985,100.0,100.0,100.0,100.0,200.0,3
E01001986,100.0,100.0,100.0,100.0,200.0,3
E01001987,100.0,100.0,100.0,100.0,200.0,3
E01001988,100.0,100.0,100.0,100.0,200.0,3
E01001989,100.0,100.0,100.0,100.0,200.0,3
E01001990,100.0,100.0,100.0,100.0,200.0,3
E01001991,100.0,100.0,100.0,100.0,200.0,3
E01001992,100.0,100.0,100.0,100.0,200.0,3
E01001993,100.0,100.0,100.0,100.0,200.0,3
E01001994,100.0,100.0,100.0,100.0,200.0,3
E01001995,100.0,100.0,100.0,100.0,200.0,3
E01001996,100.0,100.0,100.0,100.0,200.0,3
E01001997,100.0,100.0,100.0,100.0,200.0,3
E01001998,100.0,100.0,100.0,100.0,200.0,3
E01001999,100.0,100.0,100.0,100.0,200.0,3
E01002000,100.0,100.0,100.0,100.0,200.0,3
E01002001,100.0,100.0,100.0,100.0,200.0,3
E01002002,100.0,100.0,100.0,100.0,200.0,3
E01002003,100.0,100.0,100.0,100.0,200.0,3
E01002004,100.0,100.0,100.0,100.0,200.0,3
E01002005,100.0,100.0,100.0,100.0,200.0,3
E01002006,100.0,100.0,100.0,100.0,200.0,3
E01002007,100.0,100.0,100.0,100.0,200.0,3
E01002008,100.0,100.0,100.0,100.0,200.0,3
E01002009,100.0,100.0,100.0,100.0,200.0,3
E01002010,100.0,100.0,100.0,100.0,200.0,3
E01002011,100.0,100.0,100.0,100.0,200.0,3
E01002013,100.0,100.0,100.0,100.0,200.0,3
E01002014,100.0,100.0,100.0,100.0,200.0,3
E01002015,100.0,100.0,100.0,100.0,200.0,3
E01002016,100.0,100.0,100.0,100.0,200.0,3
E01002017,100.0,100.0,100.0,100.0,200.0,3
E01002018,100.0,100.0,100.0,100.0,200.0,3
E01002019,100.0,100.0,100.0,100.0,200.0,3
E01002020,100.0,100.0,100.0,100.0,200.0,3
E01002021,100.0,100.0,100.0,100.0,200.0,3
E01002022,100.0,100.0,100.0,100.0,200.0,3
E01002023,100.0,100.0,100.0,100.0,200.0,3
E01002024,100.0,100.0,100.0,100.0,200.0,3
E01002025,100.0,100.0,100.0,100.0,200.0,3
E01002026,100.0,100.0,100.0,100.0,200.0,3
E01002027,100.0,100.0,100.0,100.0,200.0,3
E01002028,100.0,100.0,100.0,100.0,200.0,3
E01002029,100.0,100.0,100.0,100.0,200.0,3
E01002030,100.0,100.0,100.0,100.0,200.0,3
E01002031,100.0,100.0,100.0,100.0,200.0,3
E01002032,100.0,100.0,100.0,100.0,200.0,3
E01002033,100.0,100.0,100.0,100.0,200.0,3
E01002034,100.0,100.0,100.0,100.0,200.0,3
E01002036,100.0,100.0,100.0,100.0,200.0,3
E01002037,100.0,100.0,100.0,100.0,200.0,3
E01002038,100.0,100.0,100.0,100.0,200.0,3
E01002039,100.0,100.0,100.0,100.0,200.0,3
E01002040,100.0,100.0,100.0,100.0,200.0,3
E01002041,100.0,100.0,100.0,100.0,200.0,3
E01002042,100.0,100.0,100.0,100.0,200.0,3
E01002043,100.0,100.0,100.0,100.0,200.0,3
E01002044,100.0,100.0,100.0,100.0,200.0,3
E01002045,100.0,100.0,100.0,100.0,200.0,3
E01002046,100.0,100.0,100.0,100.0,200.0,3
E01002047,100.0,100.0,100.0,100.0,200.0,3
E01002048,100.0,100.0,100.0,100.0,200.0,3
E01002049,100.0,100.0,100.0,100.0,200.0,3
E01002050,100.0,100.0,100.0,100.0,200.0,3
E01002051,100.0,100.0,100.0,100.0,200.0,3
E01002052,100.0,100.0,100.0,100.0,200.0,3
E01002053,100.0,100.0,100.0,100.0,200.0,3
E01002054,100.0,100.0,100.0,100.0,200.0,3
E01002055,100.0,100.0,100.0,100.0,200.0,3
E01002056,100.0,100.0,100.0,100.0,200.0,3
E01002057,100.0,100.0,100.0,100.0,200.0,3
E01002058,100.0,100.0,100.0,100.0,200.0,3
E01002059,100.0,100.0,100.0,100.0,200.0,3
E01002060,100.0,100.0,100.0,100.0,200.0,3
E01002061,100.0,100.0,100.0,100.0,200.0,3
E01002062,100.0,100.0,100.0,100.0,200.0,3
E01002063,100.0,100.0,100.0,100.0,200.0,3
E01002064,100.0,100.0,100.0,100.0,200.0,3
E01002065,100.0,100.0,100.0,100.0,200.0,3
E01002066,100.0,100.0,100.0,100.0,200.0,3
E01002067,100.0,100.0,100.0,100.0,200.0,3
E01002068,100.0,100.0,100.0,100.0,200.0,3
E01002069,100.0,100.0,100.0,100.0,200.0,3
E01002070,100.0,100.0,100.0,100.0,200.0,3
E01002071,100.0,100.0,100.0,100.0,200.0,3
E01002072,100.0,100.0,100.0,100.0,200.0,3
E01002073,100.0,100.0,100.0,100.0,200.0,3
E01002074,100.0,100.0,100.0,100.0,200.0,3
E01002075,100.0,100.0,100.0,100.0,200.0,3
E01002076,100.0,100.0,100.0,100.0,200.0,3
E01002077,100.0,100.0,100.0,100.0,200.0,3
E01002078,100.0,100.0,100.0,100.0,200.0,3
E01002079,100.0,100.0,100.0,100.0,200.0,3
E01002080,100.0,100.0,100.0,100.0,200.0,3
E01002081,100.0,100.0,100.0,100.0,200.0,3
E01002082,100.0,100.0,100.0,100.0,200.0,3
E01002083,100.0,100.0,100.0,100.0,200.0,3
E01002084,100.0,100.0,100.0,100.0,200.0,3
E01002085,100.0,100.0,100.0,100.0,200.0,3
E01002086,100.0,100.0,100.0,100.0,200.0,3
E01002087,100.0,100.0,100.0,100.0,200.0,3
E01002088,100.0,100.0,100.0,100.0,200.0,3
E01002089,100.0,100.0,100.0,100.0,200.0,3
E01002090,100.0,100.0,100.0,100.0,200.0,3
E01002091,100.0,100.0,100.0,100.0,200.0,3
E01002092,100.0,100.0,100.0,100.0,200.0,3
E01002093,100.0,100.0,100.0,100.0,200.0,3
E01002094,100.0,100.0,100.0,100.0,200.0,3
E01002095,100.0,100.0,100.0,100.0,200.0,3
E01002096,100.0,100.0,100.0,100.0,200.0,3
E01002097,100.0,100.0,100.0,100.0,200.0,3
E01002098,100.0,100.0,100.0,100.0,200.0,3
E01002099,100.0,100.0,100.0,100.0,200.0,3
E01002100,100.0,100.0,100.0,100.0,200.0,3
E01002101,100.0,100.0,100.0,100.0,200.0,3
E01002102,100.0,100.0,100.0,100.0,200.0,3
E01002103,100.0,100.0,100.0,100.0,200.0,3
E01002104,100.0,100.0,100.0,100.0,200.0,3
E01002105,100.0,100.0,100.0,100.0,200.0,3
E01002106,100.0,100.0,100.0,100.0,200.0,3
E01002107,100.0,100.0,100.0,100.0,200.0,3
E01002108,100.0,100.0,100.0,100.0,200.0,3
E01002109,100.0,100.0,100.0,100.0,200.0,3
E01002110,100.0,100.0,100.0,100.0,200.0,3
E01002111,100.0,100.0,100.0,100.0,200.0,3
E01002112,100.0,100.0,100.0,100.0,200.0,3
E01002113,100.0,100.0,100.0,100.0,200.0,3
E01002114,100.0,100.0,79.12,100.0,179.12,3
E01002115,100.0,100.0,100.0,100.0,200.0,3
E01002116,100.0,100.0,100.0,100.0,200.0,3
E01002117,100.0,100.0,100.0,100.0,200.0,3
E01002118,100.0,100.0,100.0,100.0,200.0,3
E01002119,100.0,100.0,100.0,100.0,200.0,3
E01002120,100.0,100.0,100.0,100.0,200.0,3
E01002121,100.0,100.0,100.0,100.0,200.0,3
E01002122,100.0,100.0,100.0,100.0,200.0,3
E01002123,100.0,100.0,100.0,100.0,200.0,3
E01002124,100.0,100.0,100.0,100.0,200.0,3
E01002125,100.0,100.0,100.0,100.0,200.0,3
E01002126,100.0,100.0,100.0,100.0,200.0,3
E01002127,100.0,100.0,100.0,100.0,200.0,3
E01002128,100.0,100.0,100.0,100.0,200.0,3
E01002129,100.0,100.0,100.0,100.0,200.0,3
E01002130,100.0,100.0,100.0,100.0,200.0,3
E01002131,100.0,100.0,100.0,100.0,200.0,3
E01002132,100.0,100.0,100.0,100.0,200.0,3
E01002133,100.0,100.0,100.0,100.0,200.0,3
E01002134,100.0,100.0,100.0,100.0,200.0,3
E01002135,100.0,100.0,100.0,100.0,200.0,3
E01002136,100.0,100.0,100.0,100.0,200.0,3
E01002137,100.0,100.0,100.0,100.0,200.0,3
E01002138,100.0,100.0,100.0,100.0,200.0,3
E01002139,100.0,100.0,100.0,100.0,200.0,3
E01002140,100.0,100.0,100.0,100.0,200.0,3
E01002141,100.0,100.0,100.0,100.0,200.0,3
E01002142,100.0,100.0,100.0,100.0,200.0,3
E01002143,100.0,100.0,100.0,100.0,200.0,3
E01002144,100.0,100.0,86.82,100.0,186.82,3
E01002145,100.0,100.0,100.0,100.0,200.0,3
E01002146,100.0,100.0,0.79,100.0,100.79,3
E01002147,100.0,100.0,63.69,100.0,163.69,3
E01002148,100.0,100.0,100.0,100.0,200.0,3
E01002149,100.0,100.0,0.0,100.0,100.0,2
E01002150,100.0,100.0,86.75,100.0,186.75,3
E01002151,100.0,100.0,100.0,100.0,200.0,3
E01002152,100.0,100.0,25.6,100.0,125.6,3
E01002153,100.0,100.0,100.0,100.0,200.0,3
E01002154,100.0,100.0,100.0,100.0,200.0,3
E01002155,100.0,100.0,100.0,100.0,200.0,3
E01002156,100.0,100.0,100.0,100.0,200.0,3
E01002157,100.0,100.0,100.0,100.0,200.0,3
E01002158,100.0,100.0,100.0,100.0,200.0,3
E01002159,100.0,100.0,100.0,100.0,200.0,3
E01002160,100.0,100.0,100.0,100.0,200.0,3
E01002161,100.0,100.0,100.0,100.0,200.0,3
E01002162,100.0,100.0,100.0,100.0,200.0,3
E01002163,100.0,100.0,100.0,100.0,200.0,3
E01002164,100.0,100.0,100.0,100.0,200.0,3
E01002165,100.0,100.0,100.0,100.0,200.0,3
E01002166,100.0,100.0,100.0,100.0,200.0,3
E01002167,100.0,100.0,100.0,100.0,200.0,3
E01002168,100.0,100.0,100.0,100.0,200.0,3
E01002169,100.0,100.0,100.0,100.0,200.0,3
E01002170,100.0,100.0,100.0,100.0,200.0,3
E01002171,100.0,100.0,100.0,100.0,200.0,3
E01002172,100.0,100.0,100.0,100.0,200.0,3
E01002173,100.0,100.0,100.0,100.0,200.0,3
E01002174,100.0,100.0,100.0,100.0,200.0,3
E01002175,100.0,100.0,100.0,100.0,200.0,3
E01002176,100.0,100.0,100.0,100.0,200.0,3
E01002177,100.0,100.0,100.0,100.0,200.0,3
E01002178,100.0,100.0,100.0,100.0,200.0,3
E01002179,100.0,100.0,100.0,100.0,200.0,3
E01002180,100.0,100.0,100.0,100.0,200.0,3
E01002181,100.0,100.0,100.0,100.0,200.0,3
E01002182,100.0,100.0,100.0,100.0,200.0,3
E01002183,100.0,100.0,100.0,100.0,200.0,3
E01002184,100.0,100.0,100.0,100.0,200.0,3
E01002185,100.0,100.0,0.0,100.0,100.0,2
E01002186,100.0,100.0,0.0,100.0,100.0,2
E01002187,100.0,100.0,0.0,100.0,100.0,2
E01002188,100.0,100.0,25.41,100.0,125.41,3
E01002189,100.0,100.0,78.22,100.0,178.22,3
E01002190,100.0,100.0,0.0,100.0,100.0,2
E01002191,100.0,100.0,100.0,100.0,200.0,3
E01002192,100.0,100.0,4.83,100.0,104.83,3
E01002193,100.0,100.0,96.92,100.0,196.92,3
E01002194,100.0,100.0,10.38,100.0,110.38,3
E01002195,100.0,100.0,100.0,100.0,200.0,3
E01002196,100.0,100.0,64.04,100.0,164.04,3
E01002197,100.0,100.0,100.0,100.0,200.0,3
E01002198,100.0,100.0,100.0,100.0,200.0,3
E01002199,100.0,100.0,100.0,100.0,200.0,3
E01002200,100.0,100.0,100.0,100.0,200.0,3
E01002201,100.0,100.0,100.0,100.0,200.0,3
E01002202,100.0,100.0,100.0,100.0,200.0,3
E01002203,100.0,100.0,100.0,100.0,200.0,3
E01002204,100.0,100.0,100.0,100.0,200.0,3
E01002206,100.0,100.0,100.0,100.0,200.0,3
E01002207,100.0,100.0,100.0,100.0,200.0,3
E01002208,100.0,100.0,100.0,100.0,200.0,3
E01002209,100.0,100.0,100.0,100.0,200.0,3
E01002210,100.0,100.0,100.0,100.0,200.0,3
E01002211,100.0,100.0,100.0,100.0,200.0,3
E01002212,100.0,100.0,100.0,100.0,200.0,3
E01002213,100.0,100.0,100.0,100.0,200.0,3
E01002214,100.0,100.0,100.0,100.0,200.0,3
E01002215,100.0,100.0,100.0,100.0,200.0,3
E01002216,100.0,100.0,100.0,100.0,200.0,3
E01002217,100.0,100.0,100.0,100.0,200.0,3
E01002218,100.0,100.0,100.0,100.0,200.0,3
E01002219,100.0,100.0,100.0,100.0,200.0,3
E01002220,100.0,100.0,100.0,100.0,200.0,3
E01002221,100.0,100.0,100.0,100.0,200.0,3
E01002222,100.0,100.0,100.0,100.0,200.0,3
E01002223,100.0,100.0,100.0,100.0,200.0,3
E01002224,100.0,100.0,100.0,100.0,200.0,3
E01002225,100.0,100.0,95.52,100.0,195.52,3
E01002226,100.0,100.0,100.0,100.0,200.0,3
E01002227,100.0,100.0,100.0,100.0,200.0,3
E01002228,100.0,100.0,100.0,100.0,200.0,3
E01002229,100.0,100.0,100.0,100.0,200.0,3
E01002230,100.0,100.0,100.0,100.0,200.0,3
E01002231,100.0,100.0,100.0,100.0,200.0,3
E01002232,100.0,100.0,100.0,100.0,200.0,3
E01002233,100.0,100.0,100.0,100.0,200.0,3
E01002234,100.0,100.0,100.0,100.0,200.0,3
E01002235,100.0,100.0,100.0,100.0,200.0,3
E01002236,100.0,100.0,100.0,100.0,200.0,3
E01002237,100.0,100.0,100.0,100.0,200.0,3
E01002238,100.0,100.0,100.0,100.0,200.0,3
E01002239,100.0,100.0,100.0,100.0,200.0,3
E01002240,100.0,100.0,100.0,100.0,200.0,3
E01002241,100.0,100.0,100.0,100.0,200.0,3
E01002242,100.0,100.0,100.0,100.0,200.0,3
E01002243,100.0,100.0,100.0,100.0,200.0,3
E01002244,100.0,100.0,100.0,100.0,200.0,3
E01002245,100.0,100.0,100.0,100.0,200.0,3
E01002246,100.0,100.0,100.0,100.0,200.0,3
E01002247,100.0,100.0,100.0,100.0,200.0,3
E01002248,100.0,100.0,100.0,100.0,200.0,3
E01002249,100.0,100.0,100.0,100.0,200.0,3
E01002250,100.0,100.0,100.0,100.0,200.0,3
E01002251,100.0,100.0,100.0,100.0,200.0,3
E01002252,98.44,0.0,0.0,98.44,0.0,1
E01002253,100.0,0.0,0.0,100.0,0.0,1
E01002254,100.0,0.0,0.0,100.0,0.0,1
E01002255,100.0,0.0,0.0,100.0,0.0,1
E01002256,100.0,0.0,0.0,100.0,0.0,1
E01002257,100.0,0.0,0.0,100.0,0.0,1
E01002258,100.0,0.0,0.0,100.0,0.0,1
E01002259,99.73,0.0,0.0,99.73,0.0,1
E01002260,100.0,100.0,100.0,100.0,200.0,3
E01002261,100.0,100.0,100.0,100.0,200.0,3
E01002262,100.0,100.0,100.0,100.0,200.0,3
E01002263,100.0,94.31,100.0,100.0,194.31,3
E01002264,100.0,100.0,100.0,100.0,200.0,3
E01002265,100.0,92.43,100.0,100.0,192.43,3
E01002266,100.0,100.0,100.0,100.0,200.0,3
E01002267,100.0,100.0,100.0,100.0,200.0,3
E01002268,100.0,0.0,31.09,100.0,31.09,2
E01002269,100.0,0.0,0.0,100.0,0.0,1
E01002270,100.0,0.0,100.0,100.0,100.0,2
E01002271,100.0,0.0,47.23,100.0,47.23,2
E01002272,100.0,0.0,100.0,100.0,100.0,2
E01002273,100.0,0.0,1.11,100.0,1.11,2
E01002274,100.0,0.0,100.0,100.0,100.0,2
E01002275,100.0,0.0,71.9,100.0,71.9,2
E01002276,32.26,0.0,0.0,32.26,0.0,1
E01002277,82.23,0.0,0.0,82.23,0.0,1
E01002278,100.0,0.0,0.0,100.0,0.0,1
E01002279,100.0,0.0,0.0,100.0,0.0,1
E01002280,100.0,0.0,0.0,100.0,0.0,1
E01002281,100.0,0.0,0.0,100.0,0.0,1
E01002282,100.0,0.0,0.0,100.0,0.0,1
E01002283,100.0,0.0,0.0,100.0,0.0,1
E01002284,100.0,0.0,0.0,100.0,0.0,1
E01002285,100.0,40.07,100.0,100.0,140.07,3
E01002286,100.0,100.0,100.0,100.0,200.0,3
E01002287,100.0,100.0,100.0,100.0,200.0,3
E01002288,100.0,96.07,100.0,100.0,196.07,3
E01002289,100.0,0.0,35.11,100.0,35.11,2
E01002290,100.0,0.0,100.0,100.0,100.0,2
E01002291,100.0,33.81,100.0,100.0,133.81,3
E01002292,100.0,0.0,49.12,100.0,49.12,2
E01002293,100.0,0.0,91.18,100.0,91.18,2
E01002294,100.0,0.0,1.33,100.0,1.33,2
E01002295,100.0,0.0,92.38,100.0,92.38,2
E01002296,99.91,0.0,0.0,99.91,0.0,1
E01002297,100.0,0.0,1.07,100.0,1.07,2
E01002298,100.0,0.0,0.0,100.0,0.0,1
E01002299,100.0,0.0,6.82,100.0,6.82,2
E01002300,100.0,0.0,35.29,100.0,35.29,2
E01002301,100.0,100.0,100.0,100.0,200.0,3
E01002302,100.0,100.0,100.0,100.0,200.0,3
E01002303,100.0,68.57,100.0,100.0,168.57,3
E01002304,100.0,1.04,10.64,100.0,11.68,3
E01002305,100.0,37.93,30.28,100.0,68.21,3
E01002306,100.0,61.38,99.25,100.0,160.63,3
E01002307,100.0,70.3,100.0,100.0,170.3,3
E01002308,100.0,100.0,100.0,100.0,200.0,3
E01002309,100.0,0.0,100.0,100.0,100.0,2
E01002310,100.0,0.0,100.0,100.0,100.0,2
E01002311,100.0,0.0,81.18,100.0,81.18,2
E01002312,100.0,0.0,0.0,100.0,0.0,1
E01002313,100.0,0.0,0.0,100.0,0.0,1
E01002314,100.0,0.0,0.0,100.0,0.0,2
E01002315,100.0,0.0,63.99,100.0,63.99,2
E01002316,100.0,0.0,62.33,100.0,62.33,2
E01002317,100.0,25.88,100.0,100.0,125.88,3
E01002318,100.0,0.25,100.0,100.0,100.25,3
E01002319,100.0,100.0,100.0,100.0,200.0,3
E01002320,100.0,99.25,100.0,100.0,199.25,3
E01002321,100.0,84.08,100.0,100.0,184.08,3
E01002322,100.0,100.0,100.0,100.0,200.0,3
E01002323,100.0,100.0,100.0,100.0,200.0,3
E01002324,100.0,100.0,100.0,100.0,200.0,3
E01002325,100.0,100.0,100.0,100.0,200.0,3
E01002326,100.0,100.0,100.0,100.0,200.0,3
E01002327,100.0,100.0,100.0,100.0,200.0,3
E01002328,100.0,100.0,100.0,100.0,200.0,3
E01002329,100.0,100.0,100.0,100.0,200.0,3
E01002330,100.0,100.0,100.0,100.0,200.0,3
E01002331,100.0,100.0,100.0,100.0,200.0,3
E01002332,100.0,100.0,100.0,100.0,200.0,3
E01002333,100.0,94.4,100.0,100.0,194.4,3
E01002334,100.0,18.03,100.0,100.0,118.03,3
E01002335,100.0,100.0,100.0,100.0,200.0,3
E01002336,100.0,100.0,100.0,100.0,200.0,3
E01002337,100.0,1.77,100.0,100.0,101.77,3
E01002338,100.0,100.0,100.0,100.0,200.0,3
E01002339,100.0,95.14,100.0,100.0,195.14,3
E01002340,100.0,100.0,100.0,100.0,200.0,3
E01002341,100.0,9.21,100.0,100.0,109.21,3
E01002342,100.0,66.51,100.0,100.0,166.51,3
E01002343,100.0,38.77,100.0,100.0,138.77,3
E01002344,100.0,23.41,91.44,100.0,114.85,3
E01002345,100.0,100.0,100.0,100.0,200.0,3
E01002346,100.0,93.24,100.0,100.0,193.24,3
E01002347,100.0,4.86,100.0,100.0,104.86,3
E01002348,100.0,0.0,73.06,100.0,73.06,2
E01002349,100.0,10.63,100.0,100.0,110.63,3
E01002350,100.0,100.0,100.0,100.0,200.0,3
E01002351,100.0,100.0,100.0,100.0,200.0,3
E01002352,100.0,88.44,100.0,100.0,188.44,3
E01002353,100.0,99.06,100.0,100.0,199.06,3
E01002354,100.0,32.25,100.0,100.0,132.25,3
E01002355,100.0,16.73,100.0,100.0,116.73,3
E01002356,100.0,100.0,100.0,100.0,200.0,3
E01002358,100.0,100.0,100.0,100.0,200.0,3
E01002359,100.0,0.0,100.0,100.0,100.0,2
E01002360,100.0,0.0,98.63,100.0,98.63,2
E01002361,100.0,0.01,100.0,100.0,100.01,3
E01002362,100.0,0.0,34.44,100.0,34.44,2
E01002363,100.0,63.19,100.0,100.0,163.19,3
E01002364,100.0,9.4,100.0,100.0,109.4,3
E01002365,100.0,100.0,100.0,100.0,200.0,3
E01002366,100.0,100.0,100.0,100.0,200.0,3
E01002367,100.0,0.0,100.0,100.0,100.0,2
E01002368,100.0,100.0,100.0,100.0,200.0,3
E01002369,100.0,100.0,100.0,100.0,200.0,3
E01002370,100.0,100.0,100.0,100.0,200.0,3
E01002371,100.0,100.0,100.0,100.0,200.0,3
E01002372,100.0,100.0,100.0,100.0,200.0,3
E01002373,100.0,100.0,100.0,100.0,200.0,3
E01002374,100.0,100.0,100.0,100.0,200.0,3
E01002375,100.0,100.0,100.0,100.0,200.0,3
E01002376,100.0,0.0,100.0,100.0,100.0,2
E01002377,100.0,0.0,100.0,100.0,100.0,2
E01002378,100.0,0.0,99.94,100.0,99.94,2
E01002379,100.0,0.0,100.0,100.0,100.0,2
E01002380,100.0,0.0,100.0,100.0,100.0,2
E01002381,100.0,0.0,100.0,100.0,100.0,2
E01002382,100.0,7.1,100.0,100.0,107.1,3
E01002383,100.0,0.0,100.0,100.0,100.0,2
E01002384,100.0,0.0,0.0,100.0,0.0,1
E01002385,100.0,0.16,9.96,100.0,10.12,3
E01002386,100.0,0.0,0.0,100.0,0.0,1
E01002387,100.0,0.0,0.0,100.0,0.0,1
E01002388,100.0,0.0,0.0,100.0,0.0,1
E01002389,100.0,0.0,0.0,100.0,0.0,1
E01002390,100.0,0.0,0.0,100.0,0.0,1
E01002391,42.4,0.0,0.0,42.4,0.0,1
E01002392,100.0,100.0,100.0,100.0,200.0,3
E01002393,100.0,100.0,100.0,100.0,200.0,3
E01002394,100.0,100.0,100.0,100.0,200.0,3
E01002395,100.0,100.0,100.0,100.0,200.0,3
E01002396,100.0,100.0,100.0,100.0,200.0,3
E01002397,100.0,100.0,100.0,100.0,200.0,3
E01002398,100.0,100.0,100.0,100.0,200.0,3
E01002399,100.0,100.0,100.0,100.0,200.0,3
E01002400,100.0,100.0,0.0,100.0,100.0,2
E01002401,100.0,100.0,0.0,100.0,100.0,2
E01002402,100.0,100.0,0.0,100.0,100.0,2
E01002403,100.0,100.0,0.0,100.0,100.0,2
E01002404,100.0,100.0,6.47,100.0,106.47,3
E01002405,100.0,100.0,34.1,100.0,134.1,3
E01002406,100.0,100.0,49.54,100.0,149.54,3
E01002407,100.0,100.0,100.0,100.0,200.0,3
E01002408,100.0,100.0,0.0,100.0,100.0,2
E01002409,100.0,100.0,0.0,100.0,100.0,2
E01002410,100.0,100.0,0.0,100.0,100.0,2
E01002411,100.0,100.0,0.0,100.0,100.0,2
E01002412,100.0,100.0,0.0,100.0,100.0,2
E01002413,100.0,100.0,0.0,100.0,100.0,2
E01002414,100.0,100.0,0.0,100.0,100.0,2
E01002415,100.0,100.0,34.39,100.0,134.39,3
E01002416,100.0,100.0,100.0,100.0,200.0,3
E01002417,100.0,100.0,0.0,100.0,100.0,2
E01002418,100.0,100.0,96.3,100.0,196.3,3
E01002419,100.0,100.0,24.7,100.0,124.7,3
E01002420,100.0,100.0,0.0,100.0,100.0,2
E01002421,100.0,100.0,90.44,100.0,190.44,3
E01002422,100.0,100.0,1.87,100.0,101.87,3
E01002423,100.0,100.0,0.0,100.0,100.0,2
E01002424,100.0,100.0,86.09,100.0,186.09,3
E01002425,100.0,100.0,0.0,100.0,100.0,2
E01002426,100.0,100.0,68.13,100.0,168.13,3
E01002427,100.0,100.0,0.55,100.0,100.55,3
E01002428,100.0,100.0,2.26,100.0,102.26,3
E01002429,100.0,100.0,0.0,100.0,100.0,2
E01002430,100.0,100.0,0.0,100.0,100.0,2
E01002431,100.0,100.0,9.22,100.0,109.22,3
E01002432,100.0,100.0,0.0,100.0,100.0,2
E01002433,100.0,100.0,0.0,100.0,100.0,2
E01002434,100.0,100.0,0.0,100.0,100.0,2
E01002435,100.0,100.0,0.0,100.0,100.0,2
E01002436,100.0,100.0,0.0,100.0,100.0,2
E01002437,100.0,100.0,0.0,100.0,100.0,2
E01002438,86.07,85.75,0.0,86.07,85.75,2
E01002439,100.0,100.0,0.0,100.0,100.0,2
E01002440,100.0,100.0,0.0,100.0,100.0,2
E01002441,99.63,99.58,0.0,99.63,99.58,2
E01002442,76.97,75.52,0.0,76.97,75.52,2
E01002443,100.0,100.0,100.0,100.0,200.0,3
E01002444,46.26,28.27,34.76,46.96,62.33,3
E01002445,100.0,100.0,0.0,100.0,100.0,2
E01002446,85.7,66.79,0.0,85.7,66.79,2
E01002447,100.0,100.0,28.06,100.0,128.06,3
E01002448,100.0,100.0,98.32,100.0,198.32,3
E01002449,100.0,100.0,100.0,100.0,200.0,3
E01002450,100.0,100.0,0.0,100.0,100.0,2
E01002451,100.0,100.0,0.0,100.0,100.0,2
E01002452,100.0,100.0,0.0,100.0,100.0,2
E01002453,100.0,100.0,0.0,100.0,100.0,2
E01002454,100.0,100.0,0.0,100.0,100.0,2
E01002455,100.0,100.0,0.0,100.0,100.0,2
E01002456,100.0,100.0,0.0,100.0,100.0,2
E01002457,100.0,100.0,0.0,100.0,100.0,2
E01002458,100.0,100.0,0.0,100.0,100.0,2
E01002459,100.0,100.0,0.0,100.0,100.0,2
E01002460,100.0,100.0,0.0,100.0,100.0,2
E01002461,100.0,100.0,0.0,100.0,100.0,2
E01002462,100.0,100.0,0.0,100.0,100.0,2
E01002463,100.0,100.0,0.0,100.0,100.0,2
E01002464,100.0,100.0,0.0,100.0,100.0,2
E01002465,100.0,100.0,0.0,100.0,100.0,2
E01002466,100.0,100.0,0.0,100.0,100.0,2
E01002467,100.0,100.0,0.0,100.0,100.0,2
E01002468,100.0,100.0,0.0,100.0,100.0,2
E01002469,100.0,100.0,0.0,100.0,100.0,2
E01002470,100.0,100.0,0.0,100.0,100.0,2
E01002471,100.0,100.0,0.0,100.0,100.0,2
E01002472,100.0,100.0,0.0,100.0,100.0,2
E01002473,100.0,100.0,0.0,100.0,100.0,2
E01002474,100.0,100.0,0.0,100.0,100.0,2
E01002475,100.0,100.0,0.0,100.0,100.0,2
E01002476,100.0,100.0,0.0,100.0,100.0,2
E01002477,100.0,100.0,0.0,100.0,100.0,2
E01002478,100.0,100.0,0.0,100.0,100.0,2
E01002479,100.0,100.0,0.0,100.0,100.0,2
E01002480,100.0,100.0,0.0,100.0,100.0,2
E01002481,100.0,100.0,0.0,100.0,100.0,2
E01002482,100.0,100.0,0.0,100.0,100.0,2
E01002483,100.0,100.0,0.0,100.0,100.0,2
E01002484,100.0,100.0,0.0,100.0,100.0,2
E01002485,100.0,100.0,0.0,100.0,100.0,2
E01002486,100.0,100.0,3.28,100.0,103.28,3
E01002487,100.0,100.0,49.81,100.0,149.81,3
E01002488,100.0,100.0,100.0,100.0,200.0,3
E01002489,100.0,100.0,100.0,100.0,200.0,3
E01002490,100.0,100.0,100.0,100.0,200.0,3
E01002491,100.0,100.0,100.0,100.0,200.0,3
E01002492,100.0,100.0,100.0,100.0,200.0,3
E01002493,100.0,100.0,100.0,100.0,200.0,3
E01002494,100.0,100.0,0.0,100.0,100.0,2
E01002495,100.0,100.0,13.7,100.0,113.7,3
E01002496,100.0,100.0,100.0,100.0,200.0,3
E01002497,100.0,100.0,91.05,100.0,191.05,3
E01002498,100.0,100.0,100.0,100.0,200.0,3
E01002499,100.0,100.0,58.04,100.0,158.04,3
E01002501,100.0,100.0,100.0,100.0,200.0,3
E01002502,100.0,100.0,100.0,100.0,200.0,3
E01002503,100.0,100.0,100.0,100.0,200.0,3
E01002504,100.0,100.0,95.43,100.0,195.43,3
E01002505,100.0,100.0,100.0,100.0,200.0,3
E01002506,100.0,100.0,100.0,100.0,200.0,3
E01002507,100.0,100.0,100.0,100.0,200.0,3
E01002508,100.0,100.0,100.0,100.0,200.0,3
E01002509,100.0,100.0,0.0,100.0,100.0,2
E01002511,100.0,100.0,0.0,100.0,100.0,2
E01002512,100.0,100.0,0.0,100.0,100.0,2
E01002513,100.0,100.0,0.0,100.0,100.0,2
E01002514,100.0,100.0,0.0,100.0,100.0,2
E01002515,100.0,100.0,0.0,100.0,100.0,2
E01002516,100.0,100.0,0.0,100.0,100.0,2
E01002518,100.0,100.0,0.0,100.0,100.0,2
E01002519,83.05,98.86,0.0,98.86,83.05,2
E01002520,77.91,76.77,0.0,78.57,76.11,2
E01002521,99.72,99.26,0.0,99.72,99.26,2
E01002523,100.0,100.0,0.0,100.0,100.0,2
E01002525,99.91,98.39,0.0,99.91,98.39,2
E01002526,100.0,100.0,0.0,100.0,100.0,2
E01002527,20.94,12.48,0.0,21.06,12.36,2
E01002528,100.0,100.0,0.0,100.0,100.0,2
E01002529,100.0,100.0,0.0,100.0,100.0,2
E01002530,90.24,64.92,0.0,90.24,64.92,2
E01002531,91.94,99.22,0.0,99.22,91.94,2
E01002532,100.0,100.0,0.0,100.0,100.0,2
E01002533,100.0,100.0,0.0,100.0,100.0,2
E01002534,100.0,100.0,0.0,100.0,100.0,2
E01002535,100.0,100.0,0.0,100.0,100.0,2
E01002536,100.0,100.0,0.0,100.0,100.0,2
E01002537,100.0,100.0,0.0,100.0,100.0,2
E01002538,100.0,100.0,0.0,100.0,100.0,2
E01002539,100.0,100.0,0.0,100.0,100.0,2
E01002540,100.0,100.0,100.0,100.0,200.0,3
E01002541,100.0,100.0,100.0,100.0,200.0,3
E01002542,100.0,100.0,100.0,100.0,200.0,3
E01002543,100.0,100.0,100.0,100.0,200.0,3
E01002544,100.0,100.0,100.0,100.0,200.0,3
E01002545,100.0,100.0,100.0,100.0,200.0,3
E01002546,100.0,100.0,100.0,100.0,200.0,3
E01002547,100.0,100.0,100.0,100.0,200.0,3
E01002548,100.0,100.0,0.0,100.0,100.0,2
E01002549,100.0,100.0,0.0,100.0,100.0,2
E01002550,100.0,100.0,0.0,100.0,100.0,2
E01002551,100.0,100.0,0.0,100.0,100.0,2
E01002552,100.0,100.0,0.0,100.0,100.0,2
E01002553,100.0,100.0,0.0,100.0,100.0,2
E01002554,77.97,92.49,0.0,92.49,77.97,2
E01002555,100.0,100.0,100.0,100.0,200.0,3
E01002556,100.0,100.0,100.0,100.0,200.0,3
E01002557,100.0,31.54,100.0,100.0,131.54,3
E01002558,100.0,99.84,100.0,100.0,199.84,3
E01002559,71.13,1.22,83.84,83.84,72.35,3
E01002560,100.0,100.0,100.0,100.0,200.0,3
E01002561,100.0,83.35,100.0,100.0,183.35,3
E01002562,100.0,100.0,100.0,100.0,200.0,3
E01002563,100.0,100.0,100.0,100.0,200.0,3
E01002564,100.0,100.0,100.0,100.0,200.0,3
E01002565,100.0,100.0,100.0,100.0,200.0,3
E01002566,100.0,100.0,100.0,100.0,200.0,3
E01002567,100.0,100.0,100.0,100.0,200.0,3
E01002568,100.0,100.0,100.0,100.0,200.0,3
E01002569,100.0,100.0,100.0,100.0,200.0,3
E01002570,100.0,100.0,100.0,100.0,200.0,3
E01002571,100.0,100.0,100.0,100.0,200.0,3
E01002572,100.0,100.0,100.0,100.0,200.0,3
E01002573,100.0,100.0,100.0,100.0,200.0,3
E01002574,100.0,100.0,100.0,100.0,200.0,3
E01002575,100.0,100.0,100.0,100.0,200.0,3
E01002576,100.0,100.0,100.0,100.0,200.0,3
E01002577,100.0,100.0,100.0,100.0,200.0,3
E01002578,100.0,100.0,100.0,100.0,200.0,3
E01002579,100.0,100.0,100.0,100.0,200.0,3
E01002580,100.0,100.0,100.0,100.0,200.0,3
E01002581,100.0,100.0,100.0,100.0,200.0,3
E01002582,100.0,100.0,100.0,100.0,200.0,3
E01002583,100.0,100.0,100.0,100.0,200.0,3
E01002584,100.0,100.0,100.0,100.0,200.0,3
E01002585,100.0,100.0,100.0,100.0,200.0,3
E01002586,100.0,100.0,100.0,100.0,200.0,3
E01002587,100.0,100.0,100.0,100.0,200.0,3
E01002588,100.0,100.0,100.0,100.0,200.0,3
E01002589,100.0,100.0,100.0,100.0,200.0,3
E01002590,100.0,100.0,100.0,100.0,200.0,3
E01002591,100.0,100.0,100.0,100.0,200.0,3
E01002592,100.0,100.0,100.0,100.0,200.0,3
E01002593,100.0,100.0,100.0,100.0,200.0,3
E01002594,100.0,100.0,100.0,100.0,200.0,3
E01002595,100.0,100.0,100.0,100.0,200.0,3
E01002596,100.0,57.9,100.0,100.0,157.9,3
E01002598,100.0,100.0,100.0,100.0,200.0,3
E01002599,100.0,100.0,100.0,100.0,200.0,3
E01002600,100.0,100.0,100.0,100.0,200.0,3
E01002601,99.66,5.64,92.31,99.67,97.94,3
E01002602,100.0,35.21,100.0,100.0,135.21,3
E01002603,100.0,100.0,100.0,100.0,200.0,3
E01002604,100.0,100.0,100.0,100.0,200.0,3
E01002605,100.0,100.0,100.0,100.0,200.0,3
E01002606,100.0,100.0,100.0,100.0,200.0,3
E01002607,100.0,100.0,100.0,100.0,200.0,3
E01002608,100.0,100.0,100.0,100.0,200.0,3
E01002609,100.0,100.0,100.0,100.0,200.0,3
E01002610,100.0,100.0,100.0,100.0,200.0,3
E01002611,100.0,100.0,100.0,100.0,200.0,3
E01002612,100.0,100.0,100.0,100.0,200.0,3
E01002613,100.0,100.0,100.0,100.0,200.0,3
E01002614,100.0,100.0,100.0,100.0,200.0,3
E01002615,100.0,100.0,100.0,100.0,200.0,3
E01002616,100.0,100.0,100.0,100.0,200.0,3
E01002617,100.0,100.0,100.0,100.0,200.0,3
E01002618,100.0,100.0,100.0,100.0,200.0,3
E01002619,100.0,100.0,100.0,100.0,200.0,3
E01002620,100.0,100.0,100.0,100.0,200.0,3
E01002621,100.0,100.0,100.0,100.0,200.0,3
E01002622,100.0,100.0,100.0,100.0,200.0,3
E01002623,100.0,100.0,100.0,100.0,200.0,3
E01002624,100.0,100.0,100.0,100.0,200.0,3
E01002625,100.0,100.0,100.0,100.0,200.0,3
E01002626,100.0,100.0,100.0,100.0,200.0,3
E01002627,100.0,100.0,100.0,100.0,200.0,3
E01002628,100.0,100.0,100.0,100.0,200.0,3
E01002629,100.0,100.0,100.0,100.0,200.0,3
E01002630,100.0,100.0,100.0,100.0,200.0,3
E01002631,100.0,100.0,100.0,100.0,200.0,3
E01002632,100.0,100.0,100.0,100.0,200.0,3
E01002633,100.0,100.0,100.0,100.0,200.0,3
E01002634,100.0,100.0,100.0,100.0,200.0,3
E01002635,100.0,100.0,100.0,100.0,200.0,3
E01002636,100.0,100.0,100.0,100.0,200.0,3
E01002637,100.0,100.0,100.0,100.0,200.0,3
E01002638,100.0,100.0,100.0,100.0,200.0,3
E01002639,100.0,100.0,100.0,100.0,200.0,3
E01002640,100.0,100.0,100.0,100.0,200.0,3
E01002641,100.0,100.0,100.0,100.0,200.0,3
E01002642,100.0,100.0,100.0,100.0,200.0,3
E01002643,100.0,100.0,100.0,100.0,200.0,3
E01002645,100.0,100.0,100.0,100.0,200.0,3
E01002646,100.0,100.0,100.0,100.0,200.0,3
E01002647,100.0,100.0,100.0,100.0,200.0,3
E01002648,100.0,100.0,100.0,100.0,200.0,3
E01002649,100.0,100.0,100.0,100.0,200.0,3
E01002650,100.0,100.0,100.0,100.0,200.0,3
E01002651,100.0,100.0,100.0,100.0,200.0,3
E01002652,100.0,100.0,100.0,100.0,200.0,3
E01002653,100.0,100.0,100.0,100.0,200.0,3
E01002654,100.0,100.0,100.0,100.0,200.0,3
E01002655,100.0,100.0,100.0,100.0,200.0,3
E01002656,100.0,100.0,100.0,100.0,200.0,3
E01002657,100.0,100.0,100.0,100.0,200.0,3
E01002658,100.0,100.0,100.0,100.0,200.0,3
E01002659,100.0,100.0,100.0,100.0,200.0,3
E01002660,100.0,100.0,100.0,100.0,200.0,3
E01002661,100.0,100.0,100.0,100.0,200.0,3
E01002662,100.0,100.0,100.0,100.0,200.0,3
E01002663,100.0,100.0,100.0,100.0,200.0,3
E01002664,100.0,100.0,100.0,100.0,200.0,3
E01002665,100.0,100.0,100.0,100.0,200.0,3
E01002666,100.0,100.0,100.0,100.0,200.0,3
E01002667,100.0,100.0,100.0,100.0,200.0,3
E01002668,100.0,100.0,100.0,100.0,200.0,3
E01002669,100.0,100.0,100.0,100.0,200.0,3
E01002670,100.0,100.0,100.0,100.0,200.0,3
E01002671,100.0,100.0,100.0,100.0,200.0,3
E01002672,100.0,100.0,100.0,100.0,200.0,3
E01002673,100.0,100.0,100.0,100.0,200.0,3
E01002674,100.0,100.0,100.0,100.0,200.0,3
E01002675,100.0,100.0,100.0,100.0,200.0,3
E01002676,100.0,100.0,100.0,100.0,200.0,3
E01002677,100.0,100.0,100.0,100.0,200.0,3
E01002678,100.0,100.0,100.0,100.0,200.0,3
E01002679,100.0,100.0,100.0,100.0,200.0,3
E01002680,100.0,100.0,100.0,100.0,200.0,3
E01002681,100.0,100.0,100.0,100.0,200.0,3
E01002682,100.0,100.0,100.0,100.0,200.0,3
E01002683,100.0,100.0,100.0,100.0,200.0,3
E01002684,100.0,100.0,100.0,100.0,200.0,3
E01002686,100.0,100.0,100.0,100.0,200.0,3
E01002687,100.0,100.0,100.0,100.0,200.0,3
E01002689,100.0,100.0,100.0,100.0,200.0,3
E01002690,100.0,100.0,100.0,100.0,200.0,3
E01002691,100.0,100.0,100.0,100.0,200.0,3
E01002692,100.0,100.0,100.0,100.0,200.0,3
E01002693,100.0,100.0,100.0,100.0,200.0,3
E01002694,100.0,100.0,100.0,100.0,200.0,3
E01002695,100.0,100.0,100.0,100.0,200.0,3
E01002696,100.0,100.0,100.0,100.0,200.0,3
E01002697,100.0,100.0,100.0,100.0,200.0,3
E01002698,100.0,100.0,100.0,100.0,200.0,3
E01002699,100.0,100.0,100.0,100.0,200.0,3
E01002700,100.0,100.0,100.0,100.0,200.0,3
E01002701,100.0,100.0,100.0,100.0,200.0,3
E01002702,100.0,100.0,100.0,100.0,200.0,3
E01002703,100.0,100.0,100.0,100.0,200.0,3
E01002704,100.0,100.0,100.0,100.0,200.0,3
E01002706,100.0,100.0,100.0,100.0,200.0,3
E01002707,100.0,100.0,100.0,100.0,200.0,3
E01002708,100.0,100.0,100.0,100.0,200.0,3
E01002709,100.0,100.0,100.0,100.0,200.0,3
E01002710,100.0,100.0,100.0,100.0,200.0,3
E01002711,100.0,100.0,100.0,100.0,200.0,3
E01002712,100.0,100.0,100.0,100.0,200.0,3
E01002713,100.0,100.0,100.0,100.0,200.0,3
E01002714,100.0,100.0,100.0,100.0,200.0,3
E01002715,100.0,100.0,100.0,100.0,200.0,3
E01002716,100.0,100.0,100.0,100.0,200.0,3
E01002717,100.0,100.0,100.0,100.0,200.0,3
E01002718,100.0,100.0,100.0,100.0,200.0,3
E01002719,100.0,100.0,100.0,100.0,200.0,3
E01002720,100.0,100.0,100.0,100.0,200.0,3
E01002721,100.0,100.0,100.0,100.0,200.0,3
E01002722,100.0,100.0,100.0,100.0,200.0,3
E01002723,100.0,100.0,100.0,100.0,200.0,3
E01002724,100.0,100.0,100.0,100.0,200.0,3
E01002725,100.0,100.0,100.0,100.0,200.0,3
E01002726,100.0,100.0,100.0,100.0,200.0,3
E01002727,100.0,100.0,100.0,100.0,200.0,3
E01002728,100.0,100.0,100.0,100.0,200.0,3
E01002729,100.0,100.0,100.0,100.0,200.0,3
E01002730,100.0,100.0,100.0,100.0,200.0,3
E01002731,100.0,100.0,100.0,100.0,200.0,3
E01002732,100.0,100.0,100.0,100.0,200.0,3
E01002733,100.0,100.0,100.0,100.0,200.0,3
E01002734,100.0,100.0,100.0,100.0,200.0,3
E01002735,100.0,100.0,100.0,100.0,200.0,3
E01002736,100.0,100.0,100.0,100.0,200.0,3
E01002737,100.0,100.0,100.0,100.0,200.0,3
E01002738,100.0,100.0,100.0,100.0,200.0,3
E01002739,100.0,100.0,100.0,100.0,200.0,3
E01002740,100.0,100.0,100.0,100.0,200.0,3
E01002741,100.0,100.0,100.0,100.0,200.0,3
E01002742,100.0,100.0,100.0,100.0,200.0,3
E01002743,100.0,100.0,100.0,100.0,200.0,3
E01002744,100.0,100.0,100.0,100.0,200.0,3
E01002745,100.0,100.0,100.0,100.0,200.0,3
E01002747,100.0,100.0,100.0,100.0,200.0,3
E01002748,100.0,100.0,100.0,100.0,200.0,3
E01002749,100.0,100.0,100.0,100.0,200.0,3
E01002751,100.0,100.0,100.0,100.0,200.0,3
E01002752,100.0,100.0,100.0,100.0,200.0,3
E01002753,100.0,100.0,100.0,100.0,200.0,3
E01002754,100.0,100.0,100.0,100.0,200.0,3
E01002755,100.0,100.0,100.0,100.0,200.0,3
E01002756,100.0,100.0,100.0,100.0,200.0,3
E01002757,100.0,100.0,100.0,100.0,200.0,3
E01002758,100.0,100.0,100.0,100.0,200.0,3
E01002759,100.0,100.0,100.0,100.0,200.0,3
E01002760,100.0,100.0,100.0,100.0,200.0,3
E01002762,100.0,100.0,100.0,100.0,200.0,3
E01002763,100.0,100.0,100.0,100.0,200.0,3
E01002764,100.0,100.0,100.0,100.0,200.0,3
E01002765,100.0,100.0,100.0,100.0,200.0,3
E01002766,100.0,100.0,100.0,100.0,200.0,3
E01002767,100.0,100.0,100.0,100.0,200.0,3
E01002768,100.0,100.0,100.0,100.0,200.0,3
E01002769,100.0,100.0,100.0,100.0,200.0,3
E01002770,100.0,100.0,100.0,100.0,200.0,3
E01002771,100.0,100.0,100.0,100.0,200.0,3
E01002772,100.0,100.0,100.0,100.0,200.0,3
E01002773,100.0,100.0,100.0,100.0,200.0,3
E01002774,100.0,100.0,100.0,100.0,200.0,3
E01002775,100.0,100.0,100.0,100.0,200.0,3
E01002776,100.0,100.0,100.0,100.0,200.0,3
E01002777,100.0,100.0,100.0,100.0,200.0,3
E01002778,100.0,100.0,100.0,100.0,200.0,3
E01002779,100.0,100.0,100.0,100.0,200.0,3
E01002780,100.0,100.0,100.0,100.0,200.0,3
E01002781,100.0,100.0,100.0,100.0,200.0,3
E01002782,100.0,100.0,100.0,100.0,200.0,3
E01002783,100.0,100.0,100.0,100.0,200.0,3
E01002784,100.0,100.0,100.0,100.0,200.0,3
E01002785,100.0,100.0,100.0,100.0,200.0,3
E01002786,100.0,100.0,100.0,100.0,200.0,3
E01002787,100.0,100.0,100.0,100.0,200.0,3
E01002788,100.0,100.0,100.0,100.0,200.0,3
E01002789,100.0,100.0,100.0,100.0,200.0,3
E01002790,100.0,100.0,100.0,100.0,200.0,3
E01002791,100.0,100.0,100.0,100.0,200.0,3
E01002792,100.0,100.0,100.0,100.0,200.0,3
E01002793,100.0,100.0,100.0,100.0,200.0,3
E01002794,100.0,100.0,100.0,100.0,200.0,3
E01002795,100.0,100.0,100.0,100.0,200.0,3
E01002796,100.0,100.0,100.0,100.0,200.0,3
E01002797,100.0,100.0,100.0,100.0,200.0,3
E01002798,100.0,100.0,100.0,100.0,200.0,3
E01002799,100.0,100.0,100.0,100.0,200.0,3
E01002800,100.0,100.0,100.0,100.0,200.0,3
E01002801,100.0,100.0,100.0,100.0,200.0,3
E01002802,100.0,100.0,100.0,100.0,200.0,3
E01002803,100.0,100.0,100.0,100.0,200.0,3
E01002804,100.0,100.0,100.0,100.0,200.0,3
E01002805,100.0,100.0,100.0,100.0,200.0,3
E01002806,100.0,100.0,100.0,100.0,200.0,3
E01002807,100.0,100.0,100.0,100.0,200.0,3
E01002808,100.0,100.0,100.0,100.0,200.0,3
E01002809,100.0,100.0,100.0,100.0,200.0,3
E01002810,100.0,100.0,100.0,100.0,200.0,3
E01002811,100.0,100.0,100.0,100.0,200.0,3
E01002812,100.0,100.0,100.0,100.0,200.0,3
E01002813,100.0,100.0,100.0,100.0,200.0,3
E01002814,100.0,100.0,100.0,100.0,200.0,3
E01002815,100.0,100.0,100.0,100.0,200.0,3
E01002816,100.0,100.0,100.0,100.0,200.0,3
E01002817,100.0,100.0,100.0,100.0,200.0,3
E01002818,100.0,100.0,100.0,100.0,200.0,3
E01002819,100.0,100.0,100.0,100.0,200.0,3
E01002820,100.0,100.0,100.0,100.0,200.0,3
E01002821,100.0,100.0,100.0,100.0,200.0,3
E01002822,100.0,100.0,100.0,100.0,200.0,3
E01002823,100.0,100.0,100.0,100.0,200.0,3
E01002824,100.0,100.0,100.0,100.0,200.0,3
E01002825,100.0,100.0,100.0,100.0,200.0,3
E01002826,100.0,100.0,100.0,100.0,200.0,3
E01002827,100.0,100.0,100.0,100.0,200.0,3
E01002828,100.0,100.0,100.0,100.0,200.0,3
E01002829,100.0,100.0,100.0,100.0,200.0,3
E01002830,100.0,100.0,100.0,100.0,200.0,3
E01002831,100.0,100.0,100.0,100.0,200.0,3
E01002832,100.0,100.0,100.0,100.0,200.0,3
E01002833,100.0,100.0,100.0,100.0,200.0,3
E01002834,100.0,100.0,100.0,100.0,200.0,3
E01002835,100.0,100.0,100.0,100.0,200.0,3
E01002836,100.0,100.0,100.0,100.0,200.0,3
E01002837,100.0,100.0,100.0,100.0,200.0,3
E01002838,100.0,100.0,100.0,100.0,200.0,3
E01002839,100.0,100.0,100.0,100.0,200.0,3
E01002840,100.0,100.0,100.0,100.0,200.0,3
E01002841,100.0,100.0,100.0,100.0,200.0,3
E01002842,100.0,100.0,100.0,100.0,200.0,3
E01002843,100.0,100.0,100.0,100.0,200.0,3
E01002844,100.0,100.0,100.0,100.0,200.0,3
E01002845,100.0,100.0,100.0,100.0,200.0,3
E01002846,100.0,100.0,100.0,100.0,200.0,3
E01002847,100.0,100.0,100.0,100.0,200.0,3
E01002848,100.0,100.0,100.0,100.0,200.0,3
E01002849,100.0,100.0,100.0,100.0,200.0,3
E01002850,100.0,100.0,100.0,100.0,200.0,3
E01002851,100.0,100.0,100.0,100.0,200.0,3
E01002852,100.0,100.0,100.0,100.0,200.0,3
E01002853,100.0,100.0,100.0,100.0,200.0,3
E01002854,100.0,100.0,100.0,100.0,200.0,3
E01002855,100.0,100.0,100.0,100.0,200.0,3
E01002856,100.0,100.0,100.0,100.0,200.0,3
E01002857,100.0,100.0,100.0,100.0,200.0,3
E01002858,100.0,100.0,100.0,100.0,200.0,3
E01002859,100.0,100.0,100.0,100.0,200.0,3
E01002860,100.0,100.0,100.0,100.0,200.0,3
E01002861,100.0,100.0,100.0,100.0,200.0,3
E01002862,100.0,100.0,100.0,100.0,200.0,3
E01002863,100.0,100.0,100.0,100.0,200.0,3
E01002864,100.0,100.0,100.0,100.0,200.0,3
E01002865,100.0,100.0,100.0,100.0,200.0,3
E01002866,100.0,100.0,100.0,100.0,200.0,3
E01002867,100.0,100.0,100.0,100.0,200.0,3
E01002868,100.0,100.0,100.0,100.0,200.0,3
E01002869,100.0,100.0,100.0,100.0,200.0,3
E01002870,100.0,100.0,100.0,100.0,200.0,3
E01002871,100.0,100.0,100.0,100.0,200.0,3
E01002872,100.0,100.0,100.0,100.0,200.0,3
E01002873,100.0,100.0,100.0,100.0,200.0,3
E01002874,100.0,100.0,100.0,100.0,200.0,3
E01002875,100.0,100.0,100.0,100.0,200.0,3
E01002876,100.0,100.0,100.0,100.0,200.0,3
E01002877,100.0,100.0,100.0,100.0,200.0,3
E01002878,100.0,100.0,100.0,100.0,200.0,3
E01002879,100.0,100.0,100.0,100.0,200.0,3
E01002880,100.0,100.0,100.0,100.0,200.0,3
E01002881,100.0,100.0,100.0,100.0,200.0,3
E01002882,100.0,100.0,100.0,100.0,200.0,3
E01002883,100.0,100.0,100.0,100.0,200.0,3
E01002884,100.0,100.0,100.0,100.0,200.0,3
E01002885,100.0,100.0,100.0,100.0,200.0,3
E01002886,100.0,100.0,100.0,100.0,200.0,3
E01002887,100.0,100.0,100.0,100.0,200.0,3
E01002888,100.0,100.0,100.0,100.0,200.0,3
E01002889,100.0,100.0,100.0,100.0,200.0,3
E01002890,100.0,100.0,100.0,100.0,200.0,3
E01002891,100.0,100.0,100.0,100.0,200.0,3
E01002892,100.0,100.0,100.0,100.0,200.0,3
E01002893,100.0,100.0,100.0,100.0,200.0,3
E01002894,100.0,100.0,100.0,100.0,200.0,3
E01002895,100.0,100.0,100.0,100.0,200.0,3
E01002896,100.0,100.0,100.0,100.0,200.0,3
E01002897,100.0,100.0,100.0,100.0,200.0,3
E01002898,100.0,100.0,100.0,100.0,200.0,3
E01002899,100.0,100.0,100.0,100.0,200.0,3
E01002900,100.0,100.0,100.0,100.0,200.0,3
E01002901,100.0,100.0,100.0,100.0,200.0,3
E01002902,100.0,100.0,100.0,100.0,200.0,3
E01002903,100.0,100.0,100.0,100.0,200.0,3
E01002904,100.0,100.0,100.0,100.0,200.0,3
E01002905,100.0,100.0,100.0,100.0,200.0,3
E01002906,100.0,100.0,100.0,100.0,200.0,3
E01002907,100.0,100.0,100.0,100.0,200.0,3
E01002908,100.0,100.0,100.0,100.0,200.0,3
E01002909,100.0,100.0,100.0,100.0,200.0,3
E01002910,100.0,100.0,100.0,100.0,200.0,3
E01002911,100.0,100.0,100.0,100.0,200.0,3
E01002912,100.0,100.0,100.0,100.0,200.0,3
E01002913,100.0,100.0,100.0,100.0,200.0,3
E01002914,100.0,100.0,100.0,100.0,200.0,3
E01002915,100.0,100.0,100.0,100.0,200.0,3
E01002916,100.0,100.0,100.0,100.0,200.0,3
E01002917,100.0,100.0,100.0,100.0,200.0,3
E01002918,100.0,100.0,100.0,100.0,200.0,3
E01002919,100.0,100.0,79.87,100.0,179.87,3
E01002920,100.0,100.0,100.0,100.0,200.0,3
E01002921,100.0,100.0,100.0,100.0,200.0,3
E01002922,100.0,100.0,100.0,100.0,200.0,3
E01002923,100.0,100.0,100.0,100.0,200.0,3
E01002924,100.0,100.0,100.0,100.0,200.0,3
E01002925,100.0,100.0,100.0,100.0,200.0,3
E01002926,100.0,100.0,100.0,100.0,200.0,3
E01002927,100.0,100.0,100.0,100.0,200.0,3
E01002928,100.0,100.0,100.0,100.0,200.0,3
E01002929,100.0,100.0,100.0,100.0,200.0,3
E01002930,100.0,100.0,100.0,100.0,200.0,3
E01002931,100.0,100.0,100.0,100.0,200.0,3
E01002932,100.0,100.0,100.0,100.0,200.0,3
E01002933,100.0,100.0,100.0,100.0,200.0,3
E01002934,100.0,100.0,100.0,100.0,200.0,3
E01002935,100.0,100.0,100.0,100.0,200.0,3
E01002937,100.0,100.0,100.0,100.0,200.0,3
E01002938,100.0,100.0,100.0,100.0,200.0,3
E01002939,100.0,100.0,0.0,100.0,100.0,2
E01002940,100.0,100.0,0.0,100.0,100.0,2
E01002941,100.0,100.0,0.0,100.0,100.0,2
E01002942,100.0,100.0,0.0,100.0,100.0,2
E01002943,100.0,100.0,0.0,100.0,100.0,2
E01002944,100.0,100.0,0.0,100.0,100.0,2
E01002945,100.0,100.0,0.0,100.0,100.0,2
E01002946,100.0,100.0,0.0,100.0,100.0,2
E01002947,100.0,100.0,0.0,100.0,100.0,2
E01002948,99.78,99.68,0.0,99.78,99.68,2
E01002949,100.0,100.0,0.0,100.0,100.0,2
E01002950,100.0,100.0,0.0,100.0,100.0,2
E01002951,100.0,100.0,100.0,100.0,200.0,3
E01002952,100.0,100.0,100.0,100.0,200.0,3
E01002953,100.0,100.0,100.0,100.0,200.0,3
E01002954,100.0,100.0,100.0,100.0,200.0,3
E01002955,100.0,100.0,100.0,100.0,200.0,3
E01002956,100.0,100.0,100.0,100.0,200.0,3
E01002957,100.0,100.0,100.0,100.0,200.0,3
E01002958,100.0,100.0,100.0,100.0,200.0,3
E01002959,100.0,100.0,100.0,100.0,200.0,3
E01002960,100.0,100.0,100.0,100.0,200.0,3
E01002961,100.0,100.0,100.0,100.0,200.0,3
E01002962,100.0,100.0,100.0,100.0,200.0,3
E01002963,100.0,100.0,100.0,100.0,200.0,3
E01002964,100.0,100.0,100.0,100.0,200.0,3
E01002965,100.0,100.0,100.0,100.0,200.0,3
E01002966,100.0,100.0,100.0,100.0,200.0,3
E01002967,100.0,100.0,100.0,100.0,200.0,3
E01002968,100.0,100.0,100.0,100.0,200.0,3
E01002969,100.0,100.0,100.0,100.0,200.0,3
E01002970,100.0,100.0,100.0,100.0,200.0,3
E01002971,100.0,100.0,100.0,100.0,200.0,3
E01002972,100.0,100.0,100.0,100.0,200.0,3
E01002973,100.0,100.0,100.0,100.0,200.0,3
E01002974,100.0,100.0,100.0,100.0,200.0,3
E01002975,100.0,100.0,100.0,100.0,200.0,3
E01002976,100.0,100.0,100.0,100.0,200.0,3
E01002977,100.0,100.0,100.0,100.0,200.0,3
E01002978,100.0,100.0,100.0,100.0,200.0,3
E01002979,100.0,100.0,100.0,100.0,200.0,3
E01002980,100.0,100.0,100.0,100.0,200.0,3
E01002981,100.0,100.0,100.0,100.0,200.0,3
E01002982,100.0,100.0,100.0,100.0,200.0,3
E01002983,100.0,100.0,100.0,100.0,200.0,3
E01002984,100.0,100.0,100.0,100.0,200.0,3
E01002985,100.0,100.0,100.0,100.0,200.0,3
E01002986,100.0,100.0,100.0,100.0,200.0,3
E01002987,100.0,100.0,100.0,100.0,200.0,3
E01002988,100.0,100.0,92.56,100.0,192.56,3
E01002989,100.0,100.0,100.0,100.0,200.0,3
E01002990,100.0,100.0,100.0,100.0,200.0,3
E01002991,100.0,100.0,100.0,100.0,200.0,3
E01002992,100.0,100.0,100.0,100.0,200.0,3
E01002993,100.0,100.0,85.78,100.0,185.78,3
E01002994,100.0,100.0,0.0,100.0,100.0,2
E01002995,100.0,100.0,55.93,100.0,155.93,3
E01002996,100.0,100.0,65.65,100.0,165.65,3
E01002997,100.0,100.0,52.53,100.0,152.53,3
E01002998,100.0,100.0,14.3,100.0,114.3,3
E01002999,100.0,100.0,100.0,100.0,200.0,3
E01003000,100.0,100.0,0.0,100.0,100.0,2
E01003001,100.0,100.0,9.14,100.0,109.14,3
E01003002,100.0,100.0,0.0,100.0,100.0,2
E01003003,100.0,100.0,57.28,100.0,157.28,3
E01003004,100.0,100.0,0.0,100.0,100.0,2
E01003005,100.0,100.0,0.0,100.0,100.0,2
E01003006,100.0,100.0,100.0,100.0,200.0,3
E01003007,100.0,100.0,100.0,100.0,200.0,3
E01003008,100.0,100.0,100.0,100.0,200.0,3
E01003009,100.0,100.0,100.0,100.0,200.0,3
E01003010,100.0,100.0,100.0,100.0,200.0,3
E01003011,100.0,100.0,100.0,100.0,200.0,3
E01003013,100.0,100.0,100.0,100.0,200.0,3
E01003014,100.0,100.0,100.0,100.0,200.0,3
E01003015,100.0,100.0,100.0,100.0,200.0,3
E01003016,100.0,100.0,100.0,100.0,200.0,3
E01003017,100.0,100.0,100.0,100.0,200.0,3
E01003018,100.0,100.0,100.0,100.0,200.0,3
E01003019,100.0,100.0,100.0,100.0,200.0,3
E01003020,100.0,100.0,100.0,100.0,200.0,3
E01003021,100.0,100.0,100.0,100.0,200.0,3
E01003022,100.0,100.0,100.0,100.0,200.0,3
E01003023,100.0,100.0,100.0,100.0,200.0,3
E01003024,100.0,100.0,100.0,100.0,200.0,3
E01003025,100.0,100.0,100.0,100.0,200.0,3
E01003026,100.0,100.0,100.0,100.0,200.0,3
E01003027,100.0,100.0,100.0,100.0,200.0,3
E01003028,100.0,100.0,100.0,100.0,200.0,3
E01003029,100.0,100.0,100.0,100.0,200.0,3
E01003030,100.0,100.0,100.0,100.0,200.0,3
E01003031,100.0,100.0,100.0,100.0,200.0,3
E01003032,100.0,100.0,100.0,100.0,200.0,3
E01003033,100.0,100.0,100.0,100.0,200.0,3
E01003034,100.0,100.0,100.0,100.0,200.0,3
E01003035,100.0,100.0,100.0,100.0,200.0,3
E01003036,100.0,100.0,100.0,100.0,200.0,3
E01003037,100.0,100.0,100.0,100.0,200.0,3
E01003038,100.0,100.0,100.0,100.0,200.0,3
E01003039,100.0,100.0,100.0,100.0,200.0,3
E01003040,100.0,100.0,100.0,100.0,200.0,3
E01003041,100.0,100.0,100.0,100.0,200.0,3
E01003042,100.0,100.0,100.0,100.0,200.0,3
E01003043,100.0,100.0,100.0,100.0,200.0,3
E01003044,100.0,100.0,100.0,100.0,200.0,3
E01003045,100.0,100.0,100.0,100.0,200.0,3
E01003046,100.0,100.0,100.0,100.0,200.0,3
E01003047,100.0,100.0,100.0,100.0,200.0,3
E01003048,100.0,100.0,100.0,100.0,200.0,3
E01003049,100.0,100.0,100.0,100.0,200.0,3
E01003050,100.0,100.0,100.0,100.0,200.0,3
E01003051,100.0,100.0,100.0,100.0,200.0,3
E01003052,100.0,100.0,100.0,100.0,200.0,3
E01003053,100.0,100.0,100.0,100.0,200.0,3
E01003054,100.0,100.0,100.0,100.0,200.0,3
E01003055,100.0,100.0,100.0,100.0,200.0,3
E01003056,100.0,100.0,100.0,100.0,200.0,3
E01003057,100.0,100.0,100.0,100.0,200.0,3
E01003058,100.0,100.0,100.0,100.0,200.0,3
E01003059,100.0,100.0,100.0,100.0,200.0,3
E01003060,100.0,100.0,100.0,100.0,200.0,3
E01003061,100.0,100.0,100.0,100.0,200.0,3
E01003062,100.0,100.0,100.0,100.0,200.0,3
E01003063,100.0,100.0,100.0,100.0,200.0,3
E01003064,100.0,100.0,100.0,100.0,200.0,3
E01003065,100.0,100.0,100.0,100.0,200.0,3
E01003066,100.0,100.0,100.0,100.0,200.0,3
E01003067,100.0,100.0,100.0,100.0,200.0,3
E01003068,100.0,100.0,100.0,100.0,200.0,3
E01003069,100.0,100.0,100.0,100.0,200.0,3
E01003070,100.0,100.0,100.0,100.0,200.0,3
E01003071,100.0,100.0,100.0,100.0,200.0,3
E01003072,100.0,100.0,100.0,100.0,200.0,3
E01003073,100.0,100.0,100.0,100.0,200.0,3
E01003074,100.0,100.0,100.0,100.0,200.0,3
E01003075,100.0,100.0,100.0,100.0,200.0,3
E01003076,100.0,100.0,100.0,100.0,200.0,3
E01003077,100.0,100.0,100.0,100.0,200.0,3
E01003078,100.0,100.0,100.0,100.0,200.0,3
E01003079,100.0,100.0,100.0,100.0,200.0,3
E01003080,100.0,100.0,100.0,100.0,200.0,3
E01003081,100.0,100.0,100.0,100.0,200.0,3
E01003082,100.0,100.0,100.0,100.0,200.0,3
E01003083,100.0,100.0,100.0,100.0,200.0,3
E01003084,100.0,100.0,100.0,100.0,200.0,3
E01003085,100.0,100.0,100.0,100.0,200.0,3
E01003086,100.0,100.0,100.0,100.0,200.0,3
E01003087,100.0,100.0,100.0,100.0,200.0,3
E01003088,100.0,100.0,100.0,100.0,200.0,3
E01003089,100.0,100.0,100.0,100.0,200.0,3
E01003090,100.0,100.0,100.0,100.0,200.0,3
E01003091,100.0,100.0,100.0,100.0,200.0,3
E01003092,100.0,100.0,100.0,100.0,200.0,3
E01003093,100.0,100.0,100.0,100.0,200.0,3
E01003094,100.0,100.0,100.0,100.0,200.0,3
E01003095,100.0,100.0,100.0,100.0,200.0,3
E01003096,100.0,100.0,100.0,100.0,200.0,3
E01003097,100.0,100.0,100.0,100.0,200.0,3
E01003098,100.0,100.0,100.0,100.0,200.0,3
E01003099,100.0,100.0,100.0,100.0,200.0,3
E01003100,100.0,100.0,100.0,100.0,200.0,3
E01003101,100.0,100.0,100.0,100.0,200.0,3
E01003102,100.0,100.0,100.0,100.0,200.0,3
E01003104,100.0,100.0,100.0,100.0,200.0,3
E01003105,100.0,100.0,100.0,100.0,200.0,3
E01003106,100.0,100.0,100.0,100.0,200.0,3
E01003107,100.0,100.0,100.0,100.0,200.0,3
E01003108,100.0,100.0,100.0,100.0,200.0,3
E01003109,100.0,100.0,100.0,100.0,200.0,3
E01003110,100.0,100.0,100.0,100.0,200.0,3
E01003111,100.0,100.0,100.0,100.0,200.0,3
E01003112,100.0,100.0,100.0,100.0,200.0,3
E01003113,100.0,100.0,100.0,100.0,200.0,3
E01003114,100.0,100.0,100.0,100.0,200.0,3
E01003115,100.0,100.0,100.0,100.0,200.0,3
E01003116,100.0,100.0,100.0,100.0,200.0,3
E01003117,100.0,100.0,100.0,100.0,200.0,3
E01003118,100.0,100.0,100.0,100.0,200.0,3
E01003119,100.0,100.0,100.0,100.0,200.0,3
E01003120,100.0,100.0,100.0,100.0,200.0,3
E01003121,100.0,100.0,100.0,100.0,200.0,3
E01003122,100.0,100.0,100.0,100.0,200.0,3
E01003123,100.0,100.0,100.0,100.0,200.0,3
E01003124,100.0,100.0,100.0,100.0,200.0,3
E01003125,100.0,100.0,100.0,100.0,200.0,3
E01003126,100.0,100.0,100.0,100.0,200.0,3
E01003127,100.0,100.0,100.0,100.0,200.0,3
E01003128,100.0,100.0,100.0,100.0,200.0,3
E01003129,100.0,100.0,100.0,100.0,200.0,3
E01003130,100.0,100.0,100.0,100.0,200.0,3
E01003131,100.0,100.0,100.0,100.0,200.0,3
E01003132,100.0,100.0,100.0,100.0,200.0,3
E01003133,100.0,100.0,100.0,100.0,200.0,3
E01003134,100.0,100.0,100.0,100.0,200.0,3
E01003135,100.0,100.0,100.0,100.0,200.0,3
E01003136,100.0,100.0,100.0,100.0,200.0,3
E01003137,100.0,100.0,100.0,100.0,200.0,3
E01003138,100.0,100.0,100.0,100.0,200.0,3
E01003139,100.0,100.0,100.0,100.0,200.0,3
E01003140,100.0,100.0,100.0,100.0,200.0,3
E01003141,100.0,100.0,100.0,100.0,200.0,3
E01003142,100.0,100.0,100.0,100.0,200.0,3
E01003143,100.0,100.0,100.0,100.0,200.0,3
E01003144,100.0,100.0,100.0,100.0,200.0,3
E01003145,100.0,100.0,100.0,100.0,200.0,3
E01003146,100.0,100.0,100.0,100.0,200.0,3
E01003147,100.0,100.0,100.0,100.0,200.0,3
E01003148,100.0,100.0,100.0,100.0,200.0,3
E01003149,100.0,100.0,100.0,100.0,200.0,3
E01003150,100.0,100.0,100.0,100.0,200.0,3
E01003151,100.0,100.0,100.0,100.0,200.0,3
E01003152,100.0,100.0,100.0,100.0,200.0,3
E01003153,100.0,100.0,100.0,100.0,200.0,3
E01003154,100.0,100.0,100.0,100.0,200.0,3
E01003155,100.0,100.0,100.0,100.0,200.0,3
E01003156,100.0,100.0,100.0,100.0,200.0,3
E01003157,100.0,100.0,100.0,100.0,200.0,3
E01003158,100.0,100.0,100.0,100.0,200.0,3
E01003159,100.0,100.0,100.0,100.0,200.0,3
E01003160,100.0,100.0,100.0,100.0,200.0,3
E01003161,100.0,100.0,100.0,100.0,200.0,3
E01003162,100.0,100.0,100.0,100.0,200.0,3
E01003163,100.0,100.0,100.0,100.0,200.0,3
E01003164,100.0,100.0,100.0,100.0,200.0,3
E01003165,100.0,100.0,100.0,100.0,200.0,3
E01003166,100.0,100.0,100.0,100.0,200.0,3
E01003167,100.0,100.0,100.0,100.0,200.0,3
E01003168,100.0,100.0,100.0,100.0,200.0,3
E01003169,100.0,100.0,100.0,100.0,200.0,3
E01003170,100.0,100.0,100.0,100.0,200.0,3
E01003171,100.0,100.0,100.0,100.0,200.0,3
E01003172,100.0,100.0,100.0,100.0,200.0,3
E01003173,100.0,100.0,100.0,100.0,200.0,3
E01003174,100.0,100.0,100.0,100.0,200.0,3
E01003175,100.0,100.0,100.0,100.0,200.0,3
E01003176,100.0,100.0,100.0,100.0,200.0,3
E01003177,100.0,100.0,100.0,100.0,200.0,3
E01003178,100.0,100.0,100.0,100.0,200.0,3
E01003179,100.0,100.0,100.0,100.0,200.0,3
E01003180,100.0,100.0,100.0,100.0,200.0,3
E01003181,100.0,100.0,100.0,100.0,200.0,3
E01003182,100.0,100.0,100.0,100.0,200.0,3
E01003183,100.0,100.0,100.0,100.0,200.0,3
E01003184,100.0,100.0,100.0,100.0,200.0,3
E01003185,100.0,100.0,100.0,100.0,200.0,3
E01003186,100.0,100.0,100.0,100.0,200.0,3
E01003187,100.0,100.0,100.0,100.0,200.0,3
E01003188,100.0,100.0,100.0,100.0,200.0,3
E01003189,100.0,100.0,100.0,100.0,200.0,3
E01003190,100.0,100.0,100.0,100.0,200.0,3
E01003191,100.0,100.0,100.0,100.0,200.0,3
E01003192,100.0,100.0,100.0,100.0,200.0,3
E01003193,100.0,100.0,100.0,100.0,200.0,3
E01003194,100.0,100.0,100.0,100.0,200.0,3
E01003195,100.0,100.0,100.0,100.0,200.0,3
E01003196,100.0,100.0,100.0,100.0,200.0,3
E01003197,100.0,100.0,100.0,100.0,200.0,3
E01003198,100.0,100.0,100.0,100.0,200.0,3
E01003199,100.0,100.0,100.0,100.0,200.0,3
E01003200,100.0,100.0,100.0,100.0,200.0,3
E01003201,100.0,100.0,100.0,100.0,200.0,3
E01003202,100.0,100.0,100.0,100.0,200.0,3
E01003203,100.0,100.0,100.0,100.0,200.0,3
E01003204,100.0,100.0,100.0,100.0,200.0,3
E01003205,100.0,100.0,100.0,100.0,200.0,3
E01003206,100.0,100.0,100.0,100.0,200.0,3
E01003207,100.0,100.0,100.0,100.0,200.0,3
E01003209,100.0,100.0,100.0,100.0,200.0,3
E01003210,100.0,100.0,100.0,100.0,200.0,3
E01003211,100.0,100.0,100.0,100.0,200.0,3
E01003212,100.0,100.0,100.0,100.0,200.0,3
E01003213,100.0,100.0,100.0,100.0,200.0,3
E01003214,100.0,100.0,100.0,100.0,200.0,3
E01003215,100.0,100.0,100.0,100.0,200.0,3
E01003216,100.0,100.0,100.0,100.0,200.0,3
E01003217,100.0,100.0,100.0,100.0,200.0,3
E01003218,100.0,100.0,100.0,100.0,200.0,3
E01003219,100.0,100.0,100.0,100.0,200.0,3
E01003220,100.0,100.0,100.0,100.0,200.0,3
E01003221,100.0,100.0,100.0,100.0,200.0,3
E01003222,100.0,100.0,100.0,100.0,200.0,3
E01003223,100.0,100.0,100.0,100.0,200.0,3
E01003224,100.0,100.0,100.0,100.0,200.0,3
E01003225,100.0,100.0,100.0,100.0,200.0,3
E01003226,100.0,100.0,100.0,100.0,200.0,3
E01003227,100.0,100.0,100.0,100.0,200.0,3
E01003228,100.0,100.0,100.0,100.0,200.0,3
E01003229,100.0,100.0,100.0,100.0,200.0,3
E01003230,100.0,100.0,100.0,100.0,200.0,3
E01003231,100.0,100.0,100.0,100.0,200.0,3
E01003232,100.0,100.0,100.0,100.0,200.0,3
E01003233,100.0,100.0,100.0,100.0,200.0,3
E01003235,100.0,100.0,100.0,100.0,200.0,3
E01003236,100.0,100.0,100.0,100.0,200.0,3
E01003237,100.0,100.0,100.0,100.0,200.0,3
E01003238,100.0,100.0,100.0,100.0,200.0,3
E01003239,100.0,100.0,100.0,100.0,200.0,3
E01003240,100.0,100.0,100.0,100.0,200.0,3
E01003241,100.0,100.0,100.0,100.0,200.0,3
E01003243,100.0,100.0,100.0,100.0,200.0,3
E01003244,100.0,100.0,100.0,100.0,200.0,3
E01003245,100.0,100.0,100.0,100.0,200.0,3
E01003246,100.0,100.0,100.0,100.0,200.0,3
E01003247,100.0,100.0,100.0,100.0,200.0,3
E01003248,100.0,100.0,100.0,100.0,200.0,3
E01003249,100.0,100.0,100.0,100.0,200.0,3
E01003250,100.0,100.0,100.0,100.0,200.0,3
E01003251,100.0,100.0,100.0,100.0,200.0,3
E01003252,100.0,100.0,100.0,100.0,200.0,3
E01003253,100.0,100.0,100.0,100.0,200.0,3
E01003254,100.0,100.0,100.0,100.0,200.0,3
E01003255,100.0,100.0,100.0,100.0,200.0,3
E01003256,100.0,100.0,100.0,100.0,200.0,3
E01003257,100.0,100.0,100.0,100.0,200.0,3
E01003258,100.0,100.0,100.0,100.0,200.0,3
E01003259,100.0,100.0,100.0,100.0,200.0,3
E01003260,100.0,100.0,100.0,100.0,200.0,3
E01003261,100.0,100.0,100.0,100.0,200.0,3
E01003262,100.0,100.0,100.0,100.0,200.0,3
E01003263,100.0,100.0,100.0,100.0,200.0,3
E01003264,100.0,100.0,100.0,100.0,200.0,3
E01003265,100.0,100.0,100.0,100.0,200.0,3
E01003266,100.0,100.0,100.0,100.0,200.0,3
E01003267,100.0,100.0,100.0,100.0,200.0,3
E01003268,100.0,100.0,100.0,100.0,200.0,3
E01003269,100.0,100.0,100.0,100.0,200.0,3
E01003270,100.0,100.0,100.0,100.0,200.0,3
E01003271,100.0,100.0,100.0,100.0,200.0,3
E01003272,100.0,100.0,100.0,100.0,200.0,3
E01003273,100.0,100.0,100.0,100.0,200.0,3
E01003274,100.0,100.0,100.0,100.0,200.0,3
E01003275,100.0,100.0,100.0,100.0,200.0,3
E01003276,100.0,100.0,100.0,100.0,200.0,3
E01003277,100.0,100.0,100.0,100.0,200.0,3
E01003278,100.0,100.0,100.0,100.0,200.0,3
E01003279,100.0,100.0,100.0,100.0,200.0,3
E01003280,100.0,100.0,100.0,100.0,200.0,3
E01003281,100.0,100.0,100.0,100.0,200.0,3
E01003282,100.0,100.0,100.0,100.0,200.0,3
E01003283,100.0,100.0,100.0,100.0,200.0,3
E01003284,100.0,100.0,100.0,100.0,200.0,3
E01003285,100.0,100.0,100.0,100.0,200.0,3
E01003286,100.0,100.0,100.0,100.0,200.0,3
E01003287,100.0,100.0,100.0,100.0,200.0,3
E01003288,100.0,100.0,100.0,100.0,200.0,3
E01003290,100.0,100.0,100.0,100.0,200.0,3
E01003291,100.0,100.0,100.0,100.0,200.0,3
E01003292,100.0,100.0,100.0,100.0,200.0,3
E01003293,100.0,100.0,100.0,100.0,200.0,3
E01003295,100.0,100.0,100.0,100.0,200.0,3
E01003296,100.0,100.0,100.0,100.0,200.0,3
E01003297,100.0,100.0,100.0,100.0,200.0,3
E01003298,100.0,100.0,100.0,100.0,200.0,3
E01003299,100.0,100.0,100.0,100.0,200.0,3
E01003300,100.0,100.0,100.0,100.0,200.0,3
E01003301,100.0,100.0,100.0,100.0,200.0,3
E01003302,100.0,100.0,100.0,100.0,200.0,3
E01003303,100.0,100.0,100.0,100.0,200.0,3
E01003304,100.0,100.0,100.0,100.0,200.0,3
E01003305,100.0,100.0,100.0,100.0,200.0,3
E01003307,100.0,100.0,100.0,100.0,200.0,3
E01003308,100.0,100.0,100.0,100.0,200.0,3
E01003309,100.0,100.0,100.0,100.0,200.0,3
E01003310,100.0,100.0,100.0,100.0,200.0,3
E01003311,100.0,100.0,100.0,100.0,200.0,3
E01003312,100.0,100.0,100.0,100.0,200.0,3
E01003313,100.0,100.0,100.0,100.0,200.0,3
E01003314,100.0,100.0,100.0,100.0,200.0,3
E01003315,100.0,100.0,100.0,100.0,200.0,3
E01003316,100.0,100.0,100.0,100.0,200.0,3
E01003317,100.0,100.0,100.0,100.0,200.0,3
E01003318,100.0,100.0,100.0,100.0,200.0,3
E01003319,100.0,100.0,100.0,100.0,200.0,3
E01003320,100.0,100.0,100.0,100.0,200.0,3
E01003321,100.0,100.0,100.0,100.0,200.0,3
E01003322,100.0,100.0,100.0,100.0,200.0,3
E01003323,100.0,100.0,100.0,100.0,200.0,3
E01003324,100.0,100.0,100.0,100.0,200.0,3
E01003325,100.0,100.0,100.0,100.0,200.0,3
E01003326,100.0,100.0,100.0,100.0,200.0,3
E01003327,100.0,100.0,100.0,100.0,200.0,3
E01003328,100.0,100.0,100.0,100.0,200.0,3
E01003329,100.0,100.0,100.0,100.0,200.0,3
E01003330,100.0,100.0,100.0,100.0,200.0,3
E01003331,100.0,100.0,100.0,100.0,200.0,3
E01003332,100.0,100.0,100.0,100.0,200.0,3
E01003333,100.0,100.0,100.0,100.0,200.0,3
E01003334,100.0,100.0,100.0,100.0,200.0,3
E01003335,100.0,100.0,100.0,100.0,200.0,3
E01003336,100.0,100.0,100.0,100.0,200.0,3
E01003337,100.0,100.0,100.0,100.0,200.0,3
E01003338,100.0,100.0,100.0,100.0,200.0,3
E01003339,100.0,100.0,100.0,100.0,200.0,3
E01003340,100.0,100.0,100.0,100.0,200.0,3
E01003341,100.0,100.0,100.0,100.0,200.0,3
E01003342,100.0,100.0,100.0,100.0,200.0,3
E01003343,100.0,100.0,100.0,100.0,200.0,3
E01003344,100.0,100.0,100.0,100.0,200.0,3
E01003345,100.0,100.0,100.0,100.0,200.0,3
E01003346,100.0,100.0,100.0,100.0,200.0,3
E01003347,100.0,100.0,100.0,100.0,200.0,3
E01003348,100.0,100.0,100.0,100.0,200.0,3
E01003349,100.0,100.0,100.0,100.0,200.0,3
E01003350,100.0,100.0,100.0,100.0,200.0,3
E01003351,100.0,100.0,100.0,100.0,200.0,3
E01003352,100.0,100.0,100.0,100.0,200.0,3
E01003353,100.0,100.0,100.0,100.0,200.0,3
E01003354,100.0,100.0,100.0,100.0,200.0,3
E01003355,100.0,100.0,100.0,100.0,200.0,3
E01003356,100.0,100.0,100.0,100.0,200.0,3
E01003357,100.0,100.0,100.0,100.0,200.0,3
E01003358,100.0,100.0,100.0,100.0,200.0,3
E01003359,100.0,100.0,100.0,100.0,200.0,3
E01003360,100.0,100.0,100.0,100.0,200.0,3
E01003361,100.0,100.0,100.0,100.0,200.0,3
E01003362,100.0,100.0,100.0,100.0,200.0,3
E01003363,100.0,100.0,100.0,100.0,200.0,3
E01003364,100.0,100.0,100.0,100.0,200.0,3
E01003365,100.0,100.0,100.0,100.0,200.0,3
E01003366,100.0,100.0,100.0,100.0,200.0,3
E01003367,100.0,100.0,100.0,100.0,200.0,3
E01003368,100.0,100.0,100.0,100.0,200.0,3
E01003369,100.0,100.0,100.0,100.0,200.0,3
E01003370,100.0,100.0,100.0,100.0,200.0,3
E01003371,100.0,100.0,100.0,100.0,200.0,3
E01003372,100.0,100.0,100.0,100.0,200.0,3
E01003373,100.0,100.0,100.0,100.0,200.0,3
E01003374,100.0,100.0,100.0,100.0,200.0,3
E01003375,100.0,100.0,100.0,100.0,200.0,3
E01003376,100.0,100.0,100.0,100.0,200.0,3
E01003377,100.0,100.0,100.0,100.0,200.0,3
E01003378,100.0,100.0,100.0,100.0,200.0,3
E01003379,100.0,100.0,100.0,100.0,200.0,3
E01003380,100.0,100.0,100.0,100.0,200.0,3
E01003381,100.0,100.0,100.0,100.0,200.0,3
E01003382,100.0,100.0,100.0,100.0,200.0,3
E01003383,100.0,100.0,100.0,100.0,200.0,3
E01003384,100.0,100.0,100.0,100.0,200.0,3
E01003385,100.0,100.0,100.0,100.0,200.0,3
E01003386,100.0,100.0,100.0,100.0,200.0,3
E01003387,100.0,100.0,100.0,100.0,200.0,3
E01003388,100.0,100.0,100.0,100.0,200.0,3
E01003389,100.0,100.0,100.0,100.0,200.0,3
E01003390,100.0,100.0,100.0,100.0,200.0,3
E01003391,100.0,100.0,100.0,100.0,200.0,3
E01003392,100.0,100.0,100.0,100.0,200.0,3
E01003393,100.0,100.0,100.0,100.0,200.0,3
E01003394,100.0,100.0,100.0,100.0,200.0,3
E01003395,100.0,100.0,100.0,100.0,200.0,3
E01003396,100.0,100.0,100.0,100.0,200.0,3
E01003397,100.0,100.0,100.0,100.0,200.0,3
E01003398,100.0,100.0,100.0,100.0,200.0,3
E01003399,100.0,100.0,100.0,100.0,200.0,3
E01003400,100.0,100.0,100.0,100.0,200.0,3
E01003401,100.0,100.0,100.0,100.0,200.0,3
E01003402,100.0,100.0,100.0,100.0,200.0,3
E01003403,100.0,100.0,100.0,100.0,200.0,3
E01003404,100.0,100.0,100.0,100.0,200.0,3
E01003405,100.0,100.0,100.0,100.0,200.0,3
E01003406,100.0,100.0,100.0,100.0,200.0,3
E01003407,100.0,100.0,100.0,100.0,200.0,3
E01003408,100.0,100.0,100.0,100.0,200.0,3
E01003409,100.0,100.0,100.0,100.0,200.0,3
E01003410,100.0,100.0,100.0,100.0,200.0,3
E01003411,100.0,100.0,100.0,100.0,200.0,3
E01003412,100.0,100.0,100.0,100.0,200.0,3
E01003413,100.0,100.0,100.0,100.0,200.0,3
E01003414,100.0,100.0,100.0,100.0,200.0,3
E01003415,100.0,100.0,100.0,100.0,200.0,3
E01003416,100.0,100.0,100.0,100.0,200.0,3
E01003417,100.0,100.0,100.0,100.0,200.0,3
E01003418,100.0,100.0,100.0,100.0,200.0,3
E01003419,100.0,100.0,100.0,100.0,200.0,3
E01003420,100.0,100.0,100.0,100.0,200.0,3
E01003421,100.0,100.0,100.0,100.0,200.0,3
E01003422,100.0,100.0,100.0,100.0,200.0,3
E01003423,100.0,100.0,100.0,100.0,200.0,3
E01003424,100.0,100.0,100.0,100.0,200.0,3
E01003425,100.0,100.0,100.0,100.0,200.0,3
E01003426,100.0,100.0,100.0,100.0,200.0,3
E01003427,100.0,100.0,100.0,100.0,200.0,3
E01003428,100.0,100.0,100.0,100.0,200.0,3
E01003429,100.0,100.0,100.0,100.0,200.0,3
E01003430,100.0,100.0,100.0,100.0,200.0,3
E01003431,100.0,100.0,100.0,100.0,200.0,3
E01003432,100.0,100.0,100.0,100.0,200.0,3
E01003433,100.0,100.0,100.0,100.0,200.0,3
E01003434,100.0,100.0,100.0,100.0,200.0,3
E01003435,100.0,100.0,100.0,100.0,200.0,3
E01003436,100.0,100.0,100.0,100.0,200.0,3
E01003437,100.0,100.0,100.0,100.0,200.0,3
E01003438,100.0,100.0,100.0,100.0,200.0,3
E01003439,100.0,100.0,100.0,100.0,200.0,3
E01003440,100.0,100.0,100.0,100.0,200.0,3
E01003441,100.0,100.0,100.0,100.0,200.0,3
E01003442,100.0,100.0,100.0,100.0,200.0,3
E01003443,100.0,100.0,100.0,100.0,200.0,3
E01003444,100.0,100.0,100.0,100.0,200.0,3
E01003445,100.0,100.0,100.0,100.0,200.0,3
E01003446,100.0,100.0,100.0,100.0,200.0,3
E01003447,100.0,100.0,100.0,100.0,200.0,3
E01003448,100.0,100.0,100.0,100.0,200.0,3
E01003449,100.0,100.0,100.0,100.0,200.0,3
E01003450,100.0,100.0,100.0,100.0,200.0,3
E01003451,100.0,100.0,100.0,100.0,200.0,3
E01003452,100.0,100.0,100.0,100.0,200.0,3
E01003453,100.0,100.0,100.0,100.0,200.0,3
E01003454,100.0,100.0,100.0,100.0,200.0,3
E01003455,100.0,100.0,100.0,100.0,200.0,3
E01003456,100.0,100.0,100.0,100.0,200.0,3
E01003457,100.0,100.0,100.0,100.0,200.0,3
E01003458,100.0,100.0,100.0,100.0,200.0,3
E01003459,100.0,100.0,100.0,100.0,200.0,3
E01003460,100.0,100.0,100.0,100.0,200.0,3
E01003461,100.0,100.0,100.0,100.0,200.0,3
E01003462,100.0,100.0,100.0,100.0,200.0,3
E01003463,100.0,100.0,100.0,100.0,200.0,3
E01003464,100.0,100.0,100.0,100.0,200.0,3
E01003465,100.0,100.0,100.0,100.0,200.0,3
E01003466,100.0,100.0,100.0,100.0,200.0,3
E01003467,100.0,100.0,100.0,100.0,200.0,3
E01003468,100.0,100.0,100.0,100.0,200.0,3
E01003469,100.0,100.0,100.0,100.0,200.0,3
E01003470,100.0,100.0,100.0,100.0,200.0,3
E01003471,100.0,100.0,100.0,100.0,200.0,3
E01003472,100.0,100.0,100.0,100.0,200.0,3
E01003473,100.0,100.0,100.0,100.0,200.0,3
E01003474,100.0,100.0,100.0,100.0,200.0,3
E01003475,100.0,100.0,100.0,100.0,200.0,3
E01003476,100.0,100.0,100.0,100.0,200.0,3
E01003477,100.0,100.0,100.0,100.0,200.0,3
E01003478,100.0,100.0,100.0,100.0,200.0,3
E01003479,100.0,100.0,100.0,100.0,200.0,3
E01003480,100.0,100.0,100.0,100.0,200.0,3
E01003481,100.0,100.0,100.0,100.0,200.0,3
E01003482,100.0,100.0,100.0,100.0,200.0,3
E01003483,100.0,100.0,100.0,100.0,200.0,3
E01003484,100.0,100.0,100.0,100.0,200.0,3
E01003485,100.0,100.0,100.0,100.0,200.0,3
E01003486,100.0,100.0,100.0,100.0,200.0,3
E01003487,100.0,100.0,100.0,100.0,200.0,3
E01003488,100.0,100.0,100.0,100.0,200.0,3
E01003489,100.0,100.0,100.0,100.0,200.0,3
E01003490,100.0,100.0,100.0,100.0,200.0,3
E01003491,100.0,100.0,100.0,100.0,200.0,3
E01003492,100.0,100.0,100.0,100.0,200.0,3
E01003493,100.0,100.0,100.0,100.0,200.0,3
E01003494,100.0,100.0,100.0,100.0,200.0,3
E01003495,100.0,100.0,100.0,100.0,200.0,3
E01003496,100.0,100.0,100.0,100.0,200.0,3
E01003497,100.0,100.0,100.0,100.0,200.0,3
E01003498,100.0,100.0,100.0,100.0,200.0,3
E01003499,100.0,100.0,100.0,100.0,200.0,3
E01003500,100.0,100.0,100.0,100.0,200.0,3
E01003501,100.0,100.0,100.0,100.0,200.0,3
E01003502,100.0,100.0,100.0,100.0,200.0,3
E01003503,100.0,100.0,100.0,100.0,200.0,3
E01003506,100.0,100.0,100.0,100.0,200.0,3
E01003507,100.0,100.0,100.0,100.0,200.0,3
E01003508,100.0,100.0,100.0,100.0,200.0,3
E01003509,100.0,100.0,100.0,100.0,200.0,3
E01003511,100.0,100.0,100.0,100.0,200.0,3
E01003512,100.0,100.0,100.0,100.0,200.0,3
E01003513,100.0,100.0,100.0,100.0,200.0,3
E01003514,100.0,100.0,100.0,100.0,200.0,3
E01003515,100.0,100.0,100.0,100.0,200.0,3
E01003516,100.0,100.0,100.0,100.0,200.0,3
E01003517,100.0,100.0,100.0,100.0,200.0,3
E01003518,100.0,100.0,100.0,100.0,200.0,3
E01003519,100.0,100.0,100.0,100.0,200.0,3
E01003520,100.0,100.0,100.0,100.0,200.0,3
E01003521,100.0,100.0,100.0,100.0,200.0,3
E01003522,100.0,100.0,100.0,100.0,200.0,3
E01003523,100.0,100.0,100.0,100.0,200.0,3
E01003524,100.0,100.0,100.0,100.0,200.0,3
E01003525,100.0,100.0,100.0,100.0,200.0,3
E01003526,100.0,100.0,100.0,100.0,200.0,3
E01003527,100.0,100.0,100.0,100.0,200.0,3
E01003528,100.0,100.0,100.0,100.0,200.0,3
E01003529,100.0,100.0,100.0,100.0,200.0,3
E01003530,100.0,100.0,100.0,100.0,200.0,3
E01003531,100.0,100.0,100.0,100.0,200.0,3
E01003532,100.0,100.0,100.0,100.0,200.0,3
E01003533,100.0,100.0,100.0,100.0,200.0,3
E01003534,100.0,100.0,100.0,100.0,200.0,3
E01003535,100.0,100.0,100.0,100.0,200.0,3
E01003536,100.0,100.0,100.0,100.0,200.0,3
E01003537,100.0,100.0,100.0,100.0,200.0,3
E01003538,100.0,100.0,100.0,100.0,200.0,3
E01003539,100.0,100.0,100.0,100.0,200.0,3
E01003540,100.0,100.0,100.0,100.0,200.0,3
E01003541,100.0,100.0,100.0,100.0,200.0,3
E01003542,100.0,100.0,100.0,100.0,200.0,3
E01003543,100.0,100.0,100.0,100.0,200.0,3
E01003544,100.0,100.0,100.0,100.0,200.0,3
E01003545,100.0,100.0,100.0,100.0,200.0,3
E01003546,100.0,100.0,100.0,100.0,200.0,3
E01003547,100.0,100.0,100.0,100.0,200.0,3
E01003548,100.0,100.0,100.0,100.0,200.0,3
E01003549,100.0,100.0,100.0,100.0,200.0,3
E01003550,100.0,100.0,100.0,100.0,200.0,3
E01003551,100.0,100.0,100.0,100.0,200.0,3
E01003552,100.0,100.0,100.0,100.0,200.0,3
E01003553,100.0,100.0,100.0,100.0,200.0,3
E01003554,100.0,100.0,100.0,100.0,200.0,3
E01003555,100.0,100.0,100.0,100.0,200.0,3
E01003556,100.0,100.0,100.0,100.0,200.0,3
E01003557,100.0,100.0,100.0,100.0,200.0,3
E01003558,100.0,100.0,100.0,100.0,200.0,3
E01003559,100.0,100.0,100.0,100.0,200.0,3
E01003560,100.0,100.0,100.0,100.0,200.0,3
E01003561,100.0,100.0,100.0,100.0,200.0,3
E01003562,100.0,100.0,100.0,100.0,200.0,3
E01003563,100.0,100.0,100.0,100.0,200.0,3
E01003564,100.0,100.0,100.0,100.0,200.0,3
E01003565,100.0,100.0,100.0,100.0,200.0,3
E01003566,100.0,100.0,100.0,100.0,200.0,3
E01003567,100.0,100.0,100.0,100.0,200.0,3
E01003568,100.0,100.0,100.0,100.0,200.0,3
E01003569,100.0,100.0,100.0,100.0,200.0,3
E01003570,100.0,100.0,100.0,100.0,200.0,3
E01003571,100.0,100.0,100.0,100.0,200.0,3
E01003572,100.0,100.0,100.0,100.0,200.0,3
E01003573,100.0,100.0,100.0,100.0,200.0,3
E01003574,100.0,100.0,100.0,100.0,200.0,3
E01003575,100.0,100.0,100.0,100.0,200.0,3
E01003576,100.0,100.0,100.0,100.0,200.0,3
E01003577,100.0,100.0,100.0,100.0,200.0,3
E01003578,100.0,100.0,100.0,100.0,200.0,3
E01003579,100.0,100.0,100.0,100.0,200.0,3
E01003580,100.0,100.0,100.0,100.0,200.0,3
E01003581,100.0,100.0,100.0,100.0,200.0,3
E01003582,100.0,100.0,100.0,100.0,200.0,3
E01003583,100.0,100.0,100.0,100.0,200.0,3
E01003584,100.0,100.0,100.0,100.0,200.0,3
E01003585,100.0,100.0,100.0,100.0,200.0,3
E01003586,100.0,100.0,100.0,100.0,200.0,3
E01003587,100.0,100.0,100.0,100.0,200.0,3
E01003588,100.0,100.0,100.0,100.0,200.0,3
E01003589,100.0,100.0,100.0,100.0,200.0,3
E01003590,100.0,100.0,100.0,100.0,200.0,3
E01003591,100.0,100.0,100.0,100.0,200.0,3
E01003592,100.0,100.0,100.0,100.0,200.0,3
E01003593,100.0,100.0,100.0,100.0,200.0,3
E01003594,100.0,100.0,100.0,100.0,200.0,3
E01003595,100.0,100.0,100.0,100.0,200.0,3
E01003596,100.0,100.0,100.0,100.0,200.0,3
E01003597,100.0,100.0,100.0,100.0,200.0,3
E01003598,100.0,100.0,100.0,100.0,200.0,3
E01003599,100.0,100.0,100.0,100.0,200.0,3
E01003600,100.0,100.0,100.0,100.0,200.0,3
E01003601,100.0,100.0,100.0,100.0,200.0,3
E01003602,100.0,100.0,100.0,100.0,200.0,3
E01003603,100.0,100.0,100.0,100.0,200.0,3
E01003604,100.0,100.0,100.0,100.0,200.0,3
E01003605,100.0,100.0,100.0,100.0,200.0,3
E01003606,100.0,100.0,100.0,100.0,200.0,3
E01003607,100.0,100.0,100.0,100.0,200.0,3
E01003608,100.0,100.0,100.0,100.0,200.0,3
E01003609,100.0,100.0,100.0,100.0,200.0,3
E01003611,100.0,100.0,100.0,100.0,200.0,3
E01003615,100.0,100.0,100.0,100.0,200.0,3
E01003616,100.0,100.0,100.0,100.0,200.0,3
E01003617,100.0,100.0,100.0,100.0,200.0,3
E01003618,100.0,100.0,100.0,100.0,200.0,3
E01003619,100.0,100.0,100.0,100.0,200.0,3
E01003621,100.0,100.0,100.0,100.0,200.0,3
E01003622,100.0,100.0,100.0,100.0,200.0,3
E01003623,100.0,100.0,100.0,100.0,200.0,3
E01003624,100.0,100.0,100.0,100.0,200.0,3
E01003625,100.0,100.0,100.0,100.0,200.0,3
E01003626,100.0,100.0,100.0,100.0,200.0,3
E01003627,100.0,100.0,100.0,100.0,200.0,3
E01003628,100.0,100.0,100.0,100.0,200.0,3
E01003629,100.0,100.0,100.0,100.0,200.0,3
E01003630,100.0,100.0,100.0,100.0,200.0,3
E01003631,100.0,100.0,100.0,100.0,200.0,3
E01003632,100.0,100.0,100.0,100.0,200.0,3
E01003633,100.0,100.0,100.0,100.0,200.0,3
E01003634,100.0,100.0,100.0,100.0,200.0,3
E01003635,100.0,100.0,100.0,100.0,200.0,3
E01003636,100.0,100.0,100.0,100.0,200.0,3
E01003637,100.0,100.0,100.0,100.0,200.0,3
E01003638,100.0,100.0,100.0,100.0,200.0,3
E01003639,100.0,100.0,100.0,100.0,200.0,3
E01003640,100.0,100.0,100.0,100.0,200.0,3
E01003641,100.0,100.0,100.0,100.0,200.0,3
E01003642,100.0,100.0,100.0,100.0,200.0,3
E01003643,100.0,100.0,100.0,100.0,200.0,3
E01003644,100.0,100.0,100.0,100.0,200.0,3
E01003645,100.0,100.0,100.0,100.0,200.0,3
E01003646,100.0,100.0,100.0,100.0,200.0,3
E01003647,100.0,100.0,100.0,100.0,200.0,3
E01003648,100.0,100.0,100.0,100.0,200.0,3
E01003649,100.0,100.0,100.0,100.0,200.0,3
E01003650,100.0,100.0,100.0,100.0,200.0,3
E01003651,100.0,100.0,100.0,100.0,200.0,3
E01003652,100.0,100.0,100.0,100.0,200.0,3
E01003653,100.0,100.0,100.0,100.0,200.0,3
E01003654,100.0,100.0,100.0,100.0,200.0,3
E01003655,100.0,100.0,100.0,100.0,200.0,3
E01003656,100.0,100.0,100.0,100.0,200.0,3
E01003657,100.0,100.0,100.0,100.0,200.0,3
E01003658,100.0,100.0,100.0,100.0,200.0,3
E01003659,100.0,100.0,100.0,100.0,200.0,3
E01003660,100.0,100.0,100.0,100.0,200.0,3
E01003661,100.0,100.0,100.0,100.0,200.0,3
E01003662,100.0,100.0,100.0,100.0,200.0,3
E01003663,100.0,100.0,100.0,100.0,200.0,3
E01003664,100.0,100.0,100.0,100.0,200.0,3
E01003665,100.0,100.0,100.0,100.0,200.0,3
E01003666,100.0,100.0,100.0,100.0,200.0,3
E01003668,100.0,100.0,100.0,100.0,200.0,3
E01003669,100.0,100.0,100.0,100.0,200.0,3
E01003670,100.0,100.0,100.0,100.0,200.0,3
E01003671,100.0,100.0,100.0,100.0,200.0,3
E01003672,100.0,100.0,100.0,100.0,200.0,3
E01003673,100.0,100.0,100.0,100.0,200.0,3
E01003674,100.0,100.0,100.0,100.0,200.0,3
E01003675,100.0,100.0,100.0,100.0,200.0,3
E01003676,100.0,100.0,100.0,100.0,200.0,3
E01003677,100.0,100.0,100.0,100.0,200.0,3
E01003678,100.0,100.0,100.0,100.0,200.0,3
E01003679,100.0,100.0,100.0,100.0,200.0,3
E01003680,100.0,100.0,100.0,100.0,200.0,3
E01003681,100.0,100.0,100.0,100.0,200.0,3
E01003682,100.0,100.0,100.0,100.0,200.0,3
E01003683,100.0,100.0,100.0,100.0,200.0,3
E01003684,100.0,100.0,100.0,100.0,200.0,3
E01003685,100.0,100.0,100.0,100.0,200.0,3
E01003686,100.0,100.0,100.0,100.0,200.0,3
E01003688,100.0,100.0,100.0,100.0,200.0,3
E01003689,100.0,100.0,100.0,100.0,200.0,3
E01003690,100.0,100.0,100.0,100.0,200.0,3
E01003691,100.0,100.0,100.0,100.0,200.0,3
E01003692,100.0,100.0,100.0,100.0,200.0,3
E01003693,100.0,100.0,100.0,100.0,200.0,3
E01003694,100.0,100.0,100.0,100.0,200.0,3
E01003695,100.0,100.0,100.0,100.0,200.0,3
E01003696,100.0,100.0,100.0,100.0,200.0,3
E01003697,100.0,100.0,100.0,100.0,200.0,3
E01003698,100.0,100.0,100.0,100.0,200.0,3
E01003699,100.0,100.0,100.0,100.0,200.0,3
E01003700,100.0,100.0,100.0,100.0,200.0,3
E01003701,100.0,100.0,100.0,100.0,200.0,3
E01003702,100.0,100.0,100.0,100.0,200.0,3
E01003703,100.0,100.0,100.0,100.0,200.0,3
E01003704,100.0,100.0,100.0,100.0,200.0,3
E01003705,100.0,100.0,100.0,100.0,200.0,3
E01003706,100.0,100.0,100.0,100.0,200.0,3
E01003707,100.0,100.0,100.0,100.0,200.0,3
E01003708,100.0,100.0,100.0,100.0,200.0,3
E01003709,100.0,100.0,100.0,100.0,200.0,3
E01003710,100.0,100.0,100.0,100.0,200.0,3
E01003711,100.0,100.0,100.0,100.0,200.0,3
E01003712,100.0,100.0,100.0,100.0,200.0,3
E01003713,100.0,100.0,100.0,100.0,200.0,3
E01003714,100.0,100.0,100.0,100.0,200.0,3
E01003715,100.0,100.0,100.0,100.0,200.0,3
E01003716,100.0,100.0,100.0,100.0,200.0,3
E01003718,100.0,100.0,100.0,100.0,200.0,3
E01003719,100.0,100.0,100.0,100.0,200.0,3
E01003720,100.0,100.0,100.0,100.0,200.0,3
E01003721,100.0,100.0,100.0,100.0,200.0,3
E01003722,100.0,100.0,100.0,100.0,200.0,3
E01003723,100.0,100.0,100.0,100.0,200.0,3
E01003724,100.0,100.0,100.0,100.0,200.0,3
E01003725,100.0,100.0,100.0,100.0,200.0,3
E01003726,100.0,99.68,85.85,100.0,185.53,3
E01003727,100.0,100.0,100.0,100.0,200.0,3
E01003728,100.0,100.0,100.0,100.0,200.0,3
E01003729,100.0,100.0,100.0,100.0,200.0,3
E01003730,100.0,100.0,100.0,100.0,200.0,3
E01003731,100.0,100.0,100.0,100.0,200.0,3
E01003732,100.0,100.0,100.0,100.0,200.0,3
E01003733,100.0,100.0,100.0,100.0,200.0,3
E01003734,100.0,100.0,100.0,100.0,200.0,3
E01003735,100.0,100.0,100.0,100.0,200.0,3
E01003736,100.0,100.0,100.0,100.0,200.0,3
E01003737,100.0,100.0,100.0,100.0,200.0,3
E01003738,100.0,100.0,100.0,100.0,200.0,3
E01003739,100.0,100.0,100.0,100.0,200.0,3
E01003740,100.0,100.0,100.0,100.0,200.0,3
E01003741,100.0,100.0,100.0,100.0,200.0,3
E01003742,100.0,100.0,100.0,100.0,200.0,3
E01003743,100.0,100.0,100.0,100.0,200.0,3
E01003744,100.0,100.0,100.0,100.0,200.0,3
E01003745,100.0,100.0,100.0,100.0,200.0,3
E01003746,100.0,100.0,100.0,100.0,200.0,3
E01003747,100.0,100.0,100.0,100.0,200.0,3
E01003748,100.0,100.0,100.0,100.0,200.0,3
E01003749,100.0,100.0,100.0,100.0,200.0,3
E01003750,100.0,100.0,100.0,100.0,200.0,3
E01003751,100.0,100.0,100.0,100.0,200.0,3
E01003752,100.0,100.0,100.0,100.0,200.0,3
E01003753,100.0,100.0,100.0,100.0,200.0,3
E01003754,100.0,100.0,100.0,100.0,200.0,3
E01003755,100.0,100.0,100.0,100.0,200.0,3
E01003756,100.0,100.0,100.0,100.0,200.0,3
E01003757,100.0,100.0,100.0,100.0,200.0,3
E01003758,100.0,100.0,100.0,100.0,200.0,3
E01003759,100.0,100.0,100.0,100.0,200.0,3
E01003760,100.0,100.0,100.0,100.0,200.0,3
E01003761,100.0,100.0,100.0,100.0,200.0,3
E01003762,100.0,100.0,100.0,100.0,200.0,3
E01003763,100.0,100.0,100.0,100.0,200.0,3
E01003764,100.0,100.0,100.0,100.0,200.0,3
E01003765,100.0,100.0,100.0,100.0,200.0,3
E01003766,100.0,100.0,100.0,100.0,200.0,3
E01003767,100.0,100.0,100.0,100.0,200.0,3
E01003768,100.0,100.0,100.0,100.0,200.0,3
E01003769,100.0,100.0,100.0,100.0,200.0,3
E01003770,100.0,100.0,100.0,100.0,200.0,3
E01003771,100.0,100.0,100.0,100.0,200.0,3
E01003772,100.0,100.0,100.0,100.0,200.0,3
E01003773,100.0,100.0,100.0,100.0,200.0,3
E01003774,100.0,100.0,100.0,100.0,200.0,3
E01003775,100.0,100.0,100.0,100.0,200.0,3
E01003776,100.0,100.0,100.0,100.0,200.0,3
E01003777,100.0,100.0,100.0,100.0,200.0,3
E01003778,100.0,100.0,100.0,100.0,200.0,3
E01003779,100.0,100.0,100.0,100.0,200.0,3
E01003780,100.0,100.0,100.0,100.0,200.0,3
E01003781,100.0,100.0,100.0,100.0,200.0,3
E01003782,100.0,100.0,100.0,100.0,200.0,3
E01003783,100.0,100.0,100.0,100.0,200.0,3
E01003784,100.0,100.0,100.0,100.0,200.0,3
E01003785,100.0,100.0,100.0,100.0,200.0,3
E01003786,100.0,100.0,100.0,100.0,200.0,3
E01003787,100.0,100.0,100.0,100.0,200.0,3
E01003788,100.0,100.0,100.0,100.0,200.0,3
E01003789,100.0,100.0,100.0,100.0,200.0,3
E01003790,100.0,100.0,100.0,100.0,200.0,3
E01003791,100.0,100.0,100.0,100.0,200.0,3
E01003792,100.0,100.0,100.0,100.0,200.0,3
E01003793,100.0,100.0,100.0,100.0,200.0,3
E01003794,100.0,100.0,100.0,100.0,200.0,3
E01003795,100.0,100.0,100.0,100.0,200.0,3
E01003796,100.0,100.0,100.0,100.0,200.0,3
E01003797,100.0,100.0,100.0,100.0,200.0,3
E01003798,100.0,100.0,100.0,100.0,200.0,3
E01003799,100.0,100.0,100.0,100.0,200.0,3
E01003800,100.0,100.0,100.0,100.0,200.0,3
E01003801,100.0,100.0,100.0,100.0,200.0,3
E01003802,100.0,100.0,100.0,100.0,200.0,3
E01003803,100.0,100.0,100.0,100.0,200.0,3
E01003804,100.0,100.0,100.0,100.0,200.0,3
E01003805,100.0,100.0,100.0,100.0,200.0,3
E01003806,100.0,100.0,100.0,100.0,200.0,3
E01003807,100.0,100.0,100.0,100.0,200.0,3
E01003808,100.0,100.0,100.0,100.0,200.0,3
E01003809,100.0,100.0,100.0,100.0,200.0,3
E01003810,100.0,100.0,100.0,100.0,200.0,3
E01003811,100.0,100.0,100.0,100.0,200.0,3
E01003812,100.0,100.0,100.0,100.0,200.0,3
E01003813,100.0,100.0,100.0,100.0,200.0,3
E01003814,100.0,100.0,100.0,100.0,200.0,3
E01003815,100.0,100.0,100.0,100.0,200.0,3
E01003816,100.0,100.0,100.0,100.0,200.0,3
E01003817,100.0,100.0,100.0,100.0,200.0,3
E01003818,100.0,100.0,100.0,100.0,200.0,3
E01003819,100.0,100.0,100.0,100.0,200.0,3
E01003820,100.0,100.0,100.0,100.0,200.0,3
E01003821,100.0,100.0,100.0,100.0,200.0,3
E01003822,100.0,100.0,100.0,100.0,200.0,3
E01003823,100.0,100.0,98.86,100.0,198.86,3
E01003824,100.0,100.0,100.0,100.0,200.0,3
E01003825,100.0,100.0,100.0,100.0,200.0,3
E01003826,100.0,100.0,80.94,100.0,180.94,3
E01003827,100.0,100.0,100.0,100.0,200.0,3
E01003828,100.0,100.0,100.0,100.0,200.0,3
E01003829,100.0,100.0,100.0,100.0,200.0,3
E01003830,100.0,100.0,100.0,100.0,200.0,3
E01003831,100.0,100.0,100.0,100.0,200.0,3
E01003832,100.0,100.0,100.0,100.0,200.0,3
E01003833,100.0,100.0,100.0,100.0,200.0,3
E01003834,100.0,100.0,100.0,100.0,200.0,3
E01003835,100.0,100.0,100.0,100.0,200.0,3
E01003836,100.0,100.0,100.0,100.0,200.0,3
E01003837,100.0,100.0,100.0,100.0,200.0,3
E01003838,100.0,100.0,100.0,100.0,200.0,3
E01003839,100.0,100.0,100.0,100.0,200.0,3
E01003840,100.0,100.0,100.0,100.0,200.0,3
E01003841,100.0,100.0,100.0,100.0,200.0,3
E01003842,100.0,100.0,100.0,100.0,200.0,3
E01003843,100.0,100.0,100.0,100.0,200.0,3
E01003844,100.0,100.0,100.0,100.0,200.0,3
E01003845,100.0,100.0,100.0,100.0,200.0,3
E01003846,100.0,100.0,100.0,100.0,200.0,3
E01003847,100.0,100.0,100.0,100.0,200.0,3
E01003848,100.0,100.0,100.0,100.0,200.0,3
E01003849,100.0,100.0,100.0,100.0,200.0,3
E01003851,100.0,100.0,100.0,100.0,200.0,3
E01003852,100.0,100.0,100.0,100.0,200.0,3
E01003853,100.0,100.0,100.0,100.0,200.0,3
E01003854,100.0,100.0,100.0,100.0,200.0,3
E01003855,100.0,100.0,100.0,100.0,200.0,3
E01003856,100.0,100.0,100.0,100.0,200.0,3
E01003857,100.0,100.0,100.0,100.0,200.0,3
E01003858,100.0,100.0,100.0,100.0,200.0,3
E01003859,100.0,100.0,100.0,100.0,200.0,3
E01003860,100.0,100.0,100.0,100.0,200.0,3
E01003861,100.0,100.0,100.0,100.0,200.0,3
E01003862,100.0,100.0,100.0,100.0,200.0,3
E01003863,100.0,100.0,100.0,100.0,200.0,3
E01003864,100.0,100.0,100.0,100.0,200.0,3
E01003865,100.0,100.0,100.0,100.0,200.0,3
E01003866,100.0,100.0,100.0,100.0,200.0,3
E01003867,100.0,100.0,100.0,100.0,200.0,3
E01003868,100.0,100.0,100.0,100.0,200.0,3
E01003869,100.0,100.0,100.0,100.0,200.0,3
E01003870,100.0,100.0,100.0,100.0,200.0,3
E01003871,100.0,100.0,100.0,100.0,200.0,3
E01003872,100.0,100.0,100.0,100.0,200.0,3
E01003873,100.0,100.0,100.0,100.0,200.0,3
E01003874,100.0,100.0,100.0,100.0,200.0,3
E01003875,100.0,100.0,100.0,100.0,200.0,3
E01003876,100.0,100.0,100.0,100.0,200.0,3
E01003877,100.0,100.0,100.0,100.0,200.0,3
E01003878,100.0,100.0,100.0,100.0,200.0,3
E01003879,100.0,100.0,100.0,100.0,200.0,3
E01003880,100.0,100.0,100.0,100.0,200.0,3
E01003881,100.0,100.0,100.0,100.0,200.0,3
E01003882,100.0,100.0,100.0,100.0,200.0,3
E01003883,100.0,100.0,100.0,100.0,200.0,3
E01003884,100.0,100.0,100.0,100.0,200.0,3
E01003885,100.0,100.0,100.0,100.0,200.0,3
E01003886,100.0,100.0,100.0,100.0,200.0,3
E01003887,100.0,100.0,100.0,100.0,200.0,3
E01003888,100.0,100.0,100.0,100.0,200.0,3
E01003889,100.0,100.0,100.0,100.0,200.0,3
E01003890,100.0,100.0,100.0,100.0,200.0,3
E01003891,100.0,100.0,100.0,100.0,200.0,3
E01003892,100.0,100.0,100.0,100.0,200.0,3
E01003893,100.0,100.0,100.0,100.0,200.0,3
E01003894,100.0,100.0,100.0,100.0,200.0,3
E01003895,100.0,100.0,100.0,100.0,200.0,3
E01003896,100.0,100.0,100.0,100.0,200.0,3
E01003897,100.0,100.0,100.0,100.0,200.0,3
E01003898,100.0,100.0,100.0,100.0,200.0,3
E01003899,100.0,100.0,100.0,100.0,200.0,3
E01003900,100.0,100.0,100.0,100.0,200.0,3
E01003901,100.0,100.0,100.0,100.0,200.0,3
E01003903,100.0,100.0,100.0,100.0,200.0,3
E01003904,100.0,100.0,100.0,100.0,200.0,3
E01003905,100.0,100.0,100.0,100.0,200.0,3
E01003906,100.0,100.0,100.0,100.0,200.0,3
E01003907,100.0,100.0,100.0,100.0,200.0,3
E01003908,100.0,100.0,100.0,100.0,200.0,3
E01003909,100.0,100.0,100.0,100.0,200.0,3
E01003910,100.0,100.0,100.0,100.0,200.0,3
E01003911,100.0,100.0,100.0,100.0,200.0,3
E01003912,100.0,100.0,100.0,100.0,200.0,3
E01003913,100.0,100.0,100.0,100.0,200.0,3
E01003914,100.0,100.0,100.0,100.0,200.0,3
E01003915,100.0,100.0,100.0,100.0,200.0,3
E01003916,100.0,100.0,100.0,100.0,200.0,3
E01003917,100.0,100.0,100.0,100.0,200.0,3
E01003918,100.0,100.0,100.0,100.0,200.0,3
E01003919,100.0,100.0,100.0,100.0,200.0,3
E01003920,100.0,100.0,100.0,100.0,200.0,3
E01003921,100.0,100.0,100.0,100.0,200.0,3
E01003922,100.0,100.0,100.0,100.0,200.0,3
E01003923,100.0,100.0,100.0,100.0,200.0,3
E01003924,100.0,100.0,100.0,100.0,200.0,3
E01003925,100.0,100.0,100.0,100.0,200.0,3
E01003926,100.0,100.0,100.0,100.0,200.0,3
E01003927,100.0,100.0,100.0,100.0,200.0,3
E01003929,100.0,100.0,100.0,100.0,200.0,3
E01003930,100.0,100.0,100.0,100.0,200.0,3
E01003932,100.0,100.0,100.0,100.0,200.0,3
E01003933,100.0,100.0,100.0,100.0,200.0,3
E01003934,100.0,100.0,100.0,100.0,200.0,3
E01003935,100.0,100.0,100.0,100.0,200.0,3
E01003936,100.0,100.0,100.0,100.0,200.0,3
E01003937,100.0,100.0,100.0,100.0,200.0,3
E01003938,100.0,100.0,100.0,100.0,200.0,3
E01003939,100.0,100.0,100.0,100.0,200.0,3
E01003940,100.0,100.0,100.0,100.0,200.0,3
E01003941,100.0,100.0,100.0,100.0,200.0,3
E01003942,100.0,100.0,100.0,100.0,200.0,3
E01003943,100.0,100.0,100.0,100.0,200.0,3
E01003945,100.0,100.0,100.0,100.0,200.0,3
E01003946,100.0,100.0,100.0,100.0,200.0,3
E01003947,100.0,100.0,100.0,100.0,200.0,3
E01003948,100.0,100.0,100.0,100.0,200.0,3
E01003949,100.0,100.0,100.0,100.0,200.0,3
E01003950,100.0,100.0,100.0,100.0,200.0,3
E01003951,100.0,100.0,100.0,100.0,200.0,3
E01003952,100.0,100.0,100.0,100.0,200.0,3
E01003953,100.0,100.0,100.0,100.0,200.0,3
E01003954,100.0,100.0,100.0,100.0,200.0,3
E01003955,100.0,100.0,100.0,100.0,200.0,3
E01003956,100.0,100.0,100.0,100.0,200.0,3
E01003957,100.0,100.0,100.0,100.0,200.0,3
E01003958,100.0,100.0,100.0,100.0,200.0,3
E01003960,100.0,100.0,100.0,100.0,200.0,3
E01003961,100.0,100.0,100.0,100.0,200.0,3
E01003963,100.0,100.0,100.0,100.0,200.0,3
E01003964,100.0,100.0,100.0,100.0,200.0,3
E01003966,100.0,100.0,100.0,100.0,200.0,3
E01003967,100.0,100.0,100.0,100.0,200.0,3
E01003968,100.0,100.0,100.0,100.0,200.0,3
E01003969,100.0,100.0,100.0,100.0,200.0,3
E01003970,100.0,100.0,100.0,100.0,200.0,3
E01003971,100.0,100.0,100.0,100.0,200.0,3
E01003972,100.0,100.0,100.0,100.0,200.0,3
E01003973,100.0,100.0,100.0,100.0,200.0,3
E01003974,100.0,100.0,100.0,100.0,200.0,3
E01003975,100.0,100.0,100.0,100.0,200.0,3
E01003976,100.0,100.0,100.0,100.0,200.0,3
E01003977,100.0,100.0,100.0,100.0,200.0,3
E01003978,100.0,100.0,100.0,100.0,200.0,3
E01003979,100.0,100.0,100.0,100.0,200.0,3
E01003980,100.0,100.0,100.0,100.0,200.0,3
E01003981,100.0,100.0,100.0,100.0,200.0,3
E01003983,100.0,100.0,100.0,100.0,200.0,3
E01003984,100.0,100.0,100.0,100.0,200.0,3
E01003986,100.0,100.0,100.0,100.0,200.0,3
E01003987,100.0,100.0,100.0,100.0,200.0,3
E01003988,100.0,100.0,100.0,100.0,200.0,3
E01003989,100.0,100.0,100.0,100.0,200.0,3
E01003990,100.0,100.0,100.0,100.0,200.0,3
E01003991,100.0,100.0,100.0,100.0,200.0,3
E01003992,100.0,100.0,100.0,100.0,200.0,3
E01003993,100.0,100.0,100.0,100.0,200.0,3
E01003994,100.0,100.0,100.0,100.0,200.0,3
E01003995,100.0,100.0,100.0,100.0,200.0,3
E01003997,100.0,100.0,100.0,100.0,200.0,3
E01003998,100.0,100.0,100.0,100.0,200.0,3
E01003999,100.0,100.0,100.0,100.0,200.0,3
E01004000,100.0,100.0,100.0,100.0,200.0,3
E01004001,100.0,100.0,100.0,100.0,200.0,3
E01004002,100.0,100.0,100.0,100.0,200.0,3
E01004003,100.0,100.0,100.0,100.0,200.0,3
E01004004,100.0,100.0,100.0,100.0,200.0,3
E01004005,100.0,100.0,100.0,100.0,200.0,3
E01004006,100.0,100.0,100.0,100.0,200.0,3
E01004007,100.0,100.0,100.0,100.0,200.0,3
E01004008,100.0,100.0,100.0,100.0,200.0,3
E01004010,100.0,100.0,100.0,100.0,200.0,3
E01004011,100.0,100.0,100.0,100.0,200.0,3
E01004012,100.0,100.0,100.0,100.0,200.0,3
E01004013,100.0,100.0,100.0,100.0,200.0,3
E01004014,100.0,100.0,100.0,100.0,200.0,3
E01004015,100.0,100.0,100.0,100.0,200.0,3
E01004016,100.0,100.0,100.0,100.0,200.0,3
E01004017,100.0,100.0,100.0,100.0,200.0,3
E01004018,100.0,100.0,100.0,100.0,200.0,3
E01004019,100.0,100.0,100.0,100.0,200.0,3
E01004020,100.0,100.0,100.0,100.0,200.0,3
E01004021,100.0,100.0,100.0,100.0,200.0,3
E01004022,100.0,100.0,100.0,100.0,200.0,3
E01004023,100.0,100.0,100.0,100.0,200.0,3
E01004024,100.0,100.0,100.0,100.0,200.0,3
E01004027,100.0,100.0,100.0,100.0,200.0,3
E01004028,100.0,100.0,100.0,100.0,200.0,3
E01004029,100.0,100.0,100.0,100.0,200.0,3
E01004030,100.0,100.0,100.0,100.0,200.0,3
E01004031,100.0,100.0,100.0,100.0,200.0,3
E01004032,100.0,100.0,100.0,100.0,200.0,3
E01004033,100.0,100.0,100.0,100.0,200.0,3
E01004034,100.0,100.0,100.0,100.0,200.0,3
E01004035,100.0,100.0,100.0,100.0,200.0,3
E01004036,100.0,100.0,100.0,100.0,200.0,3
E01004037,100.0,100.0,100.0,100.0,200.0,3
E01004038,100.0,100.0,100.0,100.0,200.0,3
E01004039,100.0,100.0,100.0,100.0,200.0,3
E01004040,100.0,100.0,100.0,100.0,200.0,3
E01004041,100.0,100.0,100.0,100.0,200.0,3
E01004042,100.0,100.0,100.0,100.0,200.0,3
E01004043,100.0,100.0,100.0,100.0,200.0,3
E01004044,100.0,100.0,100.0,100.0,200.0,3
E01004045,100.0,100.0,100.0,100.0,200.0,3
E01004046,100.0,100.0,100.0,100.0,200.0,3
E01004047,100.0,100.0,100.0,100.0,200.0,3
E01004048,100.0,100.0,100.0,100.0,200.0,3
E01004049,100.0,100.0,100.0,100.0,200.0,3
E01004050,100.0,100.0,100.0,100.0,200.0,3
E01004051,100.0,100.0,100.0,100.0,200.0,3
E01004052,100.0,100.0,100.0,100.0,200.0,3
E01004053,100.0,100.0,100.0,100.0,200.0,3
E01004054,100.0,100.0,100.0,100.0,200.0,3
E01004055,100.0,100.0,100.0,100.0,200.0,3
E01004056,100.0,100.0,100.0,100.0,200.0,3
E01004057,100.0,100.0,100.0,100.0,200.0,3
E01004058,100.0,100.0,100.0,100.0,200.0,3
E01004059,100.0,100.0,100.0,100.0,200.0,3
E01004060,100.0,100.0,100.0,100.0,200.0,3
E01004061,100.0,100.0,100.0,100.0,200.0,3
E01004062,100.0,100.0,100.0,100.0,200.0,3
E01004063,100.0,100.0,100.0,100.0,200.0,3
E01004064,100.0,100.0,100.0,100.0,200.0,3
E01004065,100.0,100.0,100.0,100.0,200.0,3
E01004066,100.0,100.0,100.0,100.0,200.0,3
E01004067,100.0,100.0,100.0,100.0,200.0,3
E01004068,100.0,100.0,100.0,100.0,200.0,3
E01004069,100.0,100.0,100.0,100.0,200.0,3
E01004070,100.0,100.0,100.0,100.0,200.0,3
E01004071,100.0,100.0,100.0,100.0,200.0,3
E01004072,100.0,100.0,100.0,100.0,200.0,3
E01004073,100.0,100.0,100.0,100.0,200.0,3
E01004074,100.0,100.0,100.0,100.0,200.0,3
E01004075,100.0,100.0,100.0,100.0,200.0,3
E01004076,100.0,100.0,100.0,100.0,200.0,3
E01004077,100.0,100.0,100.0,100.0,200.0,3
E01004078,100.0,100.0,100.0,100.0,200.0,3
E01004079,100.0,100.0,100.0,100.0,200.0,3
E01004080,100.0,100.0,100.0,100.0,200.0,3
E01004081,100.0,100.0,100.0,100.0,200.0,3
E01004082,100.0,100.0,100.0,100.0,200.0,3
E01004083,100.0,100.0,100.0,100.0,200.0,3
E01004084,100.0,100.0,100.0,100.0,200.0,3
E01004085,100.0,100.0,100.0,100.0,200.0,3
E01004086,100.0,100.0,100.0,100.0,200.0,3
E01004087,100.0,100.0,100.0,100.0,200.0,3
E01004088,100.0,100.0,100.0,100.0,200.0,3
E01004089,100.0,100.0,100.0,100.0,200.0,3
E01004090,100.0,100.0,0.0,100.0,100.0,2
E01004091,100.0,100.0,16.16,100.0,116.16,3
E01004092,100.0,100.0,60.11,100.0,160.11,3
E01004093,100.0,100.0,1.25,100.0,101.25,3
E01004094,100.0,100.0,0.0,100.0,100.0,2
E01004095,100.0,100.0,32.22,100.0,132.22,3
E01004096,100.0,100.0,76.15,100.0,176.15,3
E01004097,100.0,100.0,100.0,100.0,200.0,3
E01004098,100.0,100.0,100.0,100.0,200.0,3
E01004099,100.0,100.0,100.0,100.0,200.0,3
E01004100,100.0,100.0,100.0,100.0,200.0,3
E01004101,100.0,100.0,100.0,100.0,200.0,3
E01004102,100.0,100.0,100.0,100.0,200.0,3
E01004103,100.0,100.0,100.0,100.0,200.0,3
E01004104,100.0,100.0,100.0,100.0,200.0,3
E01004105,100.0,100.0,100.0,100.0,200.0,3
E01004106,100.0,100.0,74.48,100.0,174.48,3
E01004107,100.0,100.0,100.0,100.0,200.0,3
E01004108,100.0,100.0,38.44,100.0,138.44,3
E01004109,100.0,100.0,0.0,100.0,100.0,2
E01004110,100.0,100.0,67.16,100.0,167.16,3
E01004111,100.0,100.0,84.33,100.0,184.33,3
E01004112,100.0,100.0,0.06,100.0,100.06,3
E01004114,100.0,100.0,0.0,100.0,100.0,2
E01004115,100.0,100.0,100.0,100.0,200.0,3
E01004116,100.0,100.0,100.0,100.0,200.0,3
E01004117,100.0,100.0,100.0,100.0,200.0,3
E01004118,100.0,100.0,100.0,100.0,200.0,3
E01004119,100.0,100.0,100.0,100.0,200.0,3
E01004120,100.0,100.0,100.0,100.0,200.0,3
E01004121,100.0,100.0,100.0,100.0,200.0,3
E01004122,100.0,100.0,100.0,100.0,200.0,3
E01004123,100.0,100.0,100.0,100.0,200.0,3
E01004124,100.0,100.0,100.0,100.0,200.0,3
E01004125,100.0,100.0,100.0,100.0,200.0,3
E01004126,100.0,100.0,100.0,100.0,200.0,3
E01004127,100.0,100.0,100.0,100.0,200.0,3
E01004128,100.0,100.0,100.0,100.0,200.0,3
E01004129,100.0,100.0,100.0,100.0,200.0,3
E01004130,100.0,100.0,100.0,100.0,200.0,3
E01004131,100.0,100.0,100.0,100.0,200.0,3
E01004132,100.0,100.0,100.0,100.0,200.0,3
E01004133,100.0,100.0,100.0,100.0,200.0,3
E01004134,100.0,100.0,100.0,100.0,200.0,3
E01004135,100.0,100.0,100.0,100.0,200.0,3
E01004136,100.0,100.0,100.0,100.0,200.0,3
E01004137,100.0,100.0,100.0,100.0,200.0,3
E01004138,100.0,100.0,100.0,100.0,200.0,3
E01004139,100.0,100.0,100.0,100.0,200.0,3
E01004140,100.0,100.0,100.0,100.0,200.0,3
E01004141,100.0,100.0,100.0,100.0,200.0,3
E01004142,100.0,100.0,100.0,100.0,200.0,3
E01004143,100.0,100.0,100.0,100.0,200.0,3
E01004144,100.0,100.0,100.0,100.0,200.0,3
E01004145,100.0,100.0,100.0,100.0,200.0,3
E01004146,100.0,100.0,100.0,100.0,200.0,3
E01004147,100.0,100.0,100.0,100.0,200.0,3
E01004148,100.0,100.0,100.0,100.0,200.0,3
E01004149,100.0,100.0,100.0,100.0,200.0,3
E01004150,100.0,100.0,100.0,100.0,200.0,3
E01004151,100.0,100.0,100.0,100.0,200.0,3
E01004152,100.0,100.0,100.0,100.0,200.0,3
E01004153,100.0,100.0,100.0,100.0,200.0,3
E01004154,100.0,100.0,100.0,100.0,200.0,3
E01004155,100.0,100.0,99.74,100.0,199.74,3
E01004156,100.0,100.0,100.0,100.0,200.0,3
E01004157,100.0,100.0,97.53,100.0,197.53,3
E01004158,100.0,100.0,100.0,100.0,200.0,3
E01004159,100.0,100.0,100.0,100.0,200.0,3
E01004160,100.0,100.0,100.0,100.0,200.0,3
E01004161,100.0,100.0,100.0,100.0,200.0,3
E01004162,100.0,100.0,100.0,100.0,200.0,3
E01004163,100.0,100.0,100.0,100.0,200.0,3
E01004164,100.0,100.0,100.0,100.0,200.0,3
E01004165,100.0,100.0,100.0,100.0,200.0,3
E01004166,100.0,100.0,100.0,100.0,200.0,3
E01004167,100.0,100.0,100.0,100.0,200.0,3
E01004168,100.0,100.0,100.0,100.0,200.0,3
E01004169,100.0,100.0,100.0,100.0,200.0,3
E01004170,100.0,100.0,100.0,100.0,200.0,3
E01004171,100.0,100.0,100.0,100.0,200.0,3
E01004172,100.0,100.0,100.0,100.0,200.0,3
E01004173,100.0,100.0,100.0,100.0,200.0,3
E01004174,100.0,100.0,100.0,100.0,200.0,3
E01004175,100.0,100.0,100.0,100.0,200.0,3
E01004176,100.0,100.0,100.0,100.0,200.0,3
E01004177,100.0,100.0,100.0,100.0,200.0,3
E01004178,100.0,100.0,100.0,100.0,200.0,3
E01004179,100.0,100.0,100.0,100.0,200.0,3
E01004180,100.0,100.0,100.0,100.0,200.0,3
E01004181,100.0,100.0,100.0,100.0,200.0,3
E01004182,100.0,100.0,100.0,100.0,200.0,3
E01004183,100.0,100.0,100.0,100.0,200.0,3
E01004184,100.0,100.0,100.0,100.0,200.0,3
E01004185,100.0,100.0,100.0,100.0,200.0,3
E01004186,100.0,100.0,100.0,100.0,200.0,3
E01004187,100.0,100.0,100.0,100.0,200.0,3
E01004188,100.0,100.0,100.0,100.0,200.0,3
E01004189,100.0,100.0,100.0,100.0,200.0,3
E01004190,100.0,100.0,100.0,100.0,200.0,3
E01004191,100.0,100.0,100.0,100.0,200.0,3
E01004192,100.0,100.0,100.0,100.0,200.0,3
E01004193,100.0,100.0,100.0,100.0,200.0,3
E01004194,100.0,100.0,100.0,100.0,200.0,3
E01004195,100.0,100.0,100.0,100.0,200.0,3
E01004196,100.0,100.0,100.0,100.0,200.0,3
E01004197,100.0,100.0,100.0,100.0,200.0,3
E01004198,100.0,100.0,100.0,100.0,200.0,3
E01004199,100.0,100.0,100.0,100.0,200.0,3
E01004200,100.0,100.0,100.0,100.0,200.0,3
E01004201,100.0,100.0,100.0,100.0,200.0,3
E01004202,100.0,100.0,100.0,100.0,200.0,3
E01004203,100.0,100.0,100.0,100.0,200.0,3
E01004204,100.0,100.0,100.0,100.0,200.0,3
E01004205,100.0,100.0,100.0,100.0,200.0,3
E01004206,100.0,100.0,100.0,100.0,200.0,3
E01004207,100.0,100.0,100.0,100.0,200.0,3
E01004208,100.0,100.0,100.0,100.0,200.0,3
E01004209,100.0,100.0,100.0,100.0,200.0,3
E01004211,100.0,100.0,100.0,100.0,200.0,3
E01004212,100.0,100.0,100.0,100.0,200.0,3
E01004214,100.0,100.0,100.0,100.0,200.0,3
E01004215,100.0,100.0,100.0,100.0,200.0,3
E01004216,100.0,100.0,100.0,100.0,200.0,3
E01004217,100.0,100.0,100.0,100.0,200.0,3
E01004218,100.0,100.0,100.0,100.0,200.0,3
E01004219,100.0,100.0,100.0,100.0,200.0,3
E01004221,100.0,100.0,100.0,100.0,200.0,3
E01004222,100.0,100.0,100.0,100.0,200.0,3
E01004223,100.0,100.0,100.0,100.0,200.0,3
E01004224,100.0,100.0,100.0,100.0,200.0,3
E01004225,100.0,100.0,100.0,100.0,200.0,3
E01004226,100.0,100.0,100.0,100.0,200.0,3
E01004228,100.0,100.0,100.0,100.0,200.0,3
E01004229,100.0,100.0,100.0,100.0,200.0,3
E01004230,100.0,100.0,100.0,100.0,200.0,3
E01004231,100.0,100.0,100.0,100.0,200.0,3
E01004232,100.0,100.0,100.0,100.0,200.0,3
E01004233,100.0,100.0,100.0,100.0,200.0,3
E01004234,100.0,100.0,100.0,100.0,200.0,3
E01004235,100.0,100.0,100.0,100.0,200.0,3
E01004236,100.0,100.0,100.0,100.0,200.0,3
E01004237,100.0,100.0,100.0,100.0,200.0,3
E01004238,100.0,100.0,100.0,100.0,200.0,3
E01004239,100.0,100.0,100.0,100.0,200.0,3
E01004240,100.0,100.0,100.0,100.0,200.0,3
E01004241,100.0,100.0,100.0,100.0,200.0,3
E01004242,100.0,100.0,100.0,100.0,200.0,3
E01004243,100.0,100.0,100.0,100.0,200.0,3
E01004244,100.0,100.0,100.0,100.0,200.0,3
E01004245,100.0,100.0,100.0,100.0,200.0,3
E01004246,100.0,100.0,100.0,100.0,200.0,3
E01004247,100.0,100.0,100.0,100.0,200.0,3
E01004248,100.0,100.0,100.0,100.0,200.0,3
E01004249,100.0,100.0,100.0,100.0,200.0,3
E01004250,100.0,100.0,100.0,100.0,200.0,3
E01004251,100.0,100.0,100.0,100.0,200.0,3
E01004252,100.0,100.0,100.0,100.0,200.0,3
E01004253,100.0,100.0,100.0,100.0,200.0,3
E01004254,100.0,100.0,100.0,100.0,200.0,3
E01004255,100.0,100.0,100.0,100.0,200.0,3
E01004256,100.0,100.0,100.0,100.0,200.0,3
E01004257,100.0,100.0,100.0,100.0,200.0,3
E01004258,100.0,100.0,100.0,100.0,200.0,3
E01004259,100.0,100.0,100.0,100.0,200.0,3
E01004260,100.0,100.0,100.0,100.0,200.0,3
E01004261,100.0,100.0,100.0,100.0,200.0,3
E01004262,100.0,100.0,100.0,100.0,200.0,3
E01004263,100.0,100.0,100.0,100.0,200.0,3
E01004264,100.0,100.0,100.0,100.0,200.0,3
E01004266,100.0,100.0,100.0,100.0,200.0,3
E01004267,100.0,100.0,100.0,100.0,200.0,3
E01004268,100.0,100.0,100.0,100.0,200.0,3
E01004269,100.0,100.0,100.0,100.0,200.0,3
E01004270,100.0,100.0,100.0,100.0,200.0,3
E01004271,100.0,100.0,100.0,100.0,200.0,3
E01004272,100.0,100.0,100.0,100.0,200.0,3
E01004273,100.0,100.0,100.0,100.0,200.0,3
E01004274,100.0,100.0,100.0,100.0,200.0,3
E01004275,100.0,100.0,100.0,100.0,200.0,3
E01004276,100.0,100.0,100.0,100.0,200.0,3
E01004277,100.0,100.0,100.0,100.0,200.0,3
E01004280,100.0,100.0,100.0,100.0,200.0,3
E01004281,100.0,100.0,100.0,100.0,200.0,3
E01004283,100.0,100.0,100.0,100.0,200.0,3
E01004284,100.0,100.0,100.0,100.0,200.0,3
E01004285,100.0,100.0,100.0,100.0,200.0,3
E01004286,100.0,100.0,100.0,100.0,200.0,3
E01004287,100.0,100.0,100.0,100.0,200.0,3
E01004288,100.0,100.0,100.0,100.0,200.0,3
E01004289,100.0,100.0,100.0,100.0,200.0,3
E01004290,100.0,100.0,100.0,100.0,200.0,3
E01004291,100.0,100.0,100.0,100.0,200.0,3
E01004292,100.0,100.0,100.0,100.0,200.0,3
E01004293,100.0,100.0,100.0,100.0,200.0,3
E01004294,100.0,100.0,100.0,100.0,200.0,3
E01004295,100.0,100.0,100.0,100.0,200.0,3
E01004296,100.0,100.0,100.0,100.0,200.0,3
E01004297,100.0,100.0,100.0,100.0,200.0,3
E01004298,100.0,100.0,100.0,100.0,200.0,3
E01004300,100.0,100.0,100.0,100.0,200.0,3
E01004301,100.0,100.0,100.0,100.0,200.0,3
E01004302,100.0,100.0,100.0,100.0,200.0,3
E01004303,100.0,100.0,100.0,100.0,200.0,3
E01004304,100.0,100.0,100.0,100.0,200.0,3
E01004305,100.0,100.0,100.0,100.0,200.0,3
E01004306,100.0,100.0,100.0,100.0,200.0,3
E01004307,100.0,100.0,100.0,100.0,200.0,3
E01004308,100.0,100.0,100.0,100.0,200.0,3
E01004309,100.0,100.0,100.0,100.0,200.0,3
E01004310,100.0,100.0,100.0,100.0,200.0,3
E01004311,100.0,100.0,100.0,100.0,200.0,3
E01004312,100.0,100.0,100.0,100.0,200.0,3
E01004313,100.0,100.0,100.0,100.0,200.0,3
E01004314,100.0,100.0,100.0,100.0,200.0,3
E01004315,100.0,100.0,100.0,100.0,200.0,3
E01004316,100.0,100.0,100.0,100.0,200.0,3
E01004317,100.0,100.0,100.0,100.0,200.0,3
E01004318,100.0,100.0,100.0,100.0,200.0,3
E01004319,100.0,100.0,100.0,100.0,200.0,3
E01004321,100.0,100.0,100.0,100.0,200.0,3
E01004322,100.0,100.0,100.0,100.0,200.0,3
E01004323,100.0,100.0,100.0,100.0,200.0,3
E01004324,100.0,100.0,100.0,100.0,200.0,3
E01004325,100.0,100.0,100.0,100.0,200.0,3
E01004326,100.0,100.0,100.0,100.0,200.0,3
E01004327,100.0,100.0,100.0,100.0,200.0,3
E01004328,100.0,100.0,100.0,100.0,200.0,3
E01004329,100.0,100.0,100.0,100.0,200.0,3
E01004330,100.0,100.0,100.0,100.0,200.0,3
E01004331,100.0,100.0,100.0,100.0,200.0,3
E01004332,100.0,100.0,100.0,100.0,200.0,3
E01004333,100.0,100.0,100.0,100.0,200.0,3
E01004334,100.0,100.0,100.0,100.0,200.0,3
E01004335,100.0,100.0,100.0,100.0,200.0,3
E01004336,100.0,100.0,100.0,100.0,200.0,3
E01004337,100.0,100.0,100.0,100.0,200.0,3
E01004338,100.0,100.0,100.0,100.0,200.0,3
E01004339,100.0,100.0,100.0,100.0,200.0,3
E01004340,100.0,100.0,100.0,100.0,200.0,3
E01004341,100.0,100.0,100.0,100.0,200.0,3
E01004342,100.0,100.0,100.0,100.0,200.0,3
E01004343,100.0,100.0,100.0,100.0,200.0,3
E01004344,100.0,100.0,100.0,100.0,200.0,3
E01004345,100.0,100.0,100.0,100.0,200.0,3
E01004346,100.0,100.0,100.0,100.0,200.0,3
E01004347,100.0,100.0,100.0,100.0,200.0,3
E01004348,100.0,100.0,100.0,100.0,200.0,3
E01004349,100.0,100.0,100.0,100.0,200.0,3
E01004350,100.0,100.0,100.0,100.0,200.0,3
E01004351,100.0,100.0,100.0,100.0,200.0,3
E01004352,100.0,100.0,100.0,100.0,200.0,3
E01004353,100.0,100.0,100.0,100.0,200.0,3
E01004354,100.0,100.0,100.0,100.0,200.0,3
E01004355,100.0,100.0,100.0,100.0,200.0,3
E01004356,100.0,100.0,100.0,100.0,200.0,3
E01004357,100.0,100.0,100.0,100.0,200.0,3
E01004358,100.0,100.0,100.0,100.0,200.0,3
E01004359,100.0,100.0,100.0,100.0,200.0,3
E01004360,100.0,100.0,100.0,100.0,200.0,3
E01004361,100.0,100.0,100.0,100.0,200.0,3
E01004362,100.0,100.0,100.0,100.0,200.0,3
E01004363,100.0,100.0,100.0,100.0,200.0,3
E01004364,100.0,100.0,100.0,100.0,200.0,3
E01004365,100.0,100.0,100.0,100.0,200.0,3
E01004366,100.0,100.0,100.0,100.0,200.0,3
E01004367,100.0,100.0,100.0,100.0,200.0,3
E01004368,100.0,100.0,100.0,100.0,200.0,3
E01004369,100.0,100.0,100.0,100.0,200.0,3
E01004370,100.0,100.0,100.0,100.0,200.0,3
E01004371,100.0,100.0,100.0,100.0,200.0,3
E01004372,100.0,100.0,100.0,100.0,200.0,3
E01004373,100.0,100.0,100.0,100.0,200.0,3
E01004374,100.0,100.0,100.0,100.0,200.0,3
E01004375,100.0,100.0,100.0,100.0,200.0,3
E01004376,100.0,100.0,100.0,100.0,200.0,3
E01004377,100.0,100.0,100.0,100.0,200.0,3
E01004378,100.0,100.0,100.0,100.0,200.0,3
E01004379,100.0,100.0,100.0,100.0,200.0,3
E01004380,100.0,100.0,100.0,100.0,200.0,3
E01004381,100.0,100.0,100.0,100.0,200.0,3
E01004382,100.0,100.0,100.0,100.0,200.0,3
E01004383,100.0,100.0,100.0,100.0,200.0,3
E01004384,100.0,100.0,100.0,100.0,200.0,3
E01004385,100.0,100.0,100.0,100.0,200.0,3
E01004386,100.0,100.0,100.0,100.0,200.0,3
E01004387,100.0,100.0,100.0,100.0,200.0,3
E01004388,100.0,100.0,100.0,100.0,200.0,3
E01004389,100.0,100.0,100.0,100.0,200.0,3
E01004390,100.0,100.0,100.0,100.0,200.0,3
E01004391,100.0,100.0,100.0,100.0,200.0,3
E01004392,100.0,100.0,100.0,100.0,200.0,3
E01004393,100.0,100.0,100.0,100.0,200.0,3
E01004394,100.0,100.0,100.0,100.0,200.0,3
E01004395,100.0,100.0,100.0,100.0,200.0,3
E01004396,100.0,100.0,100.0,100.0,200.0,3
E01004397,100.0,100.0,100.0,100.0,200.0,3
E01004398,100.0,100.0,100.0,100.0,200.0,3
E01004399,100.0,100.0,100.0,100.0,200.0,3
E01004400,100.0,100.0,100.0,100.0,200.0,3
E01004401,100.0,100.0,100.0,100.0,200.0,3
E01004402,100.0,100.0,100.0,100.0,200.0,3
E01004403,100.0,100.0,100.0,100.0,200.0,3
E01004404,100.0,100.0,100.0,100.0,200.0,3
E01004405,100.0,100.0,100.0,100.0,200.0,3
E01004406,100.0,100.0,100.0,100.0,200.0,3
E01004407,100.0,100.0,100.0,100.0,200.0,3
E01004408,100.0,100.0,100.0,100.0,200.0,3
E01004409,100.0,100.0,100.0,100.0,200.0,3
E01004410,100.0,100.0,100.0,100.0,200.0,3
E01004411,100.0,100.0,100.0,100.0,200.0,3
E01004412,100.0,100.0,100.0,100.0,200.0,3
E01004413,100.0,100.0,100.0,100.0,200.0,3
E01004414,100.0,100.0,100.0,100.0,200.0,3
E01004415,100.0,100.0,100.0,100.0,200.0,3
E01004416,100.0,100.0,100.0,100.0,200.0,3
E01004417,100.0,100.0,100.0,100.0,200.0,3
E01004418,100.0,100.0,100.0,100.0,200.0,3
E01004419,100.0,100.0,100.0,100.0,200.0,3
E01004420,100.0,100.0,100.0,100.0,200.0,3
E01004421,100.0,100.0,100.0,100.0,200.0,3
E01004422,100.0,100.0,100.0,100.0,200.0,3
E01004423,100.0,100.0,100.0,100.0,200.0,3
E01004424,100.0,100.0,100.0,100.0,200.0,3
E01004425,100.0,100.0,100.0,100.0,200.0,3
E01004426,100.0,100.0,100.0,100.0,200.0,3
E01004427,100.0,100.0,100.0,100.0,200.0,3
E01004428,100.0,100.0,100.0,100.0,200.0,3
E01004429,100.0,100.0,100.0,100.0,200.0,3
E01004430,100.0,100.0,100.0,100.0,200.0,3
E01004432,100.0,100.0,100.0,100.0,200.0,3
E01004434,100.0,100.0,100.0,100.0,200.0,3
E01004435,100.0,100.0,100.0,100.0,200.0,3
E01004436,100.0,100.0,100.0,100.0,200.0,3
E01004437,100.0,100.0,100.0,100.0,200.0,3
E01004438,100.0,100.0,100.0,100.0,200.0,3
E01004439,100.0,100.0,100.0,100.0,200.0,3
E01004440,100.0,100.0,100.0,100.0,200.0,3
E01004441,100.0,100.0,100.0,100.0,200.0,3
E01004442,100.0,100.0,100.0,100.0,200.0,3
E01004443,100.0,100.0,100.0,100.0,200.0,3
E01004444,100.0,100.0,100.0,100.0,200.0,3
E01004445,100.0,100.0,100.0,100.0,200.0,3
E01004446,100.0,100.0,100.0,100.0,200.0,3
E01004447,100.0,100.0,100.0,100.0,200.0,3
E01004448,100.0,100.0,100.0,100.0,200.0,3
E01004449,100.0,100.0,100.0,100.0,200.0,3
E01004450,100.0,100.0,100.0,100.0,200.0,3
E01004451,100.0,100.0,100.0,100.0,200.0,3
E01004452,100.0,100.0,100.0,100.0,200.0,3
E01004453,100.0,100.0,100.0,100.0,200.0,3
E01004454,100.0,100.0,100.0,100.0,200.0,3
E01004455,100.0,100.0,100.0,100.0,200.0,3
E01004456,100.0,100.0,100.0,100.0,200.0,3
E01004457,100.0,100.0,100.0,100.0,200.0,3
E01004458,100.0,100.0,100.0,100.0,200.0,3
E01004459,100.0,100.0,100.0,100.0,200.0,3
E01004460,100.0,100.0,100.0,100.0,200.0,3
E01004461,100.0,100.0,100.0,100.0,200.0,3
E01004462,100.0,100.0,100.0,100.0,200.0,3
E01004463,100.0,100.0,100.0,100.0,200.0,3
E01004464,100.0,100.0,100.0,100.0,200.0,3
E01004465,100.0,100.0,100.0,100.0,200.0,3
E01004466,100.0,100.0,100.0,100.0,200.0,3
E01004467,100.0,100.0,100.0,100.0,200.0,3
E01004468,100.0,100.0,100.0,100.0,200.0,3
E01004469,100.0,100.0,100.0,100.0,200.0,3
E01004470,100.0,100.0,100.0,100.0,200.0,3
E01004471,100.0,100.0,100.0,100.0,200.0,3
E01004472,100.0,100.0,100.0,100.0,200.0,3
E01004473,100.0,100.0,100.0,100.0,200.0,3
E01004474,100.0,100.0,100.0,100.0,200.0,3
E01004475,100.0,100.0,100.0,100.0,200.0,3
E01004476,100.0,100.0,100.0,100.0,200.0,3
E01004477,100.0,100.0,100.0,100.0,200.0,3
E01004478,100.0,100.0,100.0,100.0,200.0,3
E01004479,100.0,100.0,100.0,100.0,200.0,3
E01004480,100.0,100.0,100.0,100.0,200.0,3
E01004481,100.0,100.0,100.0,100.0,200.0,3
E01004482,100.0,100.0,100.0,100.0,200.0,3
E01004483,100.0,100.0,100.0,100.0,200.0,3
E01004484,100.0,100.0,100.0,100.0,200.0,3
E01004485,100.0,100.0,100.0,100.0,200.0,3
E01004486,100.0,100.0,100.0,100.0,200.0,3
E01004487,100.0,100.0,100.0,100.0,200.0,3
E01004488,100.0,100.0,100.0,100.0,200.0,3
E01004489,100.0,100.0,100.0,100.0,200.0,3
E01004490,100.0,100.0,100.0,100.0,200.0,3
E01004491,100.0,100.0,100.0,100.0,200.0,3
E01004492,100.0,100.0,100.0,100.0,200.0,3
E01004493,100.0,100.0,100.0,100.0,200.0,3
E01004494,100.0,100.0,100.0,100.0,200.0,3
E01004495,100.0,100.0,100.0,100.0,200.0,3
E01004496,100.0,100.0,100.0,100.0,200.0,3
E01004497,100.0,100.0,100.0,100.0,200.0,3
E01004498,100.0,100.0,100.0,100.0,200.0,3
E01004499,100.0,100.0,100.0,100.0,200.0,3
E01004500,100.0,100.0,100.0,100.0,200.0,3
E01004501,100.0,100.0,100.0,100.0,200.0,3
E01004502,100.0,100.0,100.0,100.0,200.0,3
E01004503,100.0,100.0,100.0,100.0,200.0,3
E01004504,100.0,100.0,100.0,100.0,200.0,3
E01004505,100.0,100.0,100.0,100.0,200.0,3
E01004506,100.0,100.0,100.0,100.0,200.0,3
E01004507,100.0,100.0,100.0,100.0,200.0,3
E01004508,100.0,100.0,100.0,100.0,200.0,3
E01004509,100.0,100.0,100.0,100.0,200.0,3
E01004510,100.0,100.0,100.0,100.0,200.0,3
E01004511,100.0,100.0,100.0,100.0,200.0,3
E01004512,100.0,100.0,100.0,100.0,200.0,3
E01004513,100.0,100.0,100.0,100.0,200.0,3
E01004514,100.0,100.0,100.0,100.0,200.0,3
E01004515,100.0,100.0,100.0,100.0,200.0,3
E01004516,100.0,100.0,100.0,100.0,200.0,3
E01004517,100.0,100.0,100.0,100.0,200.0,3
E01004518,100.0,100.0,100.0,100.0,200.0,3
E01004519,100.0,100.0,100.0,100.0,200.0,3
E01004520,100.0,100.0,100.0,100.0,200.0,3
E01004521,100.0,100.0,100.0,100.0,200.0,3
E01004522,100.0,100.0,100.0,100.0,200.0,3
E01004523,100.0,100.0,100.0,100.0,200.0,3
E01004524,100.0,100.0,100.0,100.0,200.0,3
E01004525,100.0,100.0,100.0,100.0,200.0,3
E01004526,100.0,100.0,100.0,100.0,200.0,3
E01004527,100.0,100.0,100.0,100.0,200.0,3
E01004528,100.0,100.0,100.0,100.0,200.0,3
E01004529,100.0,100.0,100.0,100.0,200.0,3
E01004530,100.0,100.0,100.0,100.0,200.0,3
E01004531,100.0,100.0,100.0,100.0,200.0,3
E01004532,100.0,100.0,100.0,100.0,200.0,3
E01004533,100.0,100.0,100.0,100.0,200.0,3
E01004534,100.0,100.0,100.0,100.0,200.0,3
E01004535,100.0,100.0,100.0,100.0,200.0,3
E01004536,100.0,100.0,100.0,100.0,200.0,3
E01004537,100.0,100.0,100.0,100.0,200.0,3
E01004538,100.0,100.0,100.0,100.0,200.0,3
E01004539,100.0,100.0,100.0,100.0,200.0,3
E01004540,100.0,100.0,100.0,100.0,200.0,3
E01004541,100.0,100.0,100.0,100.0,200.0,3
E01004542,100.0,100.0,100.0,100.0,200.0,3
E01004543,100.0,100.0,100.0,100.0,200.0,3
E01004544,100.0,100.0,100.0,100.0,200.0,3
E01004545,100.0,100.0,100.0,100.0,200.0,3
E01004546,100.0,100.0,100.0,100.0,200.0,3
E01004547,100.0,100.0,100.0,100.0,200.0,3
E01004548,100.0,100.0,100.0,100.0,200.0,3
E01004549,100.0,100.0,100.0,100.0,200.0,3
E01004550,100.0,100.0,100.0,100.0,200.0,3
E01004551,100.0,100.0,100.0,100.0,200.0,3
E01004552,100.0,100.0,100.0,100.0,200.0,3
E01004553,100.0,100.0,100.0,100.0,200.0,3
E01004554,100.0,100.0,100.0,100.0,200.0,3
E01004555,100.0,100.0,100.0,100.0,200.0,3
E01004556,100.0,100.0,100.0,100.0,200.0,3
E01004557,100.0,100.0,100.0,100.0,200.0,3
E01004558,100.0,100.0,100.0,100.0,200.0,3
E01004559,100.0,100.0,100.0,100.0,200.0,3
E01004560,100.0,100.0,100.0,100.0,200.0,3
E01004562,100.0,100.0,100.0,100.0,200.0,3
E01004563,100.0,100.0,100.0,100.0,200.0,3
E01004564,100.0,100.0,100.0,100.0,200.0,3
E01004565,100.0,100.0,100.0,100.0,200.0,3
E01004566,100.0,100.0,100.0,100.0,200.0,3
E01004567,100.0,100.0,100.0,100.0,200.0,3
E01004568,100.0,100.0,100.0,100.0,200.0,3
E01004569,100.0,100.0,100.0,100.0,200.0,3
E01004570,100.0,100.0,100.0,100.0,200.0,3
E01004571,100.0,100.0,100.0,100.0,200.0,3
E01004572,100.0,100.0,100.0,100.0,200.0,3
E01004573,100.0,100.0,100.0,100.0,200.0,3
E01004574,100.0,100.0,100.0,100.0,200.0,3
E01004575,100.0,100.0,100.0,100.0,200.0,3
E01004576,100.0,100.0,100.0,100.0,200.0,3
E01004577,100.0,100.0,100.0,100.0,200.0,3
E01004579,100.0,100.0,100.0,100.0,200.0,3
E01004580,100.0,100.0,100.0,100.0,200.0,3
E01004581,100.0,100.0,100.0,100.0,200.0,3
E01004582,100.0,100.0,100.0,100.0,200.0,3
E01004583,100.0,100.0,100.0,100.0,200.0,3
E01004584,100.0,100.0,100.0,100.0,200.0,3
E01004585,100.0,100.0,100.0,100.0,200.0,3
E01004586,100.0,100.0,100.0,100.0,200.0,3
E01004587,100.0,100.0,100.0,100.0,200.0,3
E01004588,100.0,100.0,100.0,100.0,200.0,3
E01004589,100.0,100.0,100.0,100.0,200.0,3
E01004590,100.0,100.0,100.0,100.0,200.0,3
E01004591,100.0,100.0,100.0,100.0,200.0,3
E01004592,100.0,100.0,100.0,100.0,200.0,3
E01004593,100.0,100.0,100.0,100.0,200.0,3
E01004594,100.0,100.0,100.0,100.0,200.0,3
E01004595,100.0,100.0,100.0,100.0,200.0,3
E01004596,100.0,100.0,100.0,100.0,200.0,3
E01004597,100.0,100.0,100.0,100.0,200.0,3
E01004598,100.0,100.0,100.0,100.0,200.0,3
E01004599,100.0,100.0,100.0,100.0,200.0,3
E01004600,100.0,100.0,100.0,100.0,200.0,3
E01004601,100.0,100.0,100.0,100.0,200.0,3
E01004602,100.0,100.0,100.0,100.0,200.0,3
E01004604,100.0,100.0,100.0,100.0,200.0,3
E01004605,100.0,100.0,100.0,100.0,200.0,3
E01004606,100.0,100.0,100.0,100.0,200.0,3
E01004607,100.0,100.0,100.0,100.0,200.0,3
E01004608,100.0,100.0,100.0,100.0,200.0,3
E01004609,100.0,100.0,100.0,100.0,200.0,3
E01004610,100.0,100.0,100.0,100.0,200.0,3
E01004611,100.0,100.0,100.0,100.0,200.0,3
E01004612,100.0,100.0,100.0,100.0,200.0,3
E01004613,100.0,100.0,100.0,100.0,200.0,3
E01004614,100.0,100.0,100.0,100.0,200.0,3
E01004615,100.0,100.0,100.0,100.0,200.0,3
E01004616,100.0,100.0,100.0,100.0,200.0,3
E01004617,100.0,100.0,100.0,100.0,200.0,3
E01004618,100.0,100.0,100.0,100.0,200.0,3
E01004619,100.0,100.0,100.0,100.0,200.0,3
E01004620,100.0,100.0,100.0,100.0,200.0,3
E01004621,100.0,100.0,100.0,100.0,200.0,3
E01004622,100.0,100.0,100.0,100.0,200.0,3
E01004623,100.0,100.0,100.0,100.0,200.0,3
E01004624,100.0,100.0,100.0,100.0,200.0,3
E01004625,100.0,100.0,100.0,100.0,200.0,3
E01004626,100.0,100.0,100.0,100.0,200.0,3
E01004627,100.0,100.0,100.0,100.0,200.0,3
E01004628,100.0,100.0,100.0,100.0,200.0,3
E01004629,100.0,100.0,100.0,100.0,200.0,3
E01004630,100.0,100.0,100.0,100.0,200.0,3
E01004631,100.0,100.0,100.0,100.0,200.0,3
E01004632,100.0,100.0,100.0,100.0,200.0,3
E01004633,100.0,100.0,100.0,100.0,200.0,3
E01004634,100.0,100.0,100.0,100.0,200.0,3
E01004635,100.0,100.0,100.0,100.0,200.0,3
E01004636,100.0,100.0,100.0,100.0,200.0,3
E01004637,100.0,100.0,100.0,100.0,200.0,3
E01004638,100.0,100.0,100.0,100.0,200.0,3
E01004639,100.0,100.0,100.0,100.0,200.0,3
E01004640,100.0,100.0,100.0,100.0,200.0,3
E01004641,100.0,100.0,100.0,100.0,200.0,3
E01004642,100.0,100.0,100.0,100.0,200.0,3
E01004643,100.0,100.0,100.0,100.0,200.0,3
E01004644,100.0,100.0,100.0,100.0,200.0,3
E01004645,100.0,100.0,100.0,100.0,200.0,3
E01004646,100.0,100.0,100.0,100.0,200.0,3
E01004647,100.0,100.0,100.0,100.0,200.0,3
E01004648,100.0,100.0,100.0,100.0,200.0,3
E01004649,100.0,100.0,100.0,100.0,200.0,3
E01004650,100.0,100.0,100.0,100.0,200.0,3
E01004651,100.0,100.0,100.0,100.0,200.0,3
E01004652,100.0,100.0,100.0,100.0,200.0,3
E01004653,100.0,100.0,100.0,100.0,200.0,3
E01004654,100.0,100.0,100.0,100.0,200.0,3
E01004656,100.0,100.0,100.0,100.0,200.0,3
E01004657,100.0,100.0,100.0,100.0,200.0,3
E01004658,100.0,100.0,100.0,100.0,200.0,3
E01004659,100.0,100.0,100.0,100.0,200.0,3
E01004660,100.0,100.0,100.0,100.0,200.0,3
E01004661,100.0,100.0,100.0,100.0,200.0,3
E01004662,100.0,100.0,100.0,100.0,200.0,3
E01004663,100.0,100.0,100.0,100.0,200.0,3
E01004665,100.0,100.0,100.0,100.0,200.0,3
E01004666,100.0,100.0,100.0,100.0,200.0,3
E01004667,100.0,100.0,100.0,100.0,200.0,3
E01004668,100.0,100.0,100.0,100.0,200.0,3
E01004669,100.0,100.0,100.0,100.0,200.0,3
E01004670,100.0,100.0,100.0,100.0,200.0,3
E01004674,100.0,100.0,100.0,100.0,200.0,3
E01004675,100.0,100.0,100.0,100.0,200.0,3
E01004676,100.0,100.0,100.0,100.0,200.0,3
E01004677,100.0,100.0,100.0,100.0,200.0,3
E01004678,100.0,100.0,100.0,100.0,200.0,3
E01004679,100.0,100.0,100.0,100.0,200.0,3
E01004680,100.0,100.0,100.0,100.0,200.0,3
E01004681,100.0,100.0,100.0,100.0,200.0,3
E01004682,100.0,100.0,100.0,100.0,200.0,3
E01004683,100.0,100.0,100.0,100.0,200.0,3
E01004684,100.0,100.0,100.0,100.0,200.0,3
E01004686,100.0,100.0,100.0,100.0,200.0,3
E01004687,100.0,100.0,100.0,100.0,200.0,3
E01004688,100.0,100.0,100.0,100.0,200.0,3
E01004689,100.0,100.0,100.0,100.0,200.0,3
E01004690,100.0,100.0,100.0,100.0,200.0,3
E01004691,100.0,100.0,100.0,100.0,200.0,3
E01004692,100.0,100.0,100.0,100.0,200.0,3
E01004693,100.0,100.0,100.0,100.0,200.0,3
E01004694,100.0,100.0,100.0,100.0,200.0,3
E01004695,100.0,100.0,100.0,100.0,200.0,3
E01004696,100.0,100.0,100.0,100.0,200.0,3
E01004697,100.0,100.0,100.0,100.0,200.0,3
E01004698,100.0,100.0,100.0,100.0,200.0,3
E01004699,100.0,100.0,100.0,100.0,200.0,3
E01004700,100.0,100.0,100.0,100.0,200.0,3
E01004701,100.0,100.0,100.0,100.0,200.0,3
E01004702,100.0,100.0,100.0,100.0,200.0,3
E01004703,100.0,100.0,100.0,100.0,200.0,3
E01004705,100.0,100.0,100.0,100.0,200.0,3
E01004706,100.0,100.0,100.0,100.0,200.0,3
E01004707,100.0,100.0,100.0,100.0,200.0,3
E01004708,100.0,100.0,100.0,100.0,200.0,3
E01004709,100.0,100.0,100.0,100.0,200.0,3
E01004710,100.0,100.0,100.0,100.0,200.0,3
E01004711,100.0,100.0,100.0,100.0,200.0,3
E01004712,100.0,100.0,100.0,100.0,200.0,3
E01004713,100.0,100.0,100.0,100.0,200.0,3
E01004714,100.0,100.0,100.0,100.0,200.0,3
E01004715,100.0,100.0,100.0,100.0,200.0,3
E01004716,100.0,100.0,100.0,100.0,200.0,3
E01004717,100.0,100.0,100.0,100.0,200.0,3
E01004718,100.0,100.0,100.0,100.0,200.0,3
E01004719,100.0,100.0,100.0,100.0,200.0,3
E01004720,100.0,100.0,100.0,100.0,200.0,3
E01004721,100.0,100.0,100.0,100.0,200.0,3
E01004722,100.0,100.0,100.0,100.0,200.0,3
E01004723,100.0,100.0,100.0,100.0,200.0,3
E01004724,100.0,100.0,100.0,100.0,200.0,3
E01004725,100.0,100.0,100.0,100.0,200.0,3
E01004726,100.0,100.0,100.0,100.0,200.0,3
E01004727,100.0,100.0,100.0,100.0,200.0,3
E01004728,100.0,100.0,100.0,100.0,200.0,3
E01004729,100.0,100.0,100.0,100.0,200.0,3
E01004730,100.0,100.0,100.0,100.0,200.0,3
E01004731,100.0,100.0,100.0,100.0,200.0,3
E01004732,100.0,100.0,100.0,100.0,200.0,3
E01004733,100.0,100.0,100.0,100.0,200.0,3
E01004734,100.0,100.0,100.0,100.0,200.0,3
E01004735,100.0,100.0,100.0,100.0,200.0,3
E01004736,100.0,100.0,100.0,100.0,200.0,3
E01004737,100.0,100.0,100.0,100.0,200.0,3
E01004738,100.0,100.0,100.0,100.0,200.0,3
E01004739,100.0,100.0,100.0,100.0,200.0,3
E01004740,100.0,100.0,100.0,100.0,200.0,3
E01004741,100.0,100.0,100.0,100.0,200.0,3
E01004742,100.0,100.0,100.0,100.0,200.0,3
E01004743,100.0,100.0,100.0,100.0,200.0,3
E01004744,100.0,100.0,100.0,100.0,200.0,3
E01004745,100.0,100.0,100.0,100.0,200.0,3
E01004746,100.0,100.0,100.0,100.0,200.0,3
E01004747,100.0,100.0,100.0,100.0,200.0,3
E01004748,100.0,100.0,100.0,100.0,200.0,3
E01004749,100.0,100.0,100.0,100.0,200.0,3
E01004750,100.0,100.0,100.0,100.0,200.0,3
E01004751,100.0,100.0,100.0,100.0,200.0,3
E01004752,100.0,100.0,100.0,100.0,200.0,3
E01004753,100.0,100.0,100.0,100.0,200.0,3
E01004754,100.0,100.0,100.0,100.0,200.0,3
E01004755,100.0,100.0,100.0,100.0,200.0,3
E01004756,100.0,100.0,100.0,100.0,200.0,3
E01004757,100.0,100.0,100.0,100.0,200.0,3
E01004760,100.0,100.0,100.0,100.0,200.0,3
E01004761,100.0,100.0,100.0,100.0,200.0,3
E01004762,100.0,100.0,100.0,100.0,200.0,3
E01004763,100.0,100.0,100.0,100.0,200.0,3
E01004765,100.0,100.0,100.0,100.0,200.0,3
E01032512,100.0,100.0,100.0,100.0,200.0,3
E01032513,100.0,100.0,100.0,100.0,200.0,3
E01032562,100.0,100.0,100.0,100.0,200.0,3
E01032563,100.0,100.0,100.0,100.0,200.0,3
E01032564,100.0,100.0,100.0,100.0,200.0,3
E01032565,100.0,100.0,100.0,100.0,200.0,3
E01032566,100.0,100.0,100.0,100.0,200.0,3
E01032567,100.0,100.0,100.0,100.0,200.0,3
E01032568,100.0,100.0,100.0,100.0,200.0,3
E01032569,100.0,100.0,100.0,100.0,200.0,3
E01032570,99.96,0.0,0.0,99.96,0.0,1
E01032572,100.0,100.0,100.0,100.0,200.0,3
E01032573,100.0,100.0,100.0,100.0,200.0,3
E01032574,100.0,100.0,100.0,100.0,200.0,3
E01032575,100.0,100.0,100.0,100.0,200.0,3
E01032576,100.0,100.0,100.0,100.0,200.0,3
E01032577,100.0,100.0,100.0,100.0,200.0,3
E01032579,100.0,100.0,100.0,100.0,200.0,3
E01032580,100.0,100.0,100.0,100.0,200.0,3
E01032581,100.0,100.0,100.0,100.0,200.0,3
E01032582,100.0,100.0,100.0,100.0,200.0,3
E01032583,100.0,100.0,100.0,100.0,200.0,3
E01032584,100.0,100.0,100.0,100.0,200.0,3
E01032623,100.0,100.0,0.0,100.0,100.0,2
E01032637,100.0,100.0,100.0,100.0,200.0,3
E01032638,100.0,100.0,100.0,100.0,200.0,3
E01032639,100.0,100.0,100.0,100.0,200.0,3
E01032640,100.0,100.0,100.0,100.0,200.0,3
E01032646,100.0,100.0,100.0,100.0,200.0,3
E01032719,100.0,100.0,100.0,100.0,200.0,3
E01032720,100.0,100.0,100.0,100.0,200.0,3
E01032722,100.0,100.0,100.0,100.0,200.0,3
E01032739,100.0,100.0,100.0,100.0,200.0,3
E01032740,100.0,100.0,100.0,100.0,200.0,3
E01032741,100.0,100.0,100.0,100.0,200.0,3
E01032742,100.0,97.41,100.0,100.0,197.41,3
E01032743,100.0,100.0,100.0,100.0,200.0,3
E01032744,100.0,100.0,100.0,100.0,200.0,3
E01032764,100.0,100.0,100.0,100.0,200.0,3
E01032765,100.0,100.0,100.0,100.0,200.0,3
E01032766,100.0,100.0,100.0,100.0,200.0,3
E01032767,100.0,100.0,100.0,100.0,200.0,3
E01032768,100.0,100.0,100.0,100.0,200.0,3
E01032769,100.0,100.0,100.0,100.0,200.0,3
E01032770,100.0,100.0,100.0,100.0,200.0,3
E01032771,100.0,100.0,100.0,100.0,200.0,3
E01032772,100.0,100.0,100.0,100.0,200.0,3
E01032773,100.0,100.0,100.0,100.0,200.0,3
E01032774,100.0,100.0,100.0,100.0,200.0,3
E01032775,100.0,100.0,100.0,100.0,200.0,3
E01032776,100.0,100.0,100.0,100.0,200.0,3
E01032777,100.0,100.0,100.0,100.0,200.0,3
E01032778,100.0,100.0,100.0,100.0,200.0,3
E01032779,100.0,100.0,100.0,100.0,200.0,3
E01032780,100.0,100.0,100.0,100.0,200.0,3
E01032781,100.0,100.0,100.0,100.0,200.0,3
E01032782,100.0,100.0,100.0,100.0,200.0,3
E01032783,100.0,100.0,100.0,100.0,200.0,3
E01032784,100.0,100.0,100.0,100.0,200.0,3
E01032785,100.0,100.0,100.0,100.0,200.0,3
E01032786,100.0,100.0,100.0,100.0,200.0,3
E01032787,100.0,100.0,100.0,100.0,200.0,3
E01032788,100.0,100.0,100.0,100.0,200.0,3
E01032789,100.0,100.0,100.0,100.0,200.0,3
E01032790,100.0,100.0,100.0,100.0,200.0,3
E01032803,100.0,100.0,100.0,100.0,200.0,3
E01032805,100.0,100.0,100.0,100.0,200.0,3
E01032834,100.0,100.0,100.0,100.0,200.0,3
E01033000,100.0,100.0,100.0,100.0,200.0,3
E01033030,100.0,100.0,100.0,100.0,200.0,3
E01033081,100.0,100.0,100.0,100.0,200.0,3
E01033082,100.0,100.0,100.0,100.0,200.0,3
E01033083,100.0,100.0,100.0,100.0,200.0,3
E01033084,100.0,100.0,100.0,100.0,200.0,3
E01033085,100.0,100.0,100.0,100.0,200.0,3
E01033086,100.0,100.0,100.0,100.0,200.0,3
E01033093,100.0,100.0,100.0,100.0,200.0,3
E01033098,100.0,100.0,100.0,100.0,200.0,3
E01033099,100.0,100.0,100.0,100.0,200.0,3
E01033100,100.0,100.0,100.0,100.0,200.0,3
E01033101,100.0,100.0,100.0,100.0,200.0,3
E01033132,100.0,100.0,100.0,100.0,200.0,3
E01033133,100.0,100.0,100.0,100.0,200.0,3
E01033135,100.0,100.0,100.0,100.0,200.0,3
E01033146,100.0,100.0,100.0,100.0,200.0,3
E01033148,100.0,100.0,0.0,100.0,100.0,2
E01033150,100.0,100.0,0.0,100.0,100.0,2
E01033151,100.0,100.0,100.0,100.0,200.0,3
E01033153,100.0,100.0,100.0,100.0,200.0,3
E01033207,100.0,100.0,100.0,100.0,200.0,3
E01033208,100.0,100.0,100.0,100.0,200.0,3
E01033320,100.0,100.0,100.0,100.0,200.0,3
E01033322,100.0,100.0,100.0,100.0,200.0,3
E01033324,100.0,100.0,100.0,100.0,200.0,3
E01033325,100.0,100.0,100.0,100.0,200.0,3
E01033327,100.0,100.0,100.0,100.0,200.0,3
E01033341,100.0,100.0,100.0,100.0,200.0,3
E01033424,100.0,100.0,100.0,100.0,200.0,3
E01033455,100.0,100.0,100.0,100.0,200.0,3
E01033456,100.0,100.0,100.0,100.0,200.0,3
E01033457,100.0,100.0,100.0,100.0,200.0,3
E01033463,100.0,100.0,100.0,100.0,200.0,3
E01033464,100.0,100.0,100.0,100.0,200.0,3
E01033485,100.0,100.0,100.0,100.0,200.0,3
E01033486,100.0,100.0,100.0,100.0,200.0,3
E01033487,100.0,100.0,100.0,100.0,200.0,3
E01033488,100.0,100.0,100.0,100.0,200.0,3
E01033489,100.0,100.0,100.0,100.0,200.0,3
E01033490,100.0,100.0,100.0,100.0,200.0,3
E01033491,100.0,100.0,100.0,100.0,200.0,3
E01033492,100.0,100.0,100.0,100.0,200.0,3
E01033493,100.0,100.0,100.0,100.0,200.0,3
E01033494,100.0,100.0,100.0,100.0,200.0,3
E01033568,100.0,100.0,100.0,100.0,200.0,3
E01033569,100.0,100.0,100.0,100.0,200.0,3
E01033570,100.0,100.0,100.0,100.0,200.0,3
E01033571,100.0,100.0,100.0,100.0,200.0,3
E01033572,100.0,100.0,100.0,100.0,200.0,3
E01033573,100.0,100.0,100.0,100.0,200.0,3
E01033574,100.0,100.0,100.0,100.0,200.0,3
E01033575,100.0,100.0,100.0,100.0,200.0,3
E01033576,100.0,100.0,100.0,100.0,200.0,3
E01033577,100.0,100.0,100.0,100.0,200.0,3
E01033578,100.0,100.0,100.0,100.0,200.0,3
E01033579,100.0,100.0,100.0,100.0,200.0,3
E01033580,100.0,100.0,100.0,100.0,200.0,3
E01033581,100.0,100.0,100.0,100.0,200.0,3
E01033582,100.0,100.0,100.0,100.0,200.0,3
E01033583,100.0,100.0,100.0,100.0,200.0,3
E01033584,100.0,100.0,100.0,100.0,200.0,3
E01033585,100.0,100.0,100.0,100.0,200.0,3
E01033586,100.0,100.0,100.0,100.0,200.0,3
E01033587,100.0,100.0,100.0,100.0,200.0,3
E01033588,100.0,100.0,100.0,100.0,200.0,3
E01033589,100.0,100.0,100.0,100.0,200.0,3
E01033590,100.0,100.0,100.0,100.0,200.0,3
E01033591,100.0,100.0,100.0,100.0,200.0,3
E01033592,100.0,100.0,100.0,100.0,200.0,3
E01033593,100.0,100.0,100.0,100.0,200.0,3
E01033594,100.0,100.0,100.0,100.0,200.0,3
E01033595,100.0,100.0,100.0,100.0,200.0,3
E01033596,100.0,100.0,100.0,100.0,200.0,3
E01033597,100.0,100.0,100.0,100.0,200.0,3
E01033598,100.0,100.0,100.0,100.0,200.0,3
E01033599,100.0,100.0,100.0,100.0,200.0,3
E01033600,100.0,100.0,100.0,100.0,200.0,3
E01033601,100.0,100.0,100.0,100.0,200.0,3
E01033602,100.0,100.0,100.0,100.0,200.0,3
E01033603,100.0,100.0,100.0,100.0,200.0,3
E01033604,100.0,100.0,100.0,100.0,200.0,3
E01033605,100.0,100.0,100.0,100.0,200.0,3
E01033606,100.0,100.0,100.0,100.0,200.0,3
E01033607,100.0,100.0,100.0,100.0,200.0,3
E01033608,100.0,100.0,100.0,100.0,200.0,3
E01033698,100.0,100.0,100.0,100.0,200.0,3
E01033699,100.0,100.0,100.0,100.0,200.0,3
E01033700,100.0,100.0,100.0,100.0,200.0,3
E01033701,100.0,100.0,100.0,100.0,200.0,3
E01033702,100.0,100.0,100.0,100.0,200.0,3
E01033703,100.0,100.0,100.0,100.0,200.0,3
E01033704,100.0,100.0,100.0,100.0,200.0,3
E01033705,100.0,100.0,100.0,100.0,200.0,3
E01033706,100.0,100.0,100.0,100.0,200.0,3
E01033707,100.0,100.0,100.0,100.0,200.0,3
E01033708,100.0,100.0,100.0,100.0,200.0,3
E01033709,100.0,100.0,100.0,100.0,200.0,3
E01033710,100.0,100.0,100.0,100.0,200.0,3
E01033711,100.0,100.0,100.0,100.0,200.0,3
E01033712,100.0,100.0,100.0,100.0,200.0,3
E01033713,100.0,100.0,100.0,100.0,200.0,3
E01033724,100.0,100.0,0.0,100.0,100.0,2
E01033725,100.0,100.0,0.0,100.0,100.0,2
E01033726,100.0,100.0,100.0,100.0,200.0,3
E01033727,100.0,100.0,100.0,100.0,200.0,3
E01033728,100.0,100.0,100.0,100.0,200.0,3
E01033729,100.0,100.0,100.0,100.0,200.0,3
E01033730,100.0,100.0,100.0,100.0,200.0,3
E01033731,100.0,100.0,100.0,100.0,200.0,3
E01033732,100.0,100.0,100.0,100.0,200.0,3
E01033733,100.0,100.0,100.0,100.0,200.0,3
E01033734,100.0,100.0,100.0,100.0,200.0,3
E01033735,100.0,100.0,100.0,100.0,200.0,3
E01033736,100.0,100.0,100.0,100.0,200.0,3
E01033737,100.0,100.0,100.0,100.0,200.0,3
E01033738,100.0,100.0,100.0,100.0,200.0,3
E01033739,100.0,100.0,100.0,100.0,200.0,3
E01033740,100.0,100.0,100.0,100.0,200.0,3
E01033741,100.0,100.0,100.0,100.0,200.0,3
E01033742,100.0,100.0,100.0,100.0,200.0,3
E01033743,100.0,100.0,100.0,100.0,200.0,3
E01033744,100.0,100.0,100.0,100.0,200.0,3
E01033745,100.0,100.0,100.0,100.0,200.0,3
E01033746,100.0,100.0,100.0,100.0,200.0,3
