"lsoa_code","express_coverage","extra_coverage","superstore_coverage","total_coverage","overlap_index","unique_types","lisa_quad","cluster"
"E01000001",100.000000000007,0,0,100.000000000007,0,1,"High-High","3"
"E01000002",99.9999999999589,0,0,99.9999999999589,0,1,"High-High","3"
"E01000003",99.9999999999288,0,0,99.9999999999288,0,1,"High-High","3"
"E01000005",100.000000000035,0,0,100.000000000035,0,1,"High-High","3"
"E01000006",99.9999999999754,0,49.2655938161942,99.9999999999754,49.2655938161942,2,"High-High","2"
"E01000007",100.000000000005,0,100.000000000005,100.000000000005,100.000000000005,2,"High-High","2"
"E01000008",99.9999999999864,0,99.9999999999864,99.9999999999864,99.9999999999864,2,"High-High","2"
"E01000009",99.999999999956,0,99.999999999956,99.999999999956,99.999999999956,2,"High-High","2"
"E01000010",100.000000000002,0,100.000000000002,100.000000000002,100.000000000002,2,"High-High","2"
"E01000011",100.000000000009,0,100.000000000009,100.000000000009,100.000000000009,2,"High-High","2"
"E01000012",99.9999999999932,0,99.9999999999932,99.9999999999932,99.9999999999932,2,"High-High","2"
"E01000013",100.000000000012,0,0,100.000000000012,0,1,"High-High","3"
"E01000014",100.000000000003,0,0,100.000000000003,0,1,"High-High","3"
"E01000015",100.000000000018,0,0,100.000000000018,0,1,"High-High","3"
"E01000016",99.9999999999972,0,0,99.9999999999972,0,1,"High-High","3"
"E01000017",100.000000000011,0,0,100.000000000011,0,1,"High-High","3"
"E01000018",99.9999999999529,0,0,99.9999999999529,0,1,"High-High","3"
"E01000019",99.9999999999642,87.1657842887178,0,99.9999999999642,87.1657842887178,2,"High-High","1"
"E01000020",98.8034804438248,14.7565833227082,0,98.8034804438248,14.7565833227082,2,"High-High","3"
"E01000021",86.4518577955766,26.0199199300722,0,86.4518577955766,26.0199199300722,2,"High-High","3"
"E01000022",99.9999999999674,0,0,99.9999999999674,0,1,"High-High","3"
"E01000023",9.33497709982489,0,0,9.33497709982489,0,1,"High-High","3"
"E01000024",35.4790798794158,0,0,35.4790798794158,0,1,"High-High","3"
"E01000025",0,0,0,0,0,0,"High-High","3"
"E01000027",3.10014328621042,0,10.3828139470284,13.4829572332388,1.77635683940025e-15,2,"High-High","3"
"E01000028",0.0249208585115104,0,0,0.0249208585115104,0,1,"High-High","3"
"E01000029",82.1661620524613,0,0,82.1661620524613,0,1,"High-High","3"
"E01000030",16.5408800840457,0,0,16.5408800840457,0,1,"High-High","3"
"E01000031",65.869054381787,0,0,65.869054381787,0,1,"High-High","3"
"E01000032",99.9999999999953,0,0,99.9999999999953,0,1,"High-High","3"
"E01000033",99.9999999999955,0,0,99.9999999999955,0,1,"High-High","3"
"E01000034",27.5789923731341,4.47709627594568,0,32.0560886490797,0,2,"High-High","3"
"E01000035",100.000000000016,0,0,100.000000000016,0,1,"High-High","3"
"E01000036",99.9999999999917,0,0,99.9999999999917,0,1,"High-High","3"
"E01000037",0.291696706807215,91.6926436006935,0,91.6926436006935,0.291696706807215,2,"High-High","1"
"E01000038",0,30.5120780524219,0,30.5120780524219,0,1,"High-High","3"
"E01000039",60.8523038546533,14.1121273371659,0,72.8128589229791,2.1515722688401,2,"High-High","3"
"E01000040",100.000000000041,0,0,100.000000000041,0,1,"High-High","3"
"E01000041",95.7119220463728,0,0,95.7119220463728,0,1,"High-High","3"
"E01000042",100.000000000012,0,0,100.000000000012,0,1,"High-High","3"
"E01000043",100.000000000003,0,0,100.000000000003,0,1,"High-High","3"
"E01000044",99.9999999999982,0,27.7279794885843,99.9999999999982,27.7279794885843,2,"High-High","3"
"E01000045",99.9999999999942,0,0,99.9999999999942,0,1,"High-High","3"
"E01000046",97.1457061588149,0,0,97.1457061588149,0,1,"High-High","3"
"E01000048",99.9999999999838,0,99.723923289478,99.9999999999838,99.723923289478,2,"High-High","2"
"E01000049",99.9999999999825,1.63120429959833,44.7342207078148,99.9999999999825,46.3654250074131,3,"High-High","3"
"E01000050",100.000000000009,0,93.4752374691561,100.000000000009,93.4752374691561,2,"High-High","2"
"E01000051",100.000000000041,0,100.000000000041,100.000000000041,100.000000000041,2,"High-High","2"
"E01000052",100.000000000012,0,2.82699700487469,100.000000000012,2.8269970048747,2,"High-High","3"
"E01000053",98.6459839957805,0,0,98.6459839957805,0,1,"High-High","3"
"E01000054",55.5103342496377,0,0,55.5103342496377,0,1,"High-High","3"
"E01000055",5.00783990972201,0,0,5.00783990972201,0,1,"High-High","3"
"E01000056",80.0006577248055,0,0,80.0006577248055,0,1,"High-High","3"
"E01000057",12.8341948583334,0,0,12.8341948583334,0,1,"High-High","3"
"E01000058",99.9999999999993,0,0,99.9999999999993,0,1,"High-High","3"
"E01000059",99.999999999994,0,0,99.999999999994,0,1,"High-High","3"
"E01000060",95.4907803427738,0,0,95.4907803427738,0,1,"High-High","3"
"E01000061",46.387564679469,0,0,46.387564679469,0,1,"High-High","3"
"E01000062",100.000000000001,0,0,100.000000000001,0,1,"High-High","3"
"E01000063",100.000000000005,0,0,100.000000000005,0,1,"High-High","3"
"E01000064",99.9999999999399,0,0,99.9999999999399,0,1,"High-High","3"
"E01000065",99.9999999999983,0,0,99.9999999999983,0,1,"High-High","3"
"E01000066",20.1598870353385,0,0,20.1598870353385,0,1,"High-High","3"
"E01000067",0.0122682113690806,0,0,0.0122682113690806,0,1,"High-High","3"
"E01000068",99.999999999975,0,13.752710203028,99.999999999975,13.752710203028,2,"High-High","3"
"E01000069",70.9660376927619,0,0,70.9660376927619,0,1,"High-High","3"
"E01000070",64.4892851811479,0,0,64.4892851811479,0,1,"High-High","3"
"E01000071",99.9999999999957,0,0,99.9999999999957,0,1,"High-High","3"
"E01000072",79.6109256702131,0,0,79.6109256702131,0,1,"High-High","3"
"E01000073",0.0253348647325803,0,0,0.0253348647325803,0,1,"High-High","3"
"E01000074",0,0,0,0,0,0,"High-High","3"
"E01000075",14.6504538613681,0,0,14.6504538613681,0,1,"High-High","3"
"E01000076",21.0069092130577,0,0,21.0069092130577,0,1,"High-High","3"
"E01000077",0,0,0,0,0,0,"High-High","3"
"E01000078",10.9678303962312,0,0,10.9678303962312,0,1,"High-High","3"
"E01000079",98.4526600032205,0,0,98.4526600032205,0,1,"High-High","3"
"E01000080",21.2588919102679,0,0,21.2588919102679,0,1,"High-High","3"
"E01000081",98.9953235727012,0,0,98.9953235727012,0,1,"High-High","3"
"E01000082",92.3023727805096,0,0,92.3023727805096,0,1,"High-High","3"
"E01000083",73.6712589810768,0,0,73.6712589810768,0,1,"High-High","3"
"E01000084",99.9999999999892,0,0,99.9999999999892,0,1,"High-High","3"
"E01000085",100.000000000012,0,0,100.000000000012,0,1,"High-High","3"
"E01000086",99.9999999999957,0,0,99.9999999999957,0,1,"High-High","3"
"E01000087",53.0980177669574,0,0,53.0980177669574,0,1,"High-High","3"
"E01000088",97.9991784672255,0,0,97.9991784672255,0,1,"High-High","3"
"E01000089",12.1878138809012,0,0,12.1878138809012,0,1,"High-High","3"
"E01000090",0.474616285555879,0,0,0.474616285555879,0,1,"High-High","3"
"E01000091",100.000000000016,0,0,100.000000000016,0,1,"High-High","3"
"E01000092",29.7519875861982,1.43992237094471,0.187915842321357,30.3646488160208,1.01517698344342,3,"High-High","3"
"E01000093",100.000000000026,0,0,100.000000000026,0,1,"High-High","3"
"E01000094",40.5098064669737,0,0,40.5098064669737,0,1,"High-High","3"
"E01000095",9.31267567323884,0,0,9.31267567323884,0,1,"High-High","3"
"E01000096",87.8823615707531,0,0,87.8823615707531,0,1,"High-High","3"
"E01000097",100.000000000037,52.5084720296013,0,100.000000000037,52.5084720296013,2,"High-High","1"
"E01000098",100.000000000047,50.9703764572873,0,100.000000000047,50.9703764572873,2,"High-High","1"
"E01000099",100.00000000001,0,0,100.00000000001,0,1,"High-High","3"
"E01000100",78.7862685537011,0,0,78.7862685537011,0,1,"High-High","3"
"E01000101",99.9222554972248,0,0,99.9222554972248,0,1,"High-High","3"
"E01000102",96.300034263961,0,0,96.300034263961,0,1,"High-High","3"
"E01000103",83.0626620084506,0,0,83.0626620084506,0,1,"High-High","3"
"E01000104",100.000000000012,0,0,100.000000000012,0,1,"High-High","3"
"E01000105",100.000000000003,0,0,100.000000000003,0,1,"High-High","3"
"E01000106",100.000000000006,0,0,100.000000000006,0,1,"High-High","3"
"E01000107",99.0275986654554,0,0,99.0275986654554,0,1,"High-High","3"
"E01000108",99.9999999999998,0,0,99.9999999999998,0,1,"High-High","3"
"E01000109",94.3035372596128,0,0,94.3035372596128,0,1,"High-High","3"
"E01000110",99.9999999999641,0,0,99.9999999999641,0,1,"High-High","3"
"E01000111",99.9836226692707,0,0,99.9836226692707,0,1,"High-High","3"
"E01000112",100.000000000011,1.196188098252,0,100.000000000011,1.19618809825201,2,"High-High","3"
"E01000113",100.000000000006,0.0283702451939542,0,100.000000000006,0.0283702451939547,2,"High-High","3"
"E01000114",37.4979789164789,0,0,37.4979789164789,0,1,"High-High","3"
"E01000115",100.000000000009,0,0,100.000000000009,0,1,"High-High","3"
"E01000116",99.9999999999887,0,0,99.9999999999887,0,1,"High-High","3"
"E01000117",99.9999999999893,0,0,99.9999999999893,0,1,"High-High","3"
"E01000118",100.000000000007,0,0,100.000000000007,0,1,"High-High","3"
"E01000119",99.9999999999908,0,0,99.9999999999908,0,1,"High-High","3"
"E01000120",100.000000000015,0,0,100.000000000015,0,1,"High-High","3"
"E01000121",100.000000000023,0,0,100.000000000023,0,1,"High-High","3"
"E01000122",100.000000000015,0,0,100.000000000015,0,1,"High-High","3"
"E01000123",84.493998181252,0,0,84.493998181252,0,1,"High-High","3"
"E01000124",70.3350827001577,4.35465711919291,0,70.3350827001577,4.35465711919291,2,"High-High","3"
"E01000125",90.8740669841359,0,0,90.8740669841359,0,1,"High-High","3"
"E01000126",100.000000000022,0,0,100.000000000022,0,1,"High-High","3"
"E01000127",31.9506159117002,0,0,31.9506159117002,0,1,"High-High","3"
"E01000128",60.2790441074367,0,0,60.2790441074367,0,1,"High-High","3"
"E01000129",70.0693437796082,0,0,70.0693437796082,0,1,"High-High","3"
"E01000130",77.5350126608078,0,0,77.5350126608078,0,1,"High-High","3"
"E01000131",89.7119548192144,0,0,89.7119548192144,0,1,"High-High","3"
"E01000132",94.4902443996781,0,0,94.4902443996781,0,1,"High-High","3"
"E01000133",99.9999999999961,0,0,99.9999999999961,0,1,"High-High","3"
"E01000134",67.613839273519,0,0,67.613839273519,0,1,"High-High","3"
"E01000135",99.9999999999844,0,67.8405086237031,99.9999999999844,67.840508623703,2,"High-High","2"
"E01000136",91.565181581175,0,0,91.565181581175,0,1,"High-High","3"
"E01000137",99.9999999999733,0,4.57785979304773,99.9999999999733,4.57785979304772,2,"High-High","3"
"E01000138",100.00000000001,0,39.9677018916822,100.00000000001,39.9677018916823,2,"High-High","3"
"E01000139",100.000000000016,0,0,100.000000000016,0,1,"High-High","3"
"E01000140",100.000000000024,0,0,100.000000000024,0,1,"High-High","3"
"E01000141",100.000000000015,0,8.61004739044693,100.000000000015,8.61004739044694,2,"High-High","3"
"E01000142",99.9999999999275,0,19.4300604119771,99.9999999999275,19.4300604119771,2,"High-High","3"
"E01000143",99.9999999999795,0,0,99.9999999999795,0,1,"High-High","3"
"E01000144",100.000000000008,0,85.6900330380806,100.000000000008,85.6900330380806,2,"High-High","2"
"E01000145",100.000000000006,0,100.000000000006,100.000000000006,100.000000000006,2,"High-High","2"
"E01000146",100.000000000025,0,46.7868357244108,100.000000000025,46.7868357244108,2,"High-High","2"
"E01000147",99.999999999984,0,0,99.999999999984,0,1,"High-High","3"
"E01000148",99.9999999999966,0,0,99.9999999999966,0,1,"High-High","3"
"E01000150",92.1093649465919,0,0,92.1093649465919,0,1,"High-High","3"
"E01000151",100.000000000004,0,0,100.000000000004,0,1,"High-High","3"
"E01000152",100.000000000034,0,0,100.000000000034,0,1,"High-High","3"
"E01000153",99.9999999999369,0,0,99.9999999999369,0,1,"High-High","3"
"E01000154",100.000000000032,0,0,100.000000000032,0,1,"High-High","3"
"E01000155",100.00000000001,0,0,100.00000000001,0,1,"High-High","3"
"E01000156",0,100.000000000023,0,100.000000000023,0,1,"High-High","1"
"E01000157",7.62715415793136,99.9999999999556,0,99.9999999999556,7.62715415793136,2,"High-High","1"
"E01000158",99.9999999999858,56.6649485273958,0,99.9999999999858,56.6649485273958,2,"High-High","1"
"E01000159",99.9999999999946,36.5854069563453,0,99.9999999999946,36.5854069563453,2,"High-High","3"
"E01000160",90.6281459433812,99.5854768764267,0,100.000000000014,90.2136228197944,2,"High-High","1"
"E01000161",99.9999999999932,99.9999999999932,0,99.9999999999932,99.9999999999932,2,"High-High","1"
"E01000162",99.9999999999897,99.9999999999897,0,99.9999999999897,99.9999999999897,2,"High-High","1"
"E01000163",77.851661134578,99.9999999999692,0,99.9999999999692,77.851661134578,2,"High-High","1"
"E01000164",81.5183054242596,99.999999999995,0,99.999999999995,81.5183054242596,2,"High-High","1"
"E01000165",99.9999999999755,99.9999999999755,0,99.9999999999755,99.9999999999755,2,"High-High","1"
"E01000166",87.2070590856802,0,0,87.2070590856802,0,1,"High-High","3"
"E01000167",68.24327009658,0,0,68.24327009658,0,1,"High-High","3"
"E01000168",99.9999999999985,0,0,99.9999999999985,0,1,"High-High","3"
"E01000169",99.9999999999771,0,0,99.9999999999771,0,1,"High-High","3"
"E01000170",100.00000000001,0,0,100.00000000001,0,1,"High-High","3"
"E01000171",99.999999999998,0,0,99.999999999998,0,1,"High-High","3"
"E01000172",97.9286326557379,0,0,97.9286326557379,0,1,"High-High","3"
"E01000173",99.9999999999997,0,0,99.9999999999997,0,1,"High-High","3"
"E01000174",99.9999999999819,0,0,99.9999999999819,0,1,"High-High","3"
"E01000175",99.9999999999991,0,0,99.9999999999991,0,1,"High-High","3"
"E01000176",2.39363185838255,0,58.5211887208177,60.9148205792002,0,2,"High-High","2"
"E01000177",100.000000000015,0,0,100.000000000015,0,1,"High-High","3"
"E01000178",92.0970542417929,14.7353946061034,0,98.9427347751411,7.88971407275514,2,"High-High","3"
"E01000179",71.3745880852295,0,1.97970982315915,73.3542979083887,1.4210854715202e-14,2,"High-High","3"
"E01000180",99.9999999999839,0,0,99.9999999999839,0,1,"High-High","3"
"E01000181",99.9999999999912,0,0,99.9999999999912,0,1,"High-High","3"
"E01000182",99.9999999999665,0,0,99.9999999999665,0,1,"High-High","3"
"E01000183",100.000000000012,0,0,100.000000000012,0,1,"High-High","3"
"E01000184",33.276667092089,71.1444225318632,2.18640221028506,74.0785111660721,32.5289806681651,3,"High-High","1"
"E01000185",89.048585986047,0,0,89.048585986047,0,1,"High-High","3"
"E01000186",99.999999999996,0,0,99.999999999996,0,1,"High-High","3"
"E01000187",100.000000000022,0,0,100.000000000022,0,1,"High-High","3"
"E01000188",73.7738251783798,0,0,73.7738251783798,0,1,"High-High","3"
"E01000189",99.9999999999755,0,0,99.9999999999755,0,1,"High-High","3"
"E01000190",100.000000000004,0,0,100.000000000004,0,1,"High-High","3"
"E01000191",100.000000000011,0,0,100.000000000011,0,1,"High-High","3"
"E01000192",100.000000000031,0,0,100.000000000031,0,1,"High-High","3"
"E01000193",100.000000000031,0,0,100.000000000031,0,1,"High-High","3"
"E01000194",99.9999999999986,0,0,99.9999999999986,0,1,"High-High","3"
"E01000195",100.000000000005,0,0,100.000000000005,0,1,"High-High","3"
"E01000196",0,0,100.000000000019,100.000000000019,0,1,"High-High","2"
"E01000197",0,0,100.000000000004,100.000000000004,0,1,"High-High","2"
"E01000198",69.4759920150306,0,0,69.4759920150306,0,1,"High-High","3"
"E01000199",0,0,72.6654897629868,72.6654897629868,0,1,"High-High","2"
"E01000200",0.799779383318542,0,63.5077680239573,64.3075474072759,0,2,"High-High","2"
"E01000201",55.392300898271,0,3.76995978525141,59.1622606835224,0,2,"High-High","3"
"E01000202",0,0,97.5352222818621,97.5352222818621,0,1,"High-High","2"
"E01000203",0.0132744063127559,0,50.2536907610149,50.2669651673276,0,2,"High-High","3"
"E01000204",0,0,99.9999999999951,99.9999999999951,0,1,"High-High","2"
"E01000205",0,0,0,0,0,0,"High-High","3"
"E01000206",42.2827198589418,0,0,42.2827198589418,0,1,"High-High","3"
"E01000207",38.6399259755312,0,0,38.6399259755312,0,1,"High-High","3"
"E01000208",100,0,0,100,0,1,"High-High","3"
"E01000209",65.2884747169949,0,0,65.2884747169949,0,1,"High-High","3"
"E01000210",33.7412316793275,0,8.40269360580959,42.1439252851371,0,2,"High-High","3"
"E01000211",37.0921534803903,0,0.00177521182356575,37.0921534803903,0.00177521182356344,2,"High-High","3"
"E01000212",100.000000000003,0,0,100.000000000003,0,1,"High-High","3"
"E01000213",41.5375501805281,0,0,41.5375501805281,0,1,"High-High","3"
"E01000214",99.9999999999726,0,0,99.9999999999726,0,1,"High-High","3"
"E01000215",99.9999999999974,0,99.9999999999974,99.9999999999974,99.9999999999974,2,"High-High","2"
"E01000216",100.000000000009,0,86.3714844102094,100.000000000009,86.3714844102094,2,"High-High","2"
"E01000217",94.6730114955254,0,45.2586957443509,94.6730114955254,45.2586957443509,2,"High-High","3"
"E01000218",99.9999999999741,0,99.9999999999741,99.9999999999741,99.9999999999741,2,"High-High","2"
"E01000219",100.000000000003,0,100.000000000003,100.000000000003,100.000000000003,2,"High-High","2"
"E01000220",100.000000000029,0,100.000000000029,100.000000000029,100.000000000029,2,"High-High","2"
"E01000221",77.1878931997738,0,100.000000000024,100.000000000024,77.1878931997738,2,"High-High","2"
"E01000222",94.0595953663063,0,99.9999999999765,99.9999999999765,94.0595953663063,2,"High-High","2"
"E01000223",64.2507391408244,0,97.6788701795718,99.9588109055774,61.9707984148188,2,"High-High","2"
"E01000224",100.000000000019,0,99.8688093210658,100.000000000019,99.8688093210658,2,"High-High","2"
"E01000225",80.3152287040547,0,19.7574662832242,80.3152287040547,19.7574662832242,2,"High-High","3"
"E01000226",99.9999999999823,0,0,99.9999999999823,0,1,"High-High","3"
"E01000227",99.9999999999934,0,0,99.9999999999934,0,1,"High-High","3"
"E01000228",27.6301238729512,0,0,27.6301238729512,0,1,"High-High","3"
"E01000229",99.9999999999994,0,0,99.9999999999994,0,1,"High-High","3"
"E01000230",99.9999999999807,0,0,99.9999999999807,0,1,"High-High","3"
"E01000231",99.9999999999984,0,0,99.9999999999984,0,1,"High-High","3"
"E01000232",99.9999999999925,0,0,99.9999999999925,0,1,"High-High","3"
"E01000233",100.000000000013,0,0,100.000000000013,0,1,"High-High","3"
"E01000234",100.000000000025,0,0,100.000000000025,0,1,"High-High","3"
"E01000235",100.000000000013,0,0,100.000000000013,0,1,"High-High","3"
"E01000236",99.9999999999951,0,65.3461790242015,99.9999999999951,65.3461790242015,2,"High-High","2"
"E01000237",100.000000000007,0,20.6514800209385,100.000000000007,20.6514800209385,2,"High-High","3"
"E01000238",99.9999999999862,0,0,99.9999999999862,0,1,"High-High","3"
"E01000239",99.9999999999986,0,0,99.9999999999986,0,1,"High-High","3"
"E01000240",95.6598465259166,0,0,95.6598465259166,0,1,"High-High","3"
"E01000241",99.9999999999978,0,0,99.9999999999978,0,1,"High-High","3"
"E01000242",100.000000000014,0,0,100.000000000014,0,1,"High-High","3"
"E01000243",100.000000000002,0,0,100.000000000002,0,1,"High-High","3"
"E01000244",99.9999999999889,0,0,99.9999999999889,0,1,"High-High","3"
"E01000245",100.00000000001,0,0,100.00000000001,0,1,"High-High","3"
"E01000246",65.3328607541475,0,0,65.3328607541475,0,1,"High-High","3"
"E01000247",96.8644820690865,0,0,96.8644820690865,0,1,"High-High","3"
"E01000248",99.9999999999819,0,0,99.9999999999819,0,1,"High-High","3"
"E01000249",62.8542417409842,0,0,62.8542417409842,0,1,"High-High","3"
"E01000250",99.9999999999946,0,0,99.9999999999946,0,1,"High-High","3"
"E01000251",100.000000000004,0,0,100.000000000004,0,1,"High-High","3"
"E01000252",99.9999999999976,0,0,99.9999999999976,0,1,"High-High","3"
"E01000253",0.0122713736193605,0.00577166440621463,0,0.0180430380255751,3.46944695195361e-18,2,"High-High","3"
"E01000254",50.1327784778485,0,0,50.1327784778485,0,1,"High-High","3"
"E01000255",13.5203628832899,0,0,13.5203628832899,0,1,"High-High","3"
"E01000256",80.911820259922,0,0,80.911820259922,0,1,"High-High","3"
"E01000257",0,0,57.2734888106051,57.2734888106051,0,1,"High-High","2"
"E01000258",100.000000000009,0,0,100.000000000009,0,1,"High-High","3"
"E01000259",0,0,4.52307265358697,4.52307265358697,0,1,"High-High","3"
"E01000260",72.6600846080764,0,0,72.6600846080764,0,1,"High-High","3"
"E01000261",44.0527127879773,0,0,44.0527127879773,0,1,"High-High","3"
"E01000262",0,0,7.15455571261052,7.15455571261052,0,1,"High-High","3"
"E01000263",100.000000000002,0,0,100.000000000002,0,1,"High-High","3"
"E01000264",99.9999999999922,0,0,99.9999999999922,0,1,"High-High","3"
"E01000265",100.000000000012,0,0,100.000000000012,0,1,"High-High","3"
"E01000266",100.000000000006,0,0,100.000000000006,0,1,"High-High","3"
"E01000267",99.9999999999665,0,0,99.9999999999665,0,1,"High-High","3"
"E01000268",100.000000000022,0,0,100.000000000022,0,1,"High-High","3"
"E01000269",100.000000000027,0,0,100.000000000027,0,1,"High-High","3"
"E01000270",99.999999999979,0,0,99.999999999979,0,1,"High-High","3"
"E01000271",90.7731355979897,0,0,90.7731355979897,0,1,"High-High","3"
"E01000272",94.3929719587543,0,0,94.3929719587543,0,1,"High-High","3"
"E01000273",86.2243698556389,0,0,86.2243698556389,0,1,"High-High","3"
"E01000274",99.9999999999948,0,0,99.9999999999948,0,1,"High-High","3"
"E01000275",99.9999999999928,0,0,99.9999999999928,0,1,"High-High","3"
"E01000276",22.9828373561421,0,0,22.9828373561421,0,1,"High-High","3"
"E01000277",100.000000000007,0,0,100.000000000007,0,1,"High-High","3"
"E01000278",45.5502761067067,0,49.0337793829925,71.4502917211342,23.133763768565,2,"High-High","2"
"E01000279",7.89118550674063,0,0,7.89118550674063,0,1,"High-High","3"
"E01000280",25.7685135370664,0,0,25.7685135370664,0,1,"High-High","3"
"E01000281",94.6209573871241,0,0,94.6209573871241,0,1,"High-High","3"
"E01000282",25.7400358574048,0,0,25.7400358574048,0,1,"High-High","3"
"E01000283",25.0963153399395,0,0,25.0963153399395,0,1,"High-High","3"
"E01000284",98.9482788234313,0,0,98.9482788234313,0,1,"High-High","3"
"E01000285",86.0892502577157,0,0,86.0892502577157,0,1,"High-High","3"
"E01000286",25.2984201817309,0,0,25.2984201817309,0,1,"High-High","3"
"E01000287",4.16990789176183,0,0,4.16990789176183,0,1,"High-High","3"
"E01000288",100.000000000008,0,0,100.000000000008,0,1,"High-High","3"
"E01000289",99.999999999989,0,0,99.999999999989,0,1,"High-High","3"
"E01000290",0,0,0,0,0,0,"High-High","3"
"E01000291",80.0100643916971,0,0,80.0100643916971,0,1,"High-High","3"
"E01000292",99.9999999999819,0,0,99.9999999999819,0,1,"High-High","3"
"E01000293",99.999999999992,0,0,99.999999999992,0,1,"High-High","3"
"E01000294",100.000000000026,0,0,100.000000000026,0,1,"High-High","3"
"E01000295",0,0,99.9999999999774,99.9999999999774,0,1,"High-High","2"
"E01000296",0,0,99.9999999999921,99.9999999999921,0,1,"High-High","2"
"E01000297",0,0,100.000000000015,100.000000000015,0,1,"High-High","2"
"E01000298",22.9048992286621,0,100.00000000005,100.00000000005,22.9048992286621,2,"High-High","2"
"E01000299",99.999999999999,0,1.24156883511802,99.999999999999,1.24156883511802,2,"High-High","3"
"E01000300",100.000000000007,0,1.18755341736799,100.000000000007,1.18755341736799,2,"High-High","3"
"E01000301",96.4577678419945,0,91.6988902971725,100.000000000002,88.1566581391648,2,"High-High","2"
"E01000302",99.9999999999757,0,85.3048401869792,99.9999999999757,85.3048401869792,2,"High-High","2"
"E01000303",18.2752691463359,0,99.9999999999527,99.9999999999527,18.2752691463359,2,"High-High","2"
"E01000304",0,0,99.9999999999876,99.9999999999876,0,1,"High-High","2"
"E01000305",50.2795841492447,0,2.81761207023276,51.1014262151746,1.99577000430286,2,"High-High","3"
"E01000306",100.000000000018,0,0,100.000000000018,0,1,"High-High","3"
"E01000307",99.9999758369827,0,92.3231247518373,99.9999999999846,92.3231005888354,2,"High-High","2"
"E01000308",18.2736972113437,0,0,18.2736972113437,0,1,"High-High","3"
"E01000309",99.999999999992,0,0,99.999999999992,0,1,"High-High","3"
"E01000310",100.000000000016,0,94.9220741361968,100.000000000016,94.9220741361968,2,"High-High","2"
"E01000311",100.000000000006,0,100.000000000006,100.000000000006,100.000000000006,2,"High-High","2"
"E01000312",0.0386439562492455,0,0,0.0386439562492455,0,1,"High-High","3"
"E01000313",99.9998543642952,0,0,99.9998543642952,0,1,"High-High","3"
"E01000314",99.999999999998,0,32.1512543693896,99.999999999998,32.1512543693896,2,"High-High","3"
"E01000315",99.5837716039217,99.9999999999893,0,99.9999999999893,99.5837716039217,2,"High-High","1"
"E01000316",56.2558776543494,18.0412763380529,58.1192261842866,88.1774000588406,44.2389801178483,3,"High-High","2"
"E01000317",99.5137603180705,0,88.8616257820067,100.000000000003,88.3753861000739,2,"High-High","2"
"E01000318",100.000000000003,55.2220258782147,3.70520938231389,100.000000000003,58.9272352605285,3,"High-High","1"
"E01000319",11.0340574429755,0,99.9999999999964,99.9999999999964,11.0340574429755,2,"High-High","2"
"E01000320",100.000000000033,0,0,100.000000000033,0,1,"High-High","3"
"E01000321",100.000000000021,0,0,100.000000000021,0,1,"High-High","3"
"E01000322",99.9999999999835,6.75323468906568,0,99.9999999999835,6.75323468906568,2,"High-High","3"
"E01000323",99.9999999999757,0.142306858533218,0,99.9999999999757,0.142306858533217,2,"High-High","3"
"E01000324",99.9999999999945,93.5208694739484,0,99.9999999999945,93.5208694739484,2,"High-High","1"
"E01000325",26.3776586091338,0,0,26.3776586091338,0,1,"High-High","3"
"E01000326",48.8026256986437,0,0,48.8026256986437,0,1,"High-High","3"
"E01000327",12.6767338467219,0,0,12.6767338467219,0,1,"High-High","3"
"E01000329",0,0,0,0,0,0,"High-High","3"
"E01000330",0,0,0,0,0,0,"High-High","3"
"E01000331",0,0,0,0,0,0,"High-High","3"
"E01000332",13.5627644397288,0,0,13.5627644397288,0,1,"High-High","3"
"E01000333",15.2474178709503,0,0,15.2474178709503,0,1,"High-High","3"
"E01000334",0,0,0,0,0,0,"High-High","3"
"E01000335",0,0,0,0,0,0,"High-High","3"
"E01000336",0,0,0,0,0,0,"High-High","3"
"E01000337",0,0,0,0,0,0,"High-High","3"
"E01000338",0,0,0,0,0,0,"High-High","3"
"E01000339",24.642939371932,0,0,24.642939371932,0,1,"High-High","3"
"E01000340",89.7106561080458,0,0,89.7106561080458,0,1,"High-High","3"
"E01000341",100.000000000003,0,0,100.000000000003,0,1,"High-High","3"
"E01000342",95.0631168425061,0,0,95.0631168425061,0,1,"High-High","3"
"E01000343",100.000000000017,0,0,100.000000000017,0,1,"High-High","3"
"E01000344",21.0526336910425,0,0,21.0526336910425,0,1,"High-High","3"
"E01000345",90.6472335656681,0,0,90.6472335656681,0,1,"High-High","3"
"E01000346",99.9999999999874,0,0,99.9999999999874,0,1,"High-High","3"
"E01000347",100.000000000041,0,0,100.000000000041,0,1,"High-High","3"
"E01000348",0,0,0,0,0,0,"High-High","3"
"E01000349",0,0,0,0,0,0,"High-High","3"
"E01000350",99.9999999999647,0,0,99.9999999999647,0,1,"High-High","3"
"E01000351",75.0375469285497,0,0,75.0375469285497,0,1,"High-High","3"
"E01000352",87.3240355304016,0,12.4498807896216,87.3240355304016,12.4498807896216,2,"High-High","3"
"E01000353",22.1564424735686,0,0,22.1564424735686,0,1,"High-High","3"
"E01000354",0,0,0,0,0,0,"High-High","3"
"E01000355",85.5736079810289,0,0,85.5736079810289,0,1,"High-High","3"
"E01000356",2.31878812456511,0,0,2.31878812456511,0,1,"High-High","3"
"E01000357",75.6095992371706,0,32.1859518963824,77.0478997259016,30.7476514076514,2,"High-High","3"
"E01000358",0,0,0,0,0,0,"High-High","3"
"E01000359",4.69211503706369,0,0,4.69211503706369,0,1,"High-High","3"
"E01000360",0,0,0,0,0,0,"High-High","3"
"E01000361",0,0,0,0,0,0,"High-High","3"
"E01000362",0,0,0,0,0,0,"High-High","3"
"E01000363",0,0,0,0,0,0,"High-High","3"
"E01000364",0,0,0,0,0,0,"High-High","3"
"E01000365",0,0,0,0,0,0,"High-High","3"
"E01000366",0,0,0,0,0,0,"High-High","3"
"E01000367",99.9999999999831,0,0,99.9999999999831,0,1,"High-High","3"
"E01000368",100.00000000002,0,0,100.00000000002,0,1,"High-High","3"
"E01000369",99.9999999999788,0,0,99.9999999999788,0,1,"High-High","3"
"E01000370",99.9999999999953,0,0,99.9999999999953,0,1,"High-High","3"
"E01000371",100.000000000013,0,0,100.000000000013,0,1,"High-High","3"
"E01000372",100.000000000048,0,0,100.000000000048,0,1,"High-High","3"
"E01000373",100.000000000002,0,0,100.000000000002,0,1,"High-High","3"
"E01000374",50.4418262254452,0,0,50.4418262254452,0,1,"High-High","3"
"E01000375",99.6917241933042,0,0,99.6917241933042,0,1,"High-High","3"
"E01000376",25.3436851379001,0,0,25.3436851379001,0,1,"High-High","3"
"E01000377",0.755676074623132,0,0,0.755676074623132,0,1,"High-High","3"
"E01000378",0.265911385453729,0,0,0.265911385453729,0,1,"High-High","3"
"E01000379",30.0407982007564,0,0,30.0407982007564,0,1,"High-High","3"
"E01000380",37.9795503496723,0,0,37.9795503496723,0,1,"High-High","3"
"E01000381",0,0,0,0,0,0,"High-High","3"
"E01000382",74.5444907008724,0,8.50348129831522,74.5444907008724,8.50348129831522,2,"High-High","3"
"E01000383",24.1426457894257,0,23.888471313812,25.7091022546626,22.3220148485751,2,"High-High","3"
"E01000384",85.9423545398142,0,45.8107191015307,85.9423545398142,45.8107191015307,2,"High-High","3"
"E01000385",99.9999999999974,0,99.9979420800727,99.9999999999974,99.9979420800727,2,"High-High","2"
"E01000386",99.5482119057117,0,96.3227114645737,99.5482119057117,96.3227114645737,2,"High-High","2"
"E01000387",8.40512266781872,0,0,8.40512266781872,0,1,"High-High","3"
"E01000388",100.000000000012,0,100.000000000012,100.000000000012,100.000000000012,2,"High-High","2"
"E01000389",12.9745039969072,0,64.8273840487997,64.8273840487997,12.9745039969072,2,"High-High","2"
"E01000390",41.569503550411,0,43.4145701162363,52.6971383251765,32.2869353414708,2,"High-High","3"
"E01000391",99.8556040700235,0,84.5020166362262,99.8556040700235,84.5020166362262,2,"High-High","2"
"E01000392",99.9999999999994,0,99.9999999999994,99.9999999999994,99.9999999999994,2,"High-High","2"
"E01000393",78.9237415908927,0,99.9999999999961,99.9999999999961,78.9237415908927,2,"High-High","2"
"E01000394",12.692053445853,0,28.475157416868,28.475157416868,12.692053445853,2,"High-High","3"
"E01000395",98.8227077735885,0,0.136783201847165,98.8227077735885,0.136783201847166,2,"High-High","3"
"E01000396",96.3454039984693,0,11.1105172147066,96.3454039984693,11.1105172147066,2,"High-High","3"
"E01000398",99.9999999999967,0,3.04180569244943,99.9999999999967,3.04180569244943,2,"High-High","3"
"E01000399",99.9999999999967,0,43.7524124140796,99.9999999999967,43.7524124140796,2,"High-High","3"
"E01000400",99.9999999999835,0,85.9588046333861,99.9999999999835,85.9588046333861,2,"High-High","2"
"E01000401",99.9999999999975,0,99.9999999999975,99.9999999999975,99.9999999999975,2,"High-High","2"
"E01000402",68.3078626310739,0,0,68.3078626310739,0,1,"High-High","3"
"E01000403",99.460283884364,0,0,99.460283884364,0,1,"High-High","3"
"E01000404",27.7661890768219,0,0,27.7661890768219,0,1,"High-High","3"
"E01000405",14.6565226570314,0,0,14.6565226570314,0,1,"High-High","3"
"E01000406",72.5091088953194,0,0,72.5091088953194,0,1,"High-High","3"
"E01000407",99.9999999999835,0,0,99.9999999999835,0,1,"High-High","3"
"E01000408",0,0,0,0,0,0,"High-High","3"
"E01000409",99.9999999999683,0,99.9999999999683,99.9999999999683,99.9999999999683,2,"High-High","2"
"E01000410",99.9999999999851,0,30.3224057299333,99.9999999999851,30.3224057299333,2,"High-High","3"
"E01000411",99.9999999999955,0,93.6073505036033,99.9999999999955,93.6073505036033,2,"High-High","2"
"E01000412",60.0189757396271,0,0,60.0189757396271,0,1,"High-High","3"
"E01000413",100.000000000002,0,33.6665915714808,100.000000000002,33.6665915714807,2,"High-High","3"
"E01000414",100.000000000004,0,100.000000000004,100.000000000004,100.000000000004,2,"High-High","2"
"E01000415",99.9999999999952,0,94.663502908905,99.9999999999952,94.663502908905,2,"High-High","2"
"E01000416",0,0,0,0,0,0,"High-High","3"
"E01000417",0,0,0,0,0,0,"High-High","3"
"E01000418",0,0,0,0,0,0,"High-High","3"
"E01000419",0,0,0,0,0,0,"High-High","3"
"E01000420",0,0,0,0,0,0,"High-High","3"
"E01000421",0,0,0,0,0,0,"High-High","3"
"E01000422",0,0,0,0,0,0,"High-High","3"
"E01000423",0,0,0,0,0,0,"High-High","3"
"E01000424",100.00000000001,0,0,100.00000000001,0,1,"High-High","3"
"E01000425",64.0940342400195,0,0,64.0940342400195,0,1,"High-High","3"
"E01000426",64.4971559258387,0,0,64.4971559258387,0,1,"High-High","3"
"E01000427",72.4134148674161,0,0,72.4134148674161,0,1,"High-High","3"
"E01000428",50.6829300270901,0,19.5425465762943,50.6829300270901,19.5425465762943,2,"High-High","3"
"E01000429",99.9999999999892,0,0,99.9999999999892,0,1,"High-High","3"
"E01000430",22.8922447523389,0,0,22.8922447523389,0,1,"High-High","3"
"E01000431",99.9999999999829,0,0,99.9999999999829,0,1,"High-High","3"
"E01000432",100.000000000009,0,0,100.000000000009,0,1,"High-High","3"
"E01000433",99.9999999999734,0,0,99.9999999999734,0,1,"High-High","3"
"E01000434",22.7247626320562,0,0,22.7247626320562,0,1,"High-High","3"
"E01000435",100.000000000005,0,0,100.000000000005,0,1,"High-High","3"
"E01000436",0.0167785353925544,0,0,0.0167785353925544,0,1,"High-High","3"
"E01000437",100.000000000004,0,0,100.000000000004,0,1,"High-High","3"
"E01000438",100.000000000002,0,0,100.000000000002,0,1,"High-High","3"
"E01000439",99.9999999999972,0,0,99.9999999999972,0,1,"High-High","3"
"E01000440",90.6038504766228,0,0,90.6038504766228,0,1,"High-High","3"
"E01000441",100.000000000016,0,0,100.000000000016,0,1,"High-High","3"
"E01000442",69.4667004075685,0,0,69.4667004075685,0,1,"High-High","3"
"E01000443",7.90973339206719,0,0,7.90973339206719,0,1,"High-High","3"
"E01000444",0,0,0,0,0,0,"High-High","3"
"E01000445",0,0,0,0,0,0,"High-High","3"
"E01000446",0,0,0,0,0,0,"High-High","3"
"E01000447",0,0,0,0,0,0,"High-High","3"
"E01000448",0,0,0,0,0,0,"High-High","3"
"E01000449",0,0,0,0,0,0,"High-High","3"
"E01000450",70.2472167221507,0,0,70.2472167221507,0,1,"High-High","3"
"E01000451",99.999999999981,0,5.66192719981135,99.999999999981,5.66192719981136,2,"High-High","3"
"E01000452",98.5744623211611,0,2.81137584377554,98.5744623211611,2.81137584377554,2,"High-High","3"
"E01000453",99.9999999999753,0,78.607352348917,99.9999999999753,78.607352348917,2,"High-High","2"
"E01000454",99.9999999999714,0,93.6420663228054,99.9999999999714,93.6420663228054,2,"High-High","2"
"E01000455",100.000000000001,0,100.000000000001,100.000000000001,100.000000000001,2,"High-High","2"
"E01000456",100.000000000011,0,99.120365232138,100.000000000011,99.120365232138,2,"High-High","2"
"E01000457",100.000000000017,0,0,100.000000000017,0,1,"High-High","3"
"E01000458",99.9999999999588,0,0,99.9999999999588,0,1,"High-High","3"
"E01000459",99.9999999999947,0,0,99.9999999999947,0,1,"High-High","3"
"E01000460",100.000000000002,0,0,100.000000000002,0,1,"High-High","3"
"E01000461",99.0619478748665,0,0,99.0619478748665,0,1,"High-High","3"
"E01000462",100.000000000041,0,0,100.000000000041,0,1,"High-High","3"
"E01000463",89.9178487506722,0,0,89.9178487506722,0,1,"High-High","3"
"E01000464",0,0,0,0,0,0,"High-High","3"
"E01000465",0,0,0,0,0,0,"High-High","3"
"E01000466",0,0,0,0,0,0,"High-High","3"
"E01000467",0,0,0,0,0,0,"High-High","3"
"E01000468",0,0,0,0,0,0,"High-High","3"
"E01000469",0,0,0,0,0,0,"High-High","3"
"E01000470",0,0,0,0,0,0,"High-High","3"
"E01000471",0,0,0,0,0,0,"High-High","3"
"E01000472",0,0,45.6879740561406,45.6879740561406,0,1,"High-High","3"
"E01000473",79.2755374932887,0,0,79.2755374932887,0,1,"High-High","3"
"E01000474",100.000000000019,0,0,100.000000000019,0,1,"High-High","3"
"E01000475",41.0971034379904,0,27.3947605090106,68.4918639470011,0,2,"High-High","3"
"E01000476",62.6171922608762,0,0,62.6171922608762,0,1,"High-High","3"
"E01000477",18.3572057607179,0,0,18.3572057607179,0,1,"High-High","3"
"E01000478",30.0212456862757,0,0,30.0212456862757,0,1,"High-High","3"
"E01000479",7.36202840526168,0,0,7.36202840526168,0,1,"High-High","3"
"E01000480",97.206521691976,0,0,97.206521691976,0,1,"High-High","3"
"E01000481",43.6716580010518,0,0,43.6716580010518,0,1,"High-High","3"
"E01000482",97.8058586121083,0,0,97.8058586121083,0,1,"High-High","3"
"E01000483",99.9999999999926,69.0925961275177,0,99.9999999999926,69.0925961275177,2,"High-High","1"
"E01000484",100.000000000003,0,0,100.000000000003,0,1,"High-High","3"
"E01000485",100.000000000018,0,0,100.000000000018,0,1,"High-High","3"
"E01000486",92.8288429976332,0,0,92.8288429976332,0,1,"High-High","3"
"E01000487",99.9999999999997,0,0,99.9999999999997,0,1,"High-High","3"
"E01000488",23.0242680440067,0,13.291978067352,33.5051472478931,2.81109886346556,2,"High-High","3"
"E01000489",68.2181419679259,0,0,68.2181419679259,0,1,"High-High","3"
"E01000490",100.000000000021,0,0,100.000000000021,0,1,"High-High","3"
"E01000491",99.4066509772506,0,0,99.4066509772506,0,1,"High-High","3"
"E01000492",99.9999999999817,0,0,99.9999999999817,0,1,"High-High","3"
"E01000493",99.9999999999839,0,12.6355753067907,99.9999999999839,12.6355753067907,2,"High-High","3"
"E01000494",99.4693736357969,0,0,99.4693736357969,0,1,"High-High","3"
"E01000495",99.9999999999656,0,0,99.9999999999656,0,1,"High-High","3"
"E01000497",85.1955153062258,0,10.6398042395909,88.7766360490644,7.05868349675225,2,"High-High","3"
"E01000498",76.2269300411748,0,0,76.2269300411748,0,1,"High-High","3"
"E01000499",21.3938859323656,0,1.91002258811128,23.3039085204769,0,2,"High-High","3"
"E01000501",70.5726893863306,0,0,70.5726893863306,0,1,"High-High","3"
"E01000502",99.9999999999961,48.2122696165959,0,99.9999999999961,48.2122696165959,2,"High-High","1"
"E01000503",100.000000000011,4.82183650903768,0,100.000000000011,4.82183650903768,2,"High-High","3"
"E01000504",99.9999999999888,0,0,99.9999999999888,0,1,"High-High","3"
"E01000505",69.699135668346,0,0,69.699135668346,0,1,"High-High","3"
"E01000506",89.2364107179359,100.00000000001,0,100.00000000001,89.2364107179359,2,"High-High","1"
"E01000507",67.0037017947761,9.84753347634338,0,69.5411221147955,7.31011315632398,2,"High-High","3"
"E01000508",80.6701128663987,100.000000000005,29.190841384134,100.000000000005,109.860954250533,3,"High-High","1"
"E01000509",99.9999999999783,99.4836555430322,0,99.9999999999783,99.4836555430322,2,"High-High","1"
"E01000510",100.000000000025,100.000000000025,0,100.000000000025,100.000000000025,2,"High-High","1"
"E01000511",99.9999999999756,99.9999999999756,0,99.9999999999756,99.9999999999756,2,"High-High","1"
"E01000512",99.9743048764541,99.9993894895202,0,99.9999999999928,99.9736943659815,2,"High-High","1"
"E01000513",0.421643287132399,0,0,0.421643287132399,0,1,"High-High","3"
"E01000514",0,0,0,0,0,0,"High-High","3"
"E01000515",93.1673203613427,0,0,93.1673203613427,0,1,"High-High","3"
"E01000516",48.9557493349654,0,0,48.9557493349654,0,1,"High-High","3"
"E01000517",100.000000000044,0,0,100.000000000044,0,1,"High-High","3"
"E01000518",26.4402613473995,0,0,26.4402613473995,0,1,"High-High","3"
"E01000519",43.9646870303362,0,0,43.9646870303362,0,1,"High-High","3"
"E01000520",58.742298022187,0,0,58.742298022187,0,1,"High-High","3"
"E01000521",99.9999999999937,3.03708025439162,99.9999999999937,99.9999999999937,103.037080254385,3,"High-High","2"
"E01000522",99.6899465853988,1.17967791028597,99.999999999972,99.999999999972,100.869624495685,3,"High-High","2"
"E01000523",100.000000000008,0,100.000000000008,100.000000000008,100.000000000008,2,"High-High","2"
"E01000524",100.000000000033,0,100.000000000033,100.000000000033,100.000000000033,2,"High-High","2"
"E01000525",99.4966474944788,0,99.9999999999882,99.9999999999882,99.4966474944788,2,"High-High","2"
"E01000526",100.000000000017,100.000000000017,71.5977179345833,100.000000000017,171.597717934601,3,"High-High","1"
"E01000527",99.9999999999891,50.4175987696158,99.9999999999891,99.9999999999891,150.417598769605,3,"High-High","2"
"E01000528",100.000000000008,87.206200451218,100.000000000008,100.000000000008,187.206200451226,3,"High-High","1"
"E01000530",99.9999999999737,0,83.1103565661258,99.9999999999737,83.1103565661257,2,"High-High","2"
"E01000531",100.000000000019,0,48.4376884823855,100.000000000019,48.4376884823855,2,"High-High","2"
"E01000532",100.000000000037,0,0,100.000000000037,0,1,"High-High","3"
"E01000533",37.6390073680999,0,99.9999999999896,99.9999999999896,37.6390073680999,2,"High-High","2"
"E01000534",59.4076369326232,0,99.9999999999147,99.9999999999147,59.4076369326232,2,"High-High","2"
"E01000535",23.0531582185922,0,99.9999999999474,99.9999999999474,23.0531582185922,2,"High-High","2"
"E01000536",5.72935944877068,0,0.0527761913242532,5.72935944877068,0.052776191324253,2,"High-High","3"
"E01000538",59.0238113740779,0,0,59.0238113740779,0,1,"High-High","3"
"E01000539",100.000000000008,0,0,100.000000000008,0,1,"High-High","3"
"E01000540",63.6238013921521,0,0,63.6238013921521,0,1,"High-High","3"
"E01000541",32.4797805946401,0,0,32.4797805946401,0,1,"High-High","3"
"E01000543",99.9999999999853,0,0,99.9999999999853,0,1,"High-High","3"
"E01000544",100.000000000015,0,0,100.000000000015,0,1,"High-High","3"
"E01000545",100.000000000024,0,0,100.000000000024,0,1,"High-High","3"
"E01000546",100.000000000027,0,0,100.000000000027,0,1,"High-High","3"
"E01000547",100.000000000013,0,0,100.000000000013,0,1,"High-High","3"
"E01000548",100.000000000008,0,0,100.000000000008,0,1,"High-High","3"
"E01000549",100.000000000003,0,0,100.000000000003,0,1,"High-High","3"
"E01000550",100.000000000031,0,0,100.000000000031,0,1,"High-High","3"
"E01000551",100,0,0,100,0,1,"High-High","3"
"E01000552",99.9999999999935,0,0,99.9999999999935,0,1,"High-High","3"
"E01000553",100.000000000002,0,0,100.000000000002,0,1,"High-High","3"
"E01000554",100.000000000028,0,0,100.000000000028,0,1,"High-High","3"
"E01000555",100.000000000009,0,0,100.000000000009,0,1,"High-High","3"
"E01000556",99.999999999966,0,0,99.999999999966,0,1,"High-High","3"
"E01000557",99.9999999999786,0,0,99.9999999999786,0,1,"High-High","3"
"E01000558",99.9999999999847,0,0,99.9999999999847,0,1,"High-High","3"
"E01000559",99.9999999999997,0,0,99.9999999999997,0,1,"High-High","3"
"E01000560",100.000000000017,0,0,100.000000000017,0,1,"High-High","3"
"E01000561",99.9999999999656,0,0,99.9999999999656,0,1,"High-High","3"
"E01000562",5.59829378892062,0,0,5.59829378892062,0,1,"High-High","3"
"E01000563",69.6282890193538,0,0,69.6282890193538,0,1,"High-High","3"
"E01000564",100.00000000001,0,0,100.00000000001,0,1,"High-High","3"
"E01000565",100.000000000005,0,0,100.000000000005,0,1,"High-High","3"
"E01000566",100.000000000008,0,0,100.000000000008,0,1,"High-High","3"
"E01000567",87.3976900707975,0,0,87.3976900707975,0,1,"High-High","3"
"E01000568",60.4196295417416,0,17.0503348366007,60.4196295417416,17.0503348366007,2,"High-High","3"
"E01000569",95.3911560131025,0,0,95.3911560131025,0,1,"High-High","3"
"E01000570",99.9999999999821,0,0,99.9999999999821,0,1,"High-High","3"
"E01000571",99.9999999999758,0,0,99.9999999999758,0,1,"High-High","3"
"E01000572",92.0760016060987,0,0,92.0760016060987,0,1,"High-High","3"
"E01000573",100.000000000008,0,0,100.000000000008,0,1,"High-High","3"
"E01000574",100.000000000024,0,0,100.000000000024,0,1,"High-High","3"
"E01000575",100.000000000024,0,0,100.000000000024,0,1,"High-High","3"
"E01000576",99.9999999999638,0,0,99.9999999999638,0,1,"High-High","3"
"E01000577",99.9999999999986,0,0,99.9999999999986,0,1,"High-High","3"
"E01000578",100.000000000012,0,0,100.000000000012,0,1,"High-High","3"
"E01000579",99.9999999999926,0,0,99.9999999999926,0,1,"High-High","3"
"E01000580",99.9999999999993,0,0,99.9999999999993,0,1,"High-High","3"
"E01000581",100.000000000014,0,0,100.000000000014,0,1,"High-High","3"
"E01000582",100.000000000001,0,0,100.000000000001,0,1,"High-High","3"
"E01000583",99.9999999999736,0,0,99.9999999999736,0,1,"High-High","3"
"E01000584",100.000000000004,0,0,100.000000000004,0,1,"High-High","3"
"E01000585",99.9999999999865,0,0,99.9999999999865,0,1,"High-High","3"
"E01000586",100.000000000013,0,0,100.000000000013,0,1,"High-High","3"
"E01000587",100.000000000033,0,0,100.000000000033,0,1,"High-High","3"
"E01000588",42.1912167828814,0,0,42.1912167828814,0,1,"High-High","3"
"E01000589",99.9999999999985,0,0,99.9999999999985,0,1,"High-High","3"
"E01000590",90.9872922011192,0,0,90.9872922011192,0,1,"High-High","3"
"E01000591",100.000000000005,0,0,100.000000000005,0,1,"High-High","3"
"E01000592",99.9999999999949,0,0,99.9999999999949,0,1,"High-High","3"
"E01000593",100.00000000001,0,0,100.00000000001,0,1,"High-High","3"
"E01000594",99.9999999999814,0,0,99.9999999999814,0,1,"High-High","3"
"E01000595",100.000000000003,76.5827349609647,59.9507989156427,100.000000000003,136.533533876607,3,"High-High","1"
"E01000596",99.9999999999689,99.9999999999689,0.976769252657633,99.9999999999689,100.976769252627,3,"High-High","1"
"E01000599",100.000000000014,0,96.5772167984656,100.000000000014,96.5772167984656,2,"High-High","2"
"E01000600",67.6536233731011,0,16.5962220933924,67.6536233731011,16.5962220933924,2,"High-High","3"
"E01000601",99.9425359927319,100.000000000017,1.98925327835008,100.000000000017,101.931789271082,3,"High-High","1"
"E01000602",97.5880981912585,100.000000000004,0,100.000000000004,97.5880981912585,2,"High-High","1"
"E01000603",99.9999999999722,99.9999999999722,0,99.9999999999722,99.9999999999722,2,"High-High","1"
"E01000604",100.000000000014,87.0503847484713,0,100.000000000014,87.0503847484713,2,"High-High","1"
"E01000605",99.9999999999696,27.1225958450316,0,99.9999999999696,27.1225958450316,2,"High-High","3"
"E01000606",50.2282022084162,0,0,50.2282022084162,0,1,"High-High","3"
"E01000607",99.999999999999,0,0,99.999999999999,0,1,"High-High","3"
"E01000608",100.000000000003,0,0,100.000000000003,0,1,"High-High","3"
"E01000609",99.9999999999925,0,0,99.9999999999925,0,1,"High-High","3"
"E01000610",99.999999999997,0,0,99.999999999997,0,1,"High-High","3"
"E01000611",100.000000000025,0,0,100.000000000025,0,1,"High-High","3"
"E01000612",99.9999999999817,0,0,99.9999999999817,0,1,"High-High","3"
"E01000613",100.000000000011,0,0,100.000000000011,0,1,"High-High","3"
"E01000615",99.9999999999929,42.9650067263183,0,99.9999999999929,42.9650067263184,2,"High-High","3"
"E01000616",99.9999999999771,0,0,99.9999999999771,0,1,"High-High","3"
"E01000617",99.9999999999837,0,0,99.9999999999837,0,1,"High-High","3"
"E01000618",100.000000000045,0.341591381497836,0,100.000000000045,0.341591381497835,2,"High-High","3"
"E01000619",100.000000000005,78.9505164225311,0,100.000000000005,78.9505164225311,2,"High-High","1"
"E01000620",82.8156671934107,0,0,82.8156671934107,0,1,"High-High","3"
"E01000621",91.919806917345,5.45118769381702,0,91.919806917345,5.45118769381702,2,"High-High","3"
"E01000622",91.6583656565435,12.7603400081108,0,91.6583656565435,12.7603400081108,2,"High-High","3"
"E01000623",1.30753980691847,0,0,1.30753980691847,0,1,"High-High","3"
"E01000624",5.1247446429693,0,0,5.1247446429693,0,1,"High-High","3"
"E01000625",61.097833988156,0.308227753031985,0,61.097833988156,0.308227753031986,2,"High-High","3"
"E01000626",99.9999999999757,99.4510783386339,0,99.9999999999757,99.4510783386339,2,"High-High","1"
"E01000627",100.000000000008,100.000000000008,0,100.000000000008,100.000000000008,2,"High-High","1"
"E01000628",99.9999999999971,99.9999999999971,0,99.9999999999971,99.9999999999971,2,"High-High","1"
"E01000629",0,0,0,0,0,0,"High-High","3"
"E01000630",100.000000000023,0,0,100.000000000023,0,1,"High-High","3"
"E01000631",100.00000000002,0,0,100.00000000002,0,1,"High-High","3"
"E01000632",98.7600306725886,0,0,98.7600306725886,0,1,"High-High","3"
"E01000633",99.9999999999704,0,0,99.9999999999704,0,1,"High-High","3"
"E01000634",99.9999999999902,0,0,99.9999999999902,0,1,"High-High","3"
"E01000635",99.9999999999942,0,0,99.9999999999942,0,1,"High-High","3"
"E01000636",100.000000000019,0,0,100.000000000019,0,1,"High-High","3"
"E01000637",3.3003797820657,0,0,3.3003797820657,0,1,"High-High","3"
"E01000638",17.1824151792102,47.6615491310374,62.7885709380821,88.6003089738508,39.0322262744789,3,"High-High","1"
"E01000639",53.6852618044568,0,0,53.6852618044568,0,1,"High-High","3"
"E01000640",0,2.33869147027791,5.7626235986823,8.10131506896021,0,2,"High-High","3"
"E01000641",22.1773727756936,37.7671226877916,0,37.7671226877916,22.1773727756936,2,"High-High","3"
"E01000642",35.2356895883396,0,0,35.2356895883396,0,1,"High-High","3"
"E01000643",28.6881492323241,0.569157753172765,94.2175846918928,98.9669586448614,24.5079330325282,3,"High-High","2"
"E01000644",0,0,12.1981617669859,12.1981617669859,0,1,"High-High","3"
"E01000645",0,0,31.1590315248722,31.1590315248722,0,1,"High-High","3"
"E01000646",58.9385373030833,0,99.9999999999885,99.9999999999885,58.9385373030833,2,"High-High","2"
"E01000647",88.3352427802636,0,100,100,88.3352427802635,2,"High-High","2"
"E01000648",12.5460974884312,0,100.000000000004,100.000000000004,12.5460974884312,2,"High-High","2"
"E01000649",0,0,18.9734141402144,18.9734141402144,0,1,"High-High","3"
"E01000650",0,0,18.0933282830348,18.0933282830348,0,1,"High-High","3"
"E01000651",0,0,99.9996151182205,99.9996151182205,0,1,"High-High","2"
"E01000652",0,0,8.55918500041412,8.55918500041412,0,1,"High-High","3"
"E01000653",23.0923805292219,0,57.0708104230505,62.0248883082613,18.138302644011,2,"High-High","2"
"E01000654",28.7591112750971,0,0,28.7591112750971,0,1,"High-High","3"
"E01000655",39.9099662762706,0,0,39.9099662762706,0,1,"High-High","3"
"E01000656",7.96617478566434,0,0,7.96617478566434,0,1,"High-High","3"
"E01000657",100.000000000006,0,0,100.000000000006,0,1,"High-High","3"
"E01000658",25.6663795767545,0,0,25.6663795767545,0,1,"High-High","3"
"E01000659",73.9859780872578,0,0,73.9859780872578,0,1,"High-High","3"
"E01000661",0,0,0.216756850554312,0.216756850554312,0,1,"High-High","3"
"E01000662",0,0,0,0,0,0,"High-High","3"
"E01000663",0,0,0,0,0,0,"High-High","3"
"E01000664",0,0,0,0,0,0,"High-High","3"
"E01000665",0,0,0,0,0,0,"High-High","3"
"E01000666",0,0,0,0,0,0,"High-High","3"
"E01000667",0,0,0,0,0,0,"High-High","3"
"E01000668",26.2710151382243,0,88.7968348961106,88.7968348961106,26.2710151382243,2,"High-High","2"
"E01000669",0,0,77.5552942905293,77.5552942905293,0,1,"High-High","2"
"E01000670",99.9999999999807,0,52.9437558236813,99.9999999999807,52.9437558236813,2,"High-High","2"
"E01000671",99.5773610832758,0,99.2284778637501,100.000000000004,98.8058389470217,2,"High-High","2"
"E01000672",99.9585868284983,0,0,99.9585868284983,0,1,"High-High","3"
"E01000673",42.117440959186,0,0,42.117440959186,0,1,"High-High","3"
"E01000674",100.000000000049,0,0,100.000000000049,0,1,"High-High","3"
"E01000675",100.000000000007,0,91.2677071203188,100.000000000007,91.2677071203188,2,"High-High","2"
"E01000676",99.9999999999863,0,8.61819067763597,99.9999999999863,8.61819067763598,2,"High-High","3"
"E01000677",99.8262934215092,0,3.87816500912745,99.8262934215092,3.87816500912744,2,"High-High","3"
"E01000678",99.9999999999917,0,99.9999999999917,99.9999999999917,99.9999999999917,2,"High-High","2"
"E01000679",64.5940055641451,0,100.000000000008,100.000000000008,64.5940055641451,2,"High-High","2"
"E01000680",0,0,0,0,0,0,"High-High","3"
"E01000681",0,77.6232446588903,0,77.6232446588903,0,1,"High-High","1"
"E01000682",0,0,0,0,0,0,"High-High","3"
"E01000683",0,71.9586995137785,0,71.9586995137785,0,1,"High-High","1"
"E01000684",0,11.6754569478418,0,11.6754569478418,0,1,"High-High","3"
"E01000685",0,0,0,0,0,0,"High-High","3"
"E01000686",0,0.319722408191418,0,0.319722408191418,0,1,"High-High","3"
"E01000687",0,0,0,0,0,0,"High-High","3"
"E01000688",0,0,0,0,0,0,"High-High","3"
"E01000689",0,0,0,0,0,0,"High-High","3"
"E01000690",0,0,0,0,0,0,"High-High","3"
"E01000691",0,0,0,0,0,0,"High-High","3"
"E01000692",0,0,0,0,0,0,"High-High","3"
"E01000693",0.199451805302869,0,0,0.199451805302869,0,1,"High-High","3"
"E01000694",0,0,0,0,0,0,"High-High","3"
"E01000695",0,0,0,0,0,0,"High-High","3"
"E01000696",0,0,0,0,0,0,"High-High","3"
"E01000697",0,0,0,0,0,0,"High-High","3"
"E01000698",6.10947579466178,0,0,6.10947579466178,0,1,"High-High","3"
"E01000699",99.9999999999814,0,34.9913041639694,99.9999999999814,34.9913041639694,2,"High-High","3"
"E01000700",100.000000000001,0,88.931666940766,100.000000000001,88.931666940766,2,"High-High","2"
"E01000701",100.000000000024,0,85.9010582205605,100.000000000024,85.9010582205605,2,"High-High","2"
"E01000702",99.9999999999811,0,4.06023654110211,99.9999999999811,4.06023654110211,2,"High-High","3"
"E01000703",99.999999999991,0,4.64719965220836,99.999999999991,4.64719965220836,2,"High-High","3"
"E01000704",100.000000000005,0,100.000000000005,100.000000000005,100.000000000005,2,"High-High","2"
"E01000705",100.000000000027,0,27.5351961550763,100.000000000027,27.5351961550763,2,"High-High","3"
"E01000706",98.6664315962578,0,100.000000000015,100.000000000015,98.6664315962578,2,"High-High","2"
"E01000707",99.9999999999832,0,75.8302513553341,99.9999999999832,75.8302513553341,2,"High-High","2"
"E01000708",97.0392833885134,0,100.000000000028,100.000000000028,97.0392833885134,2,"High-High","2"
"E01000709",100.000000000025,0,0,100.000000000025,0,1,"High-High","3"
"E01000710",40.6366233017136,0,0,40.6366233017136,0,1,"High-High","3"
"E01000711",99.1400801225279,0,0,99.1400801225279,0,1,"High-High","3"
"E01000712",71.1572126548957,0,0,71.1572126548957,0,1,"High-High","3"
"E01000713",9.88270250487849,0,0,9.88270250487849,0,1,"High-High","3"
"E01000714",99.9999999999888,0,0,99.9999999999888,0,1,"High-High","3"
"E01000715",96.0627415810219,0,0,96.0627415810219,0,1,"High-High","3"
"E01000716",95.4808772734648,0,0,95.4808772734648,0,1,"High-High","3"
"E01000717",50.3404043581892,0,0,50.3404043581892,0,1,"High-High","3"
"E01000718",57.1463209875846,0,0,57.1463209875846,0,1,"High-High","3"
"E01000719",99.9999999999863,0,0,99.9999999999863,0,1,"High-High","3"
"E01000720",5.04115817987954,0,0.615466318589031,5.30622151392568,0.350402984542894,2,"High-High","3"
"E01000721",65.880672145226,0,0,65.880672145226,0,1,"High-High","3"
"E01000722",54.0945658081028,0,0,54.0945658081028,0,1,"High-High","3"
"E01000723",0,0,0,0,0,0,"High-High","3"
"E01000724",25.867400688911,0,0,25.867400688911,0,1,"High-High","3"
"E01000725",0,14.7077240461198,0,14.7077240461198,0,1,"High-High","3"
"E01000726",0,0,0,0,0,0,"High-High","3"
"E01000727",0,83.7696240320332,0,83.7696240320332,0,1,"High-High","1"
"E01000728",81.7660352330305,0,69.5852181545318,85.6713807465391,65.6798726410232,2,"High-High","2"
"E01000729",99.9999999999964,0,32.6202863502689,99.9999999999964,32.6202863502689,2,"High-High","3"
"E01000730",100.000000000018,0,0,100.000000000018,0,1,"High-High","3"
"E01000731",57.8616375246637,0,0,57.8616375246637,0,1,"High-High","3"
"E01000732",0,0,0,0,0,0,"High-High","3"
"E01000733",33.2527608221361,0,0,33.2527608221361,0,1,"High-High","3"
"E01000734",0,3.70822275801913,0,3.70822275801913,0,1,"High-High","3"
"E01000735",86.785861638501,0,71.7085963395623,86.785861638501,71.7085963395623,2,"High-High","2"
"E01000736",20.212918191975,0,0,20.212918191975,0,1,"High-High","3"
"E01000737",90.8171861394501,0,0,90.8171861394501,0,1,"High-High","3"
"E01000738",99.9999999999987,0,69.5855347322098,99.9999999999987,69.5855347322098,2,"High-High","2"
"E01000739",99.9999999999972,0,0,99.9999999999972,0,1,"High-High","3"
"E01000740",100.000000000026,0,0,100.000000000026,0,1,"High-High","3"
"E01000741",100.000000000007,0,0,100.000000000007,0,1,"High-High","3"
"E01000742",99.999999999987,0,0,99.999999999987,0,1,"High-High","3"
"E01000743",100.000000000023,0,0,100.000000000023,0,1,"High-High","3"
"E01000744",99.9999999999738,0,0,99.9999999999738,0,1,"High-High","3"
"E01000745",99.9999999999819,0,0,99.9999999999819,0,1,"High-High","3"
"E01000746",100.000000000004,0,0,100.000000000004,0,1,"High-High","3"
"E01000747",0,0,0,0,0,0,"High-High","3"
"E01000748",15.9111921759501,0,0,15.9111921759501,0,1,"High-High","3"
"E01000749",0,0,0,0,0,0,"High-High","3"
"E01000750",0,0,0,0,0,0,"High-High","3"
"E01000751",0,0,0,0,0,0,"High-High","3"
"E01000752",0,0,0,0,0,0,"High-High","3"
"E01000753",0,0,0,0,0,0,"High-High","3"
"E01000754",0,86.2367646858704,0,86.2367646858704,0,1,"High-High","1"
"E01000755",0,26.8590977027977,0,26.8590977027977,0,1,"High-High","3"
"E01000756",0,0,0,0,0,0,"High-High","3"
"E01000757",0,8.23205260460045,0,8.23205260460045,0,1,"High-High","3"
"E01000758",0,84.8971014553858,0,84.8971014553858,0,1,"High-High","1"
"E01000759",0,0,0,0,0,0,"High-High","3"
"E01000760",0,0,0,0,0,0,"High-High","3"
"E01000761",0,0,0,0,0,0,"High-High","3"
"E01000762",100.000000000012,0,0.0117990773056916,100.000000000012,0.011799077305696,2,"High-High","3"
"E01000763",28.9644147877629,0,3.98749468291967,28.9673419249973,3.98456754568522,2,"High-High","3"
"E01000764",99.110304897486,0,0,99.110304897486,0,1,"High-High","3"
"E01000765",0,0,0,0,0,0,"High-High","3"
"E01000766",19.8087169521897,0,0,19.8087169521897,0,1,"High-High","3"
"E01000767",0,0,0,0,0,0,"High-High","3"
"E01000768",0,0,0,0,0,0,"High-High","3"
"E01000769",85.1552789694721,0,5.68350848171402,85.4734983563198,5.36528909486634,2,"High-High","3"
"E01000770",100.000000000015,0,0,100.000000000015,0,1,"High-High","3"
"E01000771",99.9999999999861,0,35.7969389705869,99.9999999999861,35.7969389705869,2,"High-High","3"
"E01000772",99.9999999999701,0,0,99.9999999999701,0,1,"High-High","3"
"E01000773",100.000000000027,0,28.973785772335,100.000000000027,28.973785772335,2,"High-High","3"
"E01000774",92.4190193021744,0,99.9999999999993,99.9999999999993,92.4190193021744,2,"High-High","2"
"E01000775",88.4503870463459,0,0,88.4503870463459,0,1,"High-High","3"
"E01000777",88.1995374552722,0,47.1655505937906,97.1474932520919,38.2175947969708,2,"High-High","2"
"E01000778",99.999999999992,0,99.999999999992,99.999999999992,99.999999999992,2,"High-High","2"
"E01000779",93.3315748590652,0,0,93.3315748590652,0,1,"High-High","3"
"E01000780",10.0675221729668,0,0,10.0675221729668,0,1,"High-High","3"
"E01000781",0,0,0,0,0,0,"High-High","3"
"E01000782",3.83882309576929,0,0,3.83882309576929,0,1,"High-High","3"
"E01000783",0,0,0,0,0,0,"High-High","3"
"E01000784",0,0,0,0,0,0,"High-High","3"
"E01000785",0,0,0,0,0,0,"High-High","3"
"E01000786",0,5.34401834609367,0,5.34401834609367,0,1,"High-High","3"
"E01000787",0,17.8778507015224,0,17.8778507015224,0,1,"High-High","3"
"E01000788",0,99.999999999939,0,99.999999999939,0,1,"High-High","1"
"E01000789",0,1.86365361266358,0,1.86365361266358,0,1,"High-High","3"
"E01000790",0,100,0,100,0,1,"High-High","1"
"E01000791",0,93.7377312228868,0,93.7377312228868,0,1,"High-High","1"
"E01000792",0,29.4082776171142,0,29.4082776171142,0,1,"High-High","3"
"E01000793",0,95.3210407588427,0,95.3210407588427,0,1,"High-High","1"
"E01000794",0,87.128567086702,0,87.128567086702,0,1,"High-High","1"
"E01000795",0,4.97621962537101,0,4.97621962537101,0,1,"High-High","3"
"E01000796",99.9999999999677,0,0,99.9999999999677,0,1,"High-High","3"
"E01000797",98.5747208493449,0,0,98.5747208493449,0,1,"High-High","3"
"E01000798",100.000000000074,0,0,100.000000000074,0,1,"High-High","3"
"E01000799",99.9999999999651,0,0,99.9999999999651,0,1,"High-High","3"
"E01000800",99.9999999999957,0,0,99.9999999999957,0,1,"High-High","3"
"E01000801",99.9999999999876,0,5.30457150559681,99.9999999999876,5.30457150559681,2,"High-High","3"
"E01000802",99.9999999999916,0,0,99.9999999999916,0,1,"High-High","3"
"E01000803",99.9999999999874,0,0,99.9999999999874,0,1,"High-High","3"
"E01000804",94.2956798458959,0,0,94.2956798458959,0,1,"High-High","3"
"E01000805",99.9999999999863,0,0,99.9999999999863,0,1,"High-High","3"
"E01000806",99.9999999999904,0,0,99.9999999999904,0,1,"High-High","3"
"E01000807",0,0,0,0,0,0,"High-High","3"
"E01000808",0,35.7083641256102,0,35.7083641256102,0,1,"High-High","3"
"E01000809",0,0,0,0,0,0,"High-High","3"
"E01000810",0,0,0,0,0,0,"High-High","3"
"E01000811",0,0,0,0,0,0,"High-High","3"
"E01000812",0,99.9999999999982,0,99.9999999999982,0,1,"High-High","1"
"E01000813",0,0,0,0,0,0,"High-High","3"
"E01000814",0,99.2867987855613,0,99.2867987855613,0,1,"High-High","1"
"E01000815",0,0,0,0,0,0,"High-High","3"
"E01000816",99.9999999999913,0,0,99.9999999999913,0,1,"High-High","3"
"E01000818",60.618924861978,0,0,60.618924861978,0,1,"High-High","3"
"E01000819",100.000000000028,0,0,100.000000000028,0,1,"High-High","3"
"E01000820",100.000000000007,0,1.6575910570275,100.000000000007,1.6575910570275,2,"High-High","3"
"E01000822",100.000000000008,0,0,100.000000000008,0,1,"High-High","3"
"E01000823",99.999999999979,0,6.60546788540362,99.999999999979,6.60546788540363,2,"High-High","3"
"E01000824",99.9999999999815,0,0,99.9999999999815,0,1,"High-High","3"
"E01000825",99.9999999999926,0,83.9726188546796,99.9999999999926,83.9726188546796,2,"High-High","2"
"E01000826",99.9999999999953,0,0,99.9999999999953,0,1,"High-High","3"
"E01000827",99.9999999999942,0,0,99.9999999999942,0,1,"High-High","3"
"E01000828",91.7795507350352,0,0,91.7795507350352,0,1,"High-High","3"
"E01000829",100.000000000049,0,7.67143796843923,100.000000000049,7.67143796843922,2,"High-High","3"
"E01000830",99.9999999999949,0,0,99.9999999999949,0,1,"High-High","3"
"E01000831",100.000000000003,0,0,100.000000000003,0,1,"High-High","3"
"E01000832",32.1041049897242,0,0,32.1041049897242,0,1,"High-High","3"
"E01000833",100.000000000032,0,0,100.000000000032,0,1,"High-High","3"
"E01000834",88.2944469922472,0,0,88.2944469922472,0,1,"High-High","3"
"E01000835",62.4603236506821,0,0,62.4603236506821,0,1,"High-High","3"
"E01000836",19.7882939767319,0,0,19.7882939767319,0,1,"High-High","3"
"E01000837",78.9838919639133,0,0,78.9838919639133,0,1,"High-High","3"
"E01000838",0.577110979598288,0,0,0.577110979598288,0,1,"High-High","3"
"E01000839",87.6301165498415,0,0,87.6301165498415,0,1,"High-High","3"
"E01000840",0.352656792039679,0,0,0.352656792039679,0,1,"High-High","3"
"E01000841",11.7831509189253,0,0,11.7831509189253,0,1,"High-High","3"
"E01000842",100.000000000009,0,0,100.000000000009,0,1,"High-High","3"
"E01000843",99.999999999986,0,0,99.999999999986,0,1,"High-High","3"
"E01000844",99.9999999999912,0,0,99.9999999999912,0,1,"High-High","3"
"E01000845",100.000000000023,0,0,100.000000000023,0,1,"High-High","3"
"E01000846",99.9999999999412,0,0,99.9999999999412,0,1,"High-High","3"
"E01000847",99.9999999999813,0,0,99.9999999999813,0,1,"High-High","3"
"E01000848",100.000000000012,0,0,100.000000000012,0,1,"High-High","3"
"E01000849",100.000000000021,0,0,100.000000000021,0,1,"High-High","3"
"E01000850",99.9999999999012,0,0,99.9999999999012,0,1,"High-High","3"
"E01000851",99.9999999999963,0,0,99.9999999999963,0,1,"High-High","3"
"E01000852",100.000000000004,0,0,100.000000000004,0,1,"High-High","3"
"E01000853",100.000000000012,0,0,100.000000000012,0,1,"High-High","3"
"E01000854",99.9999999999958,0,0,99.9999999999958,0,1,"High-High","3"
"E01000855",99.9999999999348,0,0,99.9999999999348,0,1,"High-High","3"
"E01000856",99.9999999999525,0,0,99.9999999999525,0,1,"High-High","3"
"E01000857",100.000000000024,0,0,100.000000000024,0,1,"High-High","3"
"E01000858",99.9999999999604,0,0,99.9999999999604,0,1,"High-High","3"
"E01000859",100.000000000025,0,0,100.000000000025,0,1,"High-High","3"
"E01000860",100.000000000009,0,0,100.000000000009,0,1,"High-High","3"
"E01000861",99.9999999999598,0,0,99.9999999999598,0,1,"High-High","3"
"E01000862",100.000000000017,0,0,100.000000000017,0,1,"High-High","3"
"E01000863",100.000000000013,0,0,100.000000000013,0,1,"High-High","3"
"E01000864",100.000000000007,0,0,100.000000000007,0,1,"High-High","3"
"E01000865",100.000000000057,0,0,100.000000000057,0,1,"High-High","3"
"E01000866",99.9999999999792,0,0,99.9999999999792,0,1,"High-High","3"
"E01000867",99.999999999952,0,0,99.999999999952,0,1,"High-High","3"
"E01000868",99.9999999999986,0,0,99.9999999999986,0,1,"High-High","3"
"E01000869",99.9999999999612,0,0,99.9999999999612,0,1,"High-High","3"
"E01000870",100.000000000007,0,0,100.000000000007,0,1,"High-High","3"
"E01000871",99.9999999999952,0,0,99.9999999999952,0,1,"High-High","3"
"E01000872",100.000000000014,0,0,100.000000000014,0,1,"High-High","3"
"E01000873",100.00000000001,0,0,100.00000000001,0,1,"High-High","3"
"E01000874",99.9999999999739,0,0,99.9999999999739,0,1,"High-High","3"
"E01000875",100.000000000047,0,0,100.000000000047,0,1,"High-High","3"
"E01000876",100.000000000019,0,0,100.000000000019,0,1,"High-High","3"
"E01000877",100.000000000146,0,0,100.000000000146,0,1,"High-High","3"
"E01000878",100.000000000009,0,0,100.000000000009,0,1,"High-High","3"
"E01000879",100.000000000012,0,0,100.000000000012,0,1,"High-High","3"
"E01000880",100.000000000004,0,0,100.000000000004,0,1,"High-High","3"
"E01000881",100.000000000025,0,0,100.000000000025,0,1,"High-High","3"
"E01000882",99.999999999983,0,0,99.999999999983,0,1,"High-High","3"
"E01000883",100.000000000033,0,0,100.000000000033,0,1,"High-High","3"
"E01000884",100.000000000055,0,0,100.000000000055,0,1,"High-High","3"
"E01000885",99.9999999999728,0,0,99.9999999999728,0,1,"High-High","3"
"E01000886",100.000000000008,0,0,100.000000000008,0,1,"High-High","3"
"E01000887",99.9999999999902,0,0,99.9999999999902,0,1,"High-High","3"
"E01000888",100.000000000014,0,0,100.000000000014,0,1,"High-High","3"
"E01000889",99.9999999999752,0,0,99.9999999999752,0,1,"High-High","3"
"E01000890",99.9999999999838,0,0,99.9999999999838,0,1,"High-High","3"
"E01000891",99.9999999999982,0,0,99.9999999999982,0,1,"High-High","3"
"E01000892",100.000000000019,0,0,100.000000000019,0,1,"High-High","3"
"E01000893",100.000000000008,0,0,100.000000000008,0,1,"High-High","3"
"E01000894",99.9999999999825,0,0,99.9999999999825,0,1,"High-High","3"
"E01000895",100.000000000008,0,0,100.000000000008,0,1,"High-High","3"
"E01000896",99.9999999999983,0,0,99.9999999999983,0,1,"High-High","3"
"E01000897",100.000000000004,0,0,100.000000000004,0,1,"High-High","3"
"E01000898",100.000000000005,0,0,100.000000000005,0,1,"High-High","3"
"E01000899",76.9746139532458,0,0,76.9746139532458,0,1,"High-High","3"
"E01000900",99.999999999996,0,0,99.999999999996,0,1,"High-High","3"
"E01000901",99.9999999999369,0,0,99.9999999999369,0,1,"High-High","3"
"E01000902",100.000000000057,0,0,100.000000000057,0,1,"High-High","3"
"E01000903",99.9999999999826,0,0,99.9999999999826,0,1,"High-High","3"
"E01000904",99.9999999999966,0,0,99.9999999999966,0,1,"High-High","3"
"E01000905",100.000000000012,0,0,100.000000000012,0,1,"High-High","3"
"E01000906",99.9999999999953,0,0,99.9999999999953,0,1,"High-High","3"
"E01000907",99.9999999999725,0,0,99.9999999999725,0,1,"High-High","3"
"E01000908",100.000000000012,0,0,100.000000000012,0,1,"High-High","3"
"E01000909",100.000000000025,0,0,100.000000000025,0,1,"High-High","3"
"E01000910",100.000000000008,0,0,100.000000000008,0,1,"High-High","3"
"E01000911",99.9999999999852,0,0,99.9999999999852,0,1,"High-High","3"
"E01000912",100.000000000021,0,0,100.000000000021,0,1,"High-High","3"
"E01000913",74.1450117989409,0,0,74.1450117989409,0,1,"High-High","3"
"E01000914",100.000000000014,0,0,100.000000000014,0,1,"High-High","3"
"E01000915",100.000000000023,0,0,100.000000000023,0,1,"High-High","3"
"E01000916",99.9999999999855,0,0,99.9999999999855,0,1,"High-High","3"
"E01000917",100.000000000041,0,0,100.000000000041,0,1,"High-High","3"
"E01000918",99.999999999967,0,0,99.999999999967,0,1,"High-High","3"
"E01000919",100.000000000042,0,0,100.000000000042,0,1,"High-High","3"
"E01000920",99.9999999999677,0,0,99.9999999999677,0,1,"High-High","3"
"E01000921",99.9999999998496,0,0,99.9999999998496,0,1,"High-High","3"
"E01000922",99.9999999999666,0,0,99.9999999999666,0,1,"High-High","3"
"E01000923",100.000000000034,0,0,100.000000000034,0,1,"High-High","3"
"E01000924",99.999999999991,0,0,99.999999999991,0,1,"High-High","3"
"E01000925",100.000000000015,0,0,100.000000000015,0,1,"High-High","3"
"E01000926",99.9999999999894,0,0,99.9999999999894,0,1,"High-High","3"
"E01000927",100.000000000033,0,0,100.000000000033,0,1,"High-High","3"
"E01000928",99.9999999999764,0,0,99.9999999999764,0,1,"High-High","3"
"E01000929",100.000000000022,0,0,100.000000000022,0,1,"High-High","3"
"E01000930",100.000000000014,0,0,100.000000000014,0,1,"High-High","3"
"E01000931",100.000000000004,0,0,100.000000000004,0,1,"High-High","3"
"E01000932",100.000000000022,0,0,100.000000000022,0,1,"High-High","3"
"E01000933",99.9999999999962,0,0,99.9999999999962,0,1,"High-High","3"
"E01000934",99.9999999999751,0,0,99.9999999999751,0,1,"High-High","3"
"E01000935",99.9999999999816,0,0,99.9999999999816,0,1,"High-High","3"
"E01000936",99.9999999999489,0,0,99.9999999999489,0,1,"High-High","3"
"E01000937",100.000000000038,0,0,100.000000000038,0,1,"High-High","3"
"E01000938",100.000000000022,0,0,100.000000000022,0,1,"High-High","3"
"E01000939",99.9999999999961,0,0,99.9999999999961,0,1,"High-High","3"
"E01000940",99.9999999999901,0,0,99.9999999999901,0,1,"High-High","3"
"E01000941",100.000000000055,0,0,100.000000000055,0,1,"High-High","3"
"E01000942",99.9999999999838,0,0,99.9999999999838,0,1,"High-High","3"
"E01000943",100.000000000009,0,0,100.000000000009,0,1,"High-High","3"
"E01000944",99.999999999974,0,0,99.999999999974,0,1,"High-High","3"
"E01000945",100.000000000026,0,0,100.000000000026,0,1,"High-High","3"
"E01000946",99.9999999999754,0,0,99.9999999999754,0,1,"High-High","3"
"E01000947",100.000000000018,0,0,100.000000000018,0,1,"High-High","3"
"E01000948",100.000000000023,0,0,100.000000000023,0,1,"High-High","3"
"E01000949",100.000000000052,0,0,100.000000000052,0,1,"High-High","3"
"E01000950",100.000000000065,0,0,100.000000000065,0,1,"High-High","3"
"E01000951",100.000000000016,0,0,100.000000000016,0,1,"High-High","3"
"E01000952",100.000000000026,0,0,100.000000000026,0,1,"High-High","3"
"E01000953",99.9999999999975,0,0,99.9999999999975,0,1,"High-High","3"
"E01000954",99.999999999983,0,0,99.999999999983,0,1,"High-High","3"
"E01000955",99.9999999999872,0,0,99.9999999999872,0,1,"High-High","3"
"E01000956",99.999999999974,0,0,99.999999999974,0,1,"High-High","3"
"E01000957",100.000000000034,0,0,100.000000000034,0,1,"High-High","3"
"E01000958",100.000000000037,0,0,100.000000000037,0,1,"High-High","3"
"E01000959",99.999999999964,0,0,99.999999999964,0,1,"High-High","3"
"E01000960",99.9999999999598,0,0,99.9999999999598,0,1,"High-High","3"
"E01000961",100.000000000066,0,0,100.000000000066,0,1,"High-High","3"
"E01000962",100.000000000071,0,0,100.000000000071,0,1,"High-High","3"
"E01000963",100.000000000028,0,0,100.000000000028,0,1,"High-High","3"
"E01000964",100.000000000005,0,0,100.000000000005,0,1,"High-High","3"
"E01000965",99.999999999997,0,0,99.999999999997,0,1,"High-High","3"
"E01000966",100.000000000004,0,0,100.000000000004,0,1,"High-High","3"
"E01000967",99.9999999999967,0,0,99.9999999999967,0,1,"High-High","3"
"E01000968",100.000000000028,0,0,100.000000000028,0,1,"High-High","3"
"E01000969",100.000000000013,0,0,100.000000000013,0,1,"High-High","3"
"E01000970",99.9999999999984,0,0,99.9999999999984,0,1,"High-High","3"
"E01000971",100.000000000016,0,0,100.000000000016,0,1,"High-High","3"
"E01000972",99.9999999999998,0,0,99.9999999999998,0,1,"High-High","3"
"E01000973",99.9999999999763,0,0,99.9999999999763,0,1,"High-High","3"
"E01000974",100.000000000051,0,0,100.000000000051,0,1,"High-High","3"
"E01000975",99.9999999999832,0,0,99.9999999999832,0,1,"High-High","3"
"E01000976",99.9999999999711,0,0,99.9999999999711,0,1,"High-High","3"
"E01000977",100.000000000051,0,0,100.000000000051,0,1,"High-High","3"
"E01000978",99.9999999999918,0,0,99.9999999999918,0,1,"High-High","3"
"E01000979",99.9999999999982,0,0,99.9999999999982,0,1,"High-High","3"
"E01000980",100.000000000031,0,0,100.000000000031,0,1,"High-High","3"
"E01000981",99.9999999999955,0,0,99.9999999999955,0,1,"High-High","3"
"E01000982",100.00000000001,0,0,100.00000000001,0,1,"High-High","3"
"E01000983",100.000000000025,0,0,100.000000000025,0,1,"High-High","3"
"E01000984",100.000000000013,0,0,100.000000000013,0,1,"High-High","3"
"E01000985",100.000000000012,0,0,100.000000000012,0,1,"High-High","3"
"E01000986",100,0,0,100,0,1,"High-High","3"
"E01000987",99.9999999999776,0,0,99.9999999999776,0,1,"High-High","3"
"E01000989",99.9999999999916,0,99.9999999999916,99.9999999999916,99.9999999999916,2,"High-High","2"
"E01000990",100.000000000012,0,76.1734183377787,100.000000000012,76.1734183377787,2,"High-High","2"
"E01000991",100.000000000008,0,30.7593605701423,100.000000000008,30.7593605701423,2,"High-High","3"
"E01000992",99.9999999999961,0,21.8553676175964,99.9999999999961,21.8553676175964,2,"High-High","3"
"E01000993",100.000000000037,0,0,100.000000000037,0,1,"High-High","3"
"E01000994",99.9999999999808,0,99.9999999999808,99.9999999999808,99.9999999999808,2,"High-High","2"
"E01000995",99.9999999999946,0,90.7241770076382,99.9999999999946,90.7241770076382,2,"High-High","2"
"E01000996",99.9999999999888,0,99.9999999999888,99.9999999999888,99.9999999999888,2,"High-High","2"
"E01000997",100.000000000007,0,100.000000000007,100.000000000007,100.000000000007,2,"High-High","2"
"E01000998",99.9999999999617,0,99.9999999999617,99.9999999999617,99.9999999999617,2,"High-High","2"
"E01000999",99.9999999999748,0,99.9999999999748,99.9999999999748,99.9999999999748,2,"High-High","2"
"E01001000",100.000000000011,0,100.000000000011,100.000000000011,100.000000000011,2,"High-High","2"
"E01001001",100.000000000006,0,100.000000000006,100.000000000006,100.000000000006,2,"High-High","2"
"E01001002",99.9999999999919,0,99.9999999999919,99.9999999999919,99.9999999999919,2,"High-High","2"
"E01001003",99.9999999999924,0,99.9999999999924,99.9999999999924,99.9999999999924,2,"High-High","2"
"E01001004",99.9999999999822,0,99.9999999999822,99.9999999999822,99.9999999999822,2,"High-High","2"
"E01001005",99.999999999966,0,0,99.999999999966,0,1,"High-High","3"
"E01001006",72.9592494835321,0,0,72.9592494835321,0,1,"High-High","3"
"E01001007",54.0778754694958,0,0,54.0778754694958,0,1,"High-High","3"
"E01001008",100.000000000005,0,0,100.000000000005,0,1,"High-High","3"
"E01001009",99.9999999999476,0,0,99.9999999999476,0,1,"High-High","3"
"E01001010",68.4413866986409,0,0,68.4413866986409,0,1,"High-High","3"
"E01001011",100.000000000033,0,0,100.000000000033,0,1,"High-High","3"
"E01001012",99.9999999999817,0,0,99.9999999999817,0,1,"High-High","3"
"E01001013",100.000000000011,0,0,100.000000000011,0,1,"High-High","3"
"E01001014",81.9910775310851,0,0,81.9910775310851,0,1,"High-High","3"
"E01001015",94.8628953345248,0,0,94.8628953345248,0,1,"High-High","3"
"E01001016",68.9829213789928,0,0,68.9829213789928,0,1,"High-High","3"
"E01001017",12.508499425964,0,0,12.508499425964,0,1,"High-High","3"
"E01001018",0,0,0,0,0,0,"High-High","3"
"E01001019",10.9886211560182,0,0,10.9886211560182,0,1,"High-High","3"
"E01001020",0,0,0,0,0,0,"High-High","3"
"E01001021",0,0,0,0,0,0,"High-High","3"
"E01001022",0,0,0,0,0,0,"High-High","3"
"E01001023",100.000000000017,0,0,100.000000000017,0,1,"High-High","3"
"E01001024",99.9999999999791,0,20.4391161768725,99.9999999999791,20.4391161768725,2,"High-High","3"
"E01001025",66.1342194510185,0,99.9999999999887,99.9999999999887,66.1342194510185,2,"High-High","2"
"E01001026",37.6711911092468,0,99.999999999978,99.999999999978,37.6711911092468,2,"High-High","2"
"E01001027",34.8574687842666,0,42.6754250683905,60.4976346615394,17.0352591911177,2,"High-High","3"
"E01001028",54.5300245496644,7.64030462176985,0,54.5300245496644,7.64030462176984,2,"High-High","3"
"E01001029",100.000000000002,99.9238690669126,0,100.000000000002,99.9238690669126,2,"High-High","1"
"E01001030",100.000000000001,43.4500871333488,0,100.000000000001,43.4500871333488,2,"High-High","3"
"E01001031",99.9999999999994,0,0,99.9999999999994,0,1,"High-High","3"
"E01001032",95.1573664850858,0,0,95.1573664850858,0,1,"High-High","3"
"E01001033",99.9999999999769,0,0,99.9999999999769,0,1,"High-High","3"
"E01001034",100.000000000005,0,0,100.000000000005,0,1,"High-High","3"
"E01001035",100.000000000007,0,0,100.000000000007,0,1,"High-High","3"
"E01001036",50.4765312345642,0,0,50.4765312345642,0,1,"High-High","3"
"E01001037",100.000000000018,0,0,100.000000000018,0,1,"High-High","3"
"E01001038",99.9999999999997,0,0,99.9999999999997,0,1,"High-High","3"
"E01001039",100,0,0,100,0,1,"High-High","3"
"E01001040",99.9999999999903,0,0,99.9999999999903,0,1,"High-High","3"
"E01001041",100.00000000002,0,0,100.00000000002,0,1,"High-High","3"
"E01001042",99.9999999999812,0,0,99.9999999999812,0,1,"High-High","3"
"E01001043",100.00000000002,0,0,100.00000000002,0,1,"High-High","3"
"E01001044",100.000000000015,0,0,100.000000000015,0,1,"High-High","3"
"E01001045",99.9999999999977,0,0,99.9999999999977,0,1,"High-High","3"
"E01001046",100.000000000012,0,0,100.000000000012,0,1,"High-High","3"
"E01001047",100.000000000018,0,0,100.000000000018,0,1,"High-High","3"
"E01001048",100.000000000002,0,0,100.000000000002,0,1,"High-High","3"
"E01001049",45.8815936423657,0,0,45.8815936423657,0,1,"High-High","3"
"E01001050",100.000000000014,0,0,100.000000000014,0,1,"High-High","3"
"E01001051",0,0,0,0,0,0,"High-High","3"
"E01001052",0,0,0,0,0,0,"High-High","3"
"E01001053",0,0,0,0,0,0,"High-High","3"
"E01001054",0,0,0,0,0,0,"High-High","3"
"E01001055",0,0,0,0,0,0,"High-High","3"
"E01001056",0,0,0,0,0,0,"High-High","3"
"E01001057",0,0,0,0,0,0,"High-High","3"
"E01001058",0,0,0,0,0,0,"High-High","3"
"E01001059",0,0,0,0,0,0,"High-High","3"
"E01001060",0,0,0,0,0,0,"High-High","3"
"E01001061",0,0,0,0,0,0,"High-High","3"
"E01001062",44.2375321605093,0,0,44.2375321605093,0,1,"High-High","3"
"E01001063",98.1581346043628,0,0,98.1581346043628,0,1,"High-High","3"
"E01001064",4.79272557888156,0,0,4.79272557888156,0,1,"High-High","3"
"E01001065",0,0,0,0,0,0,"High-High","3"
"E01001066",0,0,0,0,0,0,"High-High","3"
"E01001067",74.5313095950802,30.9431398250851,0,74.5313095950802,30.9431398250851,2,"High-High","3"
"E01001068",13.8715754116107,0,0,13.8715754116107,0,1,"High-High","3"
"E01001069",19.6423590870345,14.4421602428727,0,19.6423590870345,14.4421602428727,2,"High-High","3"
"E01001070",0,0,0,0,0,0,"High-High","3"
"E01001071",95.2586031126994,0,0,95.2586031126994,0,1,"High-High","3"
"E01001072",36.5742188822383,0,0,36.5742188822383,0,1,"High-High","3"
"E01001073",99.9999999999935,99.9999999999935,0,99.9999999999935,99.9999999999935,2,"High-High","1"
"E01001074",99.9999991621,80.1751768631363,0,99.9999991621,80.1751768631363,2,"High-High","1"
"E01001075",31.0120337058755,25.088355350629,0,31.0120337058755,25.088355350629,2,"High-High","3"
"E01001076",0,0,0,0,0,0,"High-High","3"
"E01001077",0,0,0,0,0,0,"High-High","3"
"E01001078",0,0,0,0,0,0,"High-High","3"
"E01001079",0,0,0,0,0,0,"High-High","3"
"E01001080",0,0,0,0,0,0,"High-High","3"
"E01001081",0,0,0,0,0,0,"High-High","3"
"E01001082",0,0,0,0,0,0,"High-High","3"
"E01001083",89.4008544701632,9.32410818989796,0,90.9227042341503,7.80225842591084,2,"High-High","3"
"E01001084",100.000000000002,9.38844557978746,0,100.000000000002,9.38844557978746,2,"High-High","3"
"E01001085",51.9383839901031,0.00413980165087196,0,51.9425237917539,0,2,"High-High","3"
"E01001086",99.9999999999813,0,39.45691098915,99.9999999999813,39.45691098915,2,"High-High","3"
"E01001087",91.3565134084685,0,4.8745448905243,91.3565134084685,4.8745448905243,2,"High-High","3"
"E01001088",99.8479801677753,0,0,99.8479801677753,0,1,"High-High","3"
"E01001089",99.9999999999687,0,0,99.9999999999687,0,1,"High-High","3"
"E01001090",99.999999999986,0,0,99.999999999986,0,1,"High-High","3"
"E01001091",99.9999999999935,0,0,99.9999999999935,0,1,"High-High","3"
"E01001092",97.3780053182232,99.997670606926,0,99.9999999999941,97.3756759251551,2,"High-High","1"
"E01001093",95.9382058331657,62.9254512624549,0,96.2497851919883,62.6138719036323,2,"High-High","1"
"E01001094",36.9219552516792,39.1815035017244,0,40.0758597817994,36.0275989716041,2,"High-High","3"
"E01001095",100.000000000006,52.8986355257376,0,100.000000000006,52.8986355257376,2,"High-High","1"
"E01001096",100.000000000026,80.2404523286338,0,100.000000000026,80.2404523286338,2,"High-High","1"
"E01001097",99.9999999999594,99.9999999999594,0,99.9999999999594,99.9999999999594,2,"High-High","1"
"E01001098",99.9999999999928,99.9882600270625,0,99.9999999999928,99.9882600270625,2,"High-High","1"
"E01001099",93.7481486638943,88.8937309054556,0,93.7481486638943,88.8937309054556,2,"High-High","1"
"E01001100",100.000000000043,0,0,100.000000000043,0,1,"High-High","3"
"E01001101",9.28881053532869,0,0,9.28881053532869,0,1,"High-High","3"
"E01001102",0,0,0,0,0,0,"High-High","3"
"E01001103",0,0,0,0,0,0,"High-High","3"
"E01001104",25.0307445814861,3.64801211229828,0,25.3479150154894,3.33084167829499,2,"High-High","3"
"E01001105",14.7447366579157,0,0,14.7447366579157,0,1,"High-High","3"
"E01001106",13.8334990696982,0,0,13.8334990696982,0,1,"High-High","3"
"E01001107",98.5721055726657,0,0,98.5721055726657,0,1,"High-High","3"
"E01001108",51.717848542366,0,0,51.717848542366,0,1,"High-High","3"
"E01001109",100.000000000023,0,2.11017509613779,100.000000000023,2.11017509613779,2,"High-High","3"
"E01001110",99.9999999999658,0,0,99.9999999999658,0,1,"High-High","3"
"E01001111",100.000000000003,0,100.000000000003,100.000000000003,100.000000000003,2,"High-High","2"
"E01001112",100.000000000009,0,37.4683858158308,100.000000000009,37.4683858158308,2,"High-High","3"
"E01001113",99.999999999977,0,98.4070513875661,99.999999999977,98.4070513875661,2,"High-High","2"
"E01001114",99.9999999999733,0,96.1878668537888,99.9999999999733,96.1878668537888,2,"High-High","2"
"E01001115",100.000000000015,0,51.7523328627346,100.000000000015,51.7523328627346,2,"High-High","2"
"E01001116",99.9999999999996,0,82.8055619753359,99.9999999999996,82.8055619753359,2,"High-High","2"
"E01001117",100.000000000016,0,0,100.000000000016,0,1,"High-High","3"
"E01001118",99.9999999999945,0,0.379798258455622,99.9999999999945,0.379798258455622,2,"High-High","3"
"E01001119",0,0,0,0,0,0,"High-High","3"
"E01001120",0,0,0,0,0,0,"High-High","3"
"E01001121",0,0,0,0,0,0,"High-High","3"
"E01001122",0,0,0,0,0,0,"High-High","3"
"E01001123",0,0,0,0,0,0,"High-High","3"
"E01001124",14.7259010334273,0,0,14.7259010334273,0,1,"High-High","3"
"E01001125",0,0,0,0,0,0,"High-High","3"
"E01001126",0,0,0,0,0,0,"High-High","3"
"E01001127",99.9999999999943,0,0,99.9999999999943,0,1,"High-High","3"
"E01001128",98.0779189345446,0,0,98.0779189345446,0,1,"High-High","3"
"E01001129",99.999999999961,0,0,99.999999999961,0,1,"High-High","3"
"E01001130",55.7353144878414,0,0,55.7353144878414,0,1,"High-High","3"
"E01001131",99.9999999999722,0,47.5793717898015,99.9999999999722,47.5793717898015,2,"High-High","2"
"E01001132",99.9999999999751,0,0,99.9999999999751,0,1,"High-High","3"
"E01001133",99.9999999999682,0,0,99.9999999999682,0,1,"High-High","3"
"E01001134",99.999999999978,0,0,99.999999999978,0,1,"High-High","3"
"E01001135",99.9999999999882,0,0,99.9999999999882,0,1,"High-High","3"
"E01001136",99.9999999999851,0,3.63731540188554,99.9999999999851,3.63731540188553,2,"High-High","3"
"E01001137",100.000000000015,0,0,100.000000000015,0,1,"High-High","3"
"E01001138",100.000000000036,0,0,100.000000000036,0,1,"High-High","3"
"E01001139",99.9999999999723,0,52.8127579165972,99.9999999999723,52.8127579165972,2,"High-High","2"
"E01001140",99.317221959612,0,0,99.317221959612,0,1,"High-High","3"
"E01001141",99.999999999966,0,0,99.999999999966,0,1,"High-High","3"
"E01001142",99.999999999985,0,0,99.999999999985,0,1,"High-High","3"
"E01001143",99.9999999999276,0,19.7596096018112,99.9999999999276,19.7596096018111,2,"High-High","3"
"E01001144",99.9999999999973,0,45.1645143505205,99.9999999999973,45.1645143505205,2,"High-High","2"
"E01001145",99.9999999999949,0,5.59554734090431,99.9999999999949,5.5955473409043,2,"High-High","3"
"E01001146",0,0,99.9999999999971,99.9999999999971,0,1,"High-High","2"
"E01001147",66.8206799899479,0,100.000000000019,100.000000000019,66.8206799899479,2,"High-High","2"
"E01001148",0,0,98.498433701745,98.498433701745,0,1,"High-High","2"
"E01001149",40.0444153641774,0,84.3165582861518,96.0446215426959,28.3163521076333,2,"High-High","2"
"E01001150",97.9159657733186,0,91.2325469565669,99.9999999999786,89.148512729907,2,"High-High","2"
"E01001151",100.000000000056,0,100.000000000056,100.000000000056,100.000000000056,2,"High-High","2"
"E01001152",35.3198557284769,0,99.9999999999871,99.9999999999871,35.3198557284769,2,"High-High","2"
"E01001153",22.2156493319643,0,99.9999999999865,99.9999999999865,22.2156493319643,2,"High-High","2"
"E01001154",64.5831182006968,0,100.000000000004,100.000000000004,64.5831182006968,2,"High-High","2"
"E01001155",72.569405831722,0,99.9999999999998,99.9999999999998,72.569405831722,2,"High-High","2"
"E01001156",75.7428497868995,0,0,75.7428497868995,0,1,"High-High","3"
"E01001157",94.654769264706,0,13.0617037612074,97.8852847589638,9.83118826694965,2,"High-High","3"
"E01001158",10.8733512562246,0,7.92912261160536,18.8024738678299,-3.5527136788005e-15,2,"High-High","3"
"E01001159",66.437917270448,0,0,66.437917270448,0,1,"High-High","3"
"E01001160",24.40034863974,0,40.5277531793814,58.5266495113733,6.40145230774806,2,"High-High","3"
"E01001161",100.000000000021,0,31.5752975482683,100.000000000021,31.5752975482683,2,"High-High","3"
"E01001162",100.000000000003,0,0,100.000000000003,0,1,"High-High","3"
"E01001163",99.9999999999909,0,0,99.9999999999909,0,1,"High-High","3"
"E01001164",100.000000000015,0,0,100.000000000015,0,1,"High-High","3"
"E01001165",84.6079091205619,0,0,84.6079091205619,0,1,"High-High","3"
"E01001166",99.9999999999874,0,0,99.9999999999874,0,1,"High-High","3"
"E01001167",39.7244554011212,0,0,39.7244554011212,0,1,"High-High","3"
"E01001168",76.9982437573626,0,0,76.9982437573626,0,1,"High-High","3"
"E01001169",99.9999999999853,0,0,99.9999999999853,0,1,"High-High","3"
"E01001170",99.9999999999952,0,0,99.9999999999952,0,1,"High-High","3"
"E01001171",99.9999999999864,0,0,99.9999999999864,0,1,"High-High","3"
"E01001172",16.6122767348926,0,0,16.6122767348926,0,1,"High-High","3"
"E01001173",64.8226294874105,6.75067760089634,0,67.3606738351448,4.21263325316207,2,"High-High","3"
"E01001174",99.9999999999802,0,1.53077020938123,99.9999999999802,1.53077020938123,2,"High-High","3"
"E01001175",100.000000000006,0,99.0228821143085,100.000000000006,99.0228821143086,2,"High-High","2"
"E01001176",99.9999999999962,0,3.19879333290978,99.9999999999962,3.19879333290979,2,"High-High","3"
"E01001177",81.7534196250166,0,0,81.7534196250166,0,1,"High-High","3"
"E01001178",100.000000000026,0,40.2162379269257,100.000000000026,40.2162379269257,2,"High-High","3"
"E01001179",99.9999999999808,0,0,99.9999999999808,0,1,"High-High","3"
"E01001180",100.00000000001,0,0,100.00000000001,0,1,"High-High","3"
"E01001181",99.9999999999887,0,0,99.9999999999887,0,1,"High-High","3"
"E01001182",100.000000000022,0,5.02782926656587,100.000000000022,5.02782926656586,2,"High-High","3"
"E01001183",99.9999999999466,0,81.5989568487576,99.9999999999466,81.5989568487576,2,"High-High","2"
"E01001184",99.999999999986,0,0,99.999999999986,0,1,"High-High","3"
"E01001185",100.000000000014,0,0,100.000000000014,0,1,"High-High","3"
"E01001186",100.00000000004,0,14.8871816091295,100.00000000004,14.8871816091295,2,"High-High","3"
"E01001187",100.00000000003,0,0,100.00000000003,0,1,"High-High","3"
"E01001188",100.000000000041,0,0,100.000000000041,0,1,"High-High","3"
"E01001189",99.9999999999103,0,86.9249202034295,99.9999999999103,86.9249202034295,2,"High-High","2"
"E01001190",100.000000000008,0,100.000000000008,100.000000000008,100.000000000008,2,"High-High","2"
"E01001191",100.000000000064,0,8.18140304720015,100.000000000064,8.18140304720015,2,"High-High","3"
"E01001192",99.9999999999837,0,79.1298242999347,99.9999999999837,79.1298242999347,2,"High-High","2"
"E01001193",100.000000000003,0,0,100.000000000003,0,1,"High-High","3"
"E01001194",99.9999999999904,0,99.9999999999904,99.9999999999904,99.9999999999904,2,"High-High","2"
"E01001195",99.0417798379206,0,0,99.0417798379206,0,1,"High-High","3"
"E01001196",100.000000000004,0,4.95693520577559,100.000000000004,4.95693520577559,2,"High-High","3"
"E01001197",99.9999999999995,0,0,99.9999999999995,0,1,"High-High","3"
"E01001198",100.000000000015,0,1.15797155833086,100.000000000015,1.15797155833086,2,"High-High","3"
"E01001199",100.000000000011,0,0,100.000000000011,0,1,"High-High","3"
"E01001200",77.4477124900427,0,95.4159906348903,99.999999999994,72.863703124939,2,"High-High","2"
"E01001201",100.000000000064,0,2.68210036100692,100.000000000064,2.68210036100692,2,"High-High","3"
"E01001202",100.000000000006,0,0,100.000000000006,0,1,"High-High","3"
"E01001203",99.6701152741765,0,67.2207058472598,100.000000000022,66.8908211214144,2,"High-High","2"
"E01001204",72.4485207166458,0,3.89755213345562,76.3460728501014,0,2,"High-High","3"
"E01001205",97.5148660257598,0,0,97.5148660257598,0,1,"High-High","3"
"E01001206",7.0670971095144,0,0,7.0670971095144,0,1,"High-High","3"
"E01001207",100.000000000005,0,0,100.000000000005,0,1,"High-High","3"
"E01001208",0,0,86.4928238844023,86.4928238844023,0,1,"High-High","2"
"E01001209",0.546329210395596,0,99.9999999999657,99.9999999999657,0.546329210395598,2,"High-High","2"
"E01001210",0.00140314006467198,0,91.8329611445607,91.8343642846254,0,2,"High-High","2"
"E01001211",77.2420808727846,0,66.5539795928372,100.00000000001,43.7960604656118,2,"High-High","2"
"E01001212",39.4213602300418,0,56.3646453586164,93.010407069607,2.77559851905113,2,"High-High","2"
"E01001213",0,48.8140917948678,0,48.8140917948678,0,1,"High-High","1"
"E01001214",0,0,0,0,0,0,"High-High","3"
"E01001215",0,0.0311896415452828,0,0.0311896415452828,0,1,"High-High","3"
"E01001216",0,0,0,0,0,0,"High-High","3"
"E01001217",72.0005266621137,0,0,72.0005266621137,0,1,"High-High","3"
"E01001218",89.0918849182187,0,0,89.0918849182187,0,1,"High-High","3"
"E01001219",6.71622643461688,0,0,6.71622643461688,0,1,"High-High","3"
"E01001220",29.1898944857966,0,0,29.1898944857966,0,1,"High-High","3"
"E01001221",100.000000000004,0,0,100.000000000004,0,1,"High-High","3"
"E01001222",100.000000000018,0,0,100.000000000018,0,1,"High-High","3"
"E01001223",100.000000000011,0,0,100.000000000011,0,1,"High-High","3"
"E01001224",99.9999999999848,0,0,99.9999999999848,0,1,"High-High","3"
"E01001225",99.9999999999501,0,0,99.9999999999501,0,1,"High-High","3"
"E01001226",100.00000000001,0,0,100.00000000001,0,1,"High-High","3"
"E01001227",100.000000000014,0,0,100.000000000014,0,1,"High-High","3"
"E01001228",100.000000000016,0,0,100.000000000016,0,1,"High-High","3"
"E01001229",80.1516795519615,0,0,80.1516795519615,0,1,"High-High","3"
"E01001230",100.000000000016,0,0,100.000000000016,0,1,"High-High","3"
"E01001231",99.9999999999894,0,0,99.9999999999894,0,1,"High-High","3"
"E01001232",99.9999999999935,0,0,99.9999999999935,0,1,"High-High","3"
"E01001233",99.8156876273845,0,0,99.8156876273845,0,1,"High-High","3"
"E01001234",100.000000000002,0,0,100.000000000002,0,1,"High-High","3"
"E01001235",100.000000000008,0,0,100.000000000008,0,1,"High-High","3"
"E01001236",100.000000000022,0,0,100.000000000022,0,1,"High-High","3"
"E01001237",99.999999999968,0,0,99.999999999968,0,1,"High-High","3"
"E01001238",99.9999999999689,0,4.295566698079,99.9999999999689,4.295566698079,2,"High-High","3"
"E01001239",99.9999999999743,0,7.45487451790088,99.9999999999743,7.45487451790088,2,"High-High","3"
"E01001240",99.7672870092905,0,48.8527426209876,100.000000000043,48.6200296302352,2,"High-High","2"
"E01001241",82.1892924587242,0,98.9053483708929,100.000000000013,81.0946408296044,2,"High-High","2"
"E01001242",56.9244806379986,0,99.9999999999778,99.9999999999778,56.9244806379986,2,"High-High","2"
"E01001243",99.9516970355957,0,100.00000000003,100.00000000003,99.9516970355957,2,"High-High","2"
"E01001244",87.1374607269602,0,100.000000000011,100.000000000011,87.1374607269603,2,"High-High","2"
"E01001245",99.9999999999985,0,99.9999999999985,99.9999999999985,99.9999999999985,2,"High-High","2"
"E01001246",94.8165116737285,0,69.6526051872219,99.9999999999965,64.4691168609539,2,"High-High","2"
"E01001247",73.2043099226988,0,0,73.2043099226988,0,1,"High-High","3"
"E01001248",99.5838356397619,14.625312392765,0,100.000000000002,14.2091480325246,2,"High-High","3"
"E01001249",100.000000000016,0,0,100.000000000016,0,1,"High-High","3"
"E01001250",99.9999999999975,0,0,99.9999999999975,0,1,"High-High","3"
"E01001251",100.000000000013,0,0,100.000000000013,0,1,"High-High","3"
"E01001252",99.9999999999678,0,0,99.9999999999678,0,1,"High-High","3"
"E01001253",99.9999999999834,0,0,99.9999999999834,0,1,"High-High","3"
"E01001254",100,0,0,100,0,1,"High-High","3"
"E01001255",100.000000000007,0,0,100.000000000007,0,1,"High-High","3"
"E01001257",99.9999999999948,70.2426284675332,0,99.9999999999948,70.2426284675332,2,"High-High","1"
"E01001258",100.000000000013,1.23933609579474,0,100.000000000013,1.23933609579474,2,"High-High","3"
"E01001259",99.9999999999752,0,0,99.9999999999752,0,1,"High-High","3"
"E01001260",100.000000000031,0,0,100.000000000031,0,1,"High-High","3"
"E01001261",100.000000000012,0,0,100.000000000012,0,1,"High-High","3"
"E01001262",100.000000000046,0,0,100.000000000046,0,1,"High-High","3"
"E01001263",100.000000000018,0.105781497704043,0,100.000000000018,0.105781497704044,2,"High-High","3"
"E01001264",100.000000000034,0,0,100.000000000034,0,1,"High-High","3"
"E01001265",100.000000000017,0,0,100.000000000017,0,1,"High-High","3"
"E01001266",100,0,6.62376712935179,100,6.62376712935179,2,"High-High","3"
"E01001267",99.9999999999985,0,0,99.9999999999985,0,1,"High-High","3"
"E01001268",100.000000000027,0,0,100.000000000027,0,1,"High-High","3"
"E01001269",86.6700120195755,0,0,86.6700120195755,0,1,"High-High","3"
"E01001270",99.5270494658024,0,0,99.5270494658024,0,1,"High-High","3"
"E01001271",92.5958303739137,0,0,92.5958303739137,0,1,"High-High","3"
"E01001272",100.000000000006,0,0,100.000000000006,0,1,"High-High","3"
"E01001273",73.5327221431868,0,0,73.5327221431868,0,1,"High-High","3"
"E01001274",46.1910364086603,0,0,46.1910364086603,0,1,"High-High","3"
"E01001275",99.9999999999941,0,0,99.9999999999941,0,1,"High-High","3"
"E01001276",0,0,0,0,0,0,"High-High","3"
"E01001277",3.24169384050773,0,8.78862208033242,12.0303159208402,1.77635683940025e-15,2,"High-High","3"
"E01001278",11.5086248891136,0,0,11.5086248891136,0,1,"High-High","3"
"E01001279",39.3721671433473,0,24.0699266245369,62.145065565497,1.29702820238727,2,"High-High","3"
"E01001280",82.1130918352582,0,0,82.1130918352582,0,1,"High-High","3"
"E01001281",49.7160557656444,0,62.6282577350304,99.9999999999986,12.3443135006762,2,"High-High","2"
"E01001282",34.88358888085,0,0.593972018837744,35.4775608996877,7.105427357601e-15,2,"High-High","3"
"E01001283",99.5880252209647,0,0.360238219672889,99.9310876184237,0.0171758222138578,2,"High-High","3"
"E01001284",86.0307878824144,0,0,86.0307878824144,0,1,"High-High","3"
"E01001285",26.6040151072392,0,0,26.6040151072392,0,1,"High-High","3"
"E01001286",26.4881207258089,0,0,26.4881207258089,0,1,"High-High","3"
"E01001287",99.9999999999896,0,0,99.9999999999896,0,1,"High-High","3"
"E01001288",70.4315190045633,0,0,70.4315190045633,0,1,"High-High","3"
"E01001289",98.8461342421621,0,0,98.8461342421621,0,1,"High-High","3"
"E01001290",88.6221521927793,0,0,88.6221521927793,0,1,"High-High","3"
"E01001291",99.9999999999967,32.8231692456825,0,99.9999999999967,32.8231692456825,2,"High-High","3"
"E01001292",99.9999999999825,0,0,99.9999999999825,0,1,"High-High","3"
"E01001293",100.000000000003,53.9737910546738,0,100.000000000003,53.9737910546739,2,"High-High","1"
"E01001294",99.8080178496254,99.9999999999906,0,99.9999999999906,99.8080178496254,2,"High-High","1"
"E01001295",100.000000000009,97.4630574872533,0,100.000000000009,97.4630574872533,2,"High-High","1"
"E01001296",42.7809688735114,63.4961893301944,0,82.3439074210631,23.9332507826427,2,"High-High","1"
"E01001297",5.41883705605893,100.000000000018,0,100.000000000018,5.41883705605893,2,"High-High","1"
"E01001298",0,59.0953960542042,0,59.0953960542042,0,1,"High-High","1"
"E01001299",99.9999999999835,1.76601337560558,0,99.9999999999835,1.76601337560558,2,"High-High","3"
"E01001300",100.000000000006,0,0,100.000000000006,0,1,"High-High","3"
"E01001301",57.210056051805,0,0,57.210056051805,0,1,"High-High","3"
"E01001302",99.999999999999,5.09955664224612,0,99.999999999999,5.09955664224613,2,"High-High","3"
"E01001303",99.9999999999967,0,0,99.9999999999967,0,1,"High-High","3"
"E01001304",80.9353914073953,0,0,80.9353914073953,0,1,"High-High","3"
"E01001305",99.9999999999811,0,0,99.9999999999811,0,1,"High-High","3"
"E01001306",100.000000000004,0,0,100.000000000004,0,1,"High-High","3"
"E01001307",78.0524688007946,0,0,78.0524688007946,0,1,"High-High","3"
"E01001308",86.7674514056666,0,20.5382599180544,95.7332127342471,11.5724985894739,2,"High-High","3"
"E01001309",9.45034606555805,0,0,9.45034606555805,0,1,"High-High","3"
"E01001310",67.4459489466638,0,0,67.4459489466638,0,1,"High-High","3"
"E01001311",3.03936454237463,0,0,3.03936454237463,0,1,"High-High","3"
"E01001312",19.0252201032739,0,0,19.0252201032739,0,1,"High-High","3"
"E01001313",99.9999999999904,0,0,99.9999999999904,0,1,"High-High","3"
"E01001314",98.3386953088115,0,0,98.3386953088115,0,1,"High-High","3"
"E01001315",30.0631853895041,0,0,30.0631853895041,0,1,"High-High","3"
"E01001316",51.4228663627522,0,0,51.4228663627522,0,1,"High-High","3"
"E01001317",75.9021136404157,0,0,75.9021136404157,0,1,"High-High","3"
"E01001318",22.3552081487206,0,0,22.3552081487206,0,1,"High-High","3"
"E01001319",40.9266646889649,0,0,40.9266646889649,0,1,"High-High","3"
"E01001320",65.7143081660546,0,0,65.7143081660546,0,1,"High-High","3"
"E01001321",56.1209857612005,0,0,56.1209857612005,0,1,"High-High","3"
"E01001322",42.0146994769162,0,0,42.0146994769162,0,1,"High-High","3"
"E01001323",21.5722096278755,0,0,21.5722096278755,0,1,"High-High","3"
"E01001324",99.9999999999997,0,0,99.9999999999997,0,1,"High-High","3"
"E01001325",44.8625138578502,0,0,44.8625138578502,0,1,"High-High","3"
"E01001326",99.0544913324631,0,0,99.0544913324631,0,1,"High-High","3"
"E01001327",100.000000000071,4.26991630703666,0,100.000000000071,4.26991630703665,2,"High-High","3"
"E01001328",99.9999999999963,22.3696097605678,0,99.9999999999963,22.3696097605678,2,"High-High","3"
"E01001329",100.000000000019,0,0,100.000000000019,0,1,"High-High","3"
"E01001330",99.9999999999956,88.6598660192905,0,99.9999999999956,88.6598660192905,2,"High-High","1"
"E01001331",100.000000000001,92.5754560656811,0,100.000000000001,92.5754560656811,2,"High-High","1"
"E01001332",100.000000000003,100.000000000003,0,100.000000000003,100.000000000003,2,"High-High","1"
"E01001333",100.000000000032,0,0,100.000000000032,0,1,"High-High","3"
"E01001334",99.9999999999895,0,0,99.9999999999895,0,1,"High-High","3"
"E01001335",77.0891729693442,0,0,77.0891729693442,0,1,"High-High","3"
"E01001336",100.000000000014,0,0,100.000000000014,0,1,"High-High","3"
"E01001337",83.2603100424645,0.100438865744803,0,83.2603100424645,0.100438865744806,2,"High-High","3"
"E01001338",39.457468167308,0,0,39.457468167308,0,1,"High-High","3"
"E01001339",21.1175017951397,0,0,21.1175017951397,0,1,"High-High","3"
"E01001340",79.2171453101024,0,0,79.2171453101024,0,1,"High-High","3"
"E01001341",6.06004992890464,0,99.9999999999732,99.9999999999732,6.06004992890465,2,"High-High","2"
"E01001342",28.986581708818,0,92.0562263636625,99.9638633050051,21.0789447674755,2,"High-High","2"
"E01001343",22.4035269456359,0,100.000000000042,100.000000000042,22.4035269456359,2,"High-High","2"
"E01001344",11.4219466806146,0,99.8306105299606,99.9999999999844,11.2525572105908,2,"High-High","2"
"E01001345",0,0,100.000000000024,100.000000000024,0,1,"High-High","2"
"E01001346",99.9508552646594,0,72.6345369767328,100.000000000007,72.5853922413848,2,"High-High","2"
"E01001347",0,0,99.9999999999876,99.9999999999876,0,1,"High-High","2"
"E01001348",6.68651386681195,0,99.9999999999818,99.9999999999818,6.68651386681195,2,"High-High","2"
"E01001349",78.26094865736,0,31.4867056332007,99.9999999999957,9.74765429056501,2,"High-High","3"
"E01001350",99.9999999999795,0,0,99.9999999999795,0,1,"High-High","3"
"E01001351",100.000000000016,0,0,100.000000000016,0,1,"High-High","3"
"E01001352",99.9999999999998,0,0,99.9999999999998,0,1,"High-High","3"
"E01001353",99.9999999999872,0,0,99.9999999999872,0,1,"High-High","3"
"E01001354",99.9999999999919,0,0,99.9999999999919,0,1,"High-High","3"
"E01001355",100.000000000011,0,39.5996243134154,100.000000000011,39.5996243134154,2,"High-High","3"
"E01001356",100.000000000009,0,0,100.000000000009,0,1,"High-High","3"
"E01001357",100.000000000029,0,0,100.000000000029,0,1,"High-High","3"
"E01001358",99.7027561020736,0,0,99.7027561020736,0,1,"High-High","3"
"E01001359",36.1017444579165,12.1288071743199,0,48.2305516322364,7.105427357601e-15,2,"High-High","3"
"E01001360",99.7500410267661,0,0,99.7500410267661,0,1,"High-High","3"
"E01001361",55.9396403671415,0,0,55.9396403671415,0,1,"High-High","3"
"E01001362",99.9999999999875,0,0,99.9999999999875,0,1,"High-High","3"
"E01001363",0.426019148494008,52.6443910185474,0,53.0704101670414,0,2,"High-High","1"
"E01001364",0,84.0967475665554,0,84.0967475665554,0,1,"High-High","1"
"E01001365",92.6561822929839,30.8336613493107,0,94.6989973826938,28.7908462596007,2,"High-High","3"
"E01001366",99.9999999999693,85.3017727547594,0,99.9999999999693,85.3017727547594,2,"High-High","1"
"E01001367",99.9999999999966,0,0,99.9999999999966,0,1,"High-High","3"
"E01001368",99.9999999999992,79.1725994116067,0,99.9999999999992,79.1725994116067,2,"High-High","1"
"E01001369",100.000000000041,0,0,100.000000000041,0,1,"High-High","3"
"E01001370",88.0361011521506,98.4381183956444,0,99.9999999999971,86.4742195477978,2,"High-High","1"
"E01001371",99.9999999999984,15.1563547961578,0,99.9999999999984,15.1563547961578,2,"High-High","3"
"E01001372",99.9999999999774,0,0,99.9999999999774,0,1,"High-High","3"
"E01001373",100,0,0,100,0,1,"High-High","3"
"E01001374",99.9999999999615,0,1.94310696822778,99.9999999999615,1.94310696822778,2,"High-High","3"
"E01001375",99.9999999999735,0,99.9999999999735,99.9999999999735,99.9999999999735,2,"High-High","2"
"E01001376",78.7042125137754,0,99.4795954606124,100.000000000007,78.1838079743808,2,"High-High","2"
"E01001377",100.000000000033,0,67.1419606552025,100.000000000033,67.1419606552025,2,"High-High","2"
"E01001379",100.000000000005,0,75.6728162085487,100.000000000005,75.6728162085487,2,"High-High","2"
"E01001380",100.000000000021,0,0,100.000000000021,0,1,"High-High","3"
"E01001381",87.8544695428121,0,99.9999999999494,99.9999999999494,87.8544695428121,2,"High-High","2"
"E01001382",99.9999999999916,0,0,99.9999999999916,0,1,"High-High","3"
"E01001383",99.9999999999946,0,0,99.9999999999946,0,1,"High-High","3"
"E01001384",100.000000000089,0,0,100.000000000089,0,1,"High-High","3"
"E01001385",99.9999999999978,0,0,99.9999999999978,0,1,"High-High","3"
"E01001386",100.000000000016,0,0,100.000000000016,0,1,"High-High","3"
"E01001387",100.000000000021,0,0,100.000000000021,0,1,"High-High","3"
"E01001388",99.9999999999697,0,0,99.9999999999697,0,1,"High-High","3"
"E01001389",99.9999999999995,0,0,99.9999999999995,0,1,"High-High","3"
"E01001390",99.9999999999998,0,0,99.9999999999998,0,1,"High-High","3"
"E01001391",99.9999999999931,0,0,99.9999999999931,0,1,"High-High","3"
"E01001392",99.9999999999913,0,0,99.9999999999913,0,1,"High-High","3"
"E01001393",99.9999999999961,0,0,99.9999999999961,0,1,"High-High","3"
"E01001394",99.999999999987,0,0,99.999999999987,0,1,"High-High","3"
"E01001395",73.8943312164205,0,0,73.8943312164205,0,1,"High-High","3"
"E01001396",100.000000000041,0,0,100.000000000041,0,1,"High-High","3"
"E01001397",50.4248258046354,0,0,50.4248258046354,0,1,"High-High","3"
"E01001398",0,0,26.0857571677934,26.0857571677934,0,1,"High-High","3"
"E01001399",12.0323282067613,0,0,12.0323282067613,0,1,"High-High","3"
"E01001400",56.7775240499922,0,8.93789741656203,65.3578588510426,0.357562615511668,2,"High-High","3"
"E01001401",0,3.58736055345496,4.40496090360336,7.99232145705832,8.88178419700125e-16,2,"High-High","3"
"E01001402",99.9999999999932,0,0,99.9999999999932,0,1,"High-High","3"
"E01001403",87.4614045366549,0,0,87.4614045366549,0,1,"High-High","3"
"E01001404",89.1815258619706,0,0,89.1815258619706,0,1,"High-High","3"
"E01001405",9.55445221557136,0,100.000000000016,100.000000000016,9.55445221557136,2,"High-High","2"
"E01001406",0,4.27458504093488,82.1820441098288,86.4566291507636,0,2,"High-High","2"
"E01001407",8.9805896164672,0,0,8.9805896164672,0,1,"High-High","3"
"E01001408",35.4836296434765,0,0,35.4836296434765,0,1,"High-High","3"
"E01001409",46.4671643686153,0,0,46.4671643686153,0,1,"High-High","3"
"E01001410",48.6376897607661,0,0,48.6376897607661,0,1,"High-High","3"
"E01001411",25.8877423083083,0,6.96337366895267,26.4029577033796,6.44815827388136,2,"High-High","3"
"E01001412",1.69277753193215,0,0,1.69277753193215,0,1,"High-High","3"
"E01001413",0,0,0,0,0,0,"High-High","3"
"E01001414",13.5681498145569,0,0,13.5681498145569,0,1,"High-High","3"
"E01001415",32.1652127527031,0,0,32.1652127527031,0,1,"High-High","3"
"E01001416",100.00000000003,0,0,100.00000000003,0,1,"High-High","3"
"E01001417",12.4550945016119,0,0,12.4550945016119,0,1,"High-High","3"
"E01001418",100.000000000003,0,0,100.000000000003,0,1,"High-High","3"
"E01001419",99.9999999999936,0,0,99.9999999999936,0,1,"High-High","3"
"E01001420",99.9999999999904,0,0,99.9999999999904,0,1,"High-High","3"
"E01001421",99.9999999999879,0,0,99.9999999999879,0,1,"High-High","3"
"E01001422",0,0,0,0,0,0,"High-High","3"
"E01001423",23.8761545757951,0,0,23.8761545757951,0,1,"High-High","3"
"E01001424",81.249849494575,0,0,81.249849494575,0,1,"High-High","3"
"E01001425",100.000000000005,0.218300288399838,0,100.000000000005,0.218300288399831,2,"High-High","3"
"E01001426",81.4994910252899,52.6751388661004,0,90.8672934272643,43.307336464126,2,"High-High","1"
"E01001427",33.9598579303019,80.567413126846,0,89.0568384045053,25.4704326526426,2,"High-High","1"
"E01001428",98.6371935557107,0,0,98.6371935557107,0,1,"High-High","3"
"E01001429",33.1384545708391,0,0,33.1384545708391,0,1,"High-High","3"
"E01001430",100.000000000021,31.4378965811477,0,100.000000000021,31.4378965811477,2,"High-High","3"
"E01001431",99.9999999999533,99.9999999999533,0,99.9999999999533,99.9999999999533,2,"High-High","1"
"E01001432",100.000000000002,90.299729635591,0,100.000000000002,90.2997296355911,2,"High-High","1"
"E01001433",99.9869027000672,0,0,99.9869027000672,0,1,"High-High","3"
"E01001434",100.000000000022,0,0,100.000000000022,0,1,"High-High","3"
"E01001435",100.000000000004,0,0,100.000000000004,0,1,"High-High","3"
"E01001436",99.9999999999905,54.4526680978161,0,99.9999999999905,54.4526680978161,2,"High-High","1"
"E01001437",34.5208895078129,15.3362007940654,0,46.8458603974097,3.01122990446862,2,"High-High","3"
"E01001438",64.8916817003265,19.1370745968381,0,73.9954211515882,10.0333351455763,2,"High-High","3"
"E01001439",99.999999999933,57.3409570493174,0,99.999999999933,57.3409570493174,2,"High-High","1"
"E01001440",24.4774948856462,99.5527900230877,0,99.9999999999923,24.0302849087416,2,"High-High","1"
"E01001441",99.9999999999946,0,0,99.9999999999946,0,1,"High-High","3"
"E01001442",100.000000000008,0,0,100.000000000008,0,1,"High-High","3"
"E01001444",100.00000000001,0,0,100.00000000001,0,1,"High-High","3"
"E01001445",97.1644906021262,0,4.05076643904379,98.9155002259688,2.29975681520122,2,"High-High","3"
"E01001446",100.000000000006,0,0,100.000000000006,0,1,"High-High","3"
"E01001447",100.000000000065,0,0,100.000000000065,0,1,"High-High","3"
"E01001448",99.9999999999522,0,0,99.9999999999522,0,1,"High-High","3"
"E01001449",99.9999999999828,0,0,99.9999999999828,0,1,"High-High","3"
"E01001450",70.6575755207228,0,99.9999999999597,99.9999999999597,70.6575755207229,2,"High-High","2"
"E01001451",89.4129169774219,0,98.3668124643215,100.000000000048,87.7797294416951,2,"High-High","2"
"E01001452",99.8382741428345,0,35.2737261084842,100.000000000001,35.1120002513175,2,"High-High","3"
"E01001453",53.7064740379108,0,1.17658313153581,53.7064740379108,1.17658313153581,2,"High-High","3"
"E01001454",87.1186720154791,0,0,87.1186720154791,0,1,"High-High","3"
"E01001455",87.098128476655,0,25.0512304217336,99.9999999999993,12.1493588983892,2,"High-High","3"
"E01001456",99.9999999999812,0,0,99.9999999999812,0,1,"High-High","3"
"E01001457",99.9999999999851,0,64.4861463109507,99.9999999999851,64.4861463109507,2,"High-High","2"
"E01001458",98.804704795728,0,0,98.804704795728,0,1,"High-High","3"
"E01001459",0,0,0,0,0,0,"High-High","3"
"E01001460",0,0,0,0,0,0,"High-High","3"
"E01001461",7.4390608769814,0,0,7.4390608769814,0,1,"High-High","3"
"E01001462",0,0,0,0,0,0,"High-High","3"
"E01001463",23.1203586873915,0,0,23.1203586873915,0,1,"High-High","3"
"E01001464",42.4774716116075,0,0,42.4774716116075,0,1,"High-High","3"
"E01001465",12.3060509845508,0,0,12.3060509845508,0,1,"High-High","3"
"E01001466",100.00000000003,0,0,100.00000000003,0,1,"High-High","3"
"E01001467",95.678472416554,0,0,95.678472416554,0,1,"High-High","3"
"E01001468",0.530609969477647,0,0,0.530609969477647,0,1,"High-High","3"
"E01001469",91.2625867589921,0,0,91.2625867589921,0,1,"High-High","3"
"E01001470",38.8539591131206,0,0,38.8539591131206,0,1,"High-High","3"
"E01001471",69.4639298208428,0,0,69.4639298208428,0,1,"High-High","3"
"E01001472",99.9999999999621,0,30.7797633049722,99.9999999999621,30.7797633049722,2,"High-High","3"
"E01001473",67.0851428850657,0,0,67.0851428850657,0,1,"High-High","3"
"E01001474",100.00000000001,0,0,100.00000000001,0,1,"High-High","3"
"E01001475",100.000000000005,0,0,100.000000000005,0,1,"High-High","3"
"E01001476",0,99.8249934723265,0,99.8249934723265,0,1,"High-High","1"
"E01001477",0,5.97614646020472,0,5.97614646020472,0,1,"High-High","3"
"E01001478",0,16.7283840716172,0,16.7283840716172,0,1,"High-High","3"
"E01001479",0,0.270772766661803,0,0.270772766661803,0,1,"High-High","3"
"E01001480",0,0,0,0,0,0,"High-High","3"
"E01001481",0,0,0,0,0,0,"High-High","3"
"E01001482",0,0,0,0,0,0,"High-High","3"
"E01001483",1.16388191260731,0,0,1.16388191260731,0,1,"High-High","3"
"E01001484",0,85.7445563674047,0,85.7445563674047,0,1,"High-High","1"
"E01001485",0,0,0,0,0,0,"High-High","3"
"E01001486",0,0,0,0,0,0,"High-High","3"
"E01001487",0,0,0,0,0,0,"High-High","3"
"E01001488",0,0,0,0,0,0,"High-High","3"
"E01001489",0,0,0,0,0,0,"High-High","3"
"E01001491",0,0,0,0,0,0,"High-High","3"
"E01001492",0,0,0,0,0,0,"High-High","3"
"E01001493",95.8286066403368,0,0,95.8286066403368,0,1,"High-High","3"
"E01001494",39.457872608397,0,0,39.457872608397,0,1,"High-High","3"
"E01001495",3.69078718176347,0,0,3.69078718176347,0,1,"High-High","3"
"E01001496",9.11111750061152,0,0,9.11111750061152,0,1,"High-High","3"
"E01001497",8.24679441794884,0,0,8.24679441794884,0,1,"High-High","3"
"E01001498",20.3542209007066,0,0,20.3542209007066,0,1,"High-High","3"
"E01001499",0,0,0,0,0,0,"High-High","3"
"E01001500",80.1631804216444,0,0,80.1631804216444,0,1,"High-High","3"
"E01001501",98.1821374996367,0,0,98.1821374996367,0,1,"High-High","3"
"E01001502",0,98.8443010229705,0,98.8443010229705,0,1,"High-High","1"
"E01001503",0,99.9999999999989,0,99.9999999999989,0,1,"High-High","1"
"E01001504",0,100.000000000009,0,100.000000000009,0,1,"High-High","1"
"E01001505",0,99.9999999999799,0,99.9999999999799,0,1,"High-High","1"
"E01001506",0,21.5262896654161,0,21.5262896654161,0,1,"High-High","3"
"E01001507",0,100.000000000009,0,100.000000000009,0,1,"High-High","1"
"E01001508",0,100.000000000023,0,100.000000000023,0,1,"High-High","1"
"E01001509",0,99.9999999999454,0,99.9999999999454,0,1,"High-High","1"
"E01001510",0,76.6884895578006,0,76.6884895578006,0,1,"High-High","1"
"E01001511",0,94.3556036271058,38.8680802170454,100.000000000008,33.2236838441429,2,"High-High","1"
"E01001512",44.3189683789942,0,99.9999999999928,99.9999999999928,44.3189683789943,2,"High-High","2"
"E01001513",11.1993302037876,78.7968330497698,37.1852578598927,94.9692390533889,32.2121820600611,3,"High-High","1"
"E01001514",0,0.490890378906769,99.2327905795414,99.2327905795414,0.490890378906769,2,"High-High","2"
"E01001515",0,84.5273287337638,68.5157881452999,98.7536550534649,54.2894618255988,2,"High-High","1"
"E01001516",71.7195012806034,11.9120657477491,0,83.3833011248411,0.24826590351131,2,"High-High","3"
"E01001517",100.00000000001,3.81718803847118,0,100.00000000001,3.81718803847117,2,"High-High","3"
"E01001518",0.136043833822159,7.10961698713427,85.316313509583,85.316313509583,7.24566082095643,3,"High-High","2"
"E01001519",87.7644248499627,0,0,87.7644248499627,0,1,"High-High","3"
"E01001520",30.9849920975896,0,0,30.9849920975896,0,1,"High-High","3"
"E01001521",49.0357350486898,0,0,49.0357350486898,0,1,"High-High","3"
"E01001522",68.1089038595391,0,0,68.1089038595391,0,1,"High-High","3"
"E01001523",55.0798883146653,0,0,55.0798883146653,0,1,"High-High","3"
"E01001524",83.3857710886993,0,0,83.3857710886993,0,1,"High-High","3"
"E01001525",100.000000000015,0,0,100.000000000015,0,1,"High-High","3"
"E01001526",13.8064656041214,0,0,13.8064656041214,0,1,"High-High","3"
"E01001527",49.7674553042721,0,0,49.7674553042721,0,1,"High-High","3"
"E01001528",51.5052063555527,41.5141139017234,0,72.8800561112927,20.1392641459833,2,"High-High","3"
"E01001529",13.1712861757508,6.44373405595947,0,13.1712861757508,6.44373405595947,2,"High-High","3"
"E01001530",94.9624392097156,0,0,94.9624392097156,0,1,"High-High","3"
"E01001531",0,0,0,0,0,0,"High-High","3"
"E01001532",0.00114806869387515,0,0,0.00114806869387515,0,1,"High-High","3"
"E01001533",5.95750273706234,0,0,5.95750273706234,0,1,"High-High","3"
"E01001534",6.90854528785119,0,0,6.90854528785119,0,1,"High-High","3"
"E01001535",39.3175053969127,0,0,39.3175053969127,0,1,"High-High","3"
"E01001536",100.000000000012,0,99.5567753394031,100.000000000012,99.5567753394031,2,"High-High","2"
"E01001537",0,0,0,0,0,0,"High-High","3"
"E01001538",0,0,43.6274428383132,43.6274428383132,0,1,"High-High","3"
"E01001539",0.630027526965551,0,34.7958282405395,34.7958282405395,0.630027526965549,2,"High-High","3"
"E01001540",100.000000000018,0,10.6721667395058,100.000000000018,10.6721667395058,2,"High-High","3"
"E01001541",100.000000000013,0,67.9704776462527,100.000000000013,67.9704776462527,2,"High-High","2"
"E01001542",93.3302002891947,0,99.9983172559498,99.9983172559457,93.3302002891988,2,"High-High","2"
"E01001543",5.05305297830991,0,99.9999999999668,99.9999999999668,5.05305297830991,2,"High-High","2"
"E01001544",82.5625553514735,0,100.000000000046,100.000000000046,82.5625553514735,2,"High-High","2"
"E01001545",96.5547754110192,0,0,96.5547754110192,0,1,"High-High","3"
"E01001546",99.9999999999962,0,0,99.9999999999962,0,1,"High-High","3"
"E01001547",100.000000000046,0,0,100.000000000046,0,1,"High-High","3"
"E01001548",99.9999999999862,0,0,99.9999999999862,0,1,"High-High","3"
"E01001549",100.000000000062,0,0,100.000000000062,0,1,"High-High","3"
"E01001550",99.9999999999961,0,0,99.9999999999961,0,1,"High-High","3"
"E01001551",99.6341560710854,0,0,99.6341560710854,0,1,"High-High","3"
"E01001552",100.000000000003,0,0,100.000000000003,0,1,"High-High","3"
"E01001553",45.1282682801449,0,0,45.1282682801449,0,1,"High-High","3"
"E01001554",100.000000000022,14.1363168688248,0,100.000000000022,14.1363168688248,2,"High-High","3"
"E01001555",100.000000000019,100.000000000019,0,100.000000000019,100.000000000019,2,"High-High","1"
"E01001556",5.01738516844838,0,0,5.01738516844838,0,1,"High-High","3"
"E01001557",99.9999999999775,99.9999999999775,0,99.9999999999775,99.9999999999775,2,"High-High","1"
"E01001558",100.000000000001,65.831340843749,0,100.000000000001,65.831340843749,2,"High-High","1"
"E01001559",71.1176528132288,99.9999999999997,0,99.9999999999997,71.1176528132288,2,"High-High","1"
"E01001560",12.2778192603144,0,0,12.2778192603144,0,1,"High-High","3"
"E01001562",98.8843323174305,0,0,98.8843323174305,0,1,"High-High","3"
"E01001563",78.7046722642628,0,0,78.7046722642628,0,1,"High-High","3"
"E01001564",99.9999999999974,0,0,99.9999999999974,0,1,"High-High","3"
"E01001565",0.57352400793757,0,0,0.57352400793757,0,1,"High-High","3"
"E01001566",0.000135082602661012,0,0,0.000135082602661012,0,1,"High-High","3"
"E01001567",99.0153190603476,0,0,99.0153190603476,0,1,"High-High","3"
"E01001568",55.0933757032727,0,0,55.0933757032727,0,1,"High-High","3"
"E01001569",100.000000000019,0,0,100.000000000019,0,1,"High-High","3"
"E01001570",99.9999999999958,0,0,99.9999999999958,0,1,"High-High","3"
"E01001571",1.3372021659466,0,0,1.3372021659466,0,1,"High-High","3"
"E01001572",0,0,0,0,0,0,"High-High","3"
"E01001573",74.8115822320005,0,0,74.8115822320005,0,1,"High-High","3"
"E01001574",15.9742186808881,0,0,15.9742186808881,0,1,"High-High","3"
"E01001575",0,0,0,0,0,0,"High-High","3"
"E01001576",20.1501094167235,0,0,20.1501094167235,0,1,"High-High","3"
"E01001577",0,0,0,0,0,0,"High-High","3"
"E01001578",0,0,0,0,0,0,"High-High","3"
"E01001579",66.9938194099845,0,0,66.9938194099845,0,1,"High-High","3"
"E01001580",46.3579008196471,0,0,46.3579008196471,0,1,"High-High","3"
"E01001581",28.4447606245345,0,0,28.4447606245345,0,1,"High-High","3"
"E01001582",98.7313374612445,0,0,98.7313374612445,0,1,"High-High","3"
"E01001583",17.8317294411466,0,0,17.8317294411466,0,1,"High-High","3"
"E01001584",86.8686671768961,0,0,86.8686671768961,0,1,"High-High","3"
"E01001585",100.000000000021,0,0,100.000000000021,0,1,"High-High","3"
"E01001586",96.4914753323173,0,0,96.4914753323173,0,1,"High-High","3"
"E01001587",100.000000000003,0,0,100.000000000003,0,1,"High-High","3"
"E01001588",85.821118153374,0,0,85.821118153374,0,1,"High-High","3"
"E01001589",51.4618561260229,0,0,51.4618561260229,0,1,"High-High","3"
"E01001590",0,0,0,0,0,0,"High-High","3"
"E01001591",0,0,0,0,0,0,"High-High","3"
"E01001592",6.01206320866417,0,0,6.01206320866417,0,1,"High-High","3"
"E01001593",0,0,0,0,0,0,"High-High","3"
"E01001594",0,0,0,0,0,0,"High-High","3"
"E01001595",23.0089785411835,0,0,23.0089785411835,0,1,"High-High","3"
"E01001596",0,0,0,0,0,0,"High-High","3"
"E01001597",88.4292159234309,0,0,88.4292159234309,0,1,"High-High","3"
"E01001598",18.1610645288817,0,0,18.1610645288817,0,1,"High-High","3"
"E01001599",0,0,0,0,0,0,"High-High","3"
"E01001600",0,0,0,0,0,0,"High-High","3"
"E01001601",0,0,0,0,0,0,"High-High","3"
"E01001602",0,0,0,0,0,0,"High-High","3"
"E01001603",0,0,0,0,0,0,"High-High","3"
"E01001604",100.00000000004,0,0,100.00000000004,0,1,"High-High","3"
"E01001605",31.3830504124177,0,0,31.3830504124177,0,1,"High-High","3"
"E01001606",99.9999999999972,0,0,99.9999999999972,0,1,"High-High","3"
"E01001607",100.000000000005,0,0,100.000000000005,0,1,"High-High","3"
"E01001608",73.9994248455322,0,0,73.9994248455322,0,1,"High-High","3"
"E01001609",99.9999999999948,0,0,99.9999999999948,0,1,"High-High","3"
"E01001610",100.000000000003,0,0,100.000000000003,0,1,"High-High","3"
"E01001611",100.000000000012,0,0,100.000000000012,0,1,"High-High","3"
"E01001613",46.5950239745338,0,0,46.5950239745338,0,1,"High-High","3"
"E01001614",0.335319692223836,0,0,0.335319692223836,0,1,"High-High","3"
"E01001615",96.9664816134834,0,0,96.9664816134834,0,1,"High-High","3"
"E01001617",32.5591596224112,0,0,32.5591596224112,0,1,"High-High","3"
"E01001618",0,0,0,0,0,0,"High-High","3"
"E01001619",0,0,0,0,0,0,"High-High","3"
"E01001620",100.000000000008,0,0,100.000000000008,0,1,"High-High","3"
"E01001621",100.000000000033,0,0,100.000000000033,0,1,"High-High","3"
"E01001623",99.9999999999997,0,0,99.9999999999997,0,1,"High-High","3"
"E01001624",100.00000000001,0,0,100.00000000001,0,1,"High-High","3"
"E01001625",100.00000000001,0,0,100.00000000001,0,1,"High-High","3"
"E01001629",100.000000000008,100.000000000008,0,100.000000000008,100.000000000008,2,"High-High","1"
"E01001631",99.9999999999737,68.5859537034329,0,99.9999999999737,68.5859537034329,2,"High-High","1"
"E01001632",99.9999999999934,43.2462123124589,0,99.9999999999934,43.2462123124589,2,"High-High","3"
"E01001633",99.9999999999644,99.9999999999644,0,99.9999999999644,99.9999999999644,2,"High-High","1"
"E01001634",99.999999999986,99.999999999986,0,99.999999999986,99.999999999986,2,"High-High","1"
"E01001635",100.000000000003,0,0,100.000000000003,0,1,"High-High","3"
"E01001636",99.9999999999903,0,0,99.9999999999903,0,1,"High-High","3"
"E01001637",100.00000000002,79.9162427116989,0,100.00000000002,79.9162427116989,2,"High-High","1"
"E01001638",99.9999999999619,0,99.9999999999619,99.9999999999619,99.9999999999619,2,"High-High","2"
"E01001640",99.9999999999706,0,0,99.9999999999706,0,1,"High-High","3"
"E01001641",99.9999999999794,0,6.93403104494794,99.9999999999794,6.93403104494794,2,"High-High","3"
"E01001642",91.594053712186,0,32.4475736139042,93.3284140034787,30.7132133226115,2,"High-High","3"
"E01001644",100.000000000011,0,100.000000000011,100.000000000011,100.000000000011,2,"High-High","2"
"E01001645",73.5540693992222,0,0,73.5540693992222,0,1,"High-High","3"
"E01001646",8.45115705270253,0,0,8.45115705270253,0,1,"High-High","3"
"E01001647",76.0714625034235,0,0,76.0714625034235,0,1,"High-High","3"
"E01001648",81.7704928915993,0,0,81.7704928915993,0,1,"High-High","3"
"E01001649",100.000000000001,0,0,100.000000000001,0,1,"High-High","3"
"E01001650",0,0,0,0,0,0,"High-High","3"
"E01001651",0,0,0,0,0,0,"High-High","3"
"E01001652",0,0,0,0,0,0,"High-High","3"
"E01001653",99.9999999999696,0,0,99.9999999999696,0,1,"High-High","3"
"E01001654",99.9999999999977,0,0,99.9999999999977,0,1,"High-High","3"
"E01001655",99.9999999999981,0,0,99.9999999999981,0,1,"High-High","3"
"E01001656",100.00000000002,0,0,100.00000000002,0,1,"High-High","3"
"E01001657",98.8021219996623,0,0,98.8021219996623,0,1,"High-High","3"
"E01001658",100.000000000017,0,0,100.000000000017,0,1,"High-High","3"
"E01001659",100.000000000008,0,0,100.000000000008,0,1,"High-High","3"
"E01001660",100.000000000032,0,0,100.000000000032,0,1,"High-High","3"
"E01001661",100.000000000012,0,0,100.000000000012,0,1,"High-High","3"
"E01001662",99.9999999999642,0,0,99.9999999999642,0,1,"High-High","3"
"E01001664",99.9999999999748,0,0,99.9999999999748,0,1,"High-High","3"
"E01001665",100.000000000015,0,0,100.000000000015,0,1,"High-High","3"
"E01001666",0,0,0,0,0,0,"High-High","3"
"E01001667",100.000000000002,0,0,100.000000000002,0,1,"High-High","3"
"E01001668",100.000000000009,0,0,100.000000000009,0,1,"High-High","3"
"E01001669",99.8702763590946,0,0,99.8702763590946,0,1,"High-High","3"
"E01001671",100.000000000005,0,0,100.000000000005,0,1,"High-High","3"
"E01001672",100.000000000012,0,0,100.000000000012,0,1,"High-High","3"
"E01001673",100.000000000003,0,0,100.000000000003,0,1,"High-High","3"
"E01001674",99.9999999999692,0,0,99.9999999999692,0,1,"High-High","3"
"E01001675",100,0,0,100,0,1,"High-High","3"
"E01001676",100.000000000029,0,0,100.000000000029,0,1,"High-High","3"
"E01001677",100.000000000013,0,0,100.000000000013,0,1,"High-High","3"
"E01001678",54.2133227877318,0,0,54.2133227877318,0,1,"High-High","3"
"E01001679",0,0,0,0,0,0,"High-High","3"
"E01001680",0,0,0,0,0,0,"High-High","3"
"E01001681",24.0262047396822,2.23950268532245,0,26.2657074250046,0,2,"High-High","3"
"E01001682",30.2743592054523,0,0,30.2743592054523,0,1,"High-High","3"
"E01001683",100.000000000025,0,0,100.000000000025,0,1,"High-High","3"
"E01001684",9.13280036341428,0,0,9.13280036341428,0,1,"High-High","3"
"E01001685",86.5806018268207,0,0,86.5806018268207,0,1,"High-High","3"
"E01001686",2.59517985640357,10.9381869192549,0,11.0666233781809,2.46674339747765,2,"High-High","3"
"E01001687",99.9999999999872,0.403314475619306,0,99.9999999999872,0.403314475619311,2,"High-High","3"
"E01001688",0,0,0,0,0,0,"High-High","3"
"E01001690",0,0,0,0,0,0,"High-High","3"
"E01001692",0,0,0,0,0,0,"High-High","3"
"E01001693",0,0,0,0,0,0,"High-High","3"
"E01001694",8.5453304529895,0,0,8.5453304529895,0,1,"High-High","3"
"E01001695",100.000000000026,100.000000000026,0,100.000000000026,100.000000000026,2,"High-High","1"
"E01001696",99.9999999999592,99.9999999999592,0,99.9999999999592,99.9999999999592,2,"High-High","1"
"E01001697",99.9999999999895,99.9999999999895,0,99.9999999999895,99.9999999999895,2,"High-High","1"
"E01001698",99.7930833107285,95.760103315203,0,99.7930833107285,95.760103315203,2,"High-High","1"
"E01001699",100.000000000002,92.8808375980304,0,100.000000000002,92.8808375980304,2,"High-High","1"
"E01001700",95.9224796711431,99.9999999999832,0,99.9999999999832,95.9224796711431,2,"High-High","1"
"E01001701",46.4069495609963,9.72810530315555,0,46.4069495609963,9.72810530315555,2,"High-High","3"
"E01001702",99.0875109891136,86.9984548849661,0,99.0875109891136,86.9984548849661,2,"High-High","1"
"E01001703",42.1910580741558,100.000000000028,0,100.000000000028,42.1910580741558,2,"High-High","1"
"E01001704",39.6848007429004,54.6239038461882,0,76.545566891687,17.7631376974016,2,"High-High","1"
"E01001705",100.000000000013,100.000000000013,0,100.000000000013,100.000000000013,2,"High-High","1"
"E01001706",99.9999999999984,69.4150724950501,0,99.9999999999984,69.4150724950501,2,"High-High","1"
"E01001708",100.00000000001,33.7906899215655,0,100.00000000001,33.7906899215655,2,"High-High","3"
"E01001709",34.958194586432,0,0,34.958194586432,0,1,"High-High","3"
"E01001710",99.9999999999886,99.9999999999886,0,99.9999999999886,99.9999999999886,2,"High-High","1"
"E01001711",100.000000000009,39.3813362836925,0,100.000000000009,39.3813362836925,2,"High-High","3"
"E01001712",100.000000000024,100.000000000024,0,100.000000000024,100.000000000024,2,"High-High","1"
"E01001713",99.999999999956,37.844109164427,0,99.999999999956,37.844109164427,2,"High-High","3"
"E01001714",100.000000000016,0,33.4221882274784,100.000000000016,33.4221882274784,2,"High-High","3"
"E01001715",99.9999999999854,0,99.4112206879004,99.9999999999854,99.4112206879004,2,"High-High","2"
"E01001716",100.000000000012,0,100.000000000012,100.000000000012,100.000000000012,2,"High-High","2"
"E01001717",100.000000000015,0,42.1288759327087,100.000000000015,42.1288759327087,2,"High-High","3"
"E01001718",99.9999999999906,0,99.8316894204218,99.9999999999906,99.8316894204218,2,"High-High","2"
"E01001719",99.9999999999347,0,0,99.9999999999347,0,1,"High-High","3"
"E01001720",99.9999999999881,0,24.8866772029172,99.9999999999881,24.8866772029172,2,"High-High","3"
"E01001722",99.9999999999774,0,0,99.9999999999774,0,1,"High-High","3"
"E01001723",99.9999999999914,0,0,99.9999999999914,0,1,"High-High","3"
"E01001724",99.9999999999597,0,0,99.9999999999597,0,1,"High-High","3"
"E01001725",99.9999999999607,0,0,99.9999999999607,0,1,"High-High","3"
"E01001726",100.000000000008,0,0,100.000000000008,0,1,"High-High","3"
"E01001727",99.9999999999982,0,0,99.9999999999982,0,1,"High-High","3"
"E01001728",100.000000000012,0,0,100.000000000012,0,1,"High-High","3"
"E01001729",91.3623150568497,0,100.000000000017,100.000000000017,91.3623150568497,2,"High-High","2"
"E01001730",84.4709979604986,0,100.000000000051,100.000000000051,84.4709979604986,2,"High-High","2"
"E01001731",100.000000000019,0,100.000000000019,100.000000000019,100.000000000019,2,"High-High","2"
"E01001732",100.000000000015,0,100.000000000015,100.000000000015,100.000000000015,2,"High-High","2"
"E01001733",100.000000000009,0,100.000000000009,100.000000000009,100.000000000009,2,"High-High","2"
"E01001734",99.999999999976,0,99.999999999976,99.999999999976,99.999999999976,2,"High-High","2"
"E01001735",99.999999999962,0,99.999999999962,99.999999999962,99.999999999962,2,"High-High","2"
"E01001736",100.000000000007,0,0,100.000000000007,0,1,"High-High","3"
"E01001737",99.9999999999826,0,0,99.9999999999826,0,1,"High-High","3"
"E01001738",99.999999999998,0,0,99.999999999998,0,1,"High-High","3"
"E01001739",99.9999999999748,0,0,99.9999999999748,0,1,"High-High","3"
"E01001740",99.9999999999465,0,0,99.9999999999465,0,1,"High-High","3"
"E01001741",99.999999999982,0,0,99.999999999982,0,1,"High-High","3"
"E01001742",100.00000000001,0,0,100.00000000001,0,1,"High-High","3"
"E01001744",99.9999999999916,0,51.8991527768267,99.9999999999916,51.8991527768267,2,"High-High","2"
"E01001745",99.9999999999974,0,12.9200561212293,99.9999999999974,12.9200561212293,2,"High-High","3"
"E01001746",100.000000000007,0,85.2499194050043,100.000000000007,85.2499194050043,2,"High-High","2"
"E01001747",99.9999999999685,0,2.32346923408699,99.9999999999685,2.323469234087,2,"High-High","3"
"E01001748",100.00000000004,0,45.20160315851,100.00000000004,45.2016031585099,2,"High-High","2"
"E01001749",100.000000000018,0,100.000000000018,100.000000000018,100.000000000018,2,"High-High","2"
"E01001750",100.00000000002,0,0,100.00000000002,0,1,"High-High","3"
"E01001751",100.000000000032,0,0,100.000000000032,0,1,"High-High","3"
"E01001752",100.000000000034,0,0,100.000000000034,0,1,"High-High","3"
"E01001753",99.9999999998988,0,0,99.9999999998988,0,1,"High-High","3"
"E01001754",99.9999999999939,0,0,99.9999999999939,0,1,"High-High","3"
"E01001755",99.9999999999962,0,0,99.9999999999962,0,1,"High-High","3"
"E01001756",99.9999999999987,0,0,99.9999999999987,0,1,"High-High","3"
"E01001757",99.9999999999861,0,99.9999999999861,99.9999999999861,99.9999999999861,2,"High-High","2"
"E01001758",100.000000000029,0,100.000000000029,100.000000000029,100.000000000029,2,"High-High","2"
"E01001759",100.000000000021,0,100.000000000021,100.000000000021,100.000000000021,2,"High-High","2"
"E01001760",100.000000000012,0,100.000000000012,100.000000000012,100.000000000012,2,"High-High","2"
"E01001761",99.9999999999314,0,99.9999999999314,99.9999999999314,99.9999999999314,2,"High-High","2"
"E01001762",100.000000000003,0,100.000000000003,100.000000000003,100.000000000003,2,"High-High","2"
"E01001763",99.9999999999666,0,99.9999999999666,99.9999999999666,99.9999999999666,2,"High-High","2"
"E01001764",99.9999999999673,0,0,99.9999999999673,0,1,"High-High","3"
"E01001765",99.9999999999872,0,16.2961971218063,99.9999999999872,16.2961971218063,2,"High-High","3"
"E01001767",100,0,0,100,0,1,"High-High","3"
"E01001768",100.000000000016,0,0,100.000000000016,0,1,"High-High","3"
"E01001769",99.9999999999878,0,0,99.9999999999878,0,1,"High-High","3"
"E01001770",100,0,33.9200105545588,100,33.9200105545588,2,"High-High","3"
"E01001772",100.000000000026,0,0,100.000000000026,0,1,"High-High","3"
"E01001773",100.000000000002,0,0,100.000000000002,0,1,"High-High","3"
"E01001774",100.000000000014,0,0,100.000000000014,0,1,"High-High","3"
"E01001775",100.000000000001,0,0,100.000000000001,0,1,"High-High","3"
"E01001776",100.000000000019,0,0,100.000000000019,0,1,"High-High","3"
"E01001777",99.9999999999837,0,0,99.9999999999837,0,1,"High-High","3"
"E01001779",99.9999999999844,0,0,99.9999999999844,0,1,"High-High","3"
"E01001780",99.9999999999857,0,0,99.9999999999857,0,1,"High-High","3"
"E01001781",99.9999999999847,0,0,99.9999999999847,0,1,"High-High","3"
"E01001782",100.000000000009,0,0,100.000000000009,0,1,"High-High","3"
"E01001783",100.000000000007,0,0,100.000000000007,0,1,"High-High","3"
"E01001784",99.9999999999299,0,0,99.9999999999299,0,1,"High-High","3"
"E01001785",82.3959967901039,0,96.38076777198,99.3398700729077,79.4368944891762,2,"High-High","2"
"E01001786",60.5379203286347,0,0.996777685795925,60.5379203286347,0.996777685795927,2,"High-High","3"
"E01001787",99.9708564865009,0,3.16015438315804,99.9708564865009,3.16015438315804,2,"High-High","3"
"E01001788",72.7546528813022,0,4.55659540092958,72.7546528813022,4.55659540092958,2,"High-High","3"
"E01001789",100.000000000007,0,97.1662279904511,100.000000000007,97.1662279904511,2,"High-High","2"
"E01001790",61.4402302846426,0,0,61.4402302846426,0,1,"High-High","3"
"E01001791",83.6007085720875,0,70.7615409416707,87.1390289930557,67.2232205207025,2,"High-High","2"
"E01001792",99.9999999999936,0,5.69764497960203,99.9999999999936,5.69764497960203,2,"High-High","3"
"E01001793",99.9999999999849,0,52.6853750917121,99.9999999999849,52.6853750917121,2,"High-High","2"
"E01001794",99.9999999999898,0,99.4858741261844,99.9999999999898,99.4858741261844,2,"High-High","2"
"E01001795",100.00000000002,0,100.00000000002,100.00000000002,100.00000000002,2,"High-High","2"
"E01001796",99.9999999999945,0,99.9999999999945,99.9999999999945,99.9999999999945,2,"High-High","2"
"E01001798",100.000000000001,0,0,100.000000000001,0,1,"High-High","3"
"E01001799",100.000000000054,0,0,100.000000000054,0,1,"High-High","3"
"E01001800",99.9999999999638,0,0,99.9999999999638,0,1,"High-High","3"
"E01001801",99.9999999999945,0,0,99.9999999999945,0,1,"High-High","3"
"E01001802",100.00000000005,0,0,100.00000000005,0,1,"High-High","3"
"E01001803",100.00000000002,0,0,100.00000000002,0,1,"High-High","3"
"E01001804",100.000000000047,0,0,100.000000000047,0,1,"High-High","3"
"E01001805",100.000000000029,0,0,100.000000000029,0,1,"High-High","3"
"E01001806",100.000000000036,0,0,100.000000000036,0,1,"High-High","3"
"E01001807",100.000000000004,0,17.6685833359754,100.000000000004,17.6685833359754,2,"High-High","3"
"E01001808",98.8660708804225,0,12.4221465796766,98.8660708804225,12.4221465796766,2,"High-High","3"
"E01001809",100.000000000007,0,31.5344296182728,100.000000000007,31.5344296182728,2,"High-High","3"
"E01001811",100.000000000014,0,3.70685898331234,100.000000000014,3.70685898331234,2,"High-High","3"
"E01001812",99.9999999999976,0,0,99.9999999999976,0,1,"High-High","3"
"E01001813",100.00000000002,0,45.6822479521449,100.00000000002,45.6822479521449,2,"High-High","2"
"E01001814",42.6823003319009,0,84.3256461444337,90.1441820288974,36.8637644474372,2,"High-High","2"
"E01001815",99.9999999999928,0,69.6859381032837,99.9999999999928,69.6859381032836,2,"High-High","2"
"E01001816",100.000000000001,0,99.8918992672133,100.000000000001,99.8918992672133,2,"High-High","2"
"E01001819",99.999999999987,0,26.2009605184891,99.999999999987,26.2009605184891,2,"High-High","3"
"E01001820",99.9999999999941,0,0,99.9999999999941,0,1,"High-High","3"
"E01001821",99.9999999999968,0,13.4750513868348,99.9999999999968,13.4750513868348,2,"High-High","3"
"E01001822",100.00000000002,0,0,100.00000000002,0,1,"High-High","3"
"E01001823",53.8901664769413,0,38.7268717683623,90.1835792178762,2.43345902742735,2,"High-High","3"
"E01001824",100.000000000028,0,0,100.000000000028,0,1,"High-High","3"
"E01001825",21.8172248947194,0,75.9536641680446,97.770889062764,-1.4210854715202e-14,2,"High-High","2"
"E01001826",93.1473232765496,0,3.15195550099399,96.2992787775436,0,2,"High-High","3"
"E01001827",99.9999999999895,0,0,99.9999999999895,0,1,"High-High","3"
"E01001828",99.9999999999674,0,0,99.9999999999674,0,1,"High-High","3"
"E01001829",100.000000000029,0,0,100.000000000029,0,1,"High-High","3"
"E01001830",99.9999999999525,0,0,99.9999999999525,0,1,"High-High","3"
"E01001831",99.999999999969,0,0,99.999999999969,0,1,"High-High","3"
"E01001832",100.000000000028,0,0,100.000000000028,0,1,"High-High","3"
"E01001833",100.00000000001,0,0,100.00000000001,0,1,"High-High","3"
"E01001834",100.000000000003,0,0,100.000000000003,0,1,"High-High","3"
"E01001835",100.000000000026,0,0,100.000000000026,0,1,"High-High","3"
"E01001836",100.000000000015,0,100.000000000015,100.000000000015,100.000000000015,2,"High-High","2"
"E01001837",99.99999999999,0,99.99999999999,99.99999999999,99.99999999999,2,"High-High","2"
"E01001838",100.000000000008,0,100.000000000008,100.000000000008,100.000000000008,2,"High-High","2"
"E01001839",99.9999999999406,0,99.9999999999406,99.9999999999406,99.9999999999406,2,"High-High","2"
"E01001840",71.6270046291204,0,100.000000000019,100.000000000019,71.6270046291205,2,"High-High","2"
"E01001841",69.743830714021,0,99.9999999999616,99.9999999999616,69.743830714021,2,"High-High","2"
"E01001842",100.000000000007,0,100.000000000007,100.000000000007,100.000000000007,2,"High-High","2"
"E01001843",99.9272946149022,0,100.000000000008,100.000000000008,99.9272946149022,2,"High-High","2"
"E01001844",35.6312253023998,0,100.000000000001,100.000000000001,35.6312253023998,2,"High-High","2"
"E01001845",49.4215328293528,0,100.000000000008,100.000000000008,49.4215328293528,2,"High-High","2"
"E01001846",99.9999999999848,0,0,99.9999999999848,0,1,"High-High","3"
"E01001847",99.9999999999711,0,95.0333393577118,99.9999999999711,95.0333393577119,2,"High-High","2"
"E01001848",76.0708553720606,0,99.9999999999957,99.9999999999957,76.0708553720606,2,"High-High","2"
"E01001849",99.9999999999932,0,27.828700717431,99.9999999999932,27.828700717431,2,"High-High","3"
"E01001850",29.900033017912,0,100.000000000021,100.000000000021,29.900033017912,2,"High-High","2"
"E01001851",99.9999999999966,0,99.9999999999966,99.9999999999966,99.9999999999966,2,"High-High","2"
"E01001852",99.9999999999037,0,99.9999999999037,99.9999999999037,99.9999999999037,2,"High-High","2"
"E01001853",99.9999999999861,0,99.9999999999861,99.9999999999861,99.9999999999861,2,"High-High","2"
"E01001854",99.9999999999887,0,99.9999999999887,99.9999999999887,99.9999999999887,2,"High-High","2"
"E01001855",99.9999999999789,0,99.9999999999789,99.9999999999789,99.9999999999789,2,"High-High","2"
"E01001856",99.9999999999629,0,99.9999999999629,99.9999999999629,99.9999999999629,2,"High-High","2"
"E01001857",100.000000000009,0,100.000000000009,100.000000000009,100.000000000009,2,"High-High","2"
"E01001858",100.000000000016,0,100.000000000016,100.000000000016,100.000000000016,2,"High-High","2"
"E01001859",99.9999999999501,0,99.9999999999501,99.9999999999501,99.9999999999501,2,"High-High","2"
"E01001860",99.9999999999762,0,99.9999999999762,99.9999999999762,99.9999999999762,2,"High-High","2"
"E01001861",99.999999999978,0,99.999999999978,99.999999999978,99.999999999978,2,"High-High","2"
"E01001862",99.9999999999888,0,99.9999999999888,99.9999999999888,99.9999999999888,2,"High-High","2"
"E01001863",99.9999999999419,0,99.9999999999419,99.9999999999419,99.9999999999419,2,"High-High","2"
"E01001864",99.9999999999744,0,99.9999999999744,99.9999999999744,99.9999999999744,2,"High-High","2"
"E01001865",99.9999999999855,0,99.9999999999855,99.9999999999855,99.9999999999855,2,"High-High","2"
"E01001866",100.000000000014,0,100.000000000014,100.000000000014,100.000000000014,2,"High-High","2"
"E01001867",100.000000000004,0,100.000000000004,100.000000000004,100.000000000004,2,"High-High","2"
"E01001868",100.000000000012,0,100.000000000012,100.000000000012,100.000000000012,2,"High-High","2"
"E01001869",100.000000000002,0,100.000000000002,100.000000000002,100.000000000002,2,"High-High","2"
"E01001870",100.000000000062,0,100.000000000062,100.000000000062,100.000000000062,2,"High-High","2"
"E01001871",99.9999999999944,0,99.9999999999944,99.9999999999944,99.9999999999944,2,"High-High","2"
"E01001872",100.000000000035,0,100.000000000035,100.000000000035,100.000000000035,2,"High-High","2"
"E01001873",99.9999999999942,0,99.9999999999942,99.9999999999942,99.9999999999942,2,"High-High","2"
"E01001874",99.9924751177428,0,0,99.9924751177428,0,1,"High-High","3"
"E01001875",73.1314826563434,0,94.962669845212,98.4568855609734,69.637266940582,2,"High-High","2"
"E01001876",99.7548579542958,0,7.55292224912301,99.7548579542958,7.55292224912301,2,"High-High","3"
"E01001877",70.8036165273106,0,56.0103738612444,98.8753158252199,27.9386745633352,2,"High-High","2"
"E01001878",97.8818408556542,0,26.0718382676809,97.8818408556542,26.0718382676809,2,"High-High","3"
"E01001879",99.9999999999787,0,49.4812860543786,99.9999999999787,49.4812860543786,2,"High-High","2"
"E01001880",100.000000000028,0,36.2937345584262,100.000000000028,36.2937345584262,2,"High-High","3"
"E01001881",99.9999999999847,0,63.8197392647503,99.9999999999847,63.8197392647503,2,"High-High","2"
"E01001882",100.00000000003,0,5.57688060468353,100.00000000003,5.57688060468352,2,"High-High","3"
"E01001883",100.000000000011,0,99.0060727120854,100.000000000011,99.0060727120854,2,"High-High","2"
"E01001884",100.000000000039,0,100.000000000039,100.000000000039,100.000000000039,2,"High-High","2"
"E01001885",99.9999999999785,0,99.9999999999785,99.9999999999785,99.9999999999785,2,"High-High","2"
"E01001886",100.000000000026,0,34.6090079873883,100.000000000026,34.6090079873883,2,"High-High","3"
"E01001887",100.000000000011,0,2.14380767663372,100.000000000011,2.14380767663371,2,"High-High","3"
"E01001888",99.9999999999981,0,0,99.9999999999981,0,1,"High-High","3"
"E01001889",100.000000000001,0,97.7023862405364,100.000000000001,97.7023862405364,2,"High-High","2"
"E01001890",100.000000000012,0,51.6199484287284,100.000000000012,51.6199484287284,2,"High-High","2"
"E01001891",100.000000000023,0,46.3623618941016,100.000000000023,46.3623618941016,2,"High-High","2"
"E01001892",99.9999999999779,0,99.9999999999779,99.9999999999779,99.9999999999779,2,"High-High","2"
"E01001893",99.9999999999927,0,99.9999999999927,99.9999999999927,99.9999999999927,2,"High-High","2"
"E01001894",100.000000000006,0,100.000000000006,100.000000000006,100.000000000006,2,"High-High","2"
"E01001895",100.000000000017,0,100.000000000017,100.000000000017,100.000000000017,2,"High-High","2"
"E01001896",99.9999999999098,0,99.9999999999098,99.9999999999098,99.9999999999098,2,"High-High","2"
"E01001897",100.000000000038,0,100.000000000038,100.000000000038,100.000000000038,2,"High-High","2"
"E01001898",99.9999999999998,0,99.9999999999998,99.9999999999998,99.9999999999998,2,"High-High","2"
"E01001899",100.000000000019,0,100.000000000019,100.000000000019,100.000000000019,2,"High-High","2"
"E01001900",100.000000000005,0,100.000000000005,100.000000000005,100.000000000005,2,"High-High","2"
"E01001901",99.9999999999511,0,0,99.9999999999511,0,1,"High-High","3"
"E01001902",100.000000000047,0,0,100.000000000047,0,1,"High-High","3"
"E01001903",100.000000000024,0,0,100.000000000024,0,1,"High-High","3"
"E01001904",100.000000000015,0,0,100.000000000015,0,1,"High-High","3"
"E01001905",100.000000000002,0,0,100.000000000002,0,1,"High-High","3"
"E01001906",100.000000000047,0,0,100.000000000047,0,1,"High-High","3"
"E01001907",99.9999999999995,0,0,99.9999999999995,0,1,"High-High","3"
"E01001908",100.000000000012,0,100.000000000012,100.000000000012,100.000000000012,2,"High-High","2"
"E01001909",99.9999999999818,0,99.9999999999818,99.9999999999818,99.9999999999818,2,"High-High","2"
"E01001910",99.9999999999877,0,99.9999999999877,99.9999999999877,99.9999999999877,2,"High-High","2"
"E01001911",99.9999999999821,0,99.9999999999821,99.9999999999821,99.9999999999821,2,"High-High","2"
"E01001912",99.9999999999789,0,99.9999999999789,99.9999999999789,99.9999999999789,2,"High-High","2"
"E01001913",99.9999999999913,0,99.9999999999913,99.9999999999913,99.9999999999913,2,"High-High","2"
"E01001914",100.000000000052,0,100.000000000052,100.000000000052,100.000000000052,2,"High-High","2"
"E01001915",99.9999999999981,0,1.90688536425856,99.9999999999981,1.90688536425856,2,"High-High","3"
"E01001916",99.999999999991,0,0,99.999999999991,0,1,"High-High","3"
"E01001917",99.9999999999875,0,23.3548783048788,99.9999999999875,23.3548783048788,2,"High-High","3"
"E01001918",100.000000000075,0,0,100.000000000075,0,1,"High-High","3"
"E01001919",99.999999999978,0,24.9870093982722,99.999999999978,24.9870093982722,2,"High-High","3"
"E01001920",99.9999999999961,0,0,99.9999999999961,0,1,"High-High","3"
"E01001921",99.9999999999927,0,0,99.9999999999927,0,1,"High-High","3"
"E01001922",100.000000000017,0,0,100.000000000017,0,1,"High-High","3"
"E01001923",100.000000000012,0,0,100.000000000012,0,1,"High-High","3"
"E01001924",100.000000000025,0,0,100.000000000025,0,1,"High-High","3"
"E01001925",99.9999999999917,0,0,99.9999999999917,0,1,"High-High","3"
"E01001926",100.00000000001,0,0,100.00000000001,0,1,"High-High","3"
"E01001927",99.9999999999854,0,99.9999999999854,99.9999999999854,99.9999999999854,2,"High-High","2"
"E01001928",100.000000000007,0,100.000000000007,100.000000000007,100.000000000007,2,"High-High","2"
"E01001929",99.9999999999839,0,99.9999999999839,99.9999999999839,99.9999999999839,2,"High-High","2"
"E01001930",100.000000000006,0,98.8432046065213,100.000000000006,98.8432046065213,2,"High-High","2"
"E01001931",99.9999999999491,0,31.8123257507914,99.9999999999491,31.8123257507914,2,"High-High","3"
"E01001932",100.000000000008,0,79.7309873755415,100.000000000008,79.7309873755415,2,"High-High","2"
"E01001933",99.9999999999794,0,5.5675161455707,99.9999999999794,5.56751614557071,2,"High-High","3"
"E01001934",100.000000000012,0,0,100.000000000012,0,1,"High-High","3"
"E01001935",100.000000000018,0,0,100.000000000018,0,1,"High-High","3"
"E01001937",99.9999999999797,0,0,99.9999999999797,0,1,"High-High","3"
"E01001938",100.000000000008,0,0,100.000000000008,0,1,"High-High","3"
"E01001939",99.9999999999991,0,0,99.9999999999991,0,1,"High-High","3"
"E01001940",99.9999999999991,0,99.9999999999991,99.9999999999991,99.9999999999991,2,"High-High","2"
"E01001941",99.9999999999891,0,99.9999999999891,99.9999999999891,99.9999999999891,2,"High-High","2"
"E01001942",100.000000000015,0,100.000000000015,100.000000000015,100.000000000015,2,"High-High","2"
"E01001943",99.9999999999891,0,74.038327142016,99.9999999999891,74.038327142016,2,"High-High","2"
"E01001944",99.9999999999877,0,37.513849410314,99.9999999999877,37.513849410314,2,"High-High","3"
"E01001945",100.000000000002,0,91.3952612377744,100.000000000002,91.3952612377744,2,"High-High","2"
"E01001946",100.000000000017,0,28.4160044840529,100.000000000017,28.4160044840529,2,"High-High","3"
"E01001947",99.9999999999652,0,0,99.9999999999652,0,1,"High-High","3"
"E01001948",99.9999999999676,0,0,99.9999999999676,0,1,"High-High","3"
"E01001949",100,0,0,100,0,1,"High-High","3"
"E01001950",100.000000000011,0,0,100.000000000011,0,1,"High-High","3"
"E01001951",100.000000000042,0,0,100.000000000042,0,1,"High-High","3"
"E01001952",99.9999999999956,0,0,99.9999999999956,0,1,"High-High","3"
"E01001953",100.000000000015,0,0,100.000000000015,0,1,"High-High","3"
"E01001954",100.000000000016,0,100.000000000016,100.000000000016,100.000000000016,2,"High-High","2"
"E01001955",100.000000000012,0,99.7418638725786,100.000000000012,99.7418638725786,2,"High-High","2"
"E01001956",100.000000000005,0,100.000000000005,100.000000000005,100.000000000005,2,"High-High","2"
"E01001957",100.000000000039,0,0,100.000000000039,0,1,"High-High","3"
"E01001958",100.000000000004,0,6.51266680651698,100.000000000004,6.51266680651699,2,"High-High","3"
"E01001959",99.9999999999797,0,99.9999999999797,99.9999999999797,99.9999999999797,2,"High-High","2"
"E01001960",99.9999999999875,0,99.9999999999875,99.9999999999875,99.9999999999875,2,"High-High","2"
"E01001961",100.000000000014,0,37.2117880349104,100.000000000014,37.2117880349104,2,"High-High","3"
"E01001962",80.8144737101462,47.8029505385666,0,100.000000000004,28.6174242487086,2,"High-High","1"
"E01001963",52.4731321912613,35.8279891507878,0,79.0121684949835,9.2889528470656,2,"High-High","3"
"E01001964",99.9999999999826,0,0,99.9999999999826,0,1,"High-High","3"
"E01001965",100.000000000024,0,0,100.000000000024,0,1,"High-High","3"
"E01001966",81.6550312855649,0,0,81.6550312855649,0,1,"High-High","3"
"E01001967",0,0,0,0,0,0,"High-High","3"
"E01001968",0,11.8646308901461,0,11.8646308901461,0,1,"High-High","3"
"E01001969",99.9999999999597,0,0,99.9999999999597,0,1,"High-High","3"
"E01001970",99.9999999999973,0,0,99.9999999999973,0,1,"High-High","3"
"E01001971",99.9999999999972,0,0,99.9999999999972,0,1,"High-High","3"
"E01001972",99.9999999999819,0,0,99.9999999999819,0,1,"High-High","3"
"E01001973",99.9999999999983,1.92381324054658,0,99.9999999999983,1.92381324054658,2,"High-High","3"
"E01001974",100.000000000019,0,0,100.000000000019,0,1,"High-High","3"
"E01001975",99.9999999999893,0,0,99.9999999999893,0,1,"High-High","3"
"E01001976",9.20881182114036,0,61.3955657966603,61.3955657966603,9.20881182114036,2,"High-High","2"
"E01001977",1.85002240441387,0,22.091889047381,22.091889047381,1.85002240441387,2,"High-High","3"
"E01001978",52.6656657815801,0,11.971983630887,52.878460790843,11.7591886216241,2,"High-High","3"
"E01001979",98.0494351706395,0,94.3914486290814,100.000000000022,92.440883799699,2,"High-High","2"
"E01001980",97.4525968219155,0,99.9291821111757,99.999999999995,97.3817789330962,2,"High-High","2"
"E01001981",100.000000000037,0,100.000000000037,100.000000000037,100.000000000037,2,"High-High","2"
"E01001982",100.000000000003,0,100.000000000003,100.000000000003,100.000000000003,2,"High-High","2"
"E01001983",100.000000000021,0,95.8635900579899,100.000000000021,95.8635900579899,2,"High-High","2"
"E01001984",100.000000000013,0,15.7180341761342,100.000000000013,15.7180341761342,2,"High-High","3"
"E01001985",99.9999999999987,0,0,99.9999999999987,0,1,"High-High","3"
"E01001986",99.9999999999913,0,92.0899395165099,99.9999999999913,92.0899395165098,2,"High-High","2"
"E01001987",99.9999999999975,0,0,99.9999999999975,0,1,"High-High","3"
"E01001988",100.000000000042,0,78.1130767517765,100.000000000042,78.1130767517765,2,"High-High","2"
"E01001989",99.9999999999885,0,0,99.9999999999885,0,1,"High-High","3"
"E01001990",100.000000000023,0,4.81246342900472,100.000000000023,4.81246342900472,2,"High-High","3"
"E01001991",57.9917595988262,0,0,57.9917595988262,0,1,"High-High","3"
"E01001992",100.000000000006,8.08316671590844,0,100.000000000006,8.08316671590845,2,"High-High","3"
"E01001993",100,0,0,100,0,1,"High-High","3"
"E01001994",99.9999999999922,0,0,99.9999999999922,0,1,"High-High","3"
"E01001995",31.2675262527969,99.0564424801666,0,99.0564424801666,31.2675262527969,2,"High-High","1"
"E01001996",45.7984647473911,26.6026695186214,0,69.6668482822626,2.73428598374988,2,"High-High","3"
"E01001997",4.95048722175052,0,0,4.95048722175052,0,1,"High-High","3"
"E01001998",99.999999999985,0,0,99.999999999985,0,1,"High-High","3"
"E01001999",100.000000000008,0,0,100.000000000008,0,1,"High-High","3"
"E01002000",99.9999999999895,0,1.92849568699684,99.9999999999895,1.92849568699684,2,"High-High","3"
"E01002001",100.000000000002,0,45.4752907881929,100.000000000002,45.4752907881929,2,"High-High","2"
"E01002002",100.000000000013,0,97.0591623538899,100.000000000013,97.0591623538899,2,"High-High","2"
"E01002003",100.000000000008,0,0,100.000000000008,0,1,"High-High","3"
"E01002004",100.000000000009,0,0,100.000000000009,0,1,"High-High","3"
"E01002005",99.9999999999751,0,0,99.9999999999751,0,1,"High-High","3"
"E01002006",100.000000000027,0,0,100.000000000027,0,1,"High-High","3"
"E01002007",99.999999999964,0,0,99.999999999964,0,1,"High-High","3"
"E01002008",72.6110240795872,0,0,72.6110240795872,0,1,"High-High","3"
"E01002009",100.000000000001,0,0,100.000000000001,0,1,"High-High","3"
"E01002010",100.000000000007,0,0,100.000000000007,0,1,"High-High","3"
"E01002011",97.7558352545923,0,0,97.7558352545923,0,1,"High-High","3"
"E01002013",99.999999999978,0,0,99.999999999978,0,1,"High-High","3"
"E01002014",100.000000000016,0,0,100.000000000016,0,1,"High-High","3"
"E01002015",99.9999999999856,0,0,99.9999999999856,0,1,"High-High","3"
"E01002016",100.000000000021,0,0,100.000000000021,0,1,"High-High","3"
"E01002017",100.000000000013,0,0,100.000000000013,0,1,"High-High","3"
"E01002018",99.9999999999876,0,0,99.9999999999876,0,1,"High-High","3"
"E01002019",93.1319151481558,0,0,93.1319151481558,0,1,"High-High","3"
"E01002020",44.5890141658434,0,0,44.5890141658434,0,1,"High-High","3"
"E01002021",99.9999999999744,0,0,99.9999999999744,0,1,"High-High","3"
"E01002022",52.8541980266642,0,0,52.8541980266642,0,1,"High-High","3"
"E01002023",3.38037152252256,0,0,3.38037152252256,0,1,"High-High","3"
"E01002024",100.000000000011,0,0,100.000000000011,0,1,"High-High","3"
"E01002025",57.567096896579,0,0,57.567096896579,0,1,"High-High","3"
"E01002026",99.9999999999569,0,0,99.9999999999569,0,1,"High-High","3"
"E01002027",99.9999999999887,0,0,99.9999999999887,0,1,"High-High","3"
"E01002028",100.000000000019,0,0,100.000000000019,0,1,"High-High","3"
"E01002029",99.9999999999996,0,0,99.9999999999996,0,1,"High-High","3"
"E01002030",99.999999999992,0,0,99.999999999992,0,1,"High-High","3"
"E01002031",100.00000000002,0,0,100.00000000002,0,1,"High-High","3"
"E01002032",99.9999999999932,0,0,99.9999999999932,0,1,"High-High","3"
"E01002033",100.00000000002,0,0,100.00000000002,0,1,"High-High","3"
"E01002034",99.9999999999795,8.27595637884162,0,99.9999999999795,8.27595637884163,2,"High-High","3"
"E01002036",100.000000000009,96.2592346430555,0,100.000000000009,96.2592346430555,2,"High-High","1"
"E01002037",100.000000000034,97.1848118422537,0,100.000000000034,97.1848118422538,2,"High-High","1"
"E01002038",100.000000000033,6.92832276639562,0,100.000000000033,6.92832276639562,2,"High-High","3"
"E01002039",100.000000000024,100.000000000024,0,100.000000000024,100.000000000024,2,"High-High","1"
"E01002040",100.00000000001,43.6349161516403,0,100.00000000001,43.6349161516403,2,"High-High","3"
"E01002041",70.7885562829987,0,0,70.7885562829987,0,1,"High-High","3"
"E01002042",100.000000000016,0,8.67913186528828,100.000000000016,8.67913186528828,2,"High-High","3"
"E01002043",99.9999999999086,0,1.86138028806055,99.9999999999086,1.86138028806054,2,"High-High","3"
"E01002044",100.000000000004,0,0,100.000000000004,0,1,"High-High","3"
"E01002045",100.000000000003,0,93.2727325359148,100.000000000003,93.2727325359148,2,"High-High","2"
"E01002046",99.9998912675665,0,99.9626571807069,99.999999999984,99.9625484482893,2,"High-High","2"
"E01002047",99.9999999999963,0,0,99.9999999999963,0,1,"High-High","3"
"E01002048",99.9999999999821,0,0,99.9999999999821,0,1,"High-High","3"
"E01002049",100.000000000028,0,83.8983910208554,100.000000000028,83.8983910208554,2,"High-High","2"
"E01002050",62.0769439895451,0,100.000000000003,100.000000000003,62.0769439895451,2,"High-High","2"
"E01002051",60.5925196148063,0,100.000000000013,100.000000000013,60.5925196148063,2,"High-High","2"
"E01002052",85.1602356227298,0,99.9999999999934,99.9999999999934,85.1602356227298,2,"High-High","2"
"E01002053",99.9999999999963,0,99.9999999999963,99.9999999999963,99.9999999999963,2,"High-High","2"
"E01002054",99.9999999999882,0,99.9999999999882,99.9999999999882,99.9999999999882,2,"High-High","2"
"E01002055",51.1243261727149,0,100.00000000005,100.00000000005,51.1243261727149,2,"High-High","2"
"E01002056",100.000000000008,0,33.1671262860835,100.000000000008,33.1671262860835,2,"High-High","3"
"E01002057",99.9999999999713,0,0.75835554240934,99.9999999999713,0.758355542409333,2,"High-High","3"
"E01002058",100.000000000046,0,17.2279725453716,100.000000000046,17.2279725453716,2,"High-High","3"
"E01002059",100.000000000016,0,46.580277589813,100.000000000016,46.580277589813,2,"High-High","2"
"E01002060",99.9999999999842,0,85.24966876057,99.9999999999842,85.24966876057,2,"High-High","2"
"E01002061",99.9999999999517,0,99.9999999999517,99.9999999999517,99.9999999999517,2,"High-High","2"
"E01002062",100.000000000006,0,100.000000000006,100.000000000006,100.000000000006,2,"High-High","2"
"E01002063",99.999999999973,0,99.999999999973,99.999999999973,99.999999999973,2,"High-High","2"
"E01002064",100.000000000034,0,100.000000000034,100.000000000034,100.000000000034,2,"High-High","2"
"E01002065",100.00000000005,0,100.00000000005,100.00000000005,100.00000000005,2,"High-High","2"
"E01002066",99.9999999999803,0,99.9999999999803,99.9999999999803,99.9999999999803,2,"High-High","2"
"E01002067",99.9999999999886,0,99.9999999999886,99.9999999999886,99.9999999999886,2,"High-High","2"
"E01002068",100.000000000012,0,100.000000000012,100.000000000012,100.000000000012,2,"High-High","2"
"E01002069",99.999999999985,0,99.999999999985,99.999999999985,99.999999999985,2,"High-High","2"
"E01002070",100.000000000014,0,100.000000000014,100.000000000014,100.000000000014,2,"High-High","2"
"E01002071",100.000000000028,0,100.000000000028,100.000000000028,100.000000000028,2,"High-High","2"
"E01002072",83.0973004788942,0,99.9999999999903,99.9999999999903,83.0973004788942,2,"High-High","2"
"E01002073",99.3470175819277,0,99.9999999999785,99.9999999999785,99.3470175819277,2,"High-High","2"
"E01002074",99.9999999999863,0,0,99.9999999999863,0,1,"High-High","3"
"E01002075",99.9999999999747,38.5695792032073,0,99.9999999999747,38.5695792032073,2,"High-High","3"
"E01002076",99.9999999999534,0,2.51945631176071,99.9999999999534,2.51945631176071,2,"High-High","3"
"E01002077",99.99999999999,0,57.2973247551744,99.99999999999,57.2973247551744,2,"High-High","2"
"E01002078",99.9999999999756,0,79.3816880022345,99.9999999999756,79.3816880022345,2,"High-High","2"
"E01002079",99.9999999999977,0,22.6894175963172,99.9999999999977,22.6894175963172,2,"High-High","3"
"E01002080",99.9999999999942,0,58.6386639363267,99.9999999999942,58.6386639363268,2,"High-High","2"
"E01002081",100.000000000004,0,100.000000000004,100.000000000004,100.000000000004,2,"High-High","2"
"E01002082",48.3745479484567,0,0,48.3745479484567,0,1,"High-High","3"
"E01002083",100.000000000014,0,0,100.000000000014,0,1,"High-High","3"
"E01002084",100.000000000003,0,2.39454034933842,100.000000000003,2.39454034933841,2,"High-High","3"
"E01002085",100.000000000041,0,0,100.000000000041,0,1,"High-High","3"
"E01002086",99.9999999999964,0,37.5410931463964,99.9999999999964,37.5410931463964,2,"High-High","3"
"E01002087",99.9999999999839,0,0,99.9999999999839,0,1,"High-High","3"
"E01002088",100.000000000051,0,0,100.000000000051,0,1,"High-High","3"
"E01002089",90.424917850466,0,29.6850219061589,93.4544407988694,26.6554989577556,2,"High-High","3"
"E01002090",71.5620710310159,0,0,71.5620710310159,0,1,"High-High","3"
"E01002091",3.4878003770064,0,0,3.4878003770064,0,1,"High-High","3"
"E01002092",77.7653563629071,0,0,77.7653563629071,0,1,"High-High","3"
"E01002093",75.7068389875026,0,0,75.7068389875026,0,1,"High-High","3"
"E01002094",7.17328041811566,0,0,7.17328041811566,0,1,"High-High","3"
"E01002095",5.00938099083949,0,0,5.00938099083949,0,1,"High-High","3"
"E01002096",81.9042551152079,0,0,81.9042551152079,0,1,"High-High","3"
"E01002097",99.3185615521163,0,0,99.3185615521163,0,1,"High-High","3"
"E01002098",100.000000000001,0,0,100.000000000001,0,1,"High-High","3"
"E01002099",99.9999999999906,0,0,99.9999999999906,0,1,"High-High","3"
"E01002100",100.000000000035,0,0,100.000000000035,0,1,"High-High","3"
"E01002101",99.9999999999849,0,0,99.9999999999849,0,1,"High-High","3"
"E01002102",99.9999999999925,0,0,99.9999999999925,0,1,"High-High","3"
"E01002103",99.9999999999983,0,0,99.9999999999983,0,1,"High-High","3"
"E01002104",100.000000000009,0,0,100.000000000009,0,1,"High-High","3"
"E01002105",100.000000000011,0,0,100.000000000011,0,1,"High-High","3"
"E01002106",100.000000000012,0,0,100.000000000012,0,1,"High-High","3"
"E01002107",100.000000000009,0,0,100.000000000009,0,1,"High-High","3"
"E01002108",100.000000000013,0,0,100.000000000013,0,1,"High-High","3"
"E01002109",100.000000000016,0,0,100.000000000016,0,1,"High-High","3"
"E01002110",99.9999999999687,0,0,99.9999999999687,0,1,"High-High","3"
"E01002111",99.9999999999691,0,0,99.9999999999691,0,1,"High-High","3"
"E01002112",100.000000000002,0,0,100.000000000002,0,1,"High-High","3"
"E01002113",99.9999999999882,0,0,99.9999999999882,0,1,"High-High","3"
"E01002114",34.4178851287461,0,0,34.4178851287461,0,1,"High-High","3"
"E01002115",100.000000000004,0,0,100.000000000004,0,1,"High-High","3"
"E01002116",99.9999999999923,0,0,99.9999999999923,0,1,"High-High","3"
"E01002117",99.9999999999813,0,0,99.9999999999813,0,1,"High-High","3"
"E01002118",100.000000000003,0,0,100.000000000003,0,1,"High-High","3"
"E01002119",99.9999999999509,0,0,99.9999999999509,0,1,"High-High","3"
"E01002120",99.9999999999822,0,0,99.9999999999822,0,1,"High-High","3"
"E01002121",99.9999999999868,0,0,99.9999999999868,0,1,"High-High","3"
"E01002122",99.9999999999562,0,0,99.9999999999562,0,1,"High-High","3"
"E01002123",100.000000000009,0,0,100.000000000009,0,1,"High-High","3"
"E01002124",100.000000000003,0,0,100.000000000003,0,1,"High-High","3"
"E01002125",99.9999999999831,0,0,99.9999999999831,0,1,"High-High","3"
"E01002126",100.000000000004,0,100.000000000004,100.000000000004,100.000000000004,2,"High-High","2"
"E01002127",99.999999999988,0,99.999999999988,99.999999999988,99.999999999988,2,"High-High","2"
"E01002128",99.9999999999776,0,99.9999999999776,99.9999999999776,99.9999999999776,2,"High-High","2"
"E01002129",99.999999999998,0,84.3633264217345,99.999999999998,84.3633264217345,2,"High-High","2"
"E01002130",100.000000000012,0,100.000000000012,100.000000000012,100.000000000012,2,"High-High","2"
"E01002131",99.999999999981,0,99.999999999981,99.999999999981,99.999999999981,2,"High-High","2"
"E01002132",99.9495993032128,0,0,99.9495993032128,0,1,"High-High","3"
"E01002133",90.8817531350587,0,0,90.8817531350587,0,1,"High-High","3"
"E01002134",41.8921399690181,0,0,41.8921399690181,0,1,"High-High","3"
"E01002135",0,0,0,0,0,0,"High-High","3"
"E01002136",99.9999999999744,0,0,99.9999999999744,0,1,"High-High","3"
"E01002137",100.000000000003,0,31.9512822725527,100.000000000003,31.9512822725527,2,"High-High","3"
"E01002138",99.9999999999927,0,0,99.9999999999927,0,1,"High-High","3"
"E01002139",1.82669012134357,0,0,1.82669012134357,0,1,"High-High","3"
"E01002140",0,0,0,0,0,0,"High-High","3"
"E01002141",60.393772833425,0,0,60.393772833425,0,1,"High-High","3"
"E01002142",0,0,0,0,0,0,"High-High","3"
"E01002143",0,0,0,0,0,0,"High-High","3"
"E01002144",19.5241461234784,0,0,19.5241461234784,0,1,"High-High","3"
"E01002145",1.83250188347817,0,0,1.83250188347817,0,1,"High-High","3"
"E01002146",99.9999999999954,0,0,99.9999999999954,0,1,"High-High","3"
"E01002147",94.1194316629452,0,0,94.1194316629452,0,1,"High-High","3"
"E01002148",99.9999133452994,0,0,99.9999133452994,0,1,"High-High","3"
"E01002149",99.9999999999952,0,12.076425324274,99.9999999999952,12.076425324274,2,"High-High","3"
"E01002150",99.9999999999979,0,0,99.9999999999979,0,1,"High-High","3"
"E01002151",58.1785654451164,0,0,58.1785654451164,0,1,"High-High","3"
"E01002152",100.000000000001,0,18.8238711346349,100.000000000001,18.8238711346349,2,"High-High","3"
"E01002153",100.000000000019,0,0,100.000000000019,0,1,"High-High","3"
"E01002154",77.7030998733122,0,0,77.7030998733122,0,1,"High-High","3"
"E01002155",99.9999999999899,0,0,99.9999999999899,0,1,"High-High","3"
"E01002156",100.000000000017,0,0,100.000000000017,0,1,"High-High","3"
"E01002157",99.9999999999991,0,0,99.9999999999991,0,1,"High-High","3"
"E01002158",99.9999999999953,0,0,99.9999999999953,0,1,"High-High","3"
"E01002159",99.9999999999549,0,36.5237593415921,99.9999999999549,36.5237593415921,2,"High-High","3"
"E01002160",99.9999999999868,0,76.9511705469106,99.9999999999868,76.9511705469106,2,"High-High","2"
"E01002161",100.000000000009,0,0,100.000000000009,0,1,"High-High","3"
"E01002162",95.7712869894051,0,52.0111058143659,96.48184133605,51.300551467721,2,"High-High","2"
"E01002163",99.9999999999751,0,18.6442861378902,99.9999999999751,18.6442861378902,2,"High-High","3"
"E01002164",99.9999999999883,0,95.3620141642755,99.9999999999883,95.3620141642755,2,"High-High","2"
"E01002165",99.9999999999994,0,0,99.9999999999994,0,1,"High-High","3"
"E01002166",99.9999999999317,0,0,99.9999999999317,0,1,"High-High","3"
"E01002167",100.000000000023,0,0,100.000000000023,0,1,"High-High","3"
"E01002168",100.000000000006,0,0,100.000000000006,0,1,"High-High","3"
"E01002169",99.9999999999863,0,0,99.9999999999863,0,1,"High-High","3"
"E01002170",100.000000000011,0,0,100.000000000011,0,1,"High-High","3"
"E01002171",100.000000000024,0,0,100.000000000024,0,1,"High-High","3"
"E01002172",96.2005078250814,0,90.7492978345805,100,86.9498056596614,2,"High-High","2"
"E01002173",59.6825814785985,0,23.4653723967844,60.2415717833682,22.9063820920146,2,"High-High","3"
"E01002174",70.9174983982167,0,0,70.9174983982167,0,1,"High-High","3"
"E01002175",58.20152089591,0,0,58.20152089591,0,1,"High-High","3"
"E01002176",49.2217887825308,0,63.5370873428196,65.8699032072935,46.8889729180569,2,"High-High","2"
"E01002177",100.000000000003,0,0,100.000000000003,0,1,"High-High","3"
"E01002178",100.000000000042,0,0.697883032689525,100.000000000042,0.697883032689518,2,"High-High","3"
"E01002179",38.7374720166577,0,100.000000000011,100.000000000011,38.7374720166577,2,"High-High","2"
"E01002180",96.4087724511493,0,99.0629713179847,100.000000000007,95.4717437691266,2,"High-High","2"
"E01002181",40.7479876653106,0,76.2737929523892,76.2737929523892,40.7479876653106,2,"High-High","2"
"E01002182",100,0,100,100,100,2,"High-High","2"
"E01002183",88.7067076377754,0,36.0236626554426,99.9999999999735,24.7303702932445,2,"High-High","3"
"E01002184",100.00000000004,0,53.3135268034404,100.00000000004,53.3135268034404,2,"High-High","2"
"E01002185",99.9999999999942,0,99.9999999999942,99.9999999999942,99.9999999999942,2,"High-High","2"
"E01002186",71.2734073166418,0,99.999999999995,99.999999999995,71.2734073166418,2,"High-High","2"
"E01002187",50.5296603400022,0,99.999999999989,99.999999999989,50.5296603400022,2,"High-High","2"
"E01002188",70.3756076658639,0,73.2052903501469,96.9291897172558,46.651708298755,2,"High-High","2"
"E01002189",95.612186145727,0,42.2722412082964,99.6693182341422,38.2151091198812,2,"High-High","3"
"E01002190",39.2430884064298,0,31.959539760125,51.5795041649465,19.6231240016084,2,"High-High","3"
"E01002191",100.000000000053,0,0,100.000000000053,0,1,"High-High","3"
"E01002192",86.4997528723745,0,100.000000000007,100.000000000007,86.4997528723745,2,"High-High","2"
"E01002193",99.9999999999967,0,19.8494267301391,99.9999999999967,19.8494267301391,2,"High-High","3"
"E01002194",99.9999999999683,0,78.0673290665851,99.9999999999683,78.0673290665851,2,"High-High","2"
"E01002195",99.999999999966,0,0,99.999999999966,0,1,"High-High","3"
"E01002196",100.000000000011,0,0,100.000000000011,0,1,"High-High","3"
"E01002197",99.9999999999687,0,0,99.9999999999687,0,1,"High-High","3"
"E01002198",100.000000000007,0,0,100.000000000007,0,1,"High-High","3"
"E01002199",99.9999999999969,0,0,99.9999999999969,0,1,"High-High","3"
"E01002200",100.000000000023,0,0,100.000000000023,0,1,"High-High","3"
"E01002201",99.9999999999901,0,0,99.9999999999901,0,1,"High-High","3"
"E01002202",100.000000000002,0,0,100.000000000002,0,1,"High-High","3"
"E01002203",99.9999999999959,0,0,99.9999999999959,0,1,"High-High","3"
"E01002204",100.000000000018,0,0,100.000000000018,0,1,"High-High","3"
"E01002206",99.9999999999745,0,0,99.9999999999745,0,1,"High-High","3"
"E01002207",100.00000000002,0,0,100.00000000002,0,1,"High-High","3"
"E01002208",100.000000000009,0,0,100.000000000009,0,1,"High-High","3"
"E01002209",99.9999999999704,0,0,99.9999999999704,0,1,"High-High","3"
"E01002210",99.9999999999993,0,0,99.9999999999993,0,1,"High-High","3"
"E01002211",100.000000000019,0,0,100.000000000019,0,1,"High-High","3"
"E01002212",100.000000000013,0,0,100.000000000013,0,1,"High-High","3"
"E01002213",100.000000000018,0,0,100.000000000018,0,1,"High-High","3"
"E01002214",100.000000000046,0,0,100.000000000046,0,1,"High-High","3"
"E01002215",100.000000000019,0,0,100.000000000019,0,1,"High-High","3"
"E01002216",100.000000000017,0,0,100.000000000017,0,1,"High-High","3"
"E01002217",99.9999999999925,0,0,99.9999999999925,0,1,"High-High","3"
"E01002218",100.000000000001,0,0,100.000000000001,0,1,"High-High","3"
"E01002219",90.7912882146778,0,0,90.7912882146778,0,1,"High-High","3"
"E01002220",100.000000000006,0,0,100.000000000006,0,1,"High-High","3"
"E01002221",99.9999999999469,0,0,99.9999999999469,0,1,"High-High","3"
"E01002222",99.9999999999913,0,0,99.9999999999913,0,1,"High-High","3"
"E01002223",99.9999999999577,0,0,99.9999999999577,0,1,"High-High","3"
"E01002224",99.999999999998,0,0,99.999999999998,0,1,"High-High","3"
"E01002225",43.1658622039833,0,0,43.1658622039833,0,1,"High-High","3"
"E01002226",4.39549788922534,0,0,4.39549788922534,0,1,"High-High","3"
"E01002227",0,0,0,0,0,0,"High-High","3"
"E01002228",16.3986233922537,0,0,16.3986233922537,0,1,"High-High","3"
"E01002229",87.0966787780632,0,0,87.0966787780632,0,1,"High-High","3"
"E01002230",64.6198825297345,0,0,64.6198825297345,0,1,"High-High","3"
"E01002231",99.999999999972,0,0,99.999999999972,0,1,"High-High","3"
"E01002232",0,0,0,0,0,0,"High-High","3"
"E01002233",10.7611287041455,0,17.3185387173514,28.0796674214969,0,2,"High-High","3"
"E01002234",0,0,0,0,0,0,"High-High","3"
"E01002235",96.3258265627056,0,2.34185137740188,97.0740323657851,1.59364557432234,2,"High-High","3"
"E01002236",0,0,45.5728973090305,45.5728973090305,0,1,"High-High","3"
"E01002237",99.9999999999967,0,68.3355339143694,99.9999999999967,68.3355339143694,2,"High-High","2"
"E01002238",99.999999999982,0,0.329040935439811,99.999999999982,0.329040935439807,2,"High-High","3"
"E01002239",99.9999999999963,0,0,99.9999999999963,0,1,"High-High","3"
"E01002240",100,0,0.924255222725345,100,0.92425522272535,2,"High-High","3"
"E01002241",100.000000000005,0,0,100.000000000005,0,1,"High-High","3"
"E01002242",100.000000000002,0,0,100.000000000002,0,1,"High-High","3"
"E01002243",100.000000000016,0,0,100.000000000016,0,1,"High-High","3"
"E01002244",99.99999999999,0,0,99.99999999999,0,1,"High-High","3"
"E01002245",99.9999999999793,0,0,99.9999999999793,0,1,"High-High","3"
"E01002246",98.8302886831433,0,0,98.8302886831433,0,1,"High-High","3"
"E01002247",99.9999999999949,0,0,99.9999999999949,0,1,"High-High","3"
"E01002248",53.4805397583821,20.3149499025298,0,57.2598455666875,16.5356440942244,2,"High-High","3"
"E01002249",95.1578894833043,73.5081220828491,0,99.9999999999815,68.6660115661719,2,"High-High","1"
"E01002250",45.266194473443,0,0,45.266194473443,0,1,"High-High","3"
"E01002251",0,0,0,0,0,0,"High-High","3"
"E01002252",47.6102762485535,0,0,47.6102762485535,0,1,"High-High","3"
"E01002253",38.4969487997627,0,0,38.4969487997627,0,1,"High-High","3"
"E01002254",100.000000000005,0,0,100.000000000005,0,1,"High-High","3"
"E01002255",0,0,0,0,0,0,"High-High","3"
"E01002256",100.000000000007,0,0,100.000000000007,0,1,"High-High","3"
"E01002257",70.5587348061566,0,0,70.5587348061566,0,1,"High-High","3"
"E01002258",100.000000000003,0,0,100.000000000003,0,1,"High-High","3"
"E01002259",10.3874026724605,0,0,10.3874026724605,0,1,"High-High","3"
"E01002260",81.8314134161857,4.23120589149877,3.53904149000037,81.8314134161857,7.77024738149915,3,"High-High","3"
"E01002261",99.9999999999696,0,77.652274163197,99.9999999999696,77.652274163197,2,"High-High","2"
"E01002262",100.000000000019,0,91.2015099768262,100.000000000019,91.2015099768262,2,"High-High","2"
"E01002263",23.3825145196093,0,90.4989178656228,91.3781812328872,22.5032511523449,2,"High-High","2"
"E01002264",100.000000000089,0,100.000000000089,100.000000000089,100.000000000089,2,"High-High","2"
"E01002265",34.9966723511071,0,99.9999999999944,99.9999999999944,34.9966723511071,2,"High-High","2"
"E01002266",79.2222397528674,0,42.7763498984101,84.7593167887366,37.2392728625409,2,"High-High","3"
"E01002267",64.654851358179,0,100.000000000014,100.000000000014,64.654851358179,2,"High-High","2"
"E01002268",64.9895599119495,16.24217811985,0,64.9895599119495,16.24217811985,2,"High-High","3"
"E01002269",22.2594554498375,0,0,22.2594554498375,0,1,"High-High","3"
"E01002270",100.000000000004,0,0,100.000000000004,0,1,"High-High","3"
"E01002271",98.0385893948726,0,0,98.0385893948726,0,1,"High-High","3"
"E01002272",100.000000000001,10.9152633311521,0,100.000000000001,10.9152633311521,2,"High-High","3"
"E01002273",15.401382734399,0,0,15.401382734399,0,1,"High-High","3"
"E01002274",100.000000000017,0,0,100.000000000017,0,1,"High-High","3"
"E01002275",92.3904990802252,0,0,92.3904990802252,0,1,"High-High","3"
"E01002276",0,0,0,0,0,0,"High-High","3"
"E01002277",0,0,0,0,0,0,"High-High","3"
"E01002278",0,0,0,0,0,0,"High-High","3"
"E01002279",0,0,0,0,0,0,"High-High","3"
"E01002280",0,0,0,0,0,0,"High-High","3"
"E01002281",0,0,0,0,0,0,"High-High","3"
"E01002282",0,10.38157915661,0,10.38157915661,0,1,"High-High","3"
"E01002283",0,0,0,0,0,0,"High-High","3"
"E01002284",0,66.9692054623921,0,66.9692054623921,0,1,"High-High","1"
"E01002285",33.7251802169735,0,93.0435154172412,93.0435154172412,33.7251802169735,2,"High-High","2"
"E01002286",99.999999999979,0,99.999999999979,99.999999999979,99.999999999979,2,"High-High","2"
"E01002287",100.000000000019,0,100.000000000019,100.000000000019,100.000000000019,2,"High-High","2"
"E01002288",54.9677864991762,0,100.000000000013,100.000000000013,54.9677864991762,2,"High-High","2"
"E01002289",0,0,0,0,0,0,"High-High","3"
"E01002290",0,0,19.8818498492695,19.8818498492695,0,1,"High-High","3"
"E01002291",65.4983274474965,0,53.1503035843505,68.4575119411464,50.1911190907006,2,"High-High","2"
"E01002292",0,0,0,0,0,0,"High-High","3"
"E01002293",61.9506047966703,99.9999999999917,0,99.9999999999917,61.9506047966703,2,"High-High","1"
"E01002294",14.0988464741547,11.1641835114793,0,18.0264874595527,7.23654252608129,2,"High-High","3"
"E01002295",100.000000000006,100.000000000006,0,100.000000000006,100.000000000006,2,"High-High","1"
"E01002296",0,0,0,0,0,0,"High-High","3"
"E01002297",0,99.9585210253626,0,99.9585210253626,0,1,"High-High","1"
"E01002298",0,5.59532883889358,0,5.59532883889358,0,1,"High-High","3"
"E01002299",0,54.383653971342,0,54.383653971342,0,1,"High-High","1"
"E01002300",3.87598794982243,96.5859757944936,0,96.5859757944936,3.87598794982243,2,"High-High","1"
"E01002301",0,0,100.000000000032,100.000000000032,0,1,"High-High","2"
"E01002302",0,0,100.000000000026,100.000000000026,0,1,"High-High","2"
"E01002303",0,0,94.6665391845176,94.6665391845176,0,1,"High-High","2"
"E01002304",0,0,1.65128295989485,1.65128295989485,0,1,"High-High","3"
"E01002305",0,0,7.49712194674611,7.49712194674611,0,1,"High-High","3"
"E01002306",0,0,89.515722100709,89.515722100709,0,1,"High-High","2"
"E01002307",0,0,95.245385436619,95.245385436619,0,1,"High-High","2"
"E01002308",0,0,94.1166937033733,94.1166937033733,0,1,"High-High","2"
"E01002309",0,77.9017907094376,0,77.9017907094376,0,1,"High-High","1"
"E01002310",8.79037553564261,99.9999999999972,0,99.9999999999972,8.79037553564261,2,"High-High","1"
"E01002311",0.256260329388865,26.0422333261063,0,26.0422333261063,0.256260329388866,2,"High-High","3"
"E01002312",0,0,0,0,0,0,"High-High","3"
"E01002313",0,0,0,0,0,0,"High-High","3"
"E01002314",0,56.2160872315267,0,56.2160872315267,0,1,"High-High","1"
"E01002315",0,82.3455869130568,0,82.3455869130568,0,1,"High-High","1"
"E01002316",0,100.000000000004,0,100.000000000004,0,1,"High-High","1"
"E01002317",99.999999999979,96.2798365948753,0,99.999999999979,96.2798365948753,2,"High-High","1"
"E01002318",100.000000000014,40.5880021852114,0,100.000000000014,40.5880021852114,2,"High-High","3"
"E01002319",30.0297143690016,99.9999999999923,0,99.9999999999923,30.0297143690016,2,"High-High","1"
"E01002320",34.4747382200266,99.9999999999897,0,99.9999999999897,34.4747382200266,2,"High-High","1"
"E01002321",45.311894475628,90.4011098384305,0,97.2366269172746,38.4763773967839,2,"High-High","1"
"E01002322",94.5034762635214,91.6309072379408,0,100.000000000014,86.1343835014485,2,"High-High","1"
"E01002323",7.03951413465688,99.9999999999951,0,99.9999999999951,7.03951413465687,2,"High-High","1"
"E01002324",99.748392330639,91.6610288829265,0,99.9999999999976,91.409421213568,2,"High-High","1"
"E01002325",54.5739840410583,0,74.8832472642758,99.5149443626995,29.9422869426345,2,"High-High","2"
"E01002326",0,0,99.9999999999874,99.9999999999874,0,1,"High-High","2"
"E01002327",27.8527697676326,0,100.00000000002,100.00000000002,27.8527697676326,2,"High-High","2"
"E01002328",100,0,62.2871361138805,100,62.2871361138805,2,"High-High","2"
"E01002329",100.00000000001,0,14.0008722853455,100.00000000001,14.0008722853455,2,"High-High","3"
"E01002330",100.000000000003,0,0,100.000000000003,0,1,"High-High","3"
"E01002331",0,0,100.000000000007,100.000000000007,0,1,"High-High","2"
"E01002332",0,0,99.9999999999902,99.9999999999902,0,1,"High-High","2"
"E01002333",0,0,72.5237491023845,72.5237491023845,0,1,"High-High","2"
"E01002334",26.3697535077484,0,0,26.3697535077484,0,1,"High-High","3"
"E01002335",51.7656193557719,0,99.9999999999964,99.9999999999964,51.7656193557719,2,"High-High","2"
"E01002336",16.9554164452466,0,78.3161197946689,91.4944661605629,3.7770700793526,2,"High-High","2"
"E01002337",56.6515493142902,33.1170634413544,0,81.6332012635165,8.13541149212804,2,"High-High","3"
"E01002338",100.000000000017,0,55.0916670512183,100.000000000017,55.0916670512183,2,"High-High","2"
"E01002339",99.9999999999679,0,0,99.9999999999679,0,1,"High-High","3"
"E01002340",99.9999999999862,0,0,99.9999999999862,0,1,"High-High","3"
"E01002341",0,0,22.5590487215998,22.5590487215998,0,1,"High-High","3"
"E01002342",35.3111862493202,99.9999999999838,0,99.9999999999838,35.3111862493202,2,"High-High","1"
"E01002343",37.9682329272805,57.4464737925529,0,58.407123718486,37.0075830013473,2,"High-High","1"
"E01002344",0.155632957468482,11.5495199518569,0,11.5495199518569,0.155632957468482,2,"High-High","3"
"E01002345",77.5021205523405,99.9999999999936,0,99.9999999999936,77.5021205523405,2,"High-High","1"
"E01002346",11.6310296092013,99.9999999999897,0,99.9999999999897,11.6310296092013,2,"High-High","1"
"E01002347",0,45.9263614217424,0,45.9263614217424,0,1,"High-High","1"
"E01002348",0,0,4.60888307623119,4.60888307623119,0,1,"High-High","3"
"E01002349",6.52868866037975,0.678199207013351,7.36374516608779,13.8924338264675,0.678199207013352,3,"High-High","3"
"E01002350",99.9999999999767,99.9615573714584,0,99.9999999999767,99.9615573714584,2,"High-High","1"
"E01002351",99.9972802032468,99.9999999999803,0,99.9999999999803,99.9972802032468,2,"High-High","1"
"E01002352",100.00000000002,93.9918034344026,0,100.00000000002,93.9918034344026,2,"High-High","1"
"E01002353",99.9999999999573,0,0,99.9999999999573,0,1,"High-High","3"
"E01002354",99.9999999999909,0,0,99.9999999999909,0,1,"High-High","3"
"E01002355",100.000000000061,0,0,100.000000000061,0,1,"High-High","3"
"E01002356",100.000000000003,31.140046553218,0,100.000000000003,31.140046553218,2,"High-High","3"
"E01002358",100.00000000001,100.00000000001,0,100.00000000001,100.00000000001,2,"High-High","1"
"E01002359",99.999999999998,0,0,99.999999999998,0,1,"High-High","3"
"E01002360",16.443466959396,0,0,16.443466959396,0,1,"High-High","3"
"E01002361",70.1972246380103,0,0,70.1972246380103,0,1,"High-High","3"
"E01002362",9.58169886588926,0,0,9.58169886588926,0,1,"High-High","3"
"E01002363",77.2400661170891,0,0,77.2400661170891,0,1,"High-High","3"
"E01002364",41.7923923847307,0,0,41.7923923847307,0,1,"High-High","3"
"E01002365",99.9999999999975,8.28139710946434,56.2023143697437,99.9999999999975,64.483711479208,3,"High-High","2"
"E01002366",100.000000000021,0,83.4836894971867,100.000000000021,83.4836894971867,2,"High-High","2"
"E01002367",99.999999999984,0,0,99.999999999984,0,1,"High-High","3"
"E01002368",36.8707374522413,20.098914194191,0,46.0446986713362,10.9249529750961,2,"High-High","3"
"E01002369",99.9999999999966,40.8123418321567,0,99.9999999999966,40.8123418321567,2,"High-High","3"
"E01002370",37.6623741570421,49.4284716994013,0,49.4284716994013,37.6623741570421,2,"High-High","1"
"E01002371",100.000000000004,98.5773717974827,0,100.000000000004,98.5773717974827,2,"High-High","1"
"E01002372",99.9999999999412,0,42.7807163800618,99.9999999999412,42.7807163800618,2,"High-High","3"
"E01002373",100.000000000026,8.35579771885076,0,100.000000000026,8.35579771885075,2,"High-High","3"
"E01002374",97.886985109682,42.9390307770154,6.93314015096988,97.886985109682,49.8721709279853,3,"High-High","3"
"E01002375",99.9999999999772,0,0,99.9999999999772,0,1,"High-High","3"
"E01002376",99.9999999999959,71.2013549698874,0,99.9999999999959,71.2013549698874,2,"High-High","1"
"E01002377",100.000000000026,72.4157310716417,0,100.000000000026,72.4157310716417,2,"High-High","1"
"E01002378",99.9999999999773,52.6971483822223,0,99.9999999999773,52.6971483822223,2,"High-High","1"
"E01002379",99.9999999999883,0.393387393834445,0,99.9999999999883,0.393387393834445,2,"High-High","3"
"E01002380",99.9999999999815,26.894785469475,0,99.9999999999815,26.894785469475,2,"High-High","3"
"E01002381",99.9999999999988,0,0,99.9999999999988,0,1,"High-High","3"
"E01002382",99.9999999999968,5.87872855664365,0,99.9999999999968,5.87872855664365,2,"High-High","3"
"E01002383",99.999999999984,99.999999999984,0,99.999999999984,99.999999999984,2,"High-High","1"
"E01002384",99.9664773239795,0,0,99.9664773239795,0,1,"High-High","3"
"E01002385",0.0857979894073087,0,5.2165404103566,5.30233839976391,0,2,"High-High","3"
"E01002386",3.28234349133606,0,0,3.28234349133606,0,1,"High-High","3"
"E01002387",50.581265482434,0,0,50.581265482434,0,1,"High-High","3"
"E01002388",0,0,0,0,0,0,"High-High","3"
"E01002389",0,0,0,0,0,0,"High-High","3"
"E01002390",0,0,0,0,0,0,"High-High","3"
"E01002391",10.6000988955278,0,0,10.6000988955278,0,1,"High-High","3"
"E01002392",67.8719745583941,0.0276919041753306,0,67.8719745583941,0.0276919041753274,2,"High-High","3"
"E01002393",83.4824700641761,40.0852445065238,0,90.0969793727663,33.4707351979337,2,"High-High","3"
"E01002394",99.9999999999836,0,0,99.9999999999836,0,1,"High-High","3"
"E01002395",99.776262451399,47.9708139394339,0,99.9999999999881,47.7470763908448,2,"High-High","1"
"E01002396",97.1672577197667,46.4774278591563,0,99.9999999999875,43.6446855789355,2,"High-High","1"
"E01002397",100.000000000011,0,0,100.000000000011,0,1,"High-High","3"
"E01002398",100.000000000007,0,0,100.000000000007,0,1,"High-High","3"
"E01002399",100.000000000029,12.4749961098846,0,100.000000000029,12.4749961098846,2,"High-High","3"
"E01002400",20.7681644529358,0,0,20.7681644529358,0,1,"High-High","3"
"E01002401",63.1398796068138,0,0,63.1398796068138,0,1,"High-High","3"
"E01002402",0,0,0,0,0,0,"High-High","3"
"E01002403",22.5229984996595,0,0,22.5229984996595,0,1,"High-High","3"
"E01002404",75.4108566574357,0,0,75.4108566574357,0,1,"High-High","3"
"E01002405",36.1526120545763,0,0,36.1526120545763,0,1,"High-High","3"
"E01002406",63.6679759404792,4.56982431942702,0,63.6679759404792,4.56982431942702,2,"High-High","3"
"E01002407",99.9999999999988,93.2332326585937,0,99.9999999999988,93.2332326585937,2,"High-High","1"
"E01002408",100.000000000002,0,0,100.000000000002,0,1,"High-High","3"
"E01002409",96.0410478459603,0,0,96.0410478459603,0,1,"High-High","3"
"E01002410",99.9999999999888,0,0,99.9999999999888,0,1,"High-High","3"
"E01002411",99.9999999999918,0,60.1911609635958,99.9999999999918,60.1911609635958,2,"High-High","2"
"E01002412",100.000000000012,0,16.1629572634359,100.000000000012,16.1629572634359,2,"High-High","3"
"E01002413",99.9999999999947,0,99.9999999999947,99.9999999999947,99.9999999999947,2,"High-High","2"
"E01002414",88.1880153492042,0,0,88.1880153492042,0,1,"High-High","3"
"E01002415",41.9456704328785,0,0,41.9456704328785,0,1,"High-High","3"
"E01002416",99.544730849933,0,0,99.544730849933,0,1,"High-High","3"
"E01002417",99.9999999999895,0,0,99.9999999999895,0,1,"High-High","3"
"E01002418",99.9999999999949,0,0,99.9999999999949,0,1,"High-High","3"
"E01002419",100.000000000008,0,0,100.000000000008,0,1,"High-High","3"
"E01002420",99.9999999999905,0,0,99.9999999999905,0,1,"High-High","3"
"E01002421",98.411445202009,0,0,98.411445202009,0,1,"High-High","3"
"E01002422",39.8495075349811,0,0,39.8495075349811,0,1,"High-High","3"
"E01002423",4.12040010778083,0,0,4.12040010778083,0,1,"High-High","3"
"E01002424",47.2569221082747,0,0,47.2569221082747,0,1,"High-High","3"
"E01002425",0,0,0,0,0,0,"High-High","3"
"E01002426",100.000000000021,0,0,100.000000000021,0,1,"High-High","3"
"E01002427",86.9243245351213,0,0,86.9243245351213,0,1,"High-High","3"
"E01002428",0,0,0,0,0,0,"High-High","3"
"E01002429",0,0,0,0,0,0,"High-High","3"
"E01002430",67.6544044841748,0,0,67.6544044841748,0,1,"High-High","3"
"E01002431",100.000000000057,0,0,100.000000000057,0,1,"High-High","3"
"E01002432",99.9999999999929,0,0,99.9999999999929,0,1,"High-High","3"
"E01002433",100.000000000003,0,15.2819563251532,100.000000000003,15.2819563251532,2,"High-High","3"
"E01002434",47.8463166245872,0,0,47.8463166245872,0,1,"High-High","3"
"E01002435",99.9999999999715,0,0,99.9999999999715,0,1,"High-High","3"
"E01002436",85.2947814306584,0,19.8451446176794,85.2947814306584,19.8451446176794,2,"High-High","3"
"E01002437",99.8107305410344,0,48.0478417356252,99.9999999999861,47.8585722766735,2,"High-High","2"
"E01002438",1.78118821588223,0,0,1.78118821588223,0,1,"High-High","3"
"E01002439",0,0,0,0,0,0,"High-High","3"
"E01002440",0,0,0,0,0,0,"High-High","3"
"E01002441",6.77850965922436,0,0,6.77850965922436,0,1,"High-High","3"
"E01002442",0,0,0,0,0,0,"High-High","3"
"E01002443",86.441613720832,9.04975458888845,7.14191012583572,90.2966228871536,12.3366555484026,3,"High-High","3"
"E01002444",6.11075953893478,0,1.37795128899526,7.29210440295786,0.196606424972177,2,"High-High","3"
"E01002445",99.9999999999871,0,0,99.9999999999871,0,1,"High-High","3"
"E01002446",36.9167619076462,0,0,36.9167619076462,0,1,"High-High","3"
"E01002447",0.374723145323544,0,0,0.374723145323544,0,1,"High-High","3"
"E01002448",14.0614749664257,0,0,14.0614749664257,0,1,"High-High","3"
"E01002449",0.705883884097139,0,0,0.705883884097139,0,1,"High-High","3"
"E01002450",0,0,0,0,0,0,"High-High","3"
"E01002451",0,0,0,0,0,0,"High-High","3"
"E01002452",0,0,0,0,0,0,"High-High","3"
"E01002453",0,0,0,0,0,0,"High-High","3"
"E01002454",0,0,0,0,0,0,"High-High","3"
"E01002455",45.4738436738573,0,0,45.4738436738573,0,1,"High-High","3"
"E01002456",27.8477397767053,0,0,27.8477397767053,0,1,"High-High","3"
"E01002457",52.7710661116296,0,0,52.7710661116296,0,1,"High-High","3"
"E01002458",33.7593008540698,0,0,33.7593008540698,0,1,"High-High","3"
"E01002459",100.000000000001,0,0,100.000000000001,0,1,"High-High","3"
"E01002460",97.9958363410138,0,0,97.9958363410138,0,1,"High-High","3"
"E01002461",0,0,0,0,0,0,"High-High","3"
"E01002462",5.61036509574923,0,0,5.61036509574923,0,1,"High-High","3"
"E01002463",11.8589546236754,0,0,11.8589546236754,0,1,"High-High","3"
"E01002464",34.6310614461018,0,0,34.6310614461018,0,1,"High-High","3"
"E01002465",75.69465495218,0,0,75.69465495218,0,1,"High-High","3"
"E01002466",69.9047750542978,0,0,69.9047750542978,0,1,"High-High","3"
"E01002467",100.000000000012,0,0,100.000000000012,0,1,"High-High","3"
"E01002468",99.999999999987,0,0,99.999999999987,0,1,"High-High","3"
"E01002469",99.9999999999683,0,0,99.9999999999683,0,1,"High-High","3"
"E01002470",99.9999999999923,0,0,99.9999999999923,0,1,"High-High","3"
"E01002471",100.000000000044,0,0,100.000000000044,0,1,"High-High","3"
"E01002472",100.000000000014,0,0,100.000000000014,0,1,"High-High","3"
"E01002473",21.4587448617264,0,0,21.4587448617264,0,1,"High-High","3"
"E01002474",99.3589550807339,0,0,99.3589550807339,0,1,"High-High","3"
"E01002475",38.2107624577729,0,0,38.2107624577729,0,1,"High-High","3"
"E01002476",86.6784801728057,0,0,86.6784801728057,0,1,"High-High","3"
"E01002477",100.000000000024,0,0,100.000000000024,0,1,"High-High","3"
"E01002478",99.9999999999961,0,0,99.9999999999961,0,1,"High-High","3"
"E01002479",85.9223624455553,0,12.6763194784835,85.9223624455553,12.6763194784835,2,"High-High","3"
"E01002480",97.060227043232,0,100.000000000007,100.000000000007,97.060227043232,2,"High-High","2"
"E01002481",99.9284062263472,0,77.0977553268736,99.9284062263472,77.0977553268736,2,"High-High","2"
"E01002482",87.1557059164578,0,9.82288229299862,87.1557059164578,9.82288229299863,2,"High-High","3"
"E01002483",100.000000000004,0,100.000000000004,100.000000000004,100.000000000004,2,"High-High","2"
"E01002484",100.000000000002,0,3.31720001440972,100.000000000002,3.31720001440972,2,"High-High","3"
"E01002485",99.9999999999918,0,52.6449094085123,99.9999999999918,52.6449094085122,2,"High-High","2"
"E01002486",20.54637551049,0,0,20.54637551049,0,1,"High-High","3"
"E01002487",81.356630554769,0,0,81.356630554769,0,1,"High-High","3"
"E01002488",85.930833801186,0,0,85.930833801186,0,1,"High-High","3"
"E01002489",100.000000000006,60.0536853926803,0,100.000000000006,60.0536853926803,2,"High-High","1"
"E01002490",99.0577679053874,0.498604771429343,0,99.0577679053874,0.498604771429342,2,"High-High","3"
"E01002491",99.9999999999917,99.6172614931658,0,99.9999999999917,99.6172614931658,2,"High-High","1"
"E01002492",99.9999999999625,99.9999999999625,0,99.9999999999625,99.9999999999625,2,"High-High","1"
"E01002493",99.9999999999985,52.2016680882101,0,99.9999999999985,52.2016680882102,2,"High-High","1"
"E01002494",26.9363886410005,0,0,26.9363886410005,0,1,"High-High","3"
"E01002495",0,0,0,0,0,0,"High-High","3"
"E01002496",99.7469397307285,0,0,99.7469397307285,0,1,"High-High","3"
"E01002497",48.0235699016775,0,0,48.0235699016775,0,1,"High-High","3"
"E01002498",100.000000000011,0,0,100.000000000011,0,1,"High-High","3"
"E01002499",12.9683812692194,0,0,12.9683812692194,0,1,"High-High","3"
"E01002501",100.000000000023,0,0,100.000000000023,0,1,"High-High","3"
"E01002502",100.000000000018,0,0,100.000000000018,0,1,"High-High","3"
"E01002503",99.9999999999501,12.7114729282366,0,99.9999999999501,12.7114729282366,2,"High-High","3"
"E01002504",100.000000000003,0,0,100.000000000003,0,1,"High-High","3"
"E01002505",55.4129038692713,4.82474755884217,0,55.4455740986347,4.79207732947875,2,"High-High","3"
"E01002506",99.9999999999905,88.4764508243398,0,99.9999999999905,88.4764508243398,2,"High-High","1"
"E01002507",73.4364104767931,83.0084246107646,0,87.9221701649609,68.5226649225969,2,"High-High","1"
"E01002508",99.9999999999908,0,0,99.9999999999908,0,1,"High-High","3"
"E01002509",16.6968761616706,0,0,16.6968761616706,0,1,"High-High","3"
"E01002511",69.1919281495313,0,0,69.1919281495313,0,1,"High-High","3"
"E01002512",57.3695088504478,0,0,57.3695088504478,0,1,"High-High","3"
"E01002513",0,0,0,0,0,0,"High-High","3"
"E01002514",99.9999999999963,0,0,99.9999999999963,0,1,"High-High","3"
"E01002515",86.4139383799765,0,0,86.4139383799765,0,1,"High-High","3"
"E01002516",0,0,0,0,0,0,"High-High","3"
"E01002518",99.9999999999514,0,2.85452787229336,99.9999999999514,2.85452787229336,2,"High-High","3"
"E01002519",99.9999999999965,0,71.9903527626065,99.9999999999965,71.9903527626065,2,"High-High","2"
"E01002520",76.2139562920325,0,0,76.2139562920325,0,1,"High-High","3"
"E01002521",100.000000000005,0,0,100.000000000005,0,1,"High-High","3"
"E01002523",100.000000000026,0,0,100.000000000026,0,1,"High-High","3"
"E01002525",100.000000000005,0,11.5686867430888,100.000000000005,11.5686867430888,2,"High-High","3"
"E01002526",100.000000000004,0,0,100.000000000004,0,1,"High-High","3"
"E01002527",55.2016728659504,0,7.93419877944825,55.397347012766,7.73852463263274,2,"High-High","3"
"E01002528",99.999999999988,0,0,99.999999999988,0,1,"High-High","3"
"E01002529",100.000000000001,0,86.076845837718,100.000000000001,86.076845837718,2,"High-High","2"
"E01002530",98.9328367822444,0,0,98.9328367822444,0,1,"High-High","3"
"E01002531",84.0688978192121,0,97.8123014494594,100.000000000004,81.881199268667,2,"High-High","2"
"E01002532",92.5929124176843,0,4.78615374441408,92.5929124176843,4.78615374441408,2,"High-High","3"
"E01002533",18.1072668796339,0,0,18.1072668796339,0,1,"High-High","3"
"E01002534",100.000000000009,0,0,100.000000000009,0,1,"High-High","3"
"E01002535",99.9999999999971,0,0,99.9999999999971,0,1,"High-High","3"
"E01002536",99.9999999999947,0,0,99.9999999999947,0,1,"High-High","3"
"E01002537",100.000000000002,0,0,100.000000000002,0,1,"High-High","3"
"E01002538",0.0911992930407992,0,0,0.0911992930407992,0,1,"High-High","3"
"E01002539",80.1534258762797,0,0,80.1534258762797,0,1,"High-High","3"
"E01002540",98.8979024388192,100.000000000003,0,100.000000000003,98.8979024388192,2,"High-High","1"
"E01002541",89.620806899579,100,0,100,89.620806899579,2,"High-High","1"
"E01002542",60.4225825640153,100,0,100,60.4225825640153,2,"High-High","1"
"E01002543",44.7332778386956,100,0,100,44.7332778386956,2,"High-High","1"
"E01002544",28.5281986828774,99.9999999999796,0,99.9999999999796,28.5281986828774,2,"High-High","1"
"E01002545",0,98.4283519634003,0,98.4283519634003,0,1,"High-High","1"
"E01002546",46.5169816715253,69.5690614972732,0,91.3680836598219,24.7179595089766,2,"High-High","1"
"E01002547",0,77.9478992658548,0,77.9478992658548,0,1,"High-High","1"
"E01002548",73.1315695633212,0,35.324048083442,76.9158239237249,31.5397937230383,2,"High-High","3"
"E01002549",97.7823517058523,0,0,97.7823517058523,0,1,"High-High","3"
"E01002550",100.000000000008,0,100.000000000008,100.000000000008,100.000000000008,2,"High-High","2"
"E01002551",99.9999999999964,0,29.9486899325829,99.9999999999964,29.9486899325829,2,"High-High","3"
"E01002552",50.5254679696605,0,99.9999999999963,99.9999999999963,50.5254679696605,2,"High-High","2"
"E01002553",96.8384618530797,0,99.9999999999906,99.9999999999906,96.8384618530797,2,"High-High","2"
"E01002554",57.5201266336264,0,100.000000000037,100.000000000037,57.5201266336264,2,"High-High","2"
"E01002555",94.3769845180684,0,82.3761683050593,100.000000000002,76.7531528231255,2,"High-High","2"
"E01002556",100.000000000002,0,99.9687233106489,100.000000000002,99.9687233106489,2,"High-High","2"
"E01002557",100.000000000001,0,0,100.000000000001,0,1,"High-High","3"
"E01002558",100.000000000002,0,5.79237922089212,100.000000000002,5.79237922089212,2,"High-High","3"
"E01002559",38.9744840629158,9.95662163302806,0.0012391628480121,47.4839703992116,1.44837445958026,3,"High-High","3"
"E01002560",99.9999999999923,0,69.3446497793638,99.9999999999923,69.3446497793638,2,"High-High","2"
"E01002561",100,0,37.421610450595,100,37.421610450595,2,"High-High","3"
"E01002562",23.8049641050165,0,0,23.8049641050165,0,1,"High-High","3"
"E01002563",52.7076020680654,80.3071441305068,0,94.2292837393512,38.7854624592211,2,"High-High","1"
"E01002564",2.8715226190494,0,0,2.8715226190494,0,1,"High-High","3"
"E01002565",0.596803186252693,53.5385326084133,0,53.5385326084133,0.596803186252693,2,"High-High","1"
"E01002566",3.05899044995707,0,0,3.05899044995707,0,1,"High-High","3"
"E01002567",0,0,0,0,0,0,"High-High","3"
"E01002568",0.0596957011005456,0,0,0.0596957011005456,0,1,"High-High","3"
"E01002569",100.000000000009,0,0,100.000000000009,0,1,"High-High","3"
"E01002570",100.00000000005,0,0,100.00000000005,0,1,"High-High","3"
"E01002571",91.8095169181388,0,23.0135137505753,99.9999999999795,14.8230306687347,2,"High-High","3"
"E01002572",64.3924078433882,0,34.6772629891086,86.3957108882884,12.6739599442084,2,"High-High","3"
"E01002573",100.000000000007,0,74.8494330194881,100.000000000007,74.8494330194881,2,"High-High","2"
"E01002574",99.9999999999402,0,62.2249235952003,99.9999999999402,62.2249235952003,2,"High-High","2"
"E01002575",99.9999999999981,0,0,99.9999999999981,0,1,"High-High","3"
"E01002576",72.083635827437,0,0,72.083635827437,0,1,"High-High","3"
"E01002577",99.9999999999916,0,0,99.9999999999916,0,1,"High-High","3"
"E01002578",50.7792506456531,0,0,50.7792506456531,0,1,"High-High","3"
"E01002579",96.6726146089746,0,0,96.6726146089746,0,1,"High-High","3"
"E01002580",7.1160368877389,0,0,7.1160368877389,0,1,"High-High","3"
"E01002581",52.1282517463353,0,0,52.1282517463353,0,1,"High-High","3"
"E01002582",69.3698100444409,0,0,69.3698100444409,0,1,"High-High","3"
"E01002583",99.7207655272472,9.89674456351577,0,100.000000000024,9.6175100907392,2,"High-High","3"
"E01002584",99.9999999999949,0,0,99.9999999999949,0,1,"High-High","3"
"E01002585",99.9999999999896,0,0,99.9999999999896,0,1,"High-High","3"
"E01002586",100.000000000008,0,0.345285012027667,100.000000000008,0.345285012027674,2,"High-High","3"
"E01002587",42.726051574657,0,0,42.726051574657,0,1,"High-High","3"
"E01002588",24.9004155823269,0,0,24.9004155823269,0,1,"High-High","3"
"E01002589",86.8927284578139,0,36.2701891403261,87.2796862726375,35.8832313255025,2,"High-High","3"
"E01002590",98.2514690891461,0,100.000000000016,100.000000000016,98.2514690891461,2,"High-High","2"
"E01002591",99.9999999999997,0,22.4917440234417,99.9999999999997,22.4917440234417,2,"High-High","3"
"E01002592",87.5714386096895,0,100.000000000008,100.000000000008,87.5714386096895,2,"High-High","2"
"E01002593",99.4685836494131,0,100.000000000021,100.000000000021,99.4685836494131,2,"High-High","2"
"E01002594",99.9999999999943,0,99.9999999999943,99.9999999999943,99.9999999999943,2,"High-High","2"
"E01002595",100.000000000008,0,100.000000000008,100.000000000008,100.000000000008,2,"High-High","2"
"E01002596",50.578952978179,0,71.0818001418872,77.8545550720325,43.8061980480337,2,"High-High","2"
"E01002598",5.60879081379561,0,99.9999999999882,99.9999999999882,5.60879081379561,2,"High-High","2"
"E01002599",61.7762115323155,0,99.9999999999941,99.9999999999941,61.7762115323155,2,"High-High","2"
"E01002600",22.830253069222,0,100.000000000018,100.000000000018,22.830253069222,2,"High-High","2"
"E01002601",17.5117738669999,0,10.3973568438982,27.9091307108981,-3.5527136788005e-15,2,"High-High","3"
"E01002602",0,0,21.9693210542842,21.9693210542842,0,1,"High-High","3"
"E01002603",99.9999999999922,0,99.9999999999922,99.9999999999922,99.9999999999922,2,"High-High","2"
"E01002604",92.5849880517943,0,0,92.5849880517943,0,1,"High-High","3"
"E01002605",99.9999999999787,0,0,99.9999999999787,0,1,"High-High","3"
"E01002606",99.9999999999695,0,0,99.9999999999695,0,1,"High-High","3"
"E01002607",99.9999999999783,0,0,99.9999999999783,0,1,"High-High","3"
"E01002608",99.9999999999522,0,0,99.9999999999522,0,1,"High-High","3"
"E01002609",99.999999999997,0,0,99.999999999997,0,1,"High-High","3"
"E01002610",73.6774905053833,0,0.541114078815577,74.2186045841989,1.4210854715202e-14,2,"High-High","3"
"E01002611",99.8725808650676,0,54.46295745319,100.000000000001,54.3355383182562,2,"High-High","2"
"E01002612",47.3954873902316,0,100.00000000001,100.00000000001,47.3954873902317,2,"High-High","2"
"E01002613",100.000000000007,0,5.52486513138621,100.000000000007,5.52486513138621,2,"High-High","3"
"E01002614",2.03070892047418,0,97.9458501425074,97.9458501425074,2.03070892047418,2,"High-High","2"
"E01002615",86.242371746177,0,46.8339831050372,99.9999999999944,33.0763548512198,2,"High-High","2"
"E01002616",0,0,99.7138098814369,99.7138098814369,0,1,"High-High","2"
"E01002617",77.8124497855904,0,42.4136504257512,94.7529455592026,25.4731546521391,2,"High-High","3"
"E01002618",34.9034845571225,0,0,34.9034845571225,0,1,"High-High","3"
"E01002619",63.309145736121,0,0,63.309145736121,0,1,"High-High","3"
"E01002620",96.9048184775827,0,0,96.9048184775827,0,1,"High-High","3"
"E01002621",64.3282310982838,0,0,64.3282310982838,0,1,"High-High","3"
"E01002622",0,0,0,0,0,0,"High-High","3"
"E01002623",0,0,0,0,0,0,"High-High","3"
"E01002624",52.8136799450437,0,0,52.8136799450437,0,1,"High-High","3"
"E01002625",100.000000000015,0,0,100.000000000015,0,1,"High-High","3"
"E01002626",99.9999999999866,0,0,99.9999999999866,0,1,"High-High","3"
"E01002627",99.9999999999787,0,0,99.9999999999787,0,1,"High-High","3"
"E01002628",44.386438202213,0,0,44.386438202213,0,1,"High-High","3"
"E01002629",82.0101342512571,0,0,82.0101342512571,0,1,"High-High","3"
"E01002630",100.000000000014,0,0,100.000000000014,0,1,"High-High","3"
"E01002631",99.9999999999914,0,0,99.9999999999914,0,1,"High-High","3"
"E01002632",100.000000000018,0,0,100.000000000018,0,1,"High-High","3"
"E01002633",73.8804245004796,46.388705599427,0,97.0304950325333,23.2386350673733,2,"High-High","1"
"E01002634",55.1441698021145,0,0,55.1441698021145,0,1,"High-High","3"
"E01002635",61.2552308936116,0,0,61.2552308936116,0,1,"High-High","3"
"E01002636",49.1878823825173,0,0,49.1878823825173,0,1,"High-High","3"
"E01002637",63.5073195581108,97.3427295564772,0,100.000000000003,60.8500491145851,2,"High-High","1"
"E01002638",94.612093248459,25.0488120415658,0,99.8624136573152,19.7984916327096,2,"High-High","3"
"E01002639",100.000000000009,0,0,100.000000000009,0,1,"High-High","3"
"E01002640",100.000000000024,0,0,100.000000000024,0,1,"High-High","3"
"E01002641",99.9999999999949,0,0,99.9999999999949,0,1,"High-High","3"
"E01002642",100.00000000001,0,0,100.00000000001,0,1,"High-High","3"
"E01002643",100.000000000021,0,0,100.000000000021,0,1,"High-High","3"
"E01002645",100.000000000011,0,0,100.000000000011,0,1,"High-High","3"
"E01002646",99.9999999999845,0,0,99.9999999999845,0,1,"High-High","3"
"E01002647",99.9999999999631,0,0,99.9999999999631,0,1,"High-High","3"
"E01002648",99.9999999999954,0,0,99.9999999999954,0,1,"High-High","3"
"E01002649",99.9999999999514,0,0,99.9999999999514,0,1,"High-High","3"
"E01002650",99.9837423180186,0,5.68596370500807,99.9837423180186,5.68596370500806,2,"High-High","3"
"E01002651",100.000000000008,0,0,100.000000000008,0,1,"High-High","3"
"E01002652",99.9999999999958,0,0,99.9999999999958,0,1,"High-High","3"
"E01002653",100.000000000009,82.9307748257651,0,100.000000000009,82.9307748257651,2,"High-High","1"
"E01002654",74.6878379890107,99.5616551892766,0,99.9999999999917,74.2494931782957,2,"High-High","1"
"E01002655",99.9999999999677,15.3251485170135,0,99.9999999999677,15.3251485170135,2,"High-High","3"
"E01002656",93.0960844430488,99.9999999999826,0,99.9999999999826,93.0960844430488,2,"High-High","1"
"E01002657",99.9999999999955,0,0,99.9999999999955,0,1,"High-High","3"
"E01002658",100.000000000017,29.6432512284735,0,100.000000000017,29.6432512284734,2,"High-High","3"
"E01002659",99.996046175126,90.187742982406,0,99.9999999999882,90.1837891575438,2,"High-High","1"
"E01002660",32.9745510050076,0,0,32.9745510050076,0,1,"High-High","3"
"E01002661",0.711853496538427,0,0,0.711853496538427,0,1,"High-High","3"
"E01002662",99.9999999999934,0,0,99.9999999999934,0,1,"High-High","3"
"E01002663",97.8982997306131,0,0,97.8982997306131,0,1,"High-High","3"
"E01002664",100.000000000002,0,0,100.000000000002,0,1,"High-High","3"
"E01002665",65.8255158050296,0,0,65.8255158050296,0,1,"High-High","3"
"E01002666",67.3255084229268,0,0,67.3255084229268,0,1,"High-High","3"
"E01002667",100.000000000035,18.0885086839213,0,100.000000000035,18.0885086839213,2,"High-High","3"
"E01002668",95.2333697536568,55.4091737114709,0,99.9999999999821,50.6425434651456,2,"High-High","1"
"E01002669",100.000000000013,88.8835797251457,0,100.000000000013,88.8835797251457,2,"High-High","1"
"E01002670",58.5665296302392,99.9999999999964,0,99.9999999999964,58.5665296302392,2,"High-High","1"
"E01002671",100.000000000056,100.000000000056,0,100.000000000056,100.000000000056,2,"High-High","1"
"E01002672",100.000000000007,100.000000000007,0,100.000000000007,100.000000000007,2,"High-High","1"
"E01002673",100.000000000003,100.000000000003,0,100.000000000003,100.000000000003,2,"High-High","1"
"E01002674",100.000000000002,7.23804448742196,0,100.000000000002,7.23804448742196,2,"High-High","3"
"E01002675",99.9999999999875,99.4307447995427,0,99.9999999999875,99.4307447995427,2,"High-High","1"
"E01002676",45.2546489081462,5.22847933690752,0,45.7709363761202,4.71219186893352,2,"High-High","3"
"E01002677",100.00000000001,7.5235503482074,0,100.00000000001,7.52355034820741,2,"High-High","3"
"E01002678",26.7331095618916,52.4968874726605,0,59.4730370440833,19.7569599904688,2,"High-High","1"
"E01002679",96.4928280838421,99.999999999992,0,99.999999999992,96.4928280838421,2,"High-High","1"
"E01002680",99.9999999999993,77.9185338986505,0,99.9999999999993,77.9185338986505,2,"High-High","1"
"E01002681",99.9999999999883,36.5582411251188,0,99.9999999999883,36.5582411251188,2,"High-High","3"
"E01002682",99.9999999999875,93.7252149863448,0,99.9999999999875,93.7252149863448,2,"High-High","1"
"E01002683",100.000000000005,24.0176304362542,0,100.000000000005,24.0176304362542,2,"High-High","3"
"E01002684",11.234505555188,28.0343094536318,0,33.2649564166261,6.00385859219369,2,"High-High","3"
"E01002686",84.5683246970888,34.6244348831159,0,84.5718811772516,34.6208784029531,2,"High-High","3"
"E01002687",97.5880839861009,0,0,97.5880839861009,0,1,"High-High","3"
"E01002689",100.000000000017,0,0,100.000000000017,0,1,"High-High","3"
"E01002690",99.9999999999928,0,0,99.9999999999928,0,1,"High-High","3"
"E01002691",65.1833415532474,0,0,65.1833415532474,0,1,"High-High","3"
"E01002692",37.3150306215137,0,0,37.3150306215137,0,1,"High-High","3"
"E01002693",99.9999999999808,0,0,99.9999999999808,0,1,"High-High","3"
"E01002694",99.9999999999821,0,0,99.9999999999821,0,1,"High-High","3"
"E01002695",100.000000000017,0,0,100.000000000017,0,1,"High-High","3"
"E01002696",99.9999999999613,0,0,99.9999999999613,0,1,"High-High","3"
"E01002697",99.9999999999702,0,0,99.9999999999702,0,1,"High-High","3"
"E01002698",99.9999999999708,0,0,99.9999999999708,0,1,"High-High","3"
"E01002699",100.00000000004,0,0,100.00000000004,0,1,"High-High","3"
"E01002700",100.000000000043,0,0,100.000000000043,0,1,"High-High","3"
"E01002701",99.9999999999737,0,0,99.9999999999737,0,1,"High-High","3"
"E01002702",99.9999999999869,0,0,99.9999999999869,0,1,"High-High","3"
"E01002703",100.000000000034,0,0,100.000000000034,0,1,"High-High","3"
"E01002704",100.000000000022,0,0,100.000000000022,0,1,"High-High","3"
"E01002706",100.00000000002,0,0,100.00000000002,0,1,"High-High","3"
"E01002707",99.9999999999953,0,0,99.9999999999953,0,1,"High-High","3"
"E01002708",99.999999999998,0,0,99.999999999998,0,1,"High-High","3"
"E01002709",99.999999999993,0,0,99.999999999993,0,1,"High-High","3"
"E01002710",99.9999999999906,0,0,99.9999999999906,0,1,"High-High","3"
"E01002711",99.9999999999878,0,0,99.9999999999878,0,1,"High-High","3"
"E01002712",99.9999999999674,0,0,99.9999999999674,0,1,"High-High","3"
"E01002713",99.9999999999951,0,0,99.9999999999951,0,1,"High-High","3"
"E01002714",99.9999999999833,0,0,99.9999999999833,0,1,"High-High","3"
"E01002715",99.9999999999993,0,0,99.9999999999993,0,1,"High-High","3"
"E01002716",99.9999999999932,0,0,99.9999999999932,0,1,"High-High","3"
"E01002717",100.000000000037,0,0,100.000000000037,0,1,"High-High","3"
"E01002718",100.000000000046,0,0,100.000000000046,0,1,"High-High","3"
"E01002719",99.9999999999684,0,0,99.9999999999684,0,1,"High-High","3"
"E01002720",99.999999999991,0,0,99.999999999991,0,1,"High-High","3"
"E01002721",100.00000000001,0,0,100.00000000001,0,1,"High-High","3"
"E01002722",99.9999999999677,0,0,99.9999999999677,0,1,"High-High","3"
"E01002723",100.000000000016,0,0,100.000000000016,0,1,"High-High","3"
"E01002724",99.9999999999949,0,0,99.9999999999949,0,1,"High-High","3"
"E01002725",99.9999999999632,0,0,99.9999999999632,0,1,"High-High","3"
"E01002726",99.9999999999987,0,0,99.9999999999987,0,1,"High-High","3"
"E01002727",100.000000000023,0,0,100.000000000023,0,1,"High-High","3"
"E01002728",99.9999999999788,0,0,99.9999999999788,0,1,"High-High","3"
"E01002729",100.000000000059,0,0,100.000000000059,0,1,"High-High","3"
"E01002730",99.9999999999945,0,89.2109705743107,99.9999999999945,89.2109705743106,2,"High-High","2"
"E01002731",100.000000000037,0,74.5934140374832,100.000000000037,74.5934140374832,2,"High-High","2"
"E01002732",100.000000000014,0,95.7974832153514,100.000000000014,95.7974832153514,2,"High-High","2"
"E01002733",100.000000000003,0,100.000000000003,100.000000000003,100.000000000003,2,"High-High","2"
"E01002734",100.000000000057,0,100.000000000057,100.000000000057,100.000000000057,2,"High-High","2"
"E01002735",99.9999999999655,0,99.9999999999655,99.9999999999655,99.9999999999655,2,"High-High","2"
"E01002736",100.000000000006,0,100.000000000006,100.000000000006,100.000000000006,2,"High-High","2"
"E01002737",99.9999999999434,0,99.9999999999434,99.9999999999434,99.9999999999434,2,"High-High","2"
"E01002738",99.9999999999778,0,0,99.9999999999778,0,1,"High-High","3"
"E01002739",99.9999999999768,0,0,99.9999999999768,0,1,"High-High","3"
"E01002740",99.9999999999898,0,0,99.9999999999898,0,1,"High-High","3"
"E01002741",99.9999999999716,0,0,99.9999999999716,0,1,"High-High","3"
"E01002742",99.9999999999671,0,0,99.9999999999671,0,1,"High-High","3"
"E01002743",100.000000000017,0,0,100.000000000017,0,1,"High-High","3"
"E01002744",99.9999999999533,0,0,99.9999999999533,0,1,"High-High","3"
"E01002745",99.9999999999862,0,0,99.9999999999862,0,1,"High-High","3"
"E01002747",100.000000000017,0,87.4291265278169,100.000000000017,87.4291265278169,2,"High-High","2"
"E01002748",99.9999999999855,0,97.188120412516,99.9999999999855,97.188120412516,2,"High-High","2"
"E01002749",99.9999999999827,0,0,99.9999999999827,0,1,"High-High","3"
"E01002751",99.9999999999757,0,11.9637178910568,99.9999999999757,11.9637178910568,2,"High-High","3"
"E01002752",100.000000000021,0,0,100.000000000021,0,1,"High-High","3"
"E01002753",99.9999999999999,0,93.7823322747059,99.9999999999999,93.7823322747059,2,"High-High","2"
"E01002754",99.9999999999735,0,0,99.9999999999735,0,1,"High-High","3"
"E01002755",99.999999999995,0,99.999999999995,99.999999999995,99.999999999995,2,"High-High","2"
"E01002756",100.000000000019,0,100.000000000019,100.000000000019,100.000000000019,2,"High-High","2"
"E01002757",100.000000000008,0,10.304778854121,100.000000000008,10.304778854121,2,"High-High","3"
"E01002758",99.9999999999307,0,96.2996637019639,99.9999999999307,96.2996637019639,2,"High-High","2"
"E01002759",100,0,11.403002468944,100,11.403002468944,2,"High-High","3"
"E01002760",100.000000000025,0,88.4619284744362,100.000000000025,88.4619284744363,2,"High-High","2"
"E01002762",100.000000000006,0,0,100.000000000006,0,1,"High-High","3"
"E01002763",100.000000000001,0,0,100.000000000001,0,1,"High-High","3"
"E01002764",100.000000000027,0,0,100.000000000027,0,1,"High-High","3"
"E01002765",99.9999999999907,0,0,99.9999999999907,0,1,"High-High","3"
"E01002766",100.000000000007,0,0,100.000000000007,0,1,"High-High","3"
"E01002767",100.000000000034,0,0,100.000000000034,0,1,"High-High","3"
"E01002768",100.000000000008,0,0,100.000000000008,0,1,"High-High","3"
"E01002769",100.000000000014,0,0,100.000000000014,0,1,"High-High","3"
"E01002770",100.00000000002,0,0,100.00000000002,0,1,"High-High","3"
"E01002771",100.000000000038,0,0,100.000000000038,0,1,"High-High","3"
"E01002772",99.999999999973,0,8.05639612980087,99.999999999973,8.05639612980087,2,"High-High","3"
"E01002773",100.000000000001,0,0,100.000000000001,0,1,"High-High","3"
"E01002774",100.00000000001,0,7.6961656577788,100.00000000001,7.69616565777879,2,"High-High","3"
"E01002775",100.000000000002,0,0,100.000000000002,0,1,"High-High","3"
"E01002776",100.000000000007,0,0,100.000000000007,0,1,"High-High","3"
"E01002777",100.000000000026,0,0,100.000000000026,0,1,"High-High","3"
"E01002778",99.9999999999925,0,0,99.9999999999925,0,1,"High-High","3"
"E01002779",100.000000000012,0,0,100.000000000012,0,1,"High-High","3"
"E01002780",100.000000000021,0,0,100.000000000021,0,1,"High-High","3"
"E01002781",99.9999999999873,0,0,99.9999999999873,0,1,"High-High","3"
"E01002782",100.000000000003,0,0,100.000000000003,0,1,"High-High","3"
"E01002783",99.9999999999898,0,0,99.9999999999898,0,1,"High-High","3"
"E01002784",100.000000000041,0,0,100.000000000041,0,1,"High-High","3"
"E01002785",99.9999999999506,0,10.4497903587378,99.9999999999506,10.4497903587378,2,"High-High","3"
"E01002786",100.000000000001,0,0,100.000000000001,0,1,"High-High","3"
"E01002787",100.000000000039,0,0,100.000000000039,0,1,"High-High","3"
"E01002788",99.9999999999997,0,0,99.9999999999997,0,1,"High-High","3"
"E01002789",100.000000000046,0,0,100.000000000046,0,1,"High-High","3"
"E01002790",100.000000000014,0,0,100.000000000014,0,1,"High-High","3"
"E01002791",100.000000000034,0,0,100.000000000034,0,1,"High-High","3"
"E01002792",99.999999999998,0,0,99.999999999998,0,1,"High-High","3"
"E01002793",99.9999999999779,0,0,99.9999999999779,0,1,"High-High","3"
"E01002794",100.00000000001,0,0,100.00000000001,0,1,"High-High","3"
"E01002795",99.9999999999995,0,0,99.9999999999995,0,1,"High-High","3"
"E01002796",100.000000000018,0,0,100.000000000018,0,1,"High-High","3"
"E01002797",100.000000000006,0,0,100.000000000006,0,1,"High-High","3"
"E01002798",100,0,0,100,0,1,"High-High","3"
"E01002799",100.000000000026,0,0,100.000000000026,0,1,"High-High","3"
"E01002800",99.9999999999929,0,0,99.9999999999929,0,1,"High-High","3"
"E01002801",100.000000000002,0,0,100.000000000002,0,1,"High-High","3"
"E01002802",99.9999999999738,0,0,99.9999999999738,0,1,"High-High","3"
"E01002803",99.9999999999991,0,0,99.9999999999991,0,1,"High-High","3"
"E01002804",100.000000000015,0,100.000000000015,100.000000000015,100.000000000015,2,"High-High","2"
"E01002805",99.9999999999977,0,99.9999999999977,99.9999999999977,99.9999999999977,2,"High-High","2"
"E01002806",100.000000000047,0,100.000000000047,100.000000000047,100.000000000047,2,"High-High","2"
"E01002807",99.9999999999995,0,99.9999999999995,99.9999999999995,99.9999999999995,2,"High-High","2"
"E01002808",99.9999999999946,0,99.9999999999946,99.9999999999946,99.9999999999946,2,"High-High","2"
"E01002809",100.000000000011,0,95.3280679290181,100.000000000011,95.3280679290181,2,"High-High","2"
"E01002810",99.9999999999956,0,99.9999999999956,99.9999999999956,99.9999999999956,2,"High-High","2"
"E01002811",100.000000000017,0,100.000000000017,100.000000000017,100.000000000017,2,"High-High","2"
"E01002812",99.9999999999987,0,99.9999999999987,99.9999999999987,99.9999999999987,2,"High-High","2"
"E01002813",100.000000000026,0,100.000000000026,100.000000000026,100.000000000026,2,"High-High","2"
"E01002814",100.000000000014,0,100.000000000014,100.000000000014,100.000000000014,2,"High-High","2"
"E01002815",99.9999999999907,0,99.9999999999907,99.9999999999907,99.9999999999907,2,"High-High","2"
"E01002816",100.000000000019,0,100.000000000019,100.000000000019,100.000000000019,2,"High-High","2"
"E01002817",99.999999999981,0,99.999999999981,99.999999999981,99.999999999981,2,"High-High","2"
"E01002818",58.1612741955392,0,0,58.1612741955392,0,1,"High-High","3"
"E01002819",100.000000000027,0,0,100.000000000027,0,1,"High-High","3"
"E01002820",99.9999999999957,0,0,99.9999999999957,0,1,"High-High","3"
"E01002821",99.9999999999967,0,0,99.9999999999967,0,1,"High-High","3"
"E01002822",99.9999999999623,0,0,99.9999999999623,0,1,"High-High","3"
"E01002823",100.000000000067,0,0,100.000000000067,0,1,"High-High","3"
"E01002824",99.9999999999884,0,5.06793426204274,99.9999999999884,5.06793426204274,2,"High-High","3"
"E01002825",99.9999999999919,0,45.6669047271685,99.9999999999919,45.6669047271685,2,"High-High","2"
"E01002826",99.9999999999721,0,13.8162276456481,99.9999999999721,13.8162276456481,2,"High-High","3"
"E01002827",99.9999999999876,0,0,99.9999999999876,0,1,"High-High","3"
"E01002828",99.999999999978,0,0,99.999999999978,0,1,"High-High","3"
"E01002829",99.9999999999638,0,0,99.9999999999638,0,1,"High-High","3"
"E01002830",100.00000000003,0,0,100.00000000003,0,1,"High-High","3"
"E01002831",99.9999999999962,0,0,99.9999999999962,0,1,"High-High","3"
"E01002832",99.9999999999817,0,0,99.9999999999817,0,1,"High-High","3"
"E01002833",100.000000000038,0,0,100.000000000038,0,1,"High-High","3"
"E01002834",99.9999999999687,0,99.9999999999687,99.9999999999687,99.9999999999687,2,"High-High","2"
"E01002835",100.000000000029,0,20.5226630896744,100.000000000029,20.5226630896744,2,"High-High","3"
"E01002836",99.9999999999867,0,66.851448389973,99.9999999999867,66.851448389973,2,"High-High","2"
"E01002837",100.000000000019,0,0,100.000000000019,0,1,"High-High","3"
"E01002838",99.9999999999945,0,0,99.9999999999945,0,1,"High-High","3"
"E01002839",100.000000000017,0,100.000000000017,100.000000000017,100.000000000017,2,"High-High","2"
"E01002840",99.9999999999952,0,0,99.9999999999952,0,1,"High-High","3"
"E01002841",100.000000000008,0,0,100.000000000008,0,1,"High-High","3"
"E01002842",99.9999999999758,0,0,99.9999999999758,0,1,"High-High","3"
"E01002843",100.000000000001,0,0,100.000000000001,0,1,"High-High","3"
"E01002844",99.9999999999973,0,0,99.9999999999973,0,1,"High-High","3"
"E01002845",99.9999999999907,0,0,99.9999999999907,0,1,"High-High","3"
"E01002846",99.999999999991,0,99.999999999991,99.999999999991,99.999999999991,2,"High-High","2"
"E01002847",99.99999999999,0,99.99999999999,99.99999999999,99.99999999999,2,"High-High","2"
"E01002848",99.9999999999962,0,99.9999999999962,99.9999999999962,99.9999999999962,2,"High-High","2"
"E01002849",99.999999999984,0,99.999999999984,99.999999999984,99.999999999984,2,"High-High","2"
"E01002850",100.00000000001,0,100.00000000001,100.00000000001,100.00000000001,2,"High-High","2"
"E01002851",100.000000000008,0,100.000000000008,100.000000000008,100.000000000008,2,"High-High","2"
"E01002852",99.999999999994,0,0,99.999999999994,0,1,"High-High","3"
"E01002853",99.9999999999997,0,0,99.9999999999997,0,1,"High-High","3"
"E01002854",99.9999999999428,0,0,99.9999999999428,0,1,"High-High","3"
"E01002855",100.000000000007,0,0,100.000000000007,0,1,"High-High","3"
"E01002856",99.9999999999595,0,0,99.9999999999595,0,1,"High-High","3"
"E01002857",99.9999999999536,0,0,99.9999999999536,0,1,"High-High","3"
"E01002858",99.9999999999785,0,0,99.9999999999785,0,1,"High-High","3"
"E01002859",99.9999999999854,0,0,99.9999999999854,0,1,"High-High","3"
"E01002860",100.000000000016,0,0,100.000000000016,0,1,"High-High","3"
"E01002861",99.9999999999519,0,0,99.9999999999519,0,1,"High-High","3"
"E01002862",100.000000000008,0,0,100.000000000008,0,1,"High-High","3"
"E01002863",91.9832369762108,0,0,91.9832369762108,0,1,"High-High","3"
"E01002864",99.9999999999848,0,99.90914525474,99.9999999999848,99.90914525474,2,"High-High","2"
"E01002865",99.9999999999833,0,99.9999999999833,99.9999999999833,99.9999999999833,2,"High-High","2"
"E01002866",99.9999999999337,0,99.9999999999337,99.9999999999337,99.9999999999337,2,"High-High","2"
"E01002867",99.9999999999826,0,99.9999999999826,99.9999999999826,99.9999999999826,2,"High-High","2"
"E01002868",100.000000000025,0,35.0159041720681,100.000000000025,35.0159041720681,2,"High-High","3"
"E01002869",100,0,92.095185768328,100,92.0951857683281,2,"High-High","2"
"E01002870",100.000000000016,0,0,100.000000000016,0,1,"High-High","3"
"E01002871",99.9999999999867,0,0,99.9999999999867,0,1,"High-High","3"
"E01002872",100.000000000078,0,0,100.000000000078,0,1,"High-High","3"
"E01002873",99.9999999999866,0,59.8367870547825,99.9999999999866,59.8367870547825,2,"High-High","2"
"E01002874",99.9999999999482,0,0,99.9999999999482,0,1,"High-High","3"
"E01002875",99.9999999999874,0,0,99.9999999999874,0,1,"High-High","3"
"E01002876",99.9999999999865,0,0,99.9999999999865,0,1,"High-High","3"
"E01002877",100.00000000001,0,0,100.00000000001,0,1,"High-High","3"
"E01002878",100.000000000017,0,0,100.000000000017,0,1,"High-High","3"
"E01002879",99.999999999956,0,0,99.999999999956,0,1,"High-High","3"
"E01002880",99.9999999999781,0,0,99.9999999999781,0,1,"High-High","3"
"E01002881",99.9999999999603,0,0,99.9999999999603,0,1,"High-High","3"
"E01002882",99.9999999999735,0,0,99.9999999999735,0,1,"High-High","3"
"E01002883",99.9999999999982,0,0,99.9999999999982,0,1,"High-High","3"
"E01002884",99.9999999999706,0,0,99.9999999999706,0,1,"High-High","3"
"E01002885",100.000000000011,0,0,100.000000000011,0,1,"High-High","3"
"E01002886",99.9999999999921,0,0,99.9999999999921,0,1,"High-High","3"
"E01002887",99.99999999998,0,17.2980972357281,99.99999999998,17.2980972357281,2,"High-High","3"
"E01002888",100.000000000018,0,96.5133992571941,100.000000000018,96.5133992571941,2,"High-High","2"
"E01002889",99.9999999999906,0,59.1533625980348,99.9999999999906,59.1533625980348,2,"High-High","2"
"E01002890",100.000000000015,0,63.3132826494653,100.000000000015,63.3132826494653,2,"High-High","2"
"E01002891",99.9999999999878,0,0,99.9999999999878,0,1,"High-High","3"
"E01002892",99.9999999999908,0,0,99.9999999999908,0,1,"High-High","3"
"E01002893",99.9999999999965,0,85.5229918893762,99.9999999999965,85.5229918893762,2,"High-High","2"
"E01002894",99.9999999999832,0,99.9999999999832,99.9999999999832,99.9999999999832,2,"High-High","2"
"E01002895",99.9999999999932,0,0,99.9999999999932,0,1,"High-High","3"
"E01002896",99.999999999972,0,37.7348137591976,99.999999999972,37.7348137591976,2,"High-High","3"
"E01002897",99.9999999999842,0,20.175106436277,99.9999999999842,20.175106436277,2,"High-High","3"
"E01002898",100.00000000002,0,78.3007921516745,100.00000000002,78.3007921516745,2,"High-High","2"
"E01002899",100.00000000001,0,0,100.00000000001,0,1,"High-High","3"
"E01002900",99.9999999999753,0,0,99.9999999999753,0,1,"High-High","3"
"E01002901",100.000000000001,0,0,100.000000000001,0,1,"High-High","3"
"E01002902",99.9999999999983,0,0,99.9999999999983,0,1,"High-High","3"
"E01002903",100.00000000005,0,0,100.00000000005,0,1,"High-High","3"
"E01002904",99.9999999999723,0,0,99.9999999999723,0,1,"High-High","3"
"E01002905",99.9999999999931,0,0,99.9999999999931,0,1,"High-High","3"
"E01002906",100.000000000004,0,0,100.000000000004,0,1,"High-High","3"
"E01002907",99.9999999999931,0,0,99.9999999999931,0,1,"High-High","3"
"E01002908",99.9999999999607,0,0,99.9999999999607,0,1,"High-High","3"
"E01002909",99.999999999984,0,0,99.999999999984,0,1,"High-High","3"
"E01002910",100.000000000015,0,0,100.000000000015,0,1,"High-High","3"
"E01002911",99.9999999999781,0,0,99.9999999999781,0,1,"High-High","3"
"E01002912",100.000000000014,0,0,100.000000000014,0,1,"High-High","3"
"E01002913",99.999999999962,0,0,99.999999999962,0,1,"High-High","3"
"E01002914",100.000000000017,0,0,100.000000000017,0,1,"High-High","3"
"E01002915",100.000000000001,0,0,100.000000000001,0,1,"High-High","3"
"E01002916",99.9999999999954,0,0,99.9999999999954,0,1,"High-High","3"
"E01002917",100.000000000015,0,0,100.000000000015,0,1,"High-High","3"
"E01002918",96.9502305054303,0,0,96.9502305054303,0,1,"High-High","3"
"E01002919",88.7517616348521,0,0,88.7517616348521,0,1,"High-High","3"
"E01002920",48.9245409959507,0,0,48.9245409959507,0,1,"High-High","3"
"E01002921",0,0,0,0,0,0,"High-High","3"
"E01002922",14.7638701834912,0,0,14.7638701834912,0,1,"High-High","3"
"E01002923",28.2959113742484,0,0,28.2959113742484,0,1,"High-High","3"
"E01002924",84.8501936464368,0,0,84.8501936464368,0,1,"High-High","3"
"E01002925",95.9217112701482,0,0,95.9217112701482,0,1,"High-High","3"
"E01002926",20.8456973459738,0,0,20.8456973459738,0,1,"High-High","3"
"E01002927",98.1131505906084,0,0,98.1131505906084,0,1,"High-High","3"
"E01002928",100.000000000016,4.126801752283,0,100.000000000016,4.126801752283,2,"High-High","3"
"E01002929",99.9999999999958,86.1728779021992,0,99.9999999999958,86.1728779021992,2,"High-High","1"
"E01002930",99.9999999999831,62.3264613030388,0,99.9999999999831,62.3264613030388,2,"High-High","1"
"E01002931",99.999999999974,99.999999999974,0,99.999999999974,99.999999999974,2,"High-High","1"
"E01002932",99.9999999999889,0,0,99.9999999999889,0,1,"High-High","3"
"E01002933",99.9999999999925,0,0,99.9999999999925,0,1,"High-High","3"
"E01002934",98.6071119522798,0,0,98.6071119522798,0,1,"High-High","3"
"E01002935",99.9998805733695,0,0,99.9998805733695,0,1,"High-High","3"
"E01002937",100.000000000017,0,0,100.000000000017,0,1,"High-High","3"
"E01002938",88.5851504114988,0,0,88.5851504114988,0,1,"High-High","3"
"E01002939",100.000000000001,0,0,100.000000000001,0,1,"High-High","3"
"E01002940",99.9999999999915,0,0,99.9999999999915,0,1,"High-High","3"
"E01002941",99.9999999999988,0,0,99.9999999999988,0,1,"High-High","3"
"E01002942",100.000000000011,0,0,100.000000000011,0,1,"High-High","3"
"E01002943",100.000000000007,0,0,100.000000000007,0,1,"High-High","3"
"E01002944",100.000000000018,0,0,100.000000000018,0,1,"High-High","3"
"E01002945",99.9999999999959,0,0,99.9999999999959,0,1,"High-High","3"
"E01002946",77.2984215359047,0,0,77.2984215359047,0,1,"High-High","3"
"E01002947",100.000000000009,0,0,100.000000000009,0,1,"High-High","3"
"E01002948",7.50676890047935,0,0,7.50676890047935,0,1,"High-High","3"
"E01002949",100.000000000004,0,0,100.000000000004,0,1,"High-High","3"
"E01002950",47.0379383818807,0,0,47.0379383818807,0,1,"High-High","3"
"E01002951",46.817000968043,0,0,46.817000968043,0,1,"High-High","3"
"E01002952",36.280451410506,0,0,36.280451410506,0,1,"High-High","3"
"E01002953",31.2325913365263,2.21479465038578,0,31.2325913365263,2.21479465038578,2,"High-High","3"
"E01002954",100.000000000012,0,0,100.000000000012,0,1,"High-High","3"
"E01002955",0,0,0,0,0,0,"High-High","3"
"E01002956",0,0,0,0,0,0,"High-High","3"
"E01002957",27.0584963966733,0,0,27.0584963966733,0,1,"High-High","3"
"E01002958",99.9999999999873,0,0,99.9999999999873,0,1,"High-High","3"
"E01002959",99.9737110820723,0,0,99.9737110820723,0,1,"High-High","3"
"E01002960",99.999999999997,0,0,99.999999999997,0,1,"High-High","3"
"E01002961",99.9999999999839,0,0,99.9999999999839,0,1,"High-High","3"
"E01002962",99.9999999999962,0,0,99.9999999999962,0,1,"High-High","3"
"E01002963",100.000000000008,6.93115235204876,0,100.000000000008,6.93115235204876,2,"High-High","3"
"E01002964",99.9999999999334,0,0,99.9999999999334,0,1,"High-High","3"
"E01002965",61.2570708899616,0,0,61.2570708899616,0,1,"High-High","3"
"E01002966",85.8147848503604,0,0,85.8147848503604,0,1,"High-High","3"
"E01002967",0,0,0,0,0,0,"High-High","3"
"E01002968",100.000000000004,0,0,100.000000000004,0,1,"High-High","3"
"E01002969",100.000000000006,0,0,100.000000000006,0,1,"High-High","3"
"E01002970",100.000000000003,0,0,100.000000000003,0,1,"High-High","3"
"E01002971",99.9999999999867,0,0,99.9999999999867,0,1,"High-High","3"
"E01002972",99.9999999999864,0,0,99.9999999999864,0,1,"High-High","3"
"E01002973",100,0,0,100,0,1,"High-High","3"
"E01002974",99.999999999991,0,0,99.999999999991,0,1,"High-High","3"
"E01002975",100.000000000042,0,0,100.000000000042,0,1,"High-High","3"
"E01002976",99.9999999999889,6.46677807103175,0,99.9999999999889,6.46677807103175,2,"High-High","3"
"E01002977",99.9999999999947,0,0,99.9999999999947,0,1,"High-High","3"
"E01002978",99.9999999999861,0,0,99.9999999999861,0,1,"High-High","3"
"E01002979",100.000000000014,0,0,100.000000000014,0,1,"High-High","3"
"E01002980",99.9999999999945,0,0,99.9999999999945,0,1,"High-High","3"
"E01002981",91.0417746276193,6.44940242547236,0,91.0417746276193,6.44940242547236,2,"High-High","3"
"E01002982",100.000000000004,44.4888642706361,0,100.000000000004,44.4888642706361,2,"High-High","3"
"E01002983",100.000000000005,50.5968419938532,0,100.000000000005,50.5968419938532,2,"High-High","1"
"E01002984",99.9999999999977,39.8883014795902,0,99.9999999999977,39.8883014795902,2,"High-High","3"
"E01002985",100.00000000002,100.00000000002,0,100.00000000002,100.00000000002,2,"High-High","1"
"E01002986",42.0800624179817,0,0,42.0800624179817,0,1,"High-High","3"
"E01002987",0,0,0,0,0,0,"High-High","3"
"E01002988",0,0,0,0,0,0,"High-High","3"
"E01002989",0,0,0,0,0,0,"High-High","3"
"E01002990",0,0,0,0,0,0,"High-High","3"
"E01002991",0.00605615819688496,0,0,0.00605615819688496,0,1,"High-High","3"
"E01002992",11.5594120578796,0,0,11.5594120578796,0,1,"High-High","3"
"E01002993",0,0,0,0,0,0,"High-High","3"
"E01002994",99.9999999999884,0,0,99.9999999999884,0,1,"High-High","3"
"E01002995",70.1142449208057,0,0,70.1142449208057,0,1,"High-High","3"
"E01002996",100.000000000031,0,0,100.000000000031,0,1,"High-High","3"
"E01002997",99.9932548147243,0,0,99.9932548147243,0,1,"High-High","3"
"E01002998",99.999999999989,0,0,99.999999999989,0,1,"High-High","3"
"E01002999",4.58571573649801,0,0,4.58571573649801,0,1,"High-High","3"
"E01003000",99.9999999999942,0,0,99.9999999999942,0,1,"High-High","3"
"E01003001",100.000000000014,0,0,100.000000000014,0,1,"High-High","3"
"E01003002",100.000000000013,0,0,100.000000000013,0,1,"High-High","3"
"E01003003",99.999999999995,0,0,99.999999999995,0,1,"High-High","3"
"E01003004",99.9999999999952,0,0,99.9999999999952,0,1,"High-High","3"
"E01003005",100.000000000011,0,0,100.000000000011,0,1,"High-High","3"
"E01003006",56.7533894951318,0,0,56.7533894951318,0,1,"High-High","3"
"E01003007",3.78643653237722,0,0,3.78643653237722,0,1,"High-High","3"
"E01003008",4.77088486932253,0,0,4.77088486932253,0,1,"High-High","3"
"E01003009",7.45236313245628,0,0,7.45236313245628,0,1,"High-High","3"
"E01003010",53.3061327680523,0,0,53.3061327680523,0,1,"High-High","3"
"E01003011",99.9999999999984,0,0,99.9999999999984,0,1,"High-High","3"
"E01003013",100.000000000021,0,26.2035160600377,100.000000000021,26.2035160600377,2,"High-High","3"
"E01003014",100.000000000017,0,79.8101033896814,100.000000000017,79.8101033896814,2,"High-High","2"
"E01003015",99.9999999999779,0,99.9999999999779,99.9999999999779,99.9999999999779,2,"High-High","2"
"E01003016",100.000000000023,0,0,100.000000000023,0,1,"High-High","3"
"E01003017",100.000000000041,0,0,100.000000000041,0,1,"High-High","3"
"E01003018",99.9999999999438,0,99.9999999999438,99.9999999999438,99.9999999999438,2,"High-High","2"
"E01003019",100.000000000006,0,100.000000000006,100.000000000006,100.000000000006,2,"High-High","2"
"E01003020",99.9999999999996,0,99.9999999999996,99.9999999999996,99.9999999999996,2,"High-High","2"
"E01003021",99.9999999999943,0,99.9999999999943,99.9999999999943,99.9999999999943,2,"High-High","2"
"E01003022",100.000000000006,0,97.6413341684842,100.000000000006,97.6413341684842,2,"High-High","2"
"E01003023",100.000000000018,0,21.0693931113348,100.000000000018,21.0693931113347,2,"High-High","3"
"E01003024",99.9999999998912,0,68.3396375049538,99.9999999998912,68.3396375049538,2,"High-High","2"
"E01003025",100.000000000013,0,0.335713554780831,100.000000000013,0.335713554780824,2,"High-High","3"
"E01003026",88.3458791742146,0,100.000000000012,100.000000000012,88.3458791742146,2,"High-High","2"
"E01003027",99.9999999999769,0,99.9999999999769,99.9999999999769,99.9999999999769,2,"High-High","2"
"E01003028",100.000000000001,0,100.000000000001,100.000000000001,100.000000000001,2,"High-High","2"
"E01003029",100.000000000024,0,100.000000000024,100.000000000024,100.000000000024,2,"High-High","2"
"E01003030",27.2137116578576,0,99.9999999999947,99.9999999999947,27.2137116578576,2,"High-High","2"
"E01003031",99.9999999999512,0,99.9999999999512,99.9999999999512,99.9999999999512,2,"High-High","2"
"E01003032",99.7329996302914,0,100.000000000013,100.000000000013,99.7329996302914,2,"High-High","2"
"E01003033",75.1490820113979,0,100.000000000009,100.000000000009,75.1490820113979,2,"High-High","2"
"E01003034",99.9999999999759,0,0,99.9999999999759,0,1,"High-High","3"
"E01003035",99.9999999999535,0,84.0093384355401,99.9999999999535,84.00933843554,2,"High-High","2"
"E01003036",99.9999999999151,0,2.90333471968442,99.9999999999151,2.90333471968441,2,"High-High","3"
"E01003037",99.9999999999706,0,0,99.9999999999706,0,1,"High-High","3"
"E01003038",99.9999999999789,0,13.219344028995,99.9999999999789,13.219344028995,2,"High-High","3"
"E01003039",100,0,43.043913776582,100,43.043913776582,2,"High-High","3"
"E01003040",100.000000000016,0,75.5454213407434,100.000000000016,75.5454213407434,2,"High-High","2"
"E01003041",90.9545618135695,0,87.8322133223277,100.000000000011,78.7867751358866,2,"High-High","2"
"E01003042",100.000000000009,0,78.6746705543039,100.000000000009,78.6746705543039,2,"High-High","2"
"E01003043",99.9999999999575,0,99.9999999999575,99.9999999999575,99.9999999999575,2,"High-High","2"
"E01003044",99.999999999979,0,99.999999999979,99.999999999979,99.999999999979,2,"High-High","2"
"E01003045",100.000000000008,0,55.1807111332444,100.000000000008,55.1807111332444,2,"High-High","2"
"E01003046",100.000000000023,0,0.140260308753727,100.000000000023,0.140260308753724,2,"High-High","3"
"E01003047",100.000000000016,0,100.000000000016,100.000000000016,100.000000000016,2,"High-High","2"
"E01003048",99.9999999999699,0,43.9751260454664,99.9999999999699,43.9751260454664,2,"High-High","3"
"E01003049",100.000000000052,0,97.2745862392135,100.000000000052,97.2745862392135,2,"High-High","2"
"E01003050",100.000000000031,0,100.000000000031,100.000000000031,100.000000000031,2,"High-High","2"
"E01003051",99.9999999999793,0,83.7400782901174,99.9999999999793,83.7400782901174,2,"High-High","2"
"E01003052",100.000000000012,0,100.000000000012,100.000000000012,100.000000000012,2,"High-High","2"
"E01003053",100.000000000004,0,100.000000000004,100.000000000004,100.000000000004,2,"High-High","2"
"E01003054",99.6154891194468,0,99.9999999999979,99.9999999999979,99.6154891194468,2,"High-High","2"
"E01003055",100.000000000007,0,100.000000000007,100.000000000007,100.000000000007,2,"High-High","2"
"E01003056",100.000000000043,0,100.000000000043,100.000000000043,100.000000000043,2,"High-High","2"
"E01003057",100.00000000004,0,100.00000000004,100.00000000004,100.00000000004,2,"High-High","2"
"E01003058",99.9999999999747,0,99.9999999999747,99.9999999999747,99.9999999999747,2,"High-High","2"
"E01003059",99.999999999989,0,95.2178998160358,99.999999999989,95.2178998160358,2,"High-High","2"
"E01003060",99.9999999999852,0,99.9999999999852,99.9999999999852,99.9999999999852,2,"High-High","2"
"E01003061",99.999999999968,0,99.999999999968,99.999999999968,99.999999999968,2,"High-High","2"
"E01003062",100.00000000002,0,0,100.00000000002,0,1,"High-High","3"
"E01003063",100.000000000016,0,0,100.000000000016,0,1,"High-High","3"
"E01003064",99.9999999999878,0,0,99.9999999999878,0,1,"High-High","3"
"E01003065",99.9999999999852,0,0,99.9999999999852,0,1,"High-High","3"
"E01003066",100.000000000029,0,0,100.000000000029,0,1,"High-High","3"
"E01003067",100.000000000011,0,0,100.000000000011,0,1,"High-High","3"
"E01003068",100,0,0,100,0,1,"High-High","3"
"E01003069",96.8187507708874,0,0,96.8187507708874,0,1,"High-High","3"
"E01003070",85.233638305139,0,0,85.233638305139,0,1,"High-High","3"
"E01003071",100.00000000002,0,71.6917744387299,100.00000000002,71.6917744387299,2,"High-High","2"
"E01003072",99.9999999999851,0,0,99.9999999999851,0,1,"High-High","3"
"E01003073",100.000000000097,0,22.3056318499383,100.000000000097,22.3056318499383,2,"High-High","3"
"E01003074",100.000000000012,0,39.6842401627678,100.000000000012,39.6842401627678,2,"High-High","3"
"E01003075",99.9999999999848,0,0,99.9999999999848,0,1,"High-High","3"
"E01003076",100.000000000019,0,0,100.000000000019,0,1,"High-High","3"
"E01003077",100.000000000008,0,0,100.000000000008,0,1,"High-High","3"
"E01003078",99.9999999999907,0,0,99.9999999999907,0,1,"High-High","3"
"E01003079",99.9999999999917,0,0,99.9999999999917,0,1,"High-High","3"
"E01003080",100.000000000008,0,0,100.000000000008,0,1,"High-High","3"
"E01003081",100.000000000022,0,0,100.000000000022,0,1,"High-High","3"
"E01003082",99.9999999999771,0,0,99.9999999999771,0,1,"High-High","3"
"E01003083",100.000000000029,0,0,100.000000000029,0,1,"High-High","3"
"E01003084",99.999999999971,0,0,99.999999999971,0,1,"High-High","3"
"E01003085",99.9999999999865,4.19791124232278,0,99.9999999999865,4.19791124232277,2,"High-High","3"
"E01003086",99.9999999999806,0,0,99.9999999999806,0,1,"High-High","3"
"E01003087",100.000000000025,5.91409578602603,0,100.000000000025,5.91409578602602,2,"High-High","3"
"E01003088",99.9999999999871,0,99.9999999999871,99.9999999999871,99.9999999999871,2,"High-High","2"
"E01003089",100.000000000027,0,0,100.000000000027,0,1,"High-High","3"
"E01003090",100.000000000012,0,99.7470676511008,100.000000000012,99.7470676511008,2,"High-High","2"
"E01003091",100.00000000004,0,0,100.00000000004,0,1,"High-High","3"
"E01003092",100.000000000029,0,2.86681698964019,100.000000000029,2.86681698964018,2,"High-High","3"
"E01003093",100.000000000017,0,78.1182181415296,100.000000000017,78.1182181415296,2,"High-High","2"
"E01003094",99.9999999999743,0,99.9999999999743,99.9999999999743,99.9999999999743,2,"High-High","2"
"E01003095",100,0,47.5460788776792,100,47.5460788776792,2,"High-High","2"
"E01003096",100.000000000023,0,100.000000000023,100.000000000023,100.000000000023,2,"High-High","2"
"E01003097",100.000000000011,0,88.2060285061304,100.000000000011,88.2060285061304,2,"High-High","2"
"E01003098",99.9999999999888,0,99.9999999999888,99.9999999999888,99.9999999999888,2,"High-High","2"
"E01003099",99.9999999999802,0,99.9999999999802,99.9999999999802,99.9999999999802,2,"High-High","2"
"E01003100",100.000000000018,0,100.000000000018,100.000000000018,100.000000000018,2,"High-High","2"
"E01003101",100.000000000028,0,100.000000000028,100.000000000028,100.000000000028,2,"High-High","2"
"E01003102",100.000000000012,0,100.000000000012,100.000000000012,100.000000000012,2,"High-High","2"
"E01003104",100.000000000008,0,100.000000000008,100.000000000008,100.000000000008,2,"High-High","2"
"E01003105",100.000000000012,0,100.000000000012,100.000000000012,100.000000000012,2,"High-High","2"
"E01003106",99.9999999999698,0,99.9999999999698,99.9999999999698,99.9999999999698,2,"High-High","2"
"E01003107",99.9999999999967,0,99.9999999999967,99.9999999999967,99.9999999999967,2,"High-High","2"
"E01003108",100.000000000042,0,100.000000000042,100.000000000042,100.000000000042,2,"High-High","2"
"E01003109",99.9999999999965,0,99.9999999999965,99.9999999999965,99.9999999999965,2,"High-High","2"
"E01003110",100.000000000014,0,100.000000000014,100.000000000014,100.000000000014,2,"High-High","2"
"E01003111",100.000000000008,0,100.000000000008,100.000000000008,100.000000000008,2,"High-High","2"
"E01003112",100.000000000015,0,100.000000000015,100.000000000015,100.000000000015,2,"High-High","2"
"E01003113",21.7820928783456,100.000000000018,0,100.000000000018,21.7820928783456,2,"High-High","1"
"E01003114",19.1010365894702,100.000000000055,0,100.000000000055,19.1010365894702,2,"High-High","1"
"E01003115",7.70997099070556,100.000000000027,0,100.000000000027,7.70997099070556,2,"High-High","1"
"E01003116",99.9999999999905,35.9982152739664,0,99.9999999999905,35.9982152739664,2,"High-High","3"
"E01003117",99.9999999999982,28.0785674416838,0,99.9999999999982,28.0785674416838,2,"High-High","3"
"E01003118",100.000000000005,100.000000000005,0,100.000000000005,100.000000000005,2,"High-High","1"
"E01003119",89.2101362115441,99.999999999999,0,99.999999999999,89.2101362115441,2,"High-High","1"
"E01003120",100.000000000009,100.000000000009,0,100.000000000009,100.000000000009,2,"High-High","1"
"E01003121",99.9999999999867,0,0,99.9999999999867,0,1,"High-High","3"
"E01003122",100.000000000051,0,0.739538758268594,100.000000000051,0.739538758268594,2,"High-High","3"
"E01003123",99.9999999999783,0,0.27016058153675,99.9999999999783,0.270160581536743,2,"High-High","3"
"E01003124",100.000000000002,0,21.3882871219268,100.000000000002,21.3882871219268,2,"High-High","3"
"E01003125",99.9999999999941,0,66.3783881058776,99.9999999999941,66.3783881058776,2,"High-High","2"
"E01003126",100.000000000006,0,0,100.000000000006,0,1,"High-High","3"
"E01003127",100.000000000032,0,32.9905973699274,100.000000000032,32.9905973699274,2,"High-High","3"
"E01003128",99.9999999999719,0,9.915836032887,99.9999999999719,9.915836032887,2,"High-High","3"
"E01003129",100.000000000007,0,100.000000000007,100.000000000007,100.000000000007,2,"High-High","2"
"E01003130",100.00000000003,0,0,100.00000000003,0,1,"High-High","3"
"E01003131",100.000000000014,0,0,100.000000000014,0,1,"High-High","3"
"E01003132",100.000000000013,0,0,100.000000000013,0,1,"High-High","3"
"E01003133",99.999999999995,0,0,99.999999999995,0,1,"High-High","3"
"E01003134",99.9999999999866,0,0,99.9999999999866,0,1,"High-High","3"
"E01003135",99.9999999999924,0,0,99.9999999999924,0,1,"High-High","3"
"E01003136",99.9999999999755,0,0,99.9999999999755,0,1,"High-High","3"
"E01003137",99.9999999998725,0,0,99.9999999998725,0,1,"High-High","3"
"E01003138",100.000000000014,0,0,100.000000000014,0,1,"High-High","3"
"E01003139",84.3746411250836,87.5213274866764,0,100.000000000019,71.8959686117407,2,"High-High","1"
"E01003140",6.0635617010256,28.9629141460036,0,34.1745751862514,0.851900660777822,2,"High-High","3"
"E01003141",11.7641118215333,74.9731474203459,0,74.9731474203459,11.7641118215333,2,"High-High","1"
"E01003142",89.9184551073169,14.7736072811067,0,91.7798273249769,12.9122350634467,2,"High-High","3"
"E01003143",100.000000000026,29.7111809950561,0,100.000000000026,29.7111809950561,2,"High-High","3"
"E01003144",62.7465022566565,98.6793203164286,0,100.000000000003,61.4258225730822,2,"High-High","1"
"E01003145",3.04828890316357,100.000000000008,0,100.000000000008,3.04828890316357,2,"High-High","1"
"E01003146",99.9999999999923,99.9999999999923,0,99.9999999999923,99.9999999999923,2,"High-High","1"
"E01003147",4.75401096477961,100.000000000029,0,100.000000000029,4.75401096477961,2,"High-High","1"
"E01003148",98.7965831850951,99.9999999999958,0,99.9999999999958,98.7965831850951,2,"High-High","1"
"E01003149",99.9999999999713,99.9999999999713,0,99.9999999999713,99.9999999999713,2,"High-High","1"
"E01003150",32.9800213930962,100.000000000015,0,100.000000000015,32.9800213930962,2,"High-High","1"
"E01003151",99.9999999999822,31.4845707437248,0,99.9999999999822,31.4845707437248,2,"High-High","3"
"E01003152",99.999999999989,36.6893020239214,0,99.999999999989,36.6893020239214,2,"High-High","3"
"E01003153",99.9999999999316,67.5925349978135,0,99.9999999999316,67.5925349978135,2,"High-High","1"
"E01003154",100.000000000013,72.0768720127113,0,100.000000000013,72.0768720127113,2,"High-High","1"
"E01003155",99.9999999999897,99.9999999999897,0,99.9999999999897,99.9999999999897,2,"High-High","1"
"E01003156",100.000000000012,0,94.6652303845838,100.000000000012,94.6652303845838,2,"High-High","2"
"E01003157",99.9999999999869,0,93.9662762499341,99.9999999999869,93.9662762499341,2,"High-High","2"
"E01003158",100.000000000003,0,25.7682372250563,100.000000000003,25.7682372250563,2,"High-High","3"
"E01003159",100.000000000019,0,96.3525153035165,100.000000000019,96.3525153035166,2,"High-High","2"
"E01003160",100.000000000007,0,100.000000000007,100.000000000007,100.000000000007,2,"High-High","2"
"E01003161",99.999999999992,0,99.999999999992,99.999999999992,99.999999999992,2,"High-High","2"
"E01003162",100.000000000018,0,30.6067789601769,100.000000000018,30.6067789601769,2,"High-High","3"
"E01003163",100.000000000012,0,57.7981130356636,100.000000000012,57.7981130356636,2,"High-High","2"
"E01003164",100.000000000018,0,0,100.000000000018,0,1,"High-High","3"
"E01003165",99.9999999999876,0,0,99.9999999999876,0,1,"High-High","3"
"E01003166",99.9999999999851,0,0,99.9999999999851,0,1,"High-High","3"
"E01003167",100.000000000017,0,0,100.000000000017,0,1,"High-High","3"
"E01003168",100.000000000018,0,0,100.000000000018,0,1,"High-High","3"
"E01003169",99.9999999999994,0,0,99.9999999999994,0,1,"High-High","3"
"E01003170",99.9999999999966,0,0,99.9999999999966,0,1,"High-High","3"
"E01003171",100.000000000043,0,98.8344714974056,100.000000000043,98.8344714974056,2,"High-High","2"
"E01003172",99.9999999999444,0,21.1627512261236,99.9999999999444,21.1627512261236,2,"High-High","3"
"E01003173",99.9999999999967,0,23.327802763441,99.9999999999967,23.327802763441,2,"High-High","3"
"E01003174",100.000000000006,0,0,100.000000000006,0,1,"High-High","3"
"E01003175",99.9999999999959,0,0,99.9999999999959,0,1,"High-High","3"
"E01003176",99.9999999999922,0,99.9999999999922,99.9999999999922,99.9999999999922,2,"High-High","2"
"E01003177",100.000000000025,0,100.000000000025,100.000000000025,100.000000000025,2,"High-High","2"
"E01003178",99.9999999999797,0,99.9999999999797,99.9999999999797,99.9999999999797,2,"High-High","2"
"E01003179",100.000000000058,0,100.000000000058,100.000000000058,100.000000000058,2,"High-High","2"
"E01003180",99.9999999999556,0,0.931175550954278,99.9999999999556,0.931175550954279,2,"High-High","3"
"E01003181",99.9999999999964,0,99.9999999999964,99.9999999999964,99.9999999999964,2,"High-High","2"
"E01003182",100.000000000014,0,0,100.000000000014,0,1,"High-High","3"
"E01003183",100.000000000015,0,94.7277858148106,100.000000000015,94.7277858148105,2,"High-High","2"
"E01003184",99.9999999999594,0,46.9128287897021,99.9999999999594,46.9128287897021,2,"High-High","2"
"E01003185",100.000000000053,0,48.2278322832947,100.000000000053,48.2278322832947,2,"High-High","2"
"E01003186",100.00000000002,0,14.592376383307,100.00000000002,14.592376383307,2,"High-High","3"
"E01003187",99.999999999985,0,3.58963367368687,99.999999999985,3.58963367368688,2,"High-High","3"
"E01003188",99.9999999999814,0,0,99.9999999999814,0,1,"High-High","3"
"E01003189",100.000000000017,0,0,100.000000000017,0,1,"High-High","3"
"E01003190",99.9999999999843,0,0,99.9999999999843,0,1,"High-High","3"
"E01003191",99.9999999999895,0,0,99.9999999999895,0,1,"High-High","3"
"E01003192",90.3044980140953,0,0,90.3044980140953,0,1,"High-High","3"
"E01003193",99.9999999999772,0,0,99.9999999999772,0,1,"High-High","3"
"E01003194",99.9999999999763,0,97.8412327135165,99.9999999999763,97.8412327135165,2,"High-High","2"
"E01003195",100.000000000002,0,9.96748179536011,100.000000000002,9.96748179536011,2,"High-High","3"
"E01003196",99.9999999999787,0,15.4189111842338,99.9999999999787,15.4189111842338,2,"High-High","3"
"E01003197",99.999999999972,0,0,99.999999999972,0,1,"High-High","3"
"E01003198",0,0,69.6102080965237,69.6102080965237,0,1,"High-High","2"
"E01003199",0,0,99.9999999999911,99.9999999999911,0,1,"High-High","2"
"E01003200",1.8271869759936,0,29.6399257608335,31.3067369214349,0.160375815392268,2,"High-High","3"
"E01003201",44.751767986131,0,99.9999999999241,99.9999999999241,44.7517679861309,2,"High-High","2"
"E01003202",5.23747058522035,0,0.169893852670234,5.40736443789058,8.88178419700125e-16,2,"High-High","3"
"E01003203",27.2553310015892,0,40.8362842019903,47.9537424231747,20.1378727804048,2,"High-High","3"
"E01003204",87.9288401769247,0,100.000000000023,100.000000000023,87.9288401769246,2,"High-High","2"
"E01003205",99.9999999999878,0,99.9999999999878,99.9999999999878,99.9999999999878,2,"High-High","2"
"E01003206",24.9549841980284,0,100.000000000003,100.000000000003,24.9549841980284,2,"High-High","2"
"E01003207",100.000000000004,0,47.8036941385794,100.000000000004,47.8036941385794,2,"High-High","2"
"E01003209",100.000000000014,0,0,100.000000000014,0,1,"High-High","3"
"E01003210",100.000000000051,0,38.3906741792183,100.000000000051,38.3906741792183,2,"High-High","3"
"E01003211",100.000000000044,0,100.000000000044,100.000000000044,100.000000000044,2,"High-High","2"
"E01003212",99.9999999999986,0,0,99.9999999999986,0,1,"High-High","3"
"E01003213",99.9999999999866,0,52.8011713680714,99.9999999999866,52.8011713680714,2,"High-High","2"
"E01003214",100.000000000027,0,0,100.000000000027,0,1,"High-High","3"
"E01003215",99.999999999986,0,0,99.999999999986,0,1,"High-High","3"
"E01003216",100.000000000021,0,100.000000000021,100.000000000021,100.000000000021,2,"High-High","2"
"E01003217",100.000000000057,0,66.2933171535059,100.000000000057,66.2933171535059,2,"High-High","2"
"E01003218",94.1952133169495,0,0,94.1952133169495,0,1,"High-High","3"
"E01003219",95.8002828380791,0,6.07625616028115,95.8002828380791,6.07625616028115,2,"High-High","3"
"E01003220",100.000000000074,0,0,100.000000000074,0,1,"High-High","3"
"E01003221",99.9999999999996,0,99.6953145111257,99.9999999999996,99.6953145111258,2,"High-High","2"
"E01003222",76.4640617026661,0,0,76.4640617026661,0,1,"High-High","3"
"E01003223",100.000000000019,0,21.1609939497022,100.000000000019,21.1609939497022,2,"High-High","3"
"E01003224",99.9999999999892,0,48.999891801946,99.9999999999892,48.999891801946,2,"High-High","2"
"E01003225",97.4488639554429,0,100.000000000041,100.000000000041,97.4488639554429,2,"High-High","2"
"E01003226",1.91499049459257,0,1.13303323176648,3.04802372635906,-4.44089209850063e-16,2,"High-High","3"
"E01003227",24.9165603041888,0,80.1609779513382,86.4785002846774,18.5990379708496,2,"High-High","2"
"E01003228",67.6249903054341,0,0,67.6249903054341,0,1,"High-High","3"
"E01003229",97.6500092533885,0,0,97.6500092533885,0,1,"High-High","3"
"E01003230",97.498075978272,0,85.5450892505846,99.9994260508376,83.043739178019,2,"High-High","2"
"E01003231",0.00522480089497418,0,0.88481904588687,0.88481904588687,0.00522480089497424,2,"High-High","3"
"E01003232",0.0894849896539306,0,20.1831028254291,20.1831028254291,0.0894849896539291,2,"High-High","3"
"E01003233",47.2945810144387,0,77.9616048019494,78.0255069954329,47.2306788209552,2,"High-High","2"
"E01003235",99.9999999999815,0,0,99.9999999999815,0,1,"High-High","3"
"E01003236",99.9999999999792,0,0,99.9999999999792,0,1,"High-High","3"
"E01003237",99.9999999999974,0,0,99.9999999999974,0,1,"High-High","3"
"E01003238",100.000000000007,0,0,100.000000000007,0,1,"High-High","3"
"E01003239",100.000000000002,0,0,100.000000000002,0,1,"High-High","3"
"E01003240",100.000000000025,0,0,100.000000000025,0,1,"High-High","3"
"E01003241",99.9999999999961,0,0,99.9999999999961,0,1,"High-High","3"
"E01003243",99.9999999999975,0,0,99.9999999999975,0,1,"High-High","3"
"E01003244",99.9999999999985,99.9999999999985,0,99.9999999999985,99.9999999999985,2,"High-High","1"
"E01003245",99.9999999999886,99.9999999999886,0,99.9999999999886,99.9999999999886,2,"High-High","1"
"E01003246",99.999999999967,19.6878814406266,0,99.999999999967,19.6878814406266,2,"High-High","3"
"E01003247",100.000000000016,100.000000000016,0,100.000000000016,100.000000000016,2,"High-High","1"
"E01003248",100.000000000005,65.2358594829948,0,100.000000000005,65.2358594829948,2,"High-High","1"
"E01003249",100.000000000038,93.1295259297399,0,100.000000000038,93.1295259297399,2,"High-High","1"
"E01003250",99.9999999999993,99.9999999999993,0,99.9999999999993,99.9999999999993,2,"High-High","1"
"E01003251",99.999999999987,0,0,99.999999999987,0,1,"High-High","3"
"E01003252",99.9999999999812,0,0,99.9999999999812,0,1,"High-High","3"
"E01003253",99.9999999999724,0,0,99.9999999999724,0,1,"High-High","3"
"E01003254",99.9999999999985,0,0,99.9999999999985,0,1,"High-High","3"
"E01003255",99.9999999999611,0,0,99.9999999999611,0,1,"High-High","3"
"E01003256",100.00000000001,0,0,100.00000000001,0,1,"High-High","3"
"E01003257",99.999999999986,0,0,99.999999999986,0,1,"High-High","3"
"E01003258",99.9999999999846,0,0,99.9999999999846,0,1,"High-High","3"
"E01003259",99.999999999956,0,0,99.999999999956,0,1,"High-High","3"
"E01003260",100.000000000003,0,0,100.000000000003,0,1,"High-High","3"
"E01003261",91.1182088967446,0,0,91.1182088967446,0,1,"High-High","3"
"E01003262",99.9999999999944,0,0,99.9999999999944,0,1,"High-High","3"
"E01003263",100.000000000008,0,0,100.000000000008,0,1,"High-High","3"
"E01003264",100.000000000036,0,0,100.000000000036,0,1,"High-High","3"
"E01003265",100.000000000004,0,0,100.000000000004,0,1,"High-High","3"
"E01003266",99.8501460413208,0,0,99.8501460413208,0,1,"High-High","3"
"E01003267",59.75679403913,0,0,59.75679403913,0,1,"High-High","3"
"E01003268",85.5381166917195,0,0,85.5381166917195,0,1,"High-High","3"
"E01003269",99.9999999999636,0,0,99.9999999999636,0,1,"High-High","3"
"E01003270",99.1692009953348,0,0,99.1692009953348,0,1,"High-High","3"
"E01003271",99.9999999999961,0,0,99.9999999999961,0,1,"High-High","3"
"E01003272",64.3097118856807,0,0,64.3097118856807,0,1,"High-High","3"
"E01003273",99.9999999999949,0,99.9999999999949,99.9999999999949,99.9999999999949,2,"High-High","2"
"E01003274",99.9999999999854,0,99.7215012960469,99.9999999999854,99.7215012960469,2,"High-High","2"
"E01003275",100.000000000023,0,100.000000000023,100.000000000023,100.000000000023,2,"High-High","2"
"E01003276",75.1561809487319,0,48.6438312033494,75.1561809487319,48.6438312033494,2,"High-High","2"
"E01003277",100.000000000013,0,74.2831667948967,100.000000000013,74.2831667948967,2,"High-High","2"
"E01003278",99.9999999999887,0,99.9999999999887,99.9999999999887,99.9999999999887,2,"High-High","2"
"E01003279",99.0642850068534,0,100.000000000017,100.000000000017,99.0642850068534,2,"High-High","2"
"E01003280",99.9999999999656,0,0,99.9999999999656,0,1,"High-High","3"
"E01003281",99.9999999999974,0,0,99.9999999999974,0,1,"High-High","3"
"E01003282",99.9999999999924,0,53.8606301904635,99.9999999999924,53.8606301904635,2,"High-High","2"
"E01003283",87.119428400986,0,0,87.119428400986,0,1,"High-High","3"
"E01003284",99.9999999999938,0,0,99.9999999999938,0,1,"High-High","3"
"E01003285",96.7938523869821,0,0,96.7938523869821,0,1,"High-High","3"
"E01003286",85.6590371917333,0,0,85.6590371917333,0,1,"High-High","3"
"E01003287",100.000000000007,0,0,100.000000000007,0,1,"High-High","3"
"E01003288",23.4402392274733,0,100.000000000033,100.000000000033,23.4402392274734,2,"High-High","2"
"E01003290",100.00000000001,0,18.8695898841618,100.00000000001,18.8695898841618,2,"High-High","3"
"E01003291",99.9999999999846,0,98.6914584187141,99.9999999999846,98.6914584187141,2,"High-High","2"
"E01003292",100.00000000002,0,53.5437741013019,100.00000000002,53.5437741013019,2,"High-High","2"
"E01003293",100.000000000008,0,100.000000000008,100.000000000008,100.000000000008,2,"High-High","2"
"E01003295",100.000000000021,0,0,100.000000000021,0,1,"High-High","3"
"E01003296",79.4493360491726,0,100.000000000022,100.000000000022,79.4493360491726,2,"High-High","2"
"E01003297",97.857420623942,66.3620288159277,0,99.7779822947412,64.4414671451286,2,"High-High","1"
"E01003298",95.9702195492439,10.7806629024905,0,95.9702195492439,10.7806629024905,2,"High-High","3"
"E01003299",99.999999999994,0,0,99.999999999994,0,1,"High-High","3"
"E01003300",99.9999999999677,0,0,99.9999999999677,0,1,"High-High","3"
"E01003301",95.7462318700499,0,0,95.7462318700499,0,1,"High-High","3"
"E01003302",100.000000000031,0,0,100.000000000031,0,1,"High-High","3"
"E01003303",100.000000000033,0,0,100.000000000033,0,1,"High-High","3"
"E01003304",100.000000000007,0,0,100.000000000007,0,1,"High-High","3"
"E01003305",99.9999999999731,0,0,99.9999999999731,0,1,"High-High","3"
"E01003307",100.000000000032,0,0,100.000000000032,0,1,"High-High","3"
"E01003308",100,0,74.5035538972302,100,74.5035538972302,2,"High-High","2"
"E01003309",99.9999999999665,0,0,99.9999999999665,0,1,"High-High","3"
"E01003310",100,0,0,100,0,1,"High-High","3"
"E01003311",100.000000000006,0,0,100.000000000006,0,1,"High-High","3"
"E01003312",100.000000000011,0,0,100.000000000011,0,1,"High-High","3"
"E01003313",99.9999999999654,0,0,99.9999999999654,0,1,"High-High","3"
"E01003314",100.000000000037,0,5.58902519532942,100.000000000037,5.58902519532943,2,"High-High","3"
"E01003315",99.9999999999978,0,0,99.9999999999978,0,1,"High-High","3"
"E01003316",100.000000000015,0,0.0497308828384949,100.000000000015,0.0497308828384888,2,"High-High","3"
"E01003317",99.9999999999676,0,99.9999999999676,99.9999999999676,99.9999999999676,2,"High-High","2"
"E01003318",100.000000000003,0,100.000000000003,100.000000000003,100.000000000003,2,"High-High","2"
"E01003319",100.000000000036,0,100.000000000036,100.000000000036,100.000000000036,2,"High-High","2"
"E01003320",100.00000000002,0,100.00000000002,100.00000000002,100.00000000002,2,"High-High","2"
"E01003321",99.9999999999251,0,99.9999999999251,99.9999999999251,99.9999999999251,2,"High-High","2"
"E01003322",100.00000000001,0,100.00000000001,100.00000000001,100.00000000001,2,"High-High","2"
"E01003323",100.000000000001,0,100.000000000001,100.000000000001,100.000000000001,2,"High-High","2"
"E01003324",100.00000000001,0,100.00000000001,100.00000000001,100.00000000001,2,"High-High","2"
"E01003325",100.000000000005,0,100.000000000005,100.000000000005,100.000000000005,2,"High-High","2"
"E01003326",99.9999999999924,0,0,99.9999999999924,0,1,"High-High","3"
"E01003327",100.000000000032,0,0,100.000000000032,0,1,"High-High","3"
"E01003328",100.000000000009,0,0,100.000000000009,0,1,"High-High","3"
"E01003329",100.000000000022,0,0,100.000000000022,0,1,"High-High","3"
"E01003330",99.9999999999937,0,0,99.9999999999937,0,1,"High-High","3"
"E01003331",100.000000000019,0,0,100.000000000019,0,1,"High-High","3"
"E01003332",100.000000000019,0,0,100.000000000019,0,1,"High-High","3"
"E01003333",99.999999999963,0,0,99.999999999963,0,1,"High-High","3"
"E01003334",99.9999999999923,0,0,99.9999999999923,0,1,"High-High","3"
"E01003335",99.9999999999819,0,0,99.9999999999819,0,1,"High-High","3"
"E01003336",4.46629770589542,0,0,4.46629770589542,0,1,"High-High","3"
"E01003337",0,0,0,0,0,0,"High-High","3"
"E01003338",100.000000000032,0,0,100.000000000032,0,1,"High-High","3"
"E01003339",100.000000000009,0,0,100.000000000009,0,1,"High-High","3"
"E01003340",100.000000000041,0,0,100.000000000041,0,1,"High-High","3"
"E01003341",100.000000000019,0,0,100.000000000019,0,1,"High-High","3"
"E01003342",52.2871462947399,0,0,52.2871462947399,0,1,"High-High","3"
"E01003343",99.9999999999947,0,0,99.9999999999947,0,1,"High-High","3"
"E01003344",99.9999999999721,0,0,99.9999999999721,0,1,"High-High","3"
"E01003345",90.3675272356779,0,0,90.3675272356779,0,1,"High-High","3"
"E01003346",97.3301348391828,0,0,97.3301348391828,0,1,"High-High","3"
"E01003347",78.7291555999362,0,0,78.7291555999362,0,1,"High-High","3"
"E01003348",99.9999999999959,0,0,99.9999999999959,0,1,"High-High","3"
"E01003349",99.9999999999975,0,0,99.9999999999975,0,1,"High-High","3"
"E01003350",97.3942255650942,0,0,97.3942255650942,0,1,"High-High","3"
"E01003351",99.9999999999849,0,0,99.9999999999849,0,1,"High-High","3"
"E01003352",99.9999999999991,0,0,99.9999999999991,0,1,"High-High","3"
"E01003353",100.000000000005,0,0,100.000000000005,0,1,"High-High","3"
"E01003354",99.5369629428942,0,0,99.5369629428942,0,1,"High-High","3"
"E01003355",99.9999999999865,0,0,99.9999999999865,0,1,"High-High","3"
"E01003356",99.9999999999985,0,0,99.9999999999985,0,1,"High-High","3"
"E01003357",99.9999999999772,0,0,99.9999999999772,0,1,"High-High","3"
"E01003358",100.000000000044,0,0,100.000000000044,0,1,"High-High","3"
"E01003359",99.999999999991,0,0,99.999999999991,0,1,"High-High","3"
"E01003360",99.9999999999972,0,0,99.9999999999972,0,1,"High-High","3"
"E01003361",99.9999999999972,0,0,99.9999999999972,0,1,"High-High","3"
"E01003362",90.0714276580963,13.2832714017426,0,92.9612254732724,10.3934735865664,2,"High-High","3"
"E01003363",18.8253235143053,0,0,18.8253235143053,0,1,"High-High","3"
"E01003364",0,5.30195921499086,0,5.30195921499086,0,1,"High-High","3"
"E01003365",47.8896947271221,0,0,47.8896947271221,0,1,"High-High","3"
"E01003366",99.7790557572593,38.8233982317546,0,100,38.6024539890135,2,"High-High","3"
"E01003367",99.9999999999832,0,0,99.9999999999832,0,1,"High-High","3"
"E01003368",99.9999999999808,0,0,99.9999999999808,0,1,"High-High","3"
"E01003369",99.9999999999712,0,0,99.9999999999712,0,1,"High-High","3"
"E01003370",99.9999999999847,0,0,99.9999999999847,0,1,"High-High","3"
"E01003371",100.000000000019,0,0,100.000000000019,0,1,"High-High","3"
"E01003372",99.9999999999616,0,0,99.9999999999616,0,1,"High-High","3"
"E01003373",0,0,0,0,0,0,"High-High","3"
"E01003374",0,0,0,0,0,0,"High-High","3"
"E01003375",0,0,0,0,0,0,"High-High","3"
"E01003376",72.3220316762416,0,0,72.3220316762416,0,1,"High-High","3"
"E01003377",10.2632735854047,0,0,10.2632735854047,0,1,"High-High","3"
"E01003378",0,0,0,0,0,0,"High-High","3"
"E01003379",0,0,0,0,0,0,"High-High","3"
"E01003380",100.000000000019,0,0,100.000000000019,0,1,"High-High","3"
"E01003381",100.000000000017,58.0978912401757,0,100.000000000017,58.0978912401757,2,"High-High","1"
"E01003382",100.000000000027,0,0,100.000000000027,0,1,"High-High","3"
"E01003383",99.9999999999993,0,0,99.9999999999993,0,1,"High-High","3"
"E01003384",100.000000000015,0,0,100.000000000015,0,1,"High-High","3"
"E01003385",99.9999999999799,0,0,99.9999999999799,0,1,"High-High","3"
"E01003386",99.9999999999944,0,0,99.9999999999944,0,1,"High-High","3"
"E01003387",56.4226681064539,0,0,56.4226681064539,0,1,"High-High","3"
"E01003388",66.7860282202587,0,0,66.7860282202587,0,1,"High-High","3"
"E01003389",2.87278628576605,0,0,2.87278628576605,0,1,"High-High","3"
"E01003390",52.0359920059972,0,0,52.0359920059972,0,1,"High-High","3"
"E01003391",90.2974543863029,0,0,90.2974543863029,0,1,"High-High","3"
"E01003392",99.9999999999371,0,0,99.9999999999371,0,1,"High-High","3"
"E01003393",100.00000000003,0,0,100.00000000003,0,1,"High-High","3"
"E01003394",100.000000000011,0,0,100.000000000011,0,1,"High-High","3"
"E01003395",100.000000000031,0,0,100.000000000031,0,1,"High-High","3"
"E01003396",99.9999999999716,0,0,99.9999999999716,0,1,"High-High","3"
"E01003397",100.000000000025,0,0,100.000000000025,0,1,"High-High","3"
"E01003398",100.00000000001,11.524583654507,0,100.00000000001,11.524583654507,2,"High-High","3"
"E01003399",99.9999999999784,0,0,99.9999999999784,0,1,"High-High","3"
"E01003400",99.9999999999957,0,0,99.9999999999957,0,1,"High-High","3"
"E01003401",99.9999999999996,0,0,99.9999999999996,0,1,"High-High","3"
"E01003402",100.000000000029,0,0,100.000000000029,0,1,"High-High","3"
"E01003403",100.000000000001,0,0,100.000000000001,0,1,"High-High","3"
"E01003404",100.000000000021,0,0,100.000000000021,0,1,"High-High","3"
"E01003405",62.2061618959703,0,0,62.2061618959703,0,1,"High-High","3"
"E01003406",99.9999999999851,0,0,99.9999999999851,0,1,"High-High","3"
"E01003407",100.000000000018,0,0,100.000000000018,0,1,"High-High","3"
"E01003408",100.000000000003,0,0,100.000000000003,0,1,"High-High","3"
"E01003409",100.000000000001,0,0,100.000000000001,0,1,"High-High","3"
"E01003410",95.8434015194675,0,0,95.8434015194675,0,1,"High-High","3"
"E01003411",99.9999999999834,0,0,99.9999999999834,0,1,"High-High","3"
"E01003412",99.9999999999852,0.426873594553191,0,99.9999999999852,0.426873594553186,2,"High-High","3"
"E01003413",47.3428294978584,0,0,47.3428294978584,0,1,"High-High","3"
"E01003414",40.5721987588811,0,0,40.5721987588811,0,1,"High-High","3"
"E01003415",0.446502035273076,0,0,0.446502035273076,0,1,"High-High","3"
"E01003416",9.15059687120374,0,0,9.15059687120374,0,1,"High-High","3"
"E01003417",31.7452596705531,18.1980622597368,0,33.1928260868072,16.7504958434826,2,"High-High","3"
"E01003418",66.0660281688875,18.6396002713874,0,66.0660281688875,18.6396002713874,2,"High-High","3"
"E01003419",22.6452536139037,7.15699674303042,0,29.8022503569341,-3.5527136788005e-15,2,"High-High","3"
"E01003420",99.9999999999856,42.2624117428862,0,99.9999999999856,42.2624117428862,2,"High-High","3"
"E01003421",0,8.67732605253339,0,8.67732605253339,0,1,"High-High","3"
"E01003422",5.20331057770136,0,0,5.20331057770136,0,1,"High-High","3"
"E01003423",100.000000000012,0,0,100.000000000012,0,1,"High-High","3"
"E01003424",99.9999999999927,0,0,99.9999999999927,0,1,"High-High","3"
"E01003425",96.9035085807544,0,0,96.9035085807544,0,1,"High-High","3"
"E01003426",71.5952860485502,0,0,71.5952860485502,0,1,"High-High","3"
"E01003427",22.9660238366237,0,0,22.9660238366237,0,1,"High-High","3"
"E01003428",100.000000000006,0,0,100.000000000006,0,1,"High-High","3"
"E01003429",31.1343501090133,0,0,31.1343501090133,0,1,"High-High","3"
"E01003430",100.000000000006,0,0,100.000000000006,0,1,"High-High","3"
"E01003431",100.000000000019,0,0,100.000000000019,0,1,"High-High","3"
"E01003432",36.4690951452716,0,0,36.4690951452716,0,1,"High-High","3"
"E01003433",73.3810669903723,0,0,73.3810669903723,0,1,"High-High","3"
"E01003434",0.799275446673555,0,0,0.799275446673555,0,1,"High-High","3"
"E01003435",0,0,0,0,0,0,"High-High","3"
"E01003436",0,0,0,0,0,0,"High-High","3"
"E01003437",0,0,0,0,0,0,"High-High","3"
"E01003438",3.01105993493742,0,0,3.01105993493742,0,1,"High-High","3"
"E01003439",3.39545059717516,0,0,3.39545059717516,0,1,"High-High","3"
"E01003440",0,0,0,0,0,0,"High-High","3"
"E01003441",0,0,0,0,0,0,"High-High","3"
"E01003442",89.9336991809722,0,0,89.9336991809722,0,1,"High-High","3"
"E01003443",72.4634679899808,25.1051270076775,0,84.9154392350649,12.6531557625934,2,"High-High","3"
"E01003444",0,50.09834566175,0,50.09834566175,0,1,"High-High","1"
"E01003445",31.0632078148376,82.4333668097715,0,83.6972373411355,29.7993372834736,2,"High-High","1"
"E01003446",52.6257254203541,73.2552547355907,0,99.9999999999565,25.8809801559883,2,"High-High","1"
"E01003447",54.5965648576625,100.000000000013,0,100.000000000013,54.5965648576625,2,"High-High","1"
"E01003448",0,0,0,0,0,0,"High-High","3"
"E01003449",0,0,0,0,0,0,"High-High","3"
"E01003450",0.543295583193621,0,0,0.543295583193621,0,1,"High-High","3"
"E01003451",0.403233662411613,1.6551775590563,0,1.6551775590563,0.403233662411613,2,"High-High","3"
"E01003452",3.0498996373382,1.59856138653366,0,3.11233676002776,1.5361242638441,2,"High-High","3"
"E01003453",0,0,0,0,0,0,"High-High","3"
"E01003454",100.000000000013,0,0,100.000000000013,0,1,"High-High","3"
"E01003455",100.000000000003,0,0,100.000000000003,0,1,"High-High","3"
"E01003456",100.000000000013,0,0,100.000000000013,0,1,"High-High","3"
"E01003457",99.9999999999949,0,0,99.9999999999949,0,1,"High-High","3"
"E01003458",99.9999999999711,0,0,99.9999999999711,0,1,"High-High","3"
"E01003459",99.9999999999944,0,0,99.9999999999944,0,1,"High-High","3"
"E01003460",27.846823836949,0,0,27.846823836949,0,1,"High-High","3"
"E01003461",99.9999999999851,0,0,99.9999999999851,0,1,"High-High","3"
"E01003462",38.3929397832706,0,0,38.3929397832706,0,1,"High-High","3"
"E01003463",0,2.26174035823037,0,2.26174035823037,0,1,"High-High","3"
"E01003464",66.4809045052321,0,0,66.4809045052321,0,1,"High-High","3"
"E01003465",100.000000000019,0,0,100.000000000019,0,1,"High-High","3"
"E01003466",0,100.000000000004,0,100.000000000004,0,1,"High-High","1"
"E01003467",3.79517128267735,89.0683353171261,0,89.0683353171261,3.79517128267736,2,"High-High","1"
"E01003468",17.7530593119376,98.7141784958535,0,99.9995103770995,16.4677274306917,2,"High-High","1"
"E01003469",92.8613504223302,99.9999999999915,0,99.9999999999915,92.8613504223302,2,"High-High","1"
"E01003470",29.296735335917,99.9999999999913,0,99.9999999999913,29.296735335917,2,"High-High","1"
"E01003471",20.1696091730529,99.9999999999774,0,99.9999999999774,20.1696091730529,2,"High-High","1"
"E01003472",100.000000000013,0,0,100.000000000013,0,1,"High-High","3"
"E01003473",99.9999999999147,0,0,99.9999999999147,0,1,"High-High","3"
"E01003474",98.2104378941167,0,0,98.2104378941163,4.68958205601666e-13,1,"High-High","3"
"E01003475",99.9999999999835,0,0,99.9999999999835,0,1,"High-High","3"
"E01003476",100.000000000025,0,0,100.000000000025,0,1,"High-High","3"
"E01003477",99.9999999999976,0,0,99.9999999999976,0,1,"High-High","3"
"E01003478",99.9999999999866,0,0,99.9999999999866,0,1,"High-High","3"
"E01003479",0,0,0,0,0,0,"High-High","3"
"E01003480",0,98.1728529111291,0,98.1728529111291,0,1,"High-High","1"
"E01003481",0,12.2021397202289,0,12.2021397202289,0,1,"High-High","3"
"E01003482",23.4420247121625,97.6973039989602,0.828677532103722,98.8116935564213,23.1563126868051,3,"High-High","1"
"E01003483",82.044300830994,0,0,82.044300830994,0,1,"High-High","3"
"E01003484",99.9999999999916,0,0,99.9999999999916,0,1,"High-High","3"
"E01003485",45.4824359120412,0,0,45.4824359120412,0,1,"High-High","3"
"E01003486",50.6363523891365,63.7417135149531,0,91.0821028488445,23.2959630552451,2,"High-High","1"
"E01003487",0,100.000000000008,0,100.000000000008,0,1,"High-High","1"
"E01003488",100.000000000002,0,0,100.000000000002,0,1,"High-High","3"
"E01003489",99.9999999999966,0,0,99.9999999999966,0,1,"High-High","3"
"E01003490",99.9999999999857,0,0,99.9999999999857,0,1,"High-High","3"
"E01003491",99.999999999996,0,0,99.999999999996,0,1,"High-High","3"
"E01003492",99.9999999999698,0,0,99.9999999999698,0,1,"High-High","3"
"E01003493",99.9999999999721,0,0,99.9999999999721,0,1,"High-High","3"
"E01003494",99.999999999991,0,0,99.999999999991,0,1,"High-High","3"
"E01003495",99.9999999999945,0,0,99.9999999999945,0,1,"High-High","3"
"E01003496",100.000000000005,0,43.0535239877569,100.000000000005,43.0535239877569,2,"High-High","3"
"E01003497",50.1163279692433,0,56.8442986702615,63.8615084768191,43.0991181626856,2,"High-High","2"
"E01003498",99.986497181713,0,0,99.986497181713,0,1,"High-High","3"
"E01003499",100.000000000018,0,0,100.000000000018,0,1,"High-High","3"
"E01003500",64.2705552230204,0,74.6109810460791,89.247867255225,49.6336690138745,2,"High-High","2"
"E01003501",93.0558170161266,0,0,93.0558170161266,0,1,"High-High","3"
"E01003502",67.8620819150396,0,0,67.8620819150396,0,1,"High-High","3"
"E01003503",56.8789054768543,0,0,56.8789054768543,0,1,"High-High","3"
"E01003506",100.000000000037,0,0,100.000000000037,0,1,"High-High","3"
"E01003507",99.9999999999955,0,0,99.9999999999955,0,1,"High-High","3"
"E01003508",100.000000000011,0,0,100.000000000011,0,1,"High-High","3"
"E01003509",99.9999999999998,0,0,99.9999999999998,0,1,"High-High","3"
"E01003511",100.000000000027,0,0,100.000000000027,0,1,"High-High","3"
"E01003512",98.2994400251504,0,0,98.2994400251504,0,1,"High-High","3"
"E01003513",0.086303375071932,0,0,0.086303375071932,0,1,"High-High","3"
"E01003514",10.0694872199151,0,0,10.0694872199151,0,1,"High-High","3"
"E01003515",79.2071930071359,0,0,79.2071930071359,0,1,"High-High","3"
"E01003516",84.5169221562232,0,0,84.5169221562232,0,1,"High-High","3"
"E01003517",99.9999999999913,0,0,99.9999999999913,0,1,"High-High","3"
"E01003518",18.9366776970338,0,0,18.9366776970338,0,1,"High-High","3"
"E01003519",53.0536790957759,0,0,53.0536790957759,0,1,"High-High","3"
"E01003520",99.9999999999989,0,12.5707224127687,99.9999999999989,12.5707224127687,2,"High-High","3"
"E01003521",100.000000000039,0,63.8530830737573,100.000000000039,63.8530830737573,2,"High-High","2"
"E01003522",99.999999999987,0,0,99.999999999987,0,1,"High-High","3"
"E01003523",99.9999999999923,0,69.1588382434516,99.9999999999923,69.1588382434516,2,"High-High","2"
"E01003524",99.9999999999781,0,0,99.9999999999781,0,1,"High-High","3"
"E01003525",99.9999999999806,0,7.78970661375551,99.9999999999806,7.78970661375551,2,"High-High","3"
"E01003526",100.000000000031,0,7.67655000474302,100.000000000031,7.67655000474302,2,"High-High","3"
"E01003527",100.000000000007,0,0,100.000000000007,0,1,"High-High","3"
"E01003528",100.000000000009,0,59.3471518630674,100.000000000009,59.3471518630674,2,"High-High","2"
"E01003529",99.999999999962,0,0,99.999999999962,0,1,"High-High","3"
"E01003530",99.9999999999876,0,64.8802825892487,99.9999999999876,64.8802825892487,2,"High-High","2"
"E01003531",99.9999999999761,0,0,99.9999999999761,0,1,"High-High","3"
"E01003532",99.9999999999471,0,22.6043892977818,99.9999999999471,22.6043892977818,2,"High-High","3"
"E01003533",100.000000000026,0,0,100.000000000026,0,1,"High-High","3"
"E01003534",100.000000000021,0,0,100.000000000021,0,1,"High-High","3"
"E01003535",99.4049337511171,64.2933011496413,93.4629494076949,99.999999999997,157.161184308456,3,"High-High","2"
"E01003536",100.000000000018,69.1400581100777,2.19133624632773,100.000000000018,71.3313943564055,3,"High-High","1"
"E01003537",99.9999999999839,0,0,99.9999999999839,0,1,"High-High","3"
"E01003538",100.000000000007,0,0,100.000000000007,0,1,"High-High","3"
"E01003539",99.9999999999844,0,0,99.9999999999844,0,1,"High-High","3"
"E01003540",100.000000000009,47.2192650113917,0,100.000000000009,47.2192650113917,2,"High-High","1"
"E01003541",99.999999999976,0,0,99.999999999976,0,1,"High-High","3"
"E01003542",100.000000000057,0,52.5953159002015,100.000000000057,52.5953159002015,2,"High-High","2"
"E01003543",99.9999999999963,0,0,99.9999999999963,0,1,"High-High","3"
"E01003544",100.000000000029,0,0,100.000000000029,0,1,"High-High","3"
"E01003545",99.9999999999988,0,0,99.9999999999988,0,1,"High-High","3"
"E01003546",99.9999999999958,0,0,99.9999999999958,0,1,"High-High","3"
"E01003547",99.9999999999759,0,0,99.9999999999759,0,1,"High-High","3"
"E01003548",100.000000000007,0,0,100.000000000007,0,1,"High-High","3"
"E01003549",100.000000000036,0,0,100.000000000036,0,1,"High-High","3"
"E01003550",99.9999999999911,0,0,99.9999999999911,0,1,"High-High","3"
"E01003551",99.9999999999869,0,0,99.9999999999869,0,1,"High-High","3"
"E01003552",100.000000000019,0,0,100.000000000019,0,1,"High-High","3"
"E01003553",100.000000000026,0,0,100.000000000026,0,1,"High-High","3"
"E01003554",100.000000000011,0,0,100.000000000011,0,1,"High-High","3"
"E01003555",100.000000000016,0,0,100.000000000016,0,1,"High-High","3"
"E01003556",99.9999999999805,0,0,99.9999999999805,0,1,"High-High","3"
"E01003557",99.9999999999893,0,0,99.9999999999893,0,1,"High-High","3"
"E01003558",99.9999999999784,0,0,99.9999999999784,0,1,"High-High","3"
"E01003559",100.000000000032,0,0,100.000000000032,0,1,"High-High","3"
"E01003560",100.000000000004,0,0,100.000000000004,0,1,"High-High","3"
"E01003561",100.000000000022,0,0,100.000000000022,0,1,"High-High","3"
"E01003562",100.000000000022,0,0,100.000000000022,0,1,"High-High","3"
"E01003563",99.9999999999824,0,0,99.9999999999824,0,1,"High-High","3"
"E01003564",100.000000000032,0,0,100.000000000032,0,1,"High-High","3"
"E01003565",99.9999999999731,0,0,99.9999999999731,0,1,"High-High","3"
"E01003566",100.000000000013,0,0,100.000000000013,0,1,"High-High","3"
"E01003567",99.9999999999809,0,0,99.9999999999809,0,1,"High-High","3"
"E01003568",100.000000000037,0,0,100.000000000037,0,1,"High-High","3"
"E01003569",100.000000000032,0,0,100.000000000032,0,1,"High-High","3"
"E01003570",99.9999999999965,0,0,99.9999999999965,0,1,"High-High","3"
"E01003571",100.000000000006,0,0,100.000000000006,0,1,"High-High","3"
"E01003572",99.9999999999667,0,0,99.9999999999667,0,1,"High-High","3"
"E01003573",99.9999999999556,0,0,99.9999999999556,0,1,"High-High","3"
"E01003574",100.000000000018,0,0,100.000000000018,0,1,"High-High","3"
"E01003575",100.000000000021,0,7.27365355696486,100.000000000021,7.27365355696486,2,"High-High","3"
"E01003576",99.9999999999677,0,0,99.9999999999677,0,1,"High-High","3"
"E01003577",100.00000000004,0,0,100.00000000004,0,1,"High-High","3"
"E01003578",100.000000000007,0,0,100.000000000007,0,1,"High-High","3"
"E01003579",100.00000000005,0,0,100.00000000005,0,1,"High-High","3"
"E01003580",97.7460789563852,0,47.9903976784253,100.000000000026,45.7364766347847,2,"High-High","2"
"E01003581",100.000000000002,0,0,100.000000000002,0,1,"High-High","3"
"E01003582",100.000000000017,0,0,100.000000000017,0,1,"High-High","3"
"E01003583",100.000000000013,0,0,100.000000000013,0,1,"High-High","3"
"E01003584",100.000000000007,0,0,100.000000000007,0,1,"High-High","3"
"E01003585",100.000000000035,0,0,100.000000000035,0,1,"High-High","3"
"E01003586",100.00000000001,0,0,100.00000000001,0,1,"High-High","3"
"E01003587",99.9999999999941,0,0,99.9999999999941,0,1,"High-High","3"
"E01003588",100.000000000001,0,0,100.000000000001,0,1,"High-High","3"
"E01003589",99.9999999999934,0,0,99.9999999999934,0,1,"High-High","3"
"E01003590",99.999999999972,0,0,99.999999999972,0,1,"High-High","3"
"E01003591",100,0,0,100,0,1,"High-High","3"
"E01003592",100.00000000001,0,0,100.00000000001,0,1,"High-High","3"
"E01003593",99.9999999999825,0,0,99.9999999999825,0,1,"High-High","3"
"E01003594",99.9999999999687,0,0,99.9999999999687,0,1,"High-High","3"
"E01003595",100.000000000012,0,0,100.000000000012,0,1,"High-High","3"
"E01003596",99.9999999999526,0,0,99.9999999999526,0,1,"High-High","3"
"E01003597",100.000000000109,0,0,100.000000000109,0,1,"High-High","3"
"E01003598",100.000000000021,0,0,100.000000000021,0,1,"High-High","3"
"E01003599",99.9999999999963,0,0,99.9999999999963,0,1,"High-High","3"
"E01003600",100.000000000003,0,0,100.000000000003,0,1,"High-High","3"
"E01003601",99.999999999984,0,0,99.999999999984,0,1,"High-High","3"
"E01003602",99.9999999999926,0,0,99.9999999999926,0,1,"High-High","3"
"E01003603",99.9999999999548,0,0,99.9999999999548,0,1,"High-High","3"
"E01003604",99.9999999999797,0,0,99.9999999999797,0,1,"High-High","3"
"E01003605",100.000000000047,0,0,100.000000000047,0,1,"High-High","3"
"E01003606",100.000000000007,0,0,100.000000000007,0,1,"High-High","3"
"E01003607",100.000000000013,0,0,100.000000000013,0,1,"High-High","3"
"E01003608",100.000000000029,0,0,100.000000000029,0,1,"High-High","3"
"E01003609",28.8499184377266,0.954970424601822,0,28.8499184377266,0.954970424601822,2,"High-High","3"
"E01003611",96.9491123744688,37.2877411776038,0,96.9491123744688,37.2877411776038,2,"High-High","3"
"E01003615",99.9999999999903,0,0,99.9999999999903,0,1,"High-High","3"
"E01003616",99.9999999999933,0,0,99.9999999999933,0,1,"High-High","3"
"E01003617",99.9999999999968,0,0,99.9999999999968,0,1,"High-High","3"
"E01003618",100.000000000032,0,0,100.000000000032,0,1,"High-High","3"
"E01003619",99.9999999999748,0,15.5375437397781,99.9999999999748,15.5375437397781,2,"High-High","3"
"E01003621",99.9999999999736,0,99.9999999999736,99.9999999999736,99.9999999999736,2,"High-High","2"
"E01003622",100.000000000011,0,100.000000000011,100.000000000011,100.000000000011,2,"High-High","2"
"E01003623",99.9999999999942,0,99.9999999999942,99.9999999999942,99.9999999999942,2,"High-High","2"
"E01003624",100.000000000031,0,100.000000000031,100.000000000031,100.000000000031,2,"High-High","2"
"E01003625",96.9232889066013,0,99.999999999964,99.999999999964,96.9232889066013,2,"High-High","2"
"E01003626",100.000000000037,0,100.000000000037,100.000000000037,100.000000000037,2,"High-High","2"
"E01003627",100.000000000019,0,100.000000000019,100.000000000019,100.000000000019,2,"High-High","2"
"E01003628",99.9999999999871,0,99.9999999999871,99.9999999999871,99.9999999999871,2,"High-High","2"
"E01003629",100.000000000066,0,100.000000000066,100.000000000066,100.000000000066,2,"High-High","2"
"E01003630",99.9999999999845,0,0,99.9999999999845,0,1,"High-High","3"
"E01003631",99.9999999999726,0,52.5556400834236,99.9999999999726,52.5556400834236,2,"High-High","2"
"E01003632",100.000000000004,0,0,100.000000000004,0,1,"High-High","3"
"E01003633",99.9999999999903,0,0,99.9999999999903,0,1,"High-High","3"
"E01003634",100.000000000051,0,13.1119675398275,100.000000000051,13.1119675398275,2,"High-High","3"
"E01003635",100.00000000001,0,0,100.00000000001,0,1,"High-High","3"
"E01003636",100.000000000011,0,0,100.000000000011,0,1,"High-High","3"
"E01003637",100.000000000039,0,0,100.000000000039,0,1,"High-High","3"
"E01003638",63.7519964979224,0,99.9999999999832,99.9999999999832,63.7519964979224,2,"High-High","2"
"E01003639",2.89786465493687,0,95.9853406790967,95.9853406790967,2.89786465493687,2,"High-High","2"
"E01003640",8.90800025519468,0,3.70357335445552,12.6115736096502,0,2,"High-High","3"
"E01003641",0,0,18.5665024251262,18.5665024251262,0,1,"High-High","3"
"E01003642",2.31301479789611,0,94.2892077970954,94.2892077970954,2.31301479789612,2,"High-High","2"
"E01003643",98.080876706565,0,100.000000000021,100.000000000021,98.080876706565,2,"High-High","2"
"E01003644",100.00000000002,0,81.1240436234698,100.00000000002,81.1240436234698,2,"High-High","2"
"E01003645",81.5340408416032,0,77.3670250712103,92.6931621492369,66.2079037635766,2,"High-High","2"
"E01003646",100.000000000003,0,0,100.000000000003,0,1,"High-High","3"
"E01003647",99.999999999985,0,69.7282577310601,99.999999999985,69.7282577310601,2,"High-High","2"
"E01003648",94.1113036450417,0,100.000000000002,100.000000000002,94.1113036450417,2,"High-High","2"
"E01003649",100.000000000015,0,78.9698120964125,100.000000000015,78.9698120964125,2,"High-High","2"
"E01003650",100.000000000012,0,100.000000000012,100.000000000012,100.000000000012,2,"High-High","2"
"E01003651",100.000000000013,0,4.17321178377987,100.000000000013,4.17321178377988,2,"High-High","3"
"E01003652",99.999999999995,0,90.0808720839977,99.999999999995,90.0808720839977,2,"High-High","2"
"E01003653",99.9999999999978,0,50.9599527733304,99.9999999999978,50.9599527733304,2,"High-High","2"
"E01003654",26.6590318193901,0,21.8426106278781,45.1111687881218,3.39047365914637,2,"High-High","3"
"E01003655",11.6849101921851,0,0,11.6849101921851,0,1,"High-High","3"
"E01003656",0,0,0,0,0,0,"High-High","3"
"E01003657",0,0,6.24291973114304,6.24291973114304,0,1,"High-High","3"
"E01003658",0,0,2.10816098020447,2.10816098020447,0,1,"High-High","3"
"E01003659",0,0,53.0817615810886,53.0817615810886,0,1,"High-High","2"
"E01003660",0,0,0,0,0,0,"High-High","3"
"E01003661",99.9999999999889,68.2357665947465,0,99.9999999999889,68.2357665947465,2,"High-High","1"
"E01003662",99.9999999999882,80.2946031733218,0,99.9999999999882,80.2946031733218,2,"High-High","1"
"E01003663",49.8312002435588,0,0,49.8312002435588,0,1,"High-High","3"
"E01003664",99.999999999945,0,0,99.999999999945,0,1,"High-High","3"
"E01003665",100.000000000006,8.30677470525982,0,100.000000000006,8.30677470525981,2,"High-High","3"
"E01003666",99.9999999999978,95.0227267799494,0,99.9999999999978,95.0227267799494,2,"High-High","1"
"E01003668",100.00000000005,0,92.9346138085098,100.00000000005,92.9346138085098,2,"High-High","2"
"E01003669",99.9999999999427,0,0,99.9999999999427,0,1,"High-High","3"
"E01003670",100.000000000003,0,0,100.000000000003,0,1,"High-High","3"
"E01003671",100.000000000069,0,23.0645228512682,100.000000000069,23.0645228512682,2,"High-High","3"
"E01003672",100.000000000039,0,5.5144883282418,100.000000000039,5.5144883282418,2,"High-High","3"
"E01003673",100.000000000003,0,0.00209441287163453,100.000000000003,0.00209441287162804,2,"High-High","3"
"E01003674",100.000000000009,0,76.4182809259891,100.000000000009,76.418280925989,2,"High-High","2"
"E01003675",30.3317250364841,0,0,30.3317250364841,0,1,"High-High","3"
"E01003676",72.9434580254862,0,0,72.9434580254862,0,1,"High-High","3"
"E01003677",11.2297978124497,0,85.4667226872735,89.6643284329438,7.03219206677932,2,"High-High","2"
"E01003678",22.3076820435731,0,46.4110058718835,68.7186879154566,0,2,"High-High","3"
"E01003679",0,0,41.3851098212882,41.3851098212882,0,1,"High-High","3"
"E01003680",56.9144267060258,0,52.8507570733094,69.4940556645456,40.2711281147897,2,"High-High","2"
"E01003681",47.2619551017609,0,51.0363844841082,95.6190218611959,2.67931772467321,2,"High-High","2"
"E01003682",18.1381134968896,0,51.2951087546189,69.4332222515085,0,2,"High-High","2"
"E01003683",99.9999999999889,0,0,99.9999999999889,0,1,"High-High","3"
"E01003684",85.026599377999,0,0,85.026599377999,0,1,"High-High","3"
"E01003685",89.1716413480476,0,0,89.1716413480476,0,1,"High-High","3"
"E01003686",100.000000000014,0,0,100.000000000014,0,1,"High-High","3"
"E01003688",100.000000000001,0,0,100.000000000001,0,1,"High-High","3"
"E01003689",99.9999999999639,0,0,99.9999999999639,0,1,"High-High","3"
"E01003690",100.000000000015,0,0,100.000000000015,0,1,"High-High","3"
"E01003691",97.9608442248008,0,0,97.9608442248008,0,1,"High-High","3"
"E01003692",100.000000000037,0,0,100.000000000037,0,1,"High-High","3"
"E01003693",39.3861546511586,0,0,39.3861546511586,0,1,"High-High","3"
"E01003694",89.2884007766441,0,0,89.2884007766441,0,1,"High-High","3"
"E01003695",99.9999999999953,0,0,99.9999999999953,0,1,"High-High","3"
"E01003696",100.000000000007,0,0,100.000000000007,0,1,"High-High","3"
"E01003697",27.4744387691983,0,0,27.4744387691983,0,1,"High-High","3"
"E01003698",0,0,0,0,0,0,"High-High","3"
"E01003699",82.3438304033249,0,0.0444980279635225,82.3883284312884,1.4210854715202e-14,2,"High-High","3"
"E01003700",0,0,35.1186851584162,35.1186851584162,0,1,"High-High","3"
"E01003701",0,0,99.9999999999994,99.9999999999994,0,1,"High-High","2"
"E01003702",61.5817533112167,0,0,61.5817533112167,0,1,"High-High","3"
"E01003703",0,0,0,0,0,0,"High-High","3"
"E01003704",1.81740988523356,0,0,1.81740988523356,0,1,"High-High","3"
"E01003705",0,0,94.7630736487497,94.7630736487497,0,1,"High-High","2"
"E01003706",0,0,37.8152303842829,37.8152303842829,0,1,"High-High","3"
"E01003707",0,0,31.3217734438886,31.3217734438886,0,1,"High-High","3"
"E01003708",0,0,11.2470703018915,11.2470703018915,0,1,"High-High","3"
"E01003709",0,0,26.7927712538156,26.7927712538156,0,1,"High-High","3"
"E01003710",0,0,95.1691193322071,95.1691193322071,0,1,"High-High","2"
"E01003711",2.00946778251299,0,100.000000000015,100.000000000015,2.00946778251298,2,"High-High","2"
"E01003712",8.59992810431177,0,100.000000000012,100.000000000012,8.59992810431177,2,"High-High","2"
"E01003713",100.000000000002,100.000000000002,0,100.000000000002,100.000000000002,2,"High-High","1"
"E01003714",100.000000000026,52.4600171935922,0,100.000000000026,52.4600171935922,2,"High-High","1"
"E01003715",99.999999999973,99.7181712223989,0,99.999999999973,99.7181712223989,2,"High-High","1"
"E01003716",89.082138873188,70.7421568236712,0,89.082138873188,70.7421568236712,2,"High-High","1"
"E01003718",100.000000000013,100.000000000013,0,100.000000000013,100.000000000013,2,"High-High","1"
"E01003719",99.9999999999942,99.9999999999942,0,99.9999999999942,99.9999999999942,2,"High-High","1"
"E01003720",99.9999999999876,0,0,99.9999999999876,0,1,"High-High","3"
"E01003721",99.999999999997,0,0,99.999999999997,0,1,"High-High","3"
"E01003722",100.000000000028,0,0,100.000000000028,0,1,"High-High","3"
"E01003723",99.9999999999953,0,0,99.9999999999953,0,1,"High-High","3"
"E01003724",99.999999999985,0,0,99.999999999985,0,1,"High-High","3"
"E01003725",100.000000000048,0,0,100.000000000048,0,1,"High-High","3"
"E01003726",13.451967373027,0,2.25695002634478,15.7089173993718,1.77635683940025e-15,2,"High-High","3"
"E01003727",99.9999999999821,0,0,99.9999999999821,0,1,"High-High","3"
"E01003728",99.9999999999906,0,0,99.9999999999906,0,1,"High-High","3"
"E01003729",99.2871369243012,0,0,99.2871369243012,0,1,"High-High","3"
"E01003730",87.3691301474862,0,0,87.3691301474862,0,1,"High-High","3"
"E01003731",10.5371250667258,0,0,10.5371250667258,0,1,"High-High","3"
"E01003732",70.0589300709025,0,66.2385141467596,85.2490351724009,51.0484090452612,2,"High-High","2"
"E01003733",46.211254014423,0,0.243022860639895,46.298999832904,0.155277042158893,2,"High-High","3"
"E01003734",94.0941065618711,0,54.5964170046631,94.0941065618711,54.5964170046631,2,"High-High","2"
"E01003735",65.3162448122508,0,15.0535913523385,65.3162448122508,15.0535913523385,2,"High-High","3"
"E01003736",100.000000000021,0,100.000000000021,100.000000000021,100.000000000021,2,"High-High","2"
"E01003737",100.000000000037,62.5803343862452,0,100.000000000037,62.5803343862452,2,"High-High","1"
"E01003738",79.9004610601384,0,0,79.9004610601384,0,1,"High-High","3"
"E01003739",89.3020524464055,0,0,89.3020524464055,0,1,"High-High","3"
"E01003740",99.9999999999658,0.91572909583399,0,99.9999999999658,0.915729095833996,2,"High-High","3"
"E01003741",47.5421859982563,0,0,47.5421859982563,0,1,"High-High","3"
"E01003742",100.00000000004,23.3557807269826,0,100.00000000004,23.3557807269826,2,"High-High","3"
"E01003743",100.000000000054,0,0,100.000000000054,0,1,"High-High","3"
"E01003744",2.88498330595009,0,0,2.88498330595009,0,1,"High-High","3"
"E01003745",0,0,0,0,0,0,"High-High","3"
"E01003746",2.49950655988147,0,0,2.49950655988147,0,1,"High-High","3"
"E01003747",0,0,0,0,0,0,"High-High","3"
"E01003748",31.962660213568,0,0,31.962660213568,0,1,"High-High","3"
"E01003749",98.7618300181316,0,0,98.7618300181316,0,1,"High-High","3"
"E01003750",98.5912825376192,0,0,98.5912825376192,0,1,"High-High","3"
"E01003751",0.0871749576335189,35.6976211439695,0,35.784796101603,0,2,"High-High","3"
"E01003752",99.9999999999811,0,0,99.9999999999811,0,1,"High-High","3"
"E01003753",83.694145676975,0,0,83.694145676975,0,1,"High-High","3"
"E01003754",54.4055999968441,3.47393074813862,0,55.8287699881938,2.05076075678887,2,"High-High","3"
"E01003755",100.000000000009,0,0,100.000000000009,0,1,"High-High","3"
"E01003756",99.9999999999758,0,0,99.9999999999758,0,1,"High-High","3"
"E01003757",99.9999999999365,13.5400993433348,0,99.9999999999365,13.5400993433348,2,"High-High","3"
"E01003758",99.99999999998,0,0,99.99999999998,0,1,"High-High","3"
"E01003759",94.8903036756903,0,99.9544169658039,99.9999999999945,94.8447206414997,2,"High-High","2"
"E01003760",75.1425535965682,0,93.385849050376,99.9999999999945,68.5284026469498,2,"High-High","2"
"E01003761",3.93334557719534,0,99.9999999999673,99.9999999999673,3.93334557719534,2,"High-High","2"
"E01003762",87.742404923137,0,99.9999999999978,99.9999999999978,87.742404923137,2,"High-High","2"
"E01003763",0,0,99.9999999999973,99.9999999999973,0,1,"High-High","2"
"E01003764",35.5997340560453,0,100.000000000005,100.000000000005,35.5997340560453,2,"High-High","2"
"E01003765",79.5124701413176,0,99.9999999999965,99.9999999999965,79.5124701413175,2,"High-High","2"
"E01003766",68.41450189662,100.000000000013,0,100.000000000013,68.41450189662,2,"High-High","1"
"E01003767",99.9758289291667,99.999999999979,0,99.999999999979,99.9758289291667,2,"High-High","1"
"E01003768",99.6771942952569,87.8832002113365,0,100.000000000083,87.5603945065102,2,"High-High","1"
"E01003769",99.3322989934774,100.000000000004,0,100.000000000004,99.3322989934774,2,"High-High","1"
"E01003770",22.9378359894016,53.0852743634306,0,53.0852743634306,22.9378359894016,2,"High-High","1"
"E01003771",35.7559705236617,99.9999999999951,0,99.9999999999951,35.7559705236616,2,"High-High","1"
"E01003772",15.6156795203747,99.5707029314492,0,99.5707029314492,15.6156795203747,2,"High-High","1"
"E01003773",100.00000000002,100.00000000002,0,100.00000000002,100.00000000002,2,"High-High","1"
"E01003774",100.000000000017,0,37.2551689023429,100.000000000017,37.2551689023429,2,"High-High","3"
"E01003775",96.796006288891,0,0.567325434909818,96.796006288891,0.567325434909819,2,"High-High","3"
"E01003776",95.3075090969703,0,39.6690086231083,95.3075090969703,39.6690086231083,2,"High-High","3"
"E01003777",100.000000000025,0,24.4066579382778,100.000000000025,24.4066579382778,2,"High-High","3"
"E01003778",100.000000000015,0,100.000000000015,100.000000000015,100.000000000015,2,"High-High","2"
"E01003779",100.000000000019,0,100.000000000019,100.000000000019,100.000000000019,2,"High-High","2"
"E01003780",87.6605298894796,0,0,87.6605298894796,0,1,"High-High","3"
"E01003781",100.000000000001,0,0,100.000000000001,0,1,"High-High","3"
"E01003782",99.9999999999939,0,0,99.9999999999939,0,1,"High-High","3"
"E01003783",99.9999999999583,0,0,99.9999999999583,0,1,"High-High","3"
"E01003784",99.9999999999894,0,0,99.9999999999894,0,1,"High-High","3"
"E01003785",100.000000000016,0,0,100.000000000016,0,1,"High-High","3"
"E01003786",100.000000000002,0,0,100.000000000002,0,1,"High-High","3"
"E01003787",100.000000000009,0,0,100.000000000009,0,1,"High-High","3"
"E01003788",99.9999999999912,0,0,99.9999999999912,0,1,"High-High","3"
"E01003789",99.9999999999781,0,98.7712517482886,99.9999999999781,98.7712517482886,2,"High-High","2"
"E01003790",93.5435235958848,0,0,93.5435235958848,0,1,"High-High","3"
"E01003791",92.3847030124875,0,68.3542132113207,99.5101327421092,61.228783481699,2,"High-High","2"
"E01003792",99.9999999999912,0,0,99.9999999999912,0,1,"High-High","3"
"E01003793",95.9183523911639,0,5.07265243778672,99.5774629101107,1.41354191883997,2,"High-High","3"
"E01003794",99.5859770432724,0,76.5852114229572,100.000000000006,76.1711884662234,2,"High-High","2"
"E01003795",88.9636827988994,0,2.17132350396609,88.9636827988994,2.17132350396609,2,"High-High","3"
"E01003796",99.9999999999987,0,13.6950443699945,99.9999999999987,13.6950443699945,2,"High-High","3"
"E01003797",98.2908901982576,0,100.000000000011,100.000000000011,98.2908901982577,2,"High-High","2"
"E01003798",40.6073282558498,0,100.000000000021,100.000000000021,40.6073282558498,2,"High-High","2"
"E01003799",99.9754162631982,0,100.000000000007,100.000000000007,99.9754162631982,2,"High-High","2"
"E01003800",99.9999999999994,0,99.9999999999994,99.9999999999994,99.9999999999994,2,"High-High","2"
"E01003801",99.9999999999832,0,36.5526963726855,99.9999999999832,36.5526963726855,2,"High-High","3"
"E01003802",99.9999999999845,0,96.2421915538832,99.9999999999845,96.2421915538832,2,"High-High","2"
"E01003803",100.000000000019,0,100.000000000019,100.000000000019,100.000000000019,2,"High-High","2"
"E01003804",100.000000000004,0,0,100.000000000004,0,1,"High-High","3"
"E01003805",73.9061693929766,0,0,73.9061693929766,0,1,"High-High","3"
"E01003806",15.0905477580865,0,0,15.0905477580865,0,1,"High-High","3"
"E01003807",100.000000000003,0,0,100.000000000003,0,1,"High-High","3"
"E01003808",99.999999999927,0,0,99.999999999927,0,1,"High-High","3"
"E01003809",100,0,0,100,0,1,"High-High","3"
"E01003810",99.999999999976,0,94.2006128990271,99.999999999976,94.2006128990271,2,"High-High","2"
"E01003811",99.998716623322,0,100.000000000002,100.000000000002,99.998716623322,2,"High-High","2"
"E01003812",99.9999999999677,0,88.3850650616183,99.9999999999677,88.3850650616183,2,"High-High","2"
"E01003813",99.9999999999788,0,3.61145964655738,99.9999999999788,3.61145964655738,2,"High-High","3"
"E01003814",100.000000000005,0,100.000000000005,100.000000000005,100.000000000005,2,"High-High","2"
"E01003815",99.9999999999796,0,53.0823854322991,99.9999999999796,53.0823854322992,2,"High-High","2"
"E01003816",13.9935806044455,0,0,13.9935806044455,0,1,"High-High","3"
"E01003817",14.4726479468153,0,0,14.4726479468153,0,1,"High-High","3"
"E01003818",100.000000000021,0,7.50061381121619,100.000000000021,7.5006138112162,2,"High-High","3"
"E01003819",99.6644292254249,0,0.00374065420400876,99.6644292254249,0.00374065420400882,2,"High-High","3"
"E01003820",100.000000000012,0,0,100.000000000012,0,1,"High-High","3"
"E01003821",87.3543902833618,0,0,87.3543902833618,0,1,"High-High","3"
"E01003822",44.6293594931934,0,59.9083117037183,98.5411430619556,5.99652813495609,2,"High-High","2"
"E01003823",8.95650764141497,0,22.8631726817152,30.750667799876,1.06901252325418,2,"High-High","3"
"E01003824",24.8081029624728,0,23.2985804391721,48.106683401645,0,2,"High-High","3"
"E01003825",28.2876906957684,0,0,28.2876906957684,0,1,"High-High","3"
"E01003826",0.10771079600868,0,63.441433314257,63.5491441102657,0,2,"High-High","2"
"E01003827",0,0,99.9999999999999,99.9999999999999,0,1,"High-High","2"
"E01003828",65.0147261356616,0,0,65.0147261356616,0,1,"High-High","3"
"E01003829",94.4927175918213,0,0,94.4927175918213,0,1,"High-High","3"
"E01003830",99.9557646407047,0,0,99.9557646407047,0,1,"High-High","3"
"E01003831",99.9999999999864,0,0,99.9999999999864,0,1,"High-High","3"
"E01003832",99.9999999999828,0,0,99.9999999999828,0,1,"High-High","3"
"E01003833",99.3352468784724,0,0,99.3352468784724,0,1,"High-High","3"
"E01003834",65.7261009337627,0,0,65.7261009337627,0,1,"High-High","3"
"E01003835",48.9958072615153,0,8.47076520653299,53.4639194270996,4.00265304094868,2,"High-High","3"
"E01003836",38.2877177659465,0,83.861963626736,84.717276136302,37.4324052563805,2,"High-High","2"
"E01003837",45.4955072517148,0,0,45.4955072517148,0,1,"High-High","3"
"E01003838",0,0,50.8248759151727,50.8248759151727,0,1,"High-High","3"
"E01003839",60.4116708544731,0,0,60.4116708544731,0,1,"High-High","3"
"E01003840",100.000000000005,0,0,100.000000000005,0,1,"High-High","3"
"E01003841",100.000000000013,0,0,100.000000000013,0,1,"High-High","3"
"E01003842",99.9999999999833,0,0,99.9999999999833,0,1,"High-High","3"
"E01003843",100.000000000029,0,0,100.000000000029,0,1,"High-High","3"
"E01003844",99.9999999999955,0,0,99.9999999999955,0,1,"High-High","3"
"E01003845",100.000000000012,0,0,100.000000000012,0,1,"High-High","3"
"E01003846",99.9999999999584,0,0,99.9999999999584,0,1,"High-High","3"
"E01003847",99.3827018765973,0,0,99.3827018765973,0,1,"High-High","3"
"E01003848",99.9999999999951,0,0,99.9999999999951,0,1,"High-High","3"
"E01003849",99.9999999999841,0,0,99.9999999999841,0,1,"High-High","3"
"E01003851",100.000000000008,0,0,100.000000000008,0,1,"High-High","3"
"E01003852",99.9999999999945,0,95.4838906912784,99.9999999999945,95.4838906912784,2,"High-High","2"
"E01003853",100.00000000002,0,100.00000000002,100.00000000002,100.00000000002,2,"High-High","2"
"E01003854",88.3436560617387,0,99.988109558175,100.000000000014,88.3317656198995,2,"High-High","2"
"E01003855",100.000000000003,0,0,100.000000000003,0,1,"High-High","3"
"E01003856",99.9999999999964,0,0.0739551102399205,99.9999999999964,0.0739551102399219,2,"High-High","3"
"E01003857",100.000000000036,0,50.651609550903,100.000000000036,50.651609550903,2,"High-High","2"
"E01003858",100.000000000011,0,12.6253813202064,100.000000000011,12.6253813202064,2,"High-High","3"
"E01003859",99.9999999999961,0,0,99.9999999999961,0,1,"High-High","3"
"E01003860",99.8448728243735,0,0,99.8448728243735,0,1,"High-High","3"
"E01003861",100.000000000009,0,0,100.000000000009,0,1,"High-High","3"
"E01003862",99.9999999999999,0,0,99.9999999999999,0,1,"High-High","3"
"E01003863",99.9999999999982,0,0,99.9999999999982,0,1,"High-High","3"
"E01003864",99.999999999987,0,0,99.999999999987,0,1,"High-High","3"
"E01003865",99.9999999999942,0,0,99.9999999999942,0,1,"High-High","3"
"E01003866",100.000000000012,100.000000000012,0,100.000000000012,100.000000000012,2,"High-High","1"
"E01003867",99.9999999999875,99.9999999999875,0,99.9999999999875,99.9999999999875,2,"High-High","1"
"E01003868",100.000000000046,32.3493652666801,0,100.000000000046,32.3493652666801,2,"High-High","3"
"E01003869",100.000000000036,100.000000000036,0,100.000000000036,100.000000000036,2,"High-High","1"
"E01003870",100.000000000001,93.7027301315828,0,100.000000000001,93.7027301315828,2,"High-High","1"
"E01003871",100.000000000002,88.6857165877132,0,100.000000000002,88.6857165877132,2,"High-High","1"
"E01003872",100.000000000003,39.1844919908234,0,100.000000000003,39.1844919908234,2,"High-High","3"
"E01003873",100.000000000033,0,0,100.000000000033,0,1,"High-High","3"
"E01003874",99.9999999999926,0,0,99.9999999999926,0,1,"High-High","3"
"E01003875",91.3539037601274,0,0,91.3539037601274,0,1,"High-High","3"
"E01003876",99.9999999999988,0,0,99.9999999999988,0,1,"High-High","3"
"E01003877",100.000000000025,0,0,100.000000000025,0,1,"High-High","3"
"E01003878",30.8671933798498,0,0,30.8671933798498,0,1,"High-High","3"
"E01003879",100.000000000022,0,0,100.000000000022,0,1,"High-High","3"
"E01003880",99.999999999992,0,0,99.999999999992,0,1,"High-High","3"
"E01003881",97.4907857662695,0,70.0428893083896,100.000000000042,67.5336750746168,2,"High-High","2"
"E01003882",99.9999999999679,5.06831840751767,0,99.9999999999679,5.06831840751767,2,"High-High","3"
"E01003883",100.000000000017,3.65588396828433,0,100.000000000017,3.65588396828433,2,"High-High","3"
"E01003884",100.000000000013,0,0,100.000000000013,0,1,"High-High","3"
"E01003885",99.9999999999969,0,22.3523394282653,99.9999999999969,22.3523394282653,2,"High-High","3"
"E01003886",47.5898184368032,0,100.000000000009,100.000000000009,47.5898184368032,2,"High-High","2"
"E01003887",15.5117503058996,0,99.9999999999991,99.9999999999991,15.5117503058996,2,"High-High","2"
"E01003888",68.7925397718004,0,100.000000000009,100.000000000009,68.7925397718004,2,"High-High","2"
"E01003889",3.3810539596241,0,40.1827779568775,41.5228087785871,2.04102313791454,2,"High-High","3"
"E01003890",80.1334209497859,0,100.000000000011,100.000000000011,80.1334209497859,2,"High-High","2"
"E01003891",100.000000000011,0,97.1531499095141,100.000000000011,97.1531499095142,2,"High-High","2"
"E01003892",100.000000000001,0,0,100.000000000001,0,1,"High-High","3"
"E01003893",100.000000000009,0,0,100.000000000009,0,1,"High-High","3"
"E01003894",99.9999999999483,0,0,99.9999999999483,0,1,"High-High","3"
"E01003895",99.9999999999965,7.28633968737959,0,99.9999999999965,7.28633968737958,2,"High-High","3"
"E01003896",100.000000000024,6.35579234390155,0,100.000000000024,6.35579234390156,2,"High-High","3"
"E01003897",99.9999999999743,26.6965262001013,0,99.9999999999743,26.6965262001013,2,"High-High","3"
"E01003898",100.00000000008,0,0,100.00000000008,0,1,"High-High","3"
"E01003899",99.9999999999331,0,0,99.9999999999331,0,1,"High-High","3"
"E01003900",97.4288990510453,0,0.00847908978311919,97.4288990510453,0.00847908978312262,2,"High-High","3"
"E01003901",100.000000000005,0,0,100.000000000005,0,1,"High-High","3"
"E01003903",59.9239234259182,0,0,59.9239234259182,0,1,"High-High","3"
"E01003904",99.9999999999953,0,0,99.9999999999953,0,1,"High-High","3"
"E01003905",99.9999999999966,83.5987168108138,0,99.9999999999966,83.5987168108138,2,"High-High","1"
"E01003906",99.9999999999906,0.785333220881328,0,99.9999999999906,0.785333220881327,2,"High-High","3"
"E01003907",99.9999999999843,0,0,99.9999999999843,0,1,"High-High","3"
"E01003908",99.9999999999861,0,0,99.9999999999861,0,1,"High-High","3"
"E01003909",99.9999999999958,0,0,99.9999999999958,0,1,"High-High","3"
"E01003910",100.000000000004,56.1093969555907,0,100.000000000004,56.1093969555907,2,"High-High","1"
"E01003911",100.000000000018,0,0,100.000000000018,0,1,"High-High","3"
"E01003912",99.9999999999862,0,0,99.9999999999862,0,1,"High-High","3"
"E01003913",99.9999999999793,0,0,99.9999999999793,0,1,"High-High","3"
"E01003914",99.9999999999915,0,0,99.9999999999915,0,1,"High-High","3"
"E01003915",100.000000000001,0,0,100.000000000001,0,1,"High-High","3"
"E01003916",99.9999999999916,0,48.1779192239467,99.9999999999916,48.1779192239467,2,"High-High","2"
"E01003917",99.999999999953,0,0,99.999999999953,0,1,"High-High","3"
"E01003918",99.9999999999779,0,0,99.9999999999779,0,1,"High-High","3"
"E01003919",99.9999999999943,0,0,99.9999999999943,0,1,"High-High","3"
"E01003920",99.9999999999725,0,0,99.9999999999725,0,1,"High-High","3"
"E01003921",100.000000000008,0,0,100.000000000008,0,1,"High-High","3"
"E01003922",99.999999999993,0,0,99.999999999993,0,1,"High-High","3"
"E01003923",99.9999999999894,0,19.3599278077858,99.9999999999894,19.3599278077858,2,"High-High","3"
"E01003924",100.000000000017,0,0,100.000000000017,0,1,"High-High","3"
"E01003925",99.9999999999954,0,0,99.9999999999954,0,1,"High-High","3"
"E01003926",99.9999999999873,0,49.0057380640945,99.9999999999873,49.0057380640945,2,"High-High","2"
"E01003927",99.9999999999993,0,0,99.9999999999993,0,1,"High-High","3"
"E01003929",100.000000000019,0,0,100.000000000019,0,1,"High-High","3"
"E01003930",100.000000000001,0,0,100.000000000001,0,1,"High-High","3"
"E01003932",100.000000000044,0,7.67142446186648,100.000000000044,7.67142446186648,2,"High-High","3"
"E01003933",99.9999999999667,0,86.8532348334744,99.9999999999667,86.8532348334744,2,"High-High","2"
"E01003934",100.000000000008,0,0,100.000000000008,0,1,"High-High","3"
"E01003935",100.00000000001,0,0,100.00000000001,0,1,"High-High","3"
"E01003936",99.9999999999913,0,0,99.9999999999913,0,1,"High-High","3"
"E01003937",99.9999999999832,0,0,99.9999999999832,0,1,"High-High","3"
"E01003938",99.9999999999922,0,0,99.9999999999922,0,1,"High-High","3"
"E01003939",100.000000000011,0,0,100.000000000011,0,1,"High-High","3"
"E01003940",99.9999999999931,0,58.6766706635588,99.9999999999931,58.6766706635588,2,"High-High","2"
"E01003941",99.99999999996,0,99.9176148345054,99.99999999996,99.9176148345054,2,"High-High","2"
"E01003942",100.000000000016,0,66.7342355285028,100.000000000016,66.7342355285028,2,"High-High","2"
"E01003943",100.000000000031,0,0,100.000000000031,0,1,"High-High","3"
"E01003945",99.8005109419239,0,0,99.8005109419239,0,1,"High-High","3"
"E01003946",99.8823233496187,0,0,99.8823233496187,0,1,"High-High","3"
"E01003947",100.000000000021,0,0,100.000000000021,0,1,"High-High","3"
"E01003948",98.3342441389808,0,0,98.3342441389808,0,1,"High-High","3"
"E01003949",99.9999999999609,0,0,99.9999999999609,0,1,"High-High","3"
"E01003950",99.9999999999986,0,0,99.9999999999986,0,1,"High-High","3"
"E01003951",99.9999999999996,0,0,99.9999999999996,0,1,"High-High","3"
"E01003952",99.9999999999944,0,0,99.9999999999944,0,1,"High-High","3"
"E01003953",99.9999999999842,0,0,99.9999999999842,0,1,"High-High","3"
"E01003954",99.9999999999917,0,0,99.9999999999917,0,1,"High-High","3"
"E01003955",99.999999999945,0,0,99.999999999945,0,1,"High-High","3"
"E01003956",87.8924766125327,0,0,87.8924766125327,0,1,"High-High","3"
"E01003957",98.2265494079598,0,0,98.2265494079598,0,1,"High-High","3"
"E01003958",48.3816509040366,0,0,48.3816509040366,0,1,"High-High","3"
"E01003960",99.9999999999849,0,99.9999514670317,99.9999999999849,99.9999514670317,2,"High-High","2"
"E01003961",100.000000000045,0,100.000000000045,100.000000000045,100.000000000045,2,"High-High","2"
"E01003963",99.9999999999673,0,88.2423430053089,99.9999999999673,88.2423430053089,2,"High-High","2"
"E01003964",100.000000000001,0,100.000000000001,100.000000000001,100.000000000001,2,"High-High","2"
"E01003966",100.000000000068,0,100.000000000068,100.000000000068,100.000000000068,2,"High-High","2"
"E01003967",100.000000000033,0,91.5200065218481,100.000000000033,91.5200065218481,2,"High-High","2"
"E01003968",99.9999999999783,0,99.9999999999783,99.9999999999783,99.9999999999783,2,"High-High","2"
"E01003969",100.00000000002,0,37.8103426270984,100.00000000002,37.8103426270984,2,"High-High","3"
"E01003970",99.9999999999991,0,99.9999999999991,99.9999999999991,99.9999999999991,2,"High-High","2"
"E01003971",99.9999999999981,0,99.9999999999981,99.9999999999981,99.9999999999981,2,"High-High","2"
"E01003972",99.999999999993,0,99.999999999993,99.999999999993,99.999999999993,2,"High-High","2"
"E01003973",99.9999999999694,0,83.2605915046744,99.9999999999694,83.2605915046744,2,"High-High","2"
"E01003974",99.999999999967,0,99.999999999967,99.999999999967,99.999999999967,2,"High-High","2"
"E01003975",100.000000000062,0,100.000000000062,100.000000000062,100.000000000062,2,"High-High","2"
"E01003976",99.9999999999989,0,93.2982273231494,99.9999999999989,93.2982273231494,2,"High-High","2"
"E01003977",99.9999999999914,0,99.9999999999914,99.9999999999914,99.9999999999914,2,"High-High","2"
"E01003978",100.000000000007,0,100.000000000007,100.000000000007,100.000000000007,2,"High-High","2"
"E01003979",99.9999999999989,0,99.9999999999989,99.9999999999989,99.9999999999989,2,"High-High","2"
"E01003980",100.000000000014,0,100.000000000014,100.000000000014,100.000000000014,2,"High-High","2"
"E01003981",100.00000000001,0,0,100.00000000001,0,1,"High-High","3"
"E01003983",100.000000000006,0,47.6769233014096,100.000000000006,47.6769233014096,2,"High-High","2"
"E01003984",100.00000000001,0,0,100.00000000001,0,1,"High-High","3"
"E01003986",99.9999999999892,99.9999999999892,0.0922356035641761,99.9999999999892,100.092235603553,3,"High-High","1"
"E01003987",100.000000000021,57.9081816214583,28.9327570379258,100.000000000021,86.8409386593841,3,"High-High","1"
"E01003988",99.9999999999922,1.13314682668725,18.741429847148,99.9999999999922,19.8745766738352,3,"High-High","3"
"E01003989",100.000000000023,0,95.12293469525,100.000000000023,95.12293469525,2,"High-High","2"
"E01003990",100.000000000019,0,95.2029418737817,100.000000000019,95.2029418737817,2,"High-High","2"
"E01003991",99.9999999999939,0,68.718268224605,99.9999999999939,68.718268224605,2,"High-High","2"
"E01003992",100.000000000001,0,100.000000000001,100.000000000001,100.000000000001,2,"High-High","2"
"E01003993",100.000000000002,0,100.000000000002,100.000000000002,100.000000000002,2,"High-High","2"
"E01003994",100.000000000001,0,76.8913311112461,100.000000000001,76.8913311112461,2,"High-High","2"
"E01003995",100.000000000025,0,100.000000000025,100.000000000025,100.000000000025,2,"High-High","2"
"E01003997",99.9999999999919,0,58.9323612407824,99.9999999999919,58.9323612407824,2,"High-High","2"
"E01003998",100.000000000001,0,100.000000000001,100.000000000001,100.000000000001,2,"High-High","2"
"E01003999",100.000000000018,0,100.000000000018,100.000000000018,100.000000000018,2,"High-High","2"
"E01004000",99.9999999999903,0,0,99.9999999999903,0,1,"High-High","3"
"E01004001",100.000000000008,0,0,100.000000000008,0,1,"High-High","3"
"E01004002",43.5645001966065,0,0,43.5645001966065,0,1,"High-High","3"
"E01004003",100.00000000002,0,0,100.00000000002,0,1,"High-High","3"
"E01004004",100.000000000005,0,0,100.000000000005,0,1,"High-High","3"
"E01004005",100.000000000047,0,0,100.000000000047,0,1,"High-High","3"
"E01004006",99.99999999996,0,0,99.99999999996,0,1,"High-High","3"
"E01004007",100.000000000035,0,80.9444530848303,100.000000000035,80.9444530848303,2,"High-High","2"
"E01004008",99.9999999999947,0,0,99.9999999999947,0,1,"High-High","3"
"E01004010",100.000000000022,0,0,100.000000000022,0,1,"High-High","3"
"E01004011",100.000000000033,0,53.201800102887,100.000000000033,53.201800102887,2,"High-High","2"
"E01004012",99.9999999999806,0,99.9860253643171,99.9999999999806,99.9860253643171,2,"High-High","2"
"E01004013",99.9999999999863,0,0.169485947584579,99.9999999999863,0.169485947584576,2,"High-High","3"
"E01004014",99.9999999999908,0,99.9999999999908,99.9999999999908,99.9999999999908,2,"High-High","2"
"E01004015",100.000000000001,0,0,100.000000000001,0,1,"High-High","3"
"E01004016",10.9921958108889,0,0,10.9921958108889,0,1,"High-High","3"
"E01004017",64.3535624795842,0,0,64.3535624795842,0,1,"High-High","3"
"E01004018",99.8484485426305,0,0,99.8484485426305,0,1,"High-High","3"
"E01004019",100.000000000009,0,0,100.000000000009,0,1,"High-High","3"
"E01004020",99.7405803233283,0,0,99.7405803233283,0,1,"High-High","3"
"E01004021",99.9999999999692,0,0,99.9999999999692,0,1,"High-High","3"
"E01004022",99.9999999999881,20.0109487799183,72.5714008522162,99.9999999999881,92.5823496321345,3,"High-High","2"
"E01004023",99.9999999999922,33.9282086430152,1.09790865262365,99.9999999999922,35.0261172956389,3,"High-High","3"
"E01004024",100.000000000038,100.000000000038,43.3350198234979,100.000000000038,143.335019823536,3,"High-High","1"
"E01004027",100.000000000004,0,5.71361791279265,100.000000000004,5.71361791279266,2,"High-High","3"
"E01004028",100.000000000003,0,63.4986304845524,100.000000000003,63.4986304845524,2,"High-High","2"
"E01004029",100.000000000025,100.000000000025,0,100.000000000025,100.000000000025,2,"High-High","1"
"E01004030",83.5615743374148,99.999999999995,0,99.999999999995,83.5615743374148,2,"High-High","1"
"E01004031",100.000000000001,100.000000000001,0,100.000000000001,100.000000000001,2,"High-High","1"
"E01004032",99.999999999996,99.999999999996,0,99.999999999996,99.999999999996,2,"High-High","1"
"E01004033",97.183855046676,100.000000000005,0,100.000000000005,97.183855046676,2,"High-High","1"
"E01004034",100.000000000002,100.000000000002,0,100.000000000002,100.000000000002,2,"High-High","1"
"E01004035",100.000000000004,100.000000000004,2.3935916245749,100.000000000004,102.393591624579,3,"High-High","1"
"E01004036",100.000000000027,100.000000000027,0,100.000000000027,100.000000000027,2,"High-High","1"
"E01004037",99.999999999972,87.710389262767,78.3368545443675,99.999999999972,166.047243807135,3,"High-High","1"
"E01004038",100.000000000014,3.26135799044716,100.000000000014,100.000000000014,103.261357990462,3,"High-High","2"
"E01004039",100.000000000032,0,100.000000000032,100.000000000032,100.000000000032,2,"High-High","2"
"E01004040",100.000000000019,0,100.000000000019,100.000000000019,100.000000000019,2,"High-High","2"
"E01004041",100.000000000008,0,100.000000000008,100.000000000008,100.000000000008,2,"High-High","2"
"E01004042",100.000000000008,33.4750760767658,100.000000000008,100.000000000008,133.475076076773,3,"High-High","2"
"E01004043",100.000000000009,0,100.000000000009,100.000000000009,100.000000000009,2,"High-High","2"
"E01004044",99.9999999999996,0,99.9999999999996,99.9999999999996,99.9999999999996,2,"High-High","2"
"E01004045",99.9999999999973,0,0,99.9999999999973,0,1,"High-High","3"
"E01004046",99.9999999999909,0,0,99.9999999999909,0,1,"High-High","3"
"E01004047",100.000000000004,0,0,100.000000000004,0,1,"High-High","3"
"E01004048",100.000000000021,0,0,100.000000000021,0,1,"High-High","3"
"E01004049",100.000000000014,0,0,100.000000000014,0,1,"High-High","3"
"E01004050",99.9999999999926,0,0,99.9999999999926,0,1,"High-High","3"
"E01004051",100.000000000001,0,0,100.000000000001,0,1,"High-High","3"
"E01004052",100.000000000054,0,0,100.000000000054,0,1,"High-High","3"
"E01004053",99.9999999999898,87.3181024708019,0,99.9999999999898,87.3181024708019,2,"High-High","1"
"E01004054",100.000000000022,0,0,100.000000000022,0,1,"High-High","3"
"E01004055",99.9999999999632,74.5208491596286,0,99.9999999999632,74.5208491596286,2,"High-High","1"
"E01004056",99.9999999999891,76.07593462329,0,99.9999999999891,76.07593462329,2,"High-High","1"
"E01004057",100.000000000018,100.000000000018,0,100.000000000018,100.000000000018,2,"High-High","1"
"E01004058",100.00000000001,100.00000000001,0,100.00000000001,100.00000000001,2,"High-High","1"
"E01004059",99.9999999999763,99.9999999999763,0,99.9999999999763,99.9999999999763,2,"High-High","1"
"E01004060",100.00000000003,100.00000000003,0,100.00000000003,100.00000000003,2,"High-High","1"
"E01004061",99.9999999999994,0,0,99.9999999999994,0,1,"High-High","3"
"E01004062",99.9999999999857,0,0,99.9999999999857,0,1,"High-High","3"
"E01004063",99.9999999999882,0,0,99.9999999999882,0,1,"High-High","3"
"E01004064",99.9999999999588,0,0,99.9999999999588,0,1,"High-High","3"
"E01004065",100.00000000002,0,0,100.00000000002,0,1,"High-High","3"
"E01004066",100.00000000001,0,0,100.00000000001,0,1,"High-High","3"
"E01004067",99.9999999999713,0,0,99.9999999999713,0,1,"High-High","3"
"E01004068",100.000000000045,0,0,100.000000000045,0,1,"High-High","3"
"E01004069",94.147295107871,0,0,94.147295107871,0,1,"High-High","3"
"E01004070",99.9560326984002,0,0,99.9560326984002,0,1,"High-High","3"
"E01004071",98.7153205123419,0,0,98.7153205123419,0,1,"High-High","3"
"E01004072",38.8069112580459,0,0,38.8069112580459,0,1,"High-High","3"
"E01004073",99.9999999999958,0,0,99.9999999999958,0,1,"High-High","3"
"E01004074",99.9999999999907,0,0,99.9999999999907,0,1,"High-High","3"
"E01004075",34.9407697606263,0,0,34.9407697606263,0,1,"High-High","3"
"E01004076",1.29083747070126,0,0,1.29083747070126,0,1,"High-High","3"
"E01004077",0,0,0,0,0,0,"High-High","3"
"E01004078",0,0,0,0,0,0,"High-High","3"
"E01004079",70.0932627231499,0,0,70.0932627231499,0,1,"High-High","3"
"E01004080",0,0,0,0,0,0,"High-High","3"
"E01004081",48.1924889184274,0,0,48.1924889184274,0,1,"High-High","3"
"E01004082",0,0,0,0,0,0,"High-High","3"
"E01004083",0,0,0,0,0,0,"High-High","3"
"E01004084",13.1982392818576,0,0,13.1982392818576,0,1,"High-High","3"
"E01004085",19.9944456743444,19.7935764633361,0,27.7423755102081,12.0456466274724,2,"High-High","3"
"E01004086",45.1970368689182,0,0,45.1970368689182,0,1,"High-High","3"
"E01004087",92.0822508979064,0,0,92.0822508979064,0,1,"High-High","3"
"E01004088",0,0,0,0,0,0,"High-High","3"
"E01004089",49.4151314877811,0,0,49.4151314877811,0,1,"High-High","3"
"E01004090",33.3367404092603,0,0,33.3367404092603,0,1,"High-High","3"
"E01004091",1.90698784807407,0,0,1.90698784807407,0,1,"High-High","3"
"E01004092",77.2686594737124,0,0,77.2686594737124,0,1,"High-High","3"
"E01004093",44.5132923723511,0,0,44.5132923723511,0,1,"High-High","3"
"E01004094",0,0,0,0,0,0,"High-High","3"
"E01004095",84.6119106247151,0,0,84.6119106247151,0,1,"High-High","3"
"E01004096",100.000000000016,0,0,100.000000000016,0,1,"High-High","3"
"E01004097",100.000000000021,0,0,100.000000000021,0,1,"High-High","3"
"E01004098",60.3487428115275,0,0,60.3487428115275,0,1,"High-High","3"
"E01004099",47.0505969189654,0,0,47.0505969189654,0,1,"High-High","3"
"E01004100",98.5369620619616,0,0,98.5369620619616,0,1,"High-High","3"
"E01004101",100.000000000056,0,0,100.000000000056,0,1,"High-High","3"
"E01004102",91.9553460579131,0,0,91.9553460579131,0,1,"High-High","3"
"E01004103",100.000000000007,0,0,100.000000000007,0,1,"High-High","3"
"E01004104",80.5707158277242,0,0,80.5707158277242,0,1,"High-High","3"
"E01004105",12.8818559216487,0,0,12.8818559216487,0,1,"High-High","3"
"E01004106",7.0380704760934,0,0,7.0380704760934,0,1,"High-High","3"
"E01004107",69.4210463166199,0,0,69.4210463166199,0,1,"High-High","3"
"E01004108",5.54156649672622,0,0,5.54156649672622,0,1,"High-High","3"
"E01004109",41.809622293838,0,40.3460558127956,69.366849320992,12.7888287856415,2,"High-High","3"
"E01004110",99.9999999999602,0,0,99.9999999999602,0,1,"High-High","3"
"E01004111",100.000000000002,1.60798760898162,0,100.000000000002,1.60798760898162,2,"High-High","3"
"E01004112",78.940399486595,0,0,78.940399486595,0,1,"High-High","3"
"E01004114",15.035535685291,0,0,15.035535685291,0,1,"High-High","3"
"E01004115",99.9999999999602,71.508765682493,0,99.9999999999602,71.508765682493,2,"High-High","1"
"E01004116",63.6700292708206,0,0,63.6700292708206,0,1,"High-High","3"
"E01004117",0.159655852790778,0,0,0.159655852790778,0,1,"High-High","3"
"E01004118",99.9999999999926,12.3110980096668,0,99.9999999999926,12.3110980096668,2,"High-High","3"
"E01004119",99.9999999999834,86.7917331525735,0,99.9999999999834,86.7917331525735,2,"High-High","1"
"E01004120",99.9999999999829,3.40676623402581,0,99.9999999999829,3.40676623402581,2,"High-High","3"
"E01004121",56.4452452668584,0,0,56.4452452668584,0,1,"High-High","3"
"E01004122",91.9770981052271,0,0,91.9770981052271,0,1,"High-High","3"
"E01004123",70.3168112808161,0,0,70.3168112808161,0,1,"High-High","3"
"E01004124",97.0080067614673,67.2472626749852,0,97.0080067614673,67.2472626749852,2,"High-High","1"
"E01004125",0.209521544484,0,0,0.209521544484,0,1,"High-High","3"
"E01004126",46.341347821841,0,0,46.341347821841,0,1,"High-High","3"
"E01004127",28.6500608271947,0,0,28.6500608271947,0,1,"High-High","3"
"E01004128",100.000000000024,0,0,100.000000000024,0,1,"High-High","3"
"E01004129",52.8942023263086,0,0,52.8942023263086,0,1,"High-High","3"
"E01004130",99.9999999999839,99.9999999999839,0,99.9999999999839,99.9999999999839,2,"High-High","1"
"E01004131",100.000000000013,100.000000000013,0,100.000000000013,100.000000000013,2,"High-High","1"
"E01004132",99.9999999999866,99.9999999999866,0,99.9999999999866,99.9999999999866,2,"High-High","1"
"E01004133",100.000000000002,100.000000000002,0,100.000000000002,100.000000000002,2,"High-High","1"
"E01004134",40.8311973336573,81.6196825719269,0,81.6196825719269,40.8311973336573,2,"High-High","1"
"E01004135",57.3271119571453,97.320024097984,0,97.320024097984,57.3271119571453,2,"High-High","1"
"E01004136",99.9999999999882,99.9999999999882,0,99.9999999999882,99.9999999999882,2,"High-High","1"
"E01004137",99.99999999999,0,0,99.99999999999,0,1,"High-High","3"
"E01004138",99.9999999999521,0,0,99.9999999999521,0,1,"High-High","3"
"E01004139",100.000000000022,0,0,100.000000000022,0,1,"High-High","3"
"E01004140",100.000000000038,45.6232760234829,0,100.000000000038,45.6232760234829,2,"High-High","1"
"E01004141",100.000000000046,0,0,100.000000000046,0,1,"High-High","3"
"E01004142",100.000000000043,28.356588920006,0,100.000000000043,28.356588920006,2,"High-High","3"
"E01004143",100.000000000002,77.9817818290134,0,100.000000000002,77.9817818290134,2,"High-High","1"
"E01004144",99.999999999991,52.59820678265,0,99.999999999991,52.59820678265,2,"High-High","1"
"E01004145",100.000000000014,96.4863514732051,0,100.000000000014,96.4863514732051,2,"High-High","1"
"E01004146",100.000000000047,100.000000000047,0,100.000000000047,100.000000000047,2,"High-High","1"
"E01004147",99.9999999999641,11.3683634130073,0,99.9999999999641,11.3683634130073,2,"High-High","3"
"E01004148",99.9999999999854,99.9999999999854,0,99.9999999999854,99.9999999999854,2,"High-High","1"
"E01004149",100.000000000025,43.7874741783144,0,100.000000000025,43.7874741783144,2,"High-High","3"
"E01004150",99.999999999997,0,0,99.999999999997,0,1,"High-High","3"
"E01004151",100.000000000013,0,0,100.000000000013,0,1,"High-High","3"
"E01004152",100.000000000036,0,0,100.000000000036,0,1,"High-High","3"
"E01004153",99.9999999999712,0,0,99.9999999999712,0,1,"High-High","3"
"E01004154",99.999999999998,0,0,99.999999999998,0,1,"High-High","3"
"E01004155",99.999999999994,0,0,99.999999999994,0,1,"High-High","3"
"E01004156",100,0,0,100,0,1,"High-High","3"
"E01004157",99.9999999999718,0,0,99.9999999999718,0,1,"High-High","3"
"E01004158",99.9999999999606,0,0,99.9999999999606,0,1,"High-High","3"
"E01004159",99.9999999999863,99.9999999999863,0,99.9999999999863,99.9999999999863,2,"High-High","1"
"E01004160",99.9999999999976,35.9864999719646,0,99.9999999999976,35.9864999719646,2,"High-High","3"
"E01004161",100.000000000041,37.0473520646424,0,100.000000000041,37.0473520646423,2,"High-High","3"
"E01004162",100.000000000014,0,0,100.000000000014,0,1,"High-High","3"
"E01004163",0,0,0,0,0,0,"High-High","3"
"E01004164",0,0,0,0,0,0,"High-High","3"
"E01004165",30.5333285562672,0,0,30.5333285562672,0,1,"High-High","3"
"E01004166",0,0,0,0,0,0,"High-High","3"
"E01004167",64.0340335563862,0,0,64.0340335563862,0,1,"High-High","3"
"E01004168",100.000000000023,0,0,100.000000000023,0,1,"High-High","3"
"E01004169",0,0,0,0,0,0,"High-High","3"
"E01004170",100.000000000019,0,0,100.000000000019,0,1,"High-High","3"
"E01004171",40.9761118690898,0,0,40.9761118690898,0,1,"High-High","3"
"E01004172",99.9999999999989,0,0,99.9999999999989,0,1,"High-High","3"
"E01004173",99.9999999999939,0,0,99.9999999999939,0,1,"High-High","3"
"E01004174",99.999999999982,0,0,99.999999999982,0,1,"High-High","3"
"E01004175",0,0,0,0,0,0,"High-High","3"
"E01004176",75.5622441592283,0,0,75.5622441592283,0,1,"High-High","3"
"E01004177",100.000000000037,0,0,100.000000000037,0,1,"High-High","3"
"E01004178",99.9999999999926,0,0,99.9999999999926,0,1,"High-High","3"
"E01004179",99.999999999967,0,0,99.999999999967,0,1,"High-High","3"
"E01004180",88.8617592626159,0,0,88.8617592626159,0,1,"High-High","3"
"E01004181",91.6917086921491,0,0,91.6917086921491,0,1,"High-High","3"
"E01004182",100.000000000026,0,0,100.000000000026,0,1,"High-High","3"
"E01004183",0,0,0,0,0,0,"High-High","3"
"E01004184",0,0,0,0,0,0,"High-High","3"
"E01004185",0,0,0,0,0,0,"High-High","3"
"E01004186",0,0,0,0,0,0,"High-High","3"
"E01004187",0,0,0,0,0,0,"High-High","3"
"E01004188",0,0,0,0,0,0,"High-High","3"
"E01004189",0,0,0,0,0,0,"High-High","3"
"E01004190",100.000000000008,0,0,100.000000000008,0,1,"High-High","3"
"E01004191",99.9999999999536,3.2860089115501,0,99.9999999999536,3.2860089115501,2,"High-High","3"
"E01004192",83.5363785458702,0.109436851114747,0,83.6458153969848,1.70530256582424e-13,2,"High-High","3"
"E01004193",93.7876502601548,0,0,93.7876502601548,0,1,"High-High","3"
"E01004194",99.9999999999535,30.5698088040326,0,99.9999999999535,30.5698088040326,2,"High-High","3"
"E01004195",100.000000000032,0,0,100.000000000032,0,1,"High-High","3"
"E01004196",99.9999999999828,33.7463695947342,0,99.9999999999828,33.7463695947342,2,"High-High","3"
"E01004197",100.00000000001,0,53.1328666559642,100.00000000001,53.1328666559642,2,"High-High","2"
"E01004198",100.000000000002,0,0,100.000000000002,0,1,"High-High","3"
"E01004199",100.000000000035,0,0,100.000000000035,0,1,"High-High","3"
"E01004200",99.9999999999795,0,0,99.9999999999795,0,1,"High-High","3"
"E01004201",100.000000000002,0,73.193049488592,100.000000000002,73.193049488592,2,"High-High","2"
"E01004202",99.9999999999804,0,0.0426887108607796,99.9999999999804,0.042688710860773,2,"High-High","3"
"E01004203",100.000000000048,0,0,100.000000000048,0,1,"High-High","3"
"E01004204",100.000000000006,0,0,100.000000000006,0,1,"High-High","3"
"E01004205",100.000000000047,0,0,100.000000000047,0,1,"High-High","3"
"E01004206",100.000000000002,0,0,100.000000000002,0,1,"High-High","3"
"E01004207",99.9999999999585,0,0,99.9999999999585,0,1,"High-High","3"
"E01004208",99.9999999999828,0,0,99.9999999999828,0,1,"High-High","3"
"E01004209",100.00000000001,0,0,100.00000000001,0,1,"High-High","3"
"E01004211",99.9999999999548,0,0,99.9999999999548,0,1,"High-High","3"
"E01004212",100.000000000068,0,0,100.000000000068,0,1,"High-High","3"
"E01004214",99.9999999998875,0,0,99.9999999998875,0,1,"High-High","3"
"E01004215",100.000000000021,0,0,100.000000000021,0,1,"High-High","3"
"E01004216",100.000000000059,0,0,100.000000000059,0,1,"High-High","3"
"E01004217",100.000000000017,0,0,100.000000000017,0,1,"High-High","3"
"E01004218",100.000000000098,0,0,100.000000000098,0,1,"High-High","3"
"E01004219",99.9999999999926,0,0,99.9999999999926,0,1,"High-High","3"
"E01004221",99.9999999999731,0,0,99.9999999999731,0,1,"High-High","3"
"E01004222",100.000000000023,0,6.16240892701971,100.000000000023,6.16240892701971,2,"High-High","3"
"E01004223",100,0,64.9475904787171,100,64.9475904787171,2,"High-High","2"
"E01004224",99.9999999999888,0,0.194749286462645,99.9999999999888,0.194749286462638,2,"High-High","3"
"E01004225",100.000000000037,0,100.000000000037,100.000000000037,100.000000000037,2,"High-High","2"
"E01004226",99.9999999999988,0,0,99.9999999999988,0,1,"High-High","3"
"E01004228",100.000000000035,0,0,100.000000000035,0,1,"High-High","3"
"E01004229",100.000000000012,0,9.15694299204353,100.000000000012,9.15694299204353,2,"High-High","3"
"E01004230",99.999999999996,0,0,99.999999999996,0,1,"High-High","3"
"E01004231",99.9999999999864,0,99.8682856364557,99.9999999999864,99.8682856364557,2,"High-High","2"
"E01004232",100.000000000003,0,0,100.000000000003,0,1,"High-High","3"
"E01004233",99.9999999999928,0,26.8438984269425,99.9999999999928,26.8438984269425,2,"High-High","3"
"E01004234",100.000000000006,0,79.9950759151079,100.000000000006,79.9950759151079,2,"High-High","2"
"E01004235",99.9999999999803,0,99.9999999999803,99.9999999999803,99.9999999999803,2,"High-High","2"
"E01004236",99.9999999999642,0,99.9999999999642,99.9999999999642,99.9999999999642,2,"High-High","2"
"E01004237",100.00000000002,0,100.00000000002,100.00000000002,100.00000000002,2,"High-High","2"
"E01004238",99.9999999999946,0,99.9999999999946,99.9999999999946,99.9999999999946,2,"High-High","2"
"E01004239",100.000000000009,0,100.000000000009,100.000000000009,100.000000000009,2,"High-High","2"
"E01004240",99.9999999999989,0,99.9999999999989,99.9999999999989,99.9999999999989,2,"High-High","2"
"E01004241",100.000000000015,0,80.4399019857521,100.000000000015,80.439901985752,2,"High-High","2"
"E01004242",99.9999999999738,0,89.3306057939615,99.9999999999738,89.3306057939615,2,"High-High","2"
"E01004243",99.9999999999846,0,0,99.9999999999846,0,1,"High-High","3"
"E01004244",100.000000000001,0,0,100.000000000001,0,1,"High-High","3"
"E01004245",99.999999999989,0,19.7670916727128,99.999999999989,19.7670916727128,2,"High-High","3"
"E01004246",100.000000000015,0,44.715746826274,100.000000000015,44.715746826274,2,"High-High","3"
"E01004247",100.000000000041,0,0,100.000000000041,0,1,"High-High","3"
"E01004248",99.9999999999978,0,99.9999999999978,99.9999999999978,99.9999999999978,2,"High-High","2"
"E01004249",99.9999999999923,0,79.9913942967243,99.9999999999923,79.9913942967243,2,"High-High","2"
"E01004250",99.9999999999986,0,40.1323352272925,99.9999999999986,40.1323352272925,2,"High-High","3"
"E01004251",100.000000000039,0,0,100.000000000039,0,1,"High-High","3"
"E01004252",99.9999999999057,0,0,99.9999999999057,0,1,"High-High","3"
"E01004253",100.000000000023,0,0,100.000000000023,0,1,"High-High","3"
"E01004254",99.9999999999854,0,0,99.9999999999854,0,1,"High-High","3"
"E01004255",100.000000000003,0,0,100.000000000003,0,1,"High-High","3"
"E01004256",100.000000000003,0,0,100.000000000003,0,1,"High-High","3"
"E01004257",100.000000000002,0,0,100.000000000002,0,1,"High-High","3"
"E01004258",99.9999999999951,0,0,99.9999999999951,0,1,"High-High","3"
"E01004259",99.9999999999785,0,0,99.9999999999785,0,1,"High-High","3"
"E01004260",99.9999999999679,0,0,99.9999999999679,0,1,"High-High","3"
"E01004261",100.000000000036,0,0,100.000000000036,0,1,"High-High","3"
"E01004262",100.000000000011,0,0,100.000000000011,0,1,"High-High","3"
"E01004263",100.000000000014,0,0,100.000000000014,0,1,"High-High","3"
"E01004264",99.9999999999776,0,0,99.9999999999776,0,1,"High-High","3"
"E01004266",99.9999999999881,0,0,99.9999999999881,0,1,"High-High","3"
"E01004267",99.9999999999907,0,87.6504295038922,99.9999999999907,87.6504295038922,2,"High-High","2"
"E01004268",100.000000000009,0,78.1349470695424,100.000000000009,78.1349470695424,2,"High-High","2"
"E01004269",100,0,7.69638876927273,100,7.69638876927273,2,"High-High","3"
"E01004270",100.000000000009,0,0,100.000000000009,0,1,"High-High","3"
"E01004271",100.000000000008,0,0,100.000000000008,0,1,"High-High","3"
"E01004272",99.9999999999671,0,0,99.9999999999671,0,1,"High-High","3"
"E01004273",99.999999999982,0,0,99.999999999982,0,1,"High-High","3"
"E01004274",99.9999999999772,0,0,99.9999999999772,0,1,"High-High","3"
"E01004275",99.9999999999525,0,0,99.9999999999525,0,1,"High-High","3"
"E01004276",100.000000000017,0,0,100.000000000017,0,1,"High-High","3"
"E01004277",100.000000000002,0,0,100.000000000002,0,1,"High-High","3"
"E01004280",100.000000000042,0,0,100.000000000042,0,1,"High-High","3"
"E01004281",100.000000000007,0,0,100.000000000007,0,1,"High-High","3"
"E01004283",100.000000000017,0,0,100.000000000017,0,1,"High-High","3"
"E01004284",99.9999999999875,0,0,99.9999999999875,0,1,"High-High","3"
"E01004285",99.9999999999858,0,0,99.9999999999858,0,1,"High-High","3"
"E01004286",99.9999999999965,0,0,99.9999999999965,0,1,"High-High","3"
"E01004287",99.999999999988,0,0,99.999999999988,0,1,"High-High","3"
"E01004288",100.000000000033,0,0,100.000000000033,0,1,"High-High","3"
"E01004289",99.9999999999591,0,0,99.9999999999591,0,1,"High-High","3"
"E01004290",100.000000000049,0,0,100.000000000049,0,1,"High-High","3"
"E01004291",100.000000000006,0,0,100.000000000006,0,1,"High-High","3"
"E01004292",99.9999999999667,0,0,99.9999999999667,0,1,"High-High","3"
"E01004293",100.000000000003,0,0,100.000000000003,0,1,"High-High","3"
"E01004294",99.9999999999974,0,0,99.9999999999974,0,1,"High-High","3"
"E01004295",100.000000000017,0,0,100.000000000017,0,1,"High-High","3"
"E01004296",99.9999999999948,0,0,99.9999999999948,0,1,"High-High","3"
"E01004297",100.000000000005,0,0,100.000000000005,0,1,"High-High","3"
"E01004298",100.000000000023,0,0,100.000000000023,0,1,"High-High","3"
"E01004300",100.000000000026,0,0,100.000000000026,0,1,"High-High","3"
"E01004301",99.9999999999881,0,0,99.9999999999881,0,1,"High-High","3"
"E01004302",99.9999999999401,0,0,99.9999999999401,0,1,"High-High","3"
"E01004303",100.000000000004,0,0,100.000000000004,0,1,"High-High","3"
"E01004304",99.9999999999833,0,0,99.9999999999833,0,1,"High-High","3"
"E01004305",99.9999999999794,0,0,99.9999999999794,0,1,"High-High","3"
"E01004306",100.000000000008,0,0,100.000000000008,0,1,"High-High","3"
"E01004307",99.999999999992,0,0,99.999999999992,0,1,"High-High","3"
"E01004308",100.000000000048,0,0,100.000000000048,0,1,"High-High","3"
"E01004309",99.9999999999927,0,0,99.9999999999927,0,1,"High-High","3"
"E01004310",99.9999999999444,0,0,99.9999999999444,0,1,"High-High","3"
"E01004311",100.00000000005,0,0,100.00000000005,0,1,"High-High","3"
"E01004312",99.9999999999946,0,0,99.9999999999946,0,1,"High-High","3"
"E01004313",99.9999999999994,0,0,99.9999999999994,0,1,"High-High","3"
"E01004314",100.000000000034,0,0,100.000000000034,0,1,"High-High","3"
"E01004315",99.9999999999663,0,0,99.9999999999663,0,1,"High-High","3"
"E01004316",100.000000000021,0,0,100.000000000021,0,1,"High-High","3"
"E01004317",100.000000000006,0,0,100.000000000006,0,1,"High-High","3"
"E01004318",100.000000000004,0,0,100.000000000004,0,1,"High-High","3"
"E01004319",100.000000000029,0,0,100.000000000029,0,1,"High-High","3"
"E01004321",100.000000000109,0,0,100.000000000109,0,1,"High-High","3"
"E01004322",99.9999999999826,0,0,99.9999999999826,0,1,"High-High","3"
"E01004323",100.00000000002,0,0,100.00000000002,0,1,"High-High","3"
"E01004324",99.9999999999485,0,0,99.9999999999485,0,1,"High-High","3"
"E01004325",99.9999999999948,0,0,99.9999999999948,0,1,"High-High","3"
"E01004326",99.9999999999779,0,0,99.9999999999779,0,1,"High-High","3"
"E01004327",100.00000000005,0,0,100.00000000005,0,1,"High-High","3"
"E01004328",100.000000000023,0,0,100.000000000023,0,1,"High-High","3"
"E01004329",99.9999999999878,0,0,99.9999999999878,0,1,"High-High","3"
"E01004330",99.9999999999964,0,0,99.9999999999964,0,1,"High-High","3"
"E01004331",100.000000000011,0,0,100.000000000011,0,1,"High-High","3"
"E01004332",99.9999999999745,0,0,99.9999999999745,0,1,"High-High","3"
"E01004333",100.00000000002,0,100.00000000002,100.00000000002,100.00000000002,2,"High-High","2"
"E01004334",100.000000000036,0,32.186814783419,100.000000000036,32.186814783419,2,"High-High","3"
"E01004335",99.9999999999906,0,0,99.9999999999906,0,1,"High-High","3"
"E01004336",99.9999999999816,0,0,99.9999999999816,0,1,"High-High","3"
"E01004337",100.00000000001,0,0,100.00000000001,0,1,"High-High","3"
"E01004338",99.9999999999862,0,0,99.9999999999862,0,1,"High-High","3"
"E01004339",99.9999999999993,0,87.0648587479163,99.9999999999993,87.0648587479163,2,"High-High","2"
"E01004340",99.9999999999812,0,0,99.9999999999812,0,1,"High-High","3"
"E01004341",99.9999999999799,0,2.70350522136303,99.9999999999799,2.70350522136303,2,"High-High","3"
"E01004342",100.000000000031,0,1.62456730621715,100.000000000031,1.62456730621714,2,"High-High","3"
"E01004343",58.5655851608522,0,96.7445031450586,99.999999999998,55.3100883059128,2,"High-High","2"
"E01004344",64.9080485475814,0,76.4933585068609,100.000000000002,41.4014070544408,2,"High-High","2"
"E01004345",99.9999999999937,0,42.0646234310269,99.9999999999937,42.0646234310269,2,"High-High","3"
"E01004346",100.000000000019,0,0,100.000000000019,0,1,"High-High","3"
"E01004347",100.000000000019,0,0,100.000000000019,0,1,"High-High","3"
"E01004348",99.9999999999912,0,0,99.9999999999912,0,1,"High-High","3"
"E01004349",45.1037721761464,0,0,45.1037721761464,0,1,"High-High","3"
"E01004350",51.5239890702106,0,0,51.5239890702106,0,1,"High-High","3"
"E01004351",95.467941036285,0,0,95.467941036285,0,1,"High-High","3"
"E01004352",85.5311290843957,0,0,85.5311290843957,0,1,"High-High","3"
"E01004353",97.1028781291603,0,0,97.1028781291603,0,1,"High-High","3"
"E01004354",99.9999999999971,0,0,99.9999999999971,0,1,"High-High","3"
"E01004355",99.9999999999928,0,0,99.9999999999928,0,1,"High-High","3"
"E01004356",44.275378538181,0,0,44.275378538181,0,1,"High-High","3"
"E01004357",87.5062460410878,0,0,87.5062460410878,0,1,"High-High","3"
"E01004358",100.00000000001,0,0,100.00000000001,0,1,"High-High","3"
"E01004359",99.9999999999884,0,0,99.9999999999884,0,1,"High-High","3"
"E01004360",100.000000000014,0,0,100.000000000014,0,1,"High-High","3"
"E01004361",98.5302867941072,0,0,98.5302867941072,0,1,"High-High","3"
"E01004362",99.8885394956529,0,87.7439454806386,99.9384991579884,87.693985818303,2,"High-High","2"
"E01004363",100.000000000001,0,99.9678322318241,100.000000000001,99.9678322318241,2,"High-High","2"
"E01004364",100.000000000004,0,100.000000000004,100.000000000004,100.000000000004,2,"High-High","2"
"E01004365",99.999999999996,0,99.999999999996,99.999999999996,99.999999999996,2,"High-High","2"
"E01004366",100.000000000006,0,100.000000000006,100.000000000006,100.000000000006,2,"High-High","2"
"E01004367",99.999999999968,0,99.999999999968,99.999999999968,99.999999999968,2,"High-High","2"
"E01004368",99.9999999999664,0,99.9999999999664,99.9999999999664,99.9999999999664,2,"High-High","2"
"E01004369",100.000000000015,0,100.000000000015,100.000000000015,100.000000000015,2,"High-High","2"
"E01004370",99.9999999999829,0,99.9999999999829,99.9999999999829,99.9999999999829,2,"High-High","2"
"E01004371",100.000000000026,0,86.2704949367349,100.000000000026,86.2704949367349,2,"High-High","2"
"E01004372",100.000000000015,0,37.3771510837091,100.000000000015,37.3771510837091,2,"High-High","3"
"E01004373",100.000000000028,0,40.8951004943125,100.000000000028,40.8951004943125,2,"High-High","3"
"E01004374",100.000000000012,0,4.46441933869166,100.000000000012,4.46441933869166,2,"High-High","3"
"E01004375",100.000000000061,0,0,100.000000000061,0,1,"High-High","3"
"E01004376",99.9999999999909,0,0,99.9999999999909,0,1,"High-High","3"
"E01004377",100.000000000014,0,47.0344475617478,100.000000000014,47.0344475617478,2,"High-High","2"
"E01004378",100.000000000006,0,15.3045778168369,100.000000000006,15.304577816837,2,"High-High","3"
"E01004379",90.9378812592634,0,100.000000000056,100.000000000056,90.9378812592634,2,"High-High","2"
"E01004380",93.656926601596,0,74.7891448534824,100.000000000008,68.4460714550704,2,"High-High","2"
"E01004381",38.5082250597294,0,99.9999999999703,99.9999999999703,38.5082250597294,2,"High-High","2"
"E01004382",53.6022087979712,0,99.9999999999883,99.9999999999883,53.6022087979712,2,"High-High","2"
"E01004383",70.8220738351311,0,99.9999999999954,99.9999999999954,70.8220738351311,2,"High-High","2"
"E01004384",100.000000000011,0,5.43052695441604,100.000000000011,5.43052695441604,2,"High-High","3"
"E01004385",31.8172661101462,0,19.2123236587218,44.6039583681123,6.42563140075564,2,"High-High","3"
"E01004386",87.6551471792333,0,76.8882829304122,94.3465237656129,70.1969063440326,2,"High-High","2"
"E01004387",79.4201539564186,0,100.000000000017,100.000000000017,79.4201539564186,2,"High-High","2"
"E01004388",73.3331043885957,0,99.9999999999431,99.9999999999431,73.3331043885956,2,"High-High","2"
"E01004389",97.0113973026372,0,0,97.0113973026372,0,1,"High-High","3"
"E01004390",67.0292083265689,0,0,67.0292083265689,0,1,"High-High","3"
"E01004391",100.000000000012,0,19.1942949244335,100.000000000012,19.1942949244335,2,"High-High","3"
"E01004392",99.9999999999863,0,0,99.9999999999863,0,1,"High-High","3"
"E01004393",100.000000000023,0,0,100.000000000023,0,1,"High-High","3"
"E01004394",99.999999999922,0,0,99.999999999922,0,1,"High-High","3"
"E01004395",80.3016209492751,0,11.6924000875926,81.3797753155206,10.614245721347,2,"High-High","3"
"E01004396",99.9999999999992,0,0,99.9999999999992,0,1,"High-High","3"
"E01004397",100.000000000015,0,20.6352972978861,100.000000000015,20.6352972978861,2,"High-High","3"
"E01004398",95.4365166549954,53.2130646221751,0,95.4365166549954,53.2130646221751,2,"High-High","1"
"E01004399",16.2576442250502,40.9309032019636,0,43.1243249498708,14.0642224771429,2,"High-High","3"
"E01004400",73.4034935532506,0,0,73.4034935532506,0,1,"High-High","3"
"E01004401",99.9999999999913,2.05772927256666,0,99.9999999999913,2.05772927256666,2,"High-High","3"
"E01004402",100.000000000006,0,0,100.000000000006,0,1,"High-High","3"
"E01004403",42.3343488491462,0,0,42.3343488491462,0,1,"High-High","3"
"E01004404",99.9999999999756,0,0,99.9999999999756,0,1,"High-High","3"
"E01004405",100.000000000009,0,100.000000000009,100.000000000009,100.000000000009,2,"High-High","2"
"E01004406",99.9999999999923,0,99.9999999999923,99.9999999999923,99.9999999999923,2,"High-High","2"
"E01004407",100.000000000068,0,0,100.000000000068,0,1,"High-High","3"
"E01004408",99.9999999999976,0,0,99.9999999999976,0,1,"High-High","3"
"E01004409",99.9999999999439,0,39.502167487041,99.9999999999439,39.5021674870409,2,"High-High","3"
"E01004410",99.9999999999782,0,43.1983749389192,99.9999999999782,43.1983749389192,2,"High-High","3"
"E01004411",99.9999999999753,0,97.8753663599183,99.9999999999753,97.8753663599183,2,"High-High","2"
"E01004412",100.000000000024,0,100.000000000024,100.000000000024,100.000000000024,2,"High-High","2"
"E01004413",100.000000000004,0,80.0080669603815,100.000000000004,80.0080669603815,2,"High-High","2"
"E01004414",99.9999999999935,0,5.7578259971617,99.9999999999935,5.7578259971617,2,"High-High","3"
"E01004415",99.9999999999999,0,28.8381418061791,99.9999999999999,28.8381418061791,2,"High-High","3"
"E01004416",100.000000000021,0,100.000000000021,100.000000000021,100.000000000021,2,"High-High","2"
"E01004417",100.000000000002,0,92.5900437393415,100.000000000002,92.5900437393415,2,"High-High","2"
"E01004418",100.000000000028,0,100.000000000028,100.000000000028,100.000000000028,2,"High-High","2"
"E01004419",62.2685328738152,0,99.9999999999835,99.9999999999835,62.2685328738152,2,"High-High","2"
"E01004420",99.9999999999835,0,99.9999999999835,99.9999999999835,99.9999999999835,2,"High-High","2"
"E01004421",99.999999999974,0,99.999999999974,99.999999999974,99.999999999974,2,"High-High","2"
"E01004422",70.7381660643101,0,0.372983665568059,70.7381660643101,0.372983665568057,2,"High-High","3"
"E01004423",99.9999999999902,0,99.9999999999902,99.9999999999902,99.9999999999902,2,"High-High","2"
"E01004424",100.000000000034,0,73.8621630899644,100.000000000034,73.8621630899644,2,"High-High","2"
"E01004425",100.000000000028,0,41.9957561505861,100.000000000028,41.9957561505861,2,"High-High","3"
"E01004426",99.99999999996,0,99.0308110505298,99.99999999996,99.0308110505298,2,"High-High","2"
"E01004427",81.1101111644383,0,6.34880460229811,81.1101111644383,6.34880460229812,2,"High-High","3"
"E01004428",99.9999999999962,0,29.7652470218248,99.9999999999962,29.7652470218248,2,"High-High","3"
"E01004429",99.9999999999945,0,0.00395340043159834,99.9999999999945,0.0039534004315982,2,"High-High","3"
"E01004430",100.000000000007,0,0,100.000000000007,0,1,"High-High","3"
"E01004432",99.9999999999863,0,99.9999999999863,99.9999999999863,99.9999999999863,2,"High-High","2"
"E01004434",97.1350970138987,0,39.9193787318301,97.1350970138987,39.9193787318301,2,"High-High","3"
"E01004435",99.9999999999779,0,88.7371653365881,99.9999999999779,88.7371653365881,2,"High-High","2"
"E01004436",96.3356491239365,0,100.000000000024,100.000000000024,96.3356491239365,2,"High-High","2"
"E01004437",100.000000000005,0,100.000000000005,100.000000000005,100.000000000005,2,"High-High","2"
"E01004438",99.999999999975,0,99.999999999975,99.999999999975,99.999999999975,2,"High-High","2"
"E01004439",100.000000000008,0,100.000000000008,100.000000000008,100.000000000008,2,"High-High","2"
"E01004440",99.9999999999953,0,99.9999999999953,99.9999999999953,99.9999999999953,2,"High-High","2"
"E01004441",100.000000000042,0,100.000000000042,100.000000000042,100.000000000042,2,"High-High","2"
"E01004442",87.3328880257061,0,99.9999999999789,99.9999999999789,87.3328880257061,2,"High-High","2"
"E01004443",99.9999999999988,0,99.9492609501117,99.9999999999988,99.9492609501117,2,"High-High","2"
"E01004444",99.9999999999599,0,27.7345416269117,99.9999999999599,27.7345416269117,2,"High-High","3"
"E01004445",100.000000000014,0,96.3713683980714,100.000000000014,96.3713683980714,2,"High-High","2"
"E01004446",100.000000000013,0,0,100.000000000013,0,1,"High-High","3"
"E01004447",100.000000000013,0,100.000000000013,100.000000000013,100.000000000013,2,"High-High","2"
"E01004448",94.3452590372992,0,5.73881103037776,94.3452590372992,5.73881103037776,2,"High-High","3"
"E01004449",99.9999999999991,0,99.9999999999991,99.9999999999991,99.9999999999991,2,"High-High","2"
"E01004450",100.000000000004,0,0,100.000000000004,0,1,"High-High","3"
"E01004451",99.999999999985,0,0,99.999999999985,0,1,"High-High","3"
"E01004452",100.000000000006,0,0,100.000000000006,0,1,"High-High","3"
"E01004453",94.3782163216374,35.2205046188348,0,100.000000000004,29.5987209404685,2,"High-High","3"
"E01004454",99.9999999999933,0,9.08565719990995,99.9999999999933,9.08565719990996,2,"High-High","3"
"E01004455",76.3292023673627,0,43.8091691188754,86.5433728740401,33.594998612198,2,"High-High","3"
"E01004456",84.4420853086638,35.6474932442975,0,98.9031276379823,21.1864509149789,2,"High-High","3"
"E01004457",99.9999999999715,0,0,99.9999999999715,0,1,"High-High","3"
"E01004458",99.9999999999727,0,0,99.9999999999727,0,1,"High-High","3"
"E01004459",99.9999999999679,0,0,99.9999999999679,0,1,"High-High","3"
"E01004460",100.000000000002,0,0,100.000000000002,0,1,"High-High","3"
"E01004461",100.000000000013,0,0,100.000000000013,0,1,"High-High","3"
"E01004462",100.000000000027,0,0,100.000000000027,0,1,"High-High","3"
"E01004463",99.9999999999997,0,0,99.9999999999997,0,1,"High-High","3"
"E01004464",100.000000000007,0,18.0320215477815,100.000000000007,18.0320215477815,2,"High-High","3"
"E01004465",100.000000000012,0,77.8912948040883,100.000000000012,77.8912948040883,2,"High-High","2"
"E01004466",99.999999999959,0,99.999999999959,99.999999999959,99.999999999959,2,"High-High","2"
"E01004467",100.000000000044,0,43.7844103849533,100.000000000044,43.7844103849533,2,"High-High","3"
"E01004468",94.1688240753511,0,0,94.1688240753511,0,1,"High-High","3"
"E01004469",99.99999999999,0,0,99.99999999999,0,1,"High-High","3"
"E01004470",99.9999999999877,0,0,99.9999999999877,0,1,"High-High","3"
"E01004471",99.9999999999698,0,0,99.9999999999698,0,1,"High-High","3"
"E01004472",60.4373045927487,0,100.000000000019,100.000000000019,60.4373045927487,2,"High-High","2"
"E01004473",92.860296182205,0,99.9999999999892,99.9999999999892,92.860296182205,2,"High-High","2"
"E01004474",99.9999999999538,0,99.9999999999538,99.9999999999538,99.9999999999538,2,"High-High","2"
"E01004475",99.999999999998,0,85.8114357086364,99.999999999998,85.8114357086364,2,"High-High","2"
"E01004476",26.4706795679502,0,99.9999999999835,99.9999999999835,26.4706795679502,2,"High-High","2"
"E01004477",97.8535445928165,0,100.000000000015,100.000000000015,97.8535445928165,2,"High-High","2"
"E01004478",100.000000000004,0,100.000000000004,100.000000000004,100.000000000004,2,"High-High","2"
"E01004479",83.0915270561979,0,92.9627471512256,97.8041134659752,78.2501607414482,2,"High-High","2"
"E01004480",44.3023997481688,0,100.000000000054,100.000000000054,44.3023997481688,2,"High-High","2"
"E01004481",99.9999999999828,0,0,99.9999999999828,0,1,"High-High","3"
"E01004482",100.00000000001,0,0,100.00000000001,0,1,"High-High","3"
"E01004483",99.9999999999993,51.3038958482227,0,99.9999999999993,51.3038958482228,2,"High-High","1"
"E01004484",99.9999999999914,0,0.311360395086974,99.9999999999914,0.311360395086979,2,"High-High","3"
"E01004485",99.9999999999999,0,0,99.9999999999999,0,1,"High-High","3"
"E01004486",99.9999999999958,3.22917471652654,0,99.9999999999958,3.22917471652654,2,"High-High","3"
"E01004487",99.9999999999916,0,0,99.9999999999916,0,1,"High-High","3"
"E01004488",99.9999999999911,0,0,99.9999999999911,0,1,"High-High","3"
"E01004489",100.000000000006,0,0,100.000000000006,0,1,"High-High","3"
"E01004490",99.9999999999602,0,0,99.9999999999602,0,1,"High-High","3"
"E01004491",99.9999999999967,0,0,99.9999999999967,0,1,"High-High","3"
"E01004492",99.9999999999938,0,0,99.9999999999938,0,1,"High-High","3"
"E01004493",99.9999999999857,0,0,99.9999999999857,0,1,"High-High","3"
"E01004494",100.000000000016,0,0,100.000000000016,0,1,"High-High","3"
"E01004495",99.9999999999954,0,0,99.9999999999954,0,1,"High-High","3"
"E01004496",100.000000000075,0,0,100.000000000075,0,1,"High-High","3"
"E01004497",99.9999999999988,0,0,99.9999999999988,0,1,"High-High","3"
"E01004498",100.000000000008,0,0,100.000000000008,0,1,"High-High","3"
"E01004499",99.9999999999801,0,0,99.9999999999801,0,1,"High-High","3"
"E01004500",99.9999999999933,0,0,99.9999999999933,0,1,"High-High","3"
"E01004501",99.9999999999912,0,0,99.9999999999912,0,1,"High-High","3"
"E01004502",99.9999999999976,0,0,99.9999999999976,0,1,"High-High","3"
"E01004503",99.9999999999898,0,0,99.9999999999898,0,1,"High-High","3"
"E01004504",99.9999999999838,0,0,99.9999999999838,0,1,"High-High","3"
"E01004505",99.9999999999973,0,0,99.9999999999973,0,1,"High-High","3"
"E01004506",100.000000000004,0,0,100.000000000004,0,1,"High-High","3"
"E01004507",99.9999999999847,0,0,99.9999999999847,0,1,"High-High","3"
"E01004508",100.00000000003,0,0,100.00000000003,0,1,"High-High","3"
"E01004509",99.9999999999876,0,0,99.9999999999876,0,1,"High-High","3"
"E01004510",100.000000000035,0,0,100.000000000035,0,1,"High-High","3"
"E01004511",100.000000000019,0,0,100.000000000019,0,1,"High-High","3"
"E01004512",100.000000000027,0,0,100.000000000027,0,1,"High-High","3"
"E01004513",99.9999999999965,0,0,99.9999999999965,0,1,"High-High","3"
"E01004514",99.9999999999944,0,0,99.9999999999944,0,1,"High-High","3"
"E01004515",100.000000000001,0,0,100.000000000001,0,1,"High-High","3"
"E01004516",100.000000000002,37.3661971434556,0,100.000000000002,37.3661971434556,2,"High-High","3"
"E01004517",88.3018552061099,99.9999999999998,0,99.9999999999998,88.3018552061099,2,"High-High","1"
"E01004518",99.9999999999821,98.804569458392,0,99.9999999999821,98.8045694583921,2,"High-High","1"
"E01004519",99.9999999999804,0,0,99.9999999999804,0,1,"High-High","3"
"E01004520",100.000000000012,7.95029335337572,0,100.000000000012,7.95029335337573,2,"High-High","3"
"E01004521",99.9999999999785,99.9999999999785,0,99.9999999999785,99.9999999999785,2,"High-High","1"
"E01004522",99.9999999999674,76.7529009554365,0,99.9999999999674,76.7529009554365,2,"High-High","1"
"E01004523",65.8445754494878,78.5828375617708,0,99.9999999999961,44.4274130112626,2,"High-High","1"
"E01004524",37.6917459147472,99.999999999954,0,99.999999999954,37.6917459147472,2,"High-High","1"
"E01004525",100,0,0,100,0,1,"High-High","3"
"E01004526",99.9999999999857,0,0,99.9999999999857,0,1,"High-High","3"
"E01004527",100,0,0,100,0,1,"High-High","3"
"E01004528",99.9999999999924,0,0,99.9999999999924,0,1,"High-High","3"
"E01004529",99.9999999999738,0,0,99.9999999999738,0,1,"High-High","3"
"E01004530",100.000000000001,0,0,100.000000000001,0,1,"High-High","3"
"E01004531",99.9999999999963,0,0,99.9999999999963,0,1,"High-High","3"
"E01004532",99.9999999999659,0,0,99.9999999999659,0,1,"High-High","3"
"E01004533",99.9999999999744,0,0,99.9999999999744,0,1,"High-High","3"
"E01004534",99.9999999999847,0,0,99.9999999999847,0,1,"High-High","3"
"E01004535",100.000000000009,0,0,100.000000000009,0,1,"High-High","3"
"E01004536",100.000000000032,0,0,100.000000000032,0,1,"High-High","3"
"E01004537",99.9999999999965,0,0,99.9999999999965,0,1,"High-High","3"
"E01004538",100.000000000008,0,0,100.000000000008,0,1,"High-High","3"
"E01004539",100.000000000008,0,0,100.000000000008,0,1,"High-High","3"
"E01004540",100.000000000026,0,0,100.000000000026,0,1,"High-High","3"
"E01004541",99.9999999999889,0,0,99.9999999999889,0,1,"High-High","3"
"E01004542",99.9999999999937,0,40.9357711742527,99.9999999999937,40.9357711742527,2,"High-High","3"
"E01004543",100.000000000006,0,0,100.000000000006,0,1,"High-High","3"
"E01004544",100.000000000004,0,100.000000000004,100.000000000004,100.000000000004,2,"High-High","2"
"E01004545",100.000000000041,0,44.9493945898374,100.000000000041,44.9493945898374,2,"High-High","3"
"E01004546",100.000000000031,0,0,100.000000000031,0,1,"High-High","3"
"E01004547",99.9999999999926,0,0,99.9999999999926,0,1,"High-High","3"
"E01004548",99.9999999999958,0,0,99.9999999999958,0,1,"High-High","3"
"E01004549",99.9999999999797,0,0,99.9999999999797,0,1,"High-High","3"
"E01004550",93.1722621806283,0,99.9999999999653,99.9999999999653,93.1722621806283,2,"High-High","2"
"E01004551",100.000000000016,0,0,100.000000000016,0,1,"High-High","3"
"E01004552",99.9999999999776,0,0,99.9999999999776,0,1,"High-High","3"
"E01004553",100.000000000029,0,0,100.000000000029,0,1,"High-High","3"
"E01004554",99.999999999999,0,86.934351572883,99.999999999999,86.934351572883,2,"High-High","2"
"E01004555",100,0,100,100,100,2,"High-High","2"
"E01004556",99.9999999999904,0,55.2676796757807,99.9999999999904,55.2676796757807,2,"High-High","2"
"E01004557",100.000000000009,0,1.16145678675877,100.000000000009,1.16145678675878,2,"High-High","3"
"E01004558",99.9999999999978,0,39.8098233494047,99.9999999999978,39.8098233494048,2,"High-High","3"
"E01004559",87.5830519513604,0,45.5314858929762,87.5830519513604,45.5314858929762,2,"High-High","3"
"E01004560",100.000000000005,0,0,100.000000000005,0,1,"High-High","3"
"E01004562",99.9999999999884,0,17.4969804373137,99.9999999999884,17.4969804373137,2,"High-High","3"
"E01004563",99.9999999999987,0,0,99.9999999999987,0,1,"High-High","3"
"E01004564",99.9999999999987,0,0,99.9999999999987,0,1,"High-High","3"
"E01004565",99.9999999999842,0,0,99.9999999999842,0,1,"High-High","3"
"E01004566",100.000000000031,0,0,100.000000000031,0,1,"High-High","3"
"E01004567",100.000000000084,0,0,100.000000000084,0,1,"High-High","3"
"E01004568",63.0948188952087,0,0,63.0948188952087,0,1,"High-High","3"
"E01004569",0,0,0,0,0,0,"High-High","3"
"E01004570",0,0,0,0,0,0,"High-High","3"
"E01004571",0,0,0,0,0,0,"High-High","3"
"E01004572",68.2755882975786,0,0,68.2755882975786,0,1,"High-High","3"
"E01004573",25.7255788471813,0,0,25.7255788471813,0,1,"High-High","3"
"E01004574",14.6781886786752,0,0,14.6781886786752,0,1,"High-High","3"
"E01004575",87.9572217539486,0,0.92644219649621,87.9572217539486,0.926442196496211,2,"High-High","3"
"E01004576",72.707842422848,0,0,72.707842422848,0,1,"High-High","3"
"E01004577",100.000000000001,0,0,100.000000000001,0,1,"High-High","3"
"E01004579",100.00000000001,0,0,100.00000000001,0,1,"High-High","3"
"E01004580",99.9999999999965,0,0,99.9999999999965,0,1,"High-High","3"
"E01004581",99.9999999999874,0,0,99.9999999999874,0,1,"High-High","3"
"E01004582",100.000000000056,0,0,100.000000000056,0,1,"High-High","3"
"E01004583",99.9999999999668,0,0,99.9999999999668,0,1,"High-High","3"
"E01004584",100.000000000013,0,0,100.000000000013,0,1,"High-High","3"
"E01004585",99.999999999972,0,0,99.999999999972,0,1,"High-High","3"
"E01004586",99.9999999999608,0,7.14945096486961,99.9999999999608,7.1494509648696,2,"High-High","3"
"E01004587",100.000000000025,0,76.5631836003627,100.000000000025,76.5631836003627,2,"High-High","2"
"E01004588",100.000000000069,0,0,100.000000000069,0,1,"High-High","3"
"E01004589",99.999999999999,0,45.5908361023234,99.999999999999,45.5908361023235,2,"High-High","2"
"E01004590",100.000000000021,0,0,100.000000000021,0,1,"High-High","3"
"E01004591",99.99999999997,0,0,99.99999999997,0,1,"High-High","3"
"E01004592",100.000000000006,0,0,100.000000000006,0,1,"High-High","3"
"E01004593",99.9999999999965,0,0,99.9999999999965,0,1,"High-High","3"
"E01004594",99.9999999999983,0,0,99.9999999999983,0,1,"High-High","3"
"E01004595",99.9999999999978,0,0,99.9999999999978,0,1,"High-High","3"
"E01004596",100.000000000027,0,0,100.000000000027,0,1,"High-High","3"
"E01004597",99.9999999999889,0,0,99.9999999999889,0,1,"High-High","3"
"E01004598",99.999999999969,0,0,99.999999999969,0,1,"High-High","3"
"E01004599",99.9999999999827,0,0,99.9999999999827,0,1,"High-High","3"
"E01004600",100.000000000007,0,0,100.000000000007,0,1,"High-High","3"
"E01004601",100.000000000016,0,0,100.000000000016,0,1,"High-High","3"
"E01004602",99.9999999999522,0,0,99.9999999999522,0,1,"High-High","3"
"E01004604",99.9999999999891,0,63.4033901163102,99.9999999999891,63.4033901163102,2,"High-High","2"
"E01004605",99.9999999999622,0,62.6773264308684,99.9999999999622,62.6773264308684,2,"High-High","2"
"E01004606",99.9999999999958,0,0,99.9999999999958,0,1,"High-High","3"
"E01004607",99.9999999999677,0,0,99.9999999999677,0,1,"High-High","3"
"E01004608",100.000000000076,0,0,100.000000000076,0,1,"High-High","3"
"E01004609",100.000000000013,0,0,100.000000000013,0,1,"High-High","3"
"E01004610",100.000000000007,0,0,100.000000000007,0,1,"High-High","3"
"E01004611",99.9999999999948,0,0,99.9999999999948,0,1,"High-High","3"
"E01004612",99.9999999999801,0,0,99.9999999999801,0,1,"High-High","3"
"E01004613",100.000000000006,0,0,100.000000000006,0,1,"High-High","3"
"E01004614",99.9999999999772,0,0,99.9999999999772,0,1,"High-High","3"
"E01004615",100.000000000033,0,0,100.000000000033,0,1,"High-High","3"
"E01004616",99.9999999999612,0,0,99.9999999999612,0,1,"High-High","3"
"E01004617",99.9999999999837,0,0,99.9999999999837,0,1,"High-High","3"
"E01004618",100.000000000025,0,0,100.000000000025,0,1,"High-High","3"
"E01004619",72.1702048854739,0,0,72.1702048854739,0,1,"High-High","3"
"E01004620",99.9999999999833,0,0,99.9999999999833,0,1,"High-High","3"
"E01004621",99.9999999999946,0,0,99.9999999999946,0,1,"High-High","3"
"E01004622",98.3565790816818,0,0,98.3565790816818,0,1,"High-High","3"
"E01004623",99.9999999999735,0,0,99.9999999999735,0,1,"High-High","3"
"E01004624",99.9999999999959,0,0,99.9999999999959,0,1,"High-High","3"
"E01004625",100.000000000007,0,0,100.000000000007,0,1,"High-High","3"
"E01004626",100.000000000007,0,0,100.000000000007,0,1,"High-High","3"
"E01004627",100.000000000022,0,0,100.000000000022,0,1,"High-High","3"
"E01004628",99.999999999996,0,0,99.999999999996,0,1,"High-High","3"
"E01004629",99.9999999999986,0,0,99.9999999999986,0,1,"High-High","3"
"E01004630",100,0,0,100,0,1,"High-High","3"
"E01004631",100.000000000007,0,0,100.000000000007,0,1,"High-High","3"
"E01004632",99.9999999999972,0,0,99.9999999999972,0,1,"High-High","3"
"E01004633",100.000000000002,0,0,100.000000000002,0,1,"High-High","3"
"E01004634",99.9999999999671,0,0,99.9999999999671,0,1,"High-High","3"
"E01004635",100.000000000001,0,0,100.000000000001,0,1,"High-High","3"
"E01004636",100.000000000036,0,0,100.000000000036,0,1,"High-High","3"
"E01004637",99.9999999999956,0,0,99.9999999999956,0,1,"High-High","3"
"E01004638",100.00000000001,0,0,100.00000000001,0,1,"High-High","3"
"E01004639",100.000000000027,0,2.29404595917533,100.000000000027,2.29404595917534,2,"High-High","3"
"E01004640",100.000000000001,0,0,100.000000000001,0,1,"High-High","3"
"E01004641",99.9999999999971,0,10.9745483522875,99.9999999999971,10.9745483522875,2,"High-High","3"
"E01004642",99.999999999985,0,0,99.999999999985,0,1,"High-High","3"
"E01004643",99.9999999999997,0,0,99.9999999999997,0,1,"High-High","3"
"E01004644",74.9893337373806,0,0,74.9893337373806,0,1,"High-High","3"
"E01004645",90.9796583100343,0,0,90.9796583100343,0,1,"High-High","3"
"E01004646",99.9999999999891,0,0,99.9999999999891,0,1,"High-High","3"
"E01004647",100.00000000002,0,0,100.00000000002,0,1,"High-High","3"
"E01004648",99.9999999999921,0,0,99.9999999999921,0,1,"High-High","3"
"E01004649",99.999999999996,0,0,99.999999999996,0,1,"High-High","3"
"E01004650",99.9999999999877,0,0,99.9999999999877,0,1,"High-High","3"
"E01004651",100.000000000048,0,0,100.000000000048,0,1,"High-High","3"
"E01004652",99.9999999999528,0,0,99.9999999999528,0,1,"High-High","3"
"E01004653",100.000000000035,0,0,100.000000000035,0,1,"High-High","3"
"E01004654",100.000000000029,0,0,100.000000000029,0,1,"High-High","3"
"E01004656",100.000000000001,0,0,100.000000000001,0,1,"High-High","3"
"E01004657",99.9999999999903,0,0,99.9999999999903,0,1,"High-High","3"
"E01004658",100.000000000084,0,0,100.000000000084,0,1,"High-High","3"
"E01004659",100.000000000006,0,0,100.000000000006,0,1,"High-High","3"
"E01004660",100.000000000047,0,0,100.000000000047,0,1,"High-High","3"
"E01004661",100.000000000017,0,0,100.000000000017,0,1,"High-High","3"
"E01004662",100.00000000003,0,0,100.00000000003,0,1,"High-High","3"
"E01004663",99.9999999999504,0,0,99.9999999999504,0,1,"High-High","3"
"E01004665",100.00000000001,0,0,100.00000000001,0,1,"High-High","3"
"E01004666",99.9999999999583,0,0,99.9999999999583,0,1,"High-High","3"
"E01004667",100.000000000042,0,0,100.000000000042,0,1,"High-High","3"
"E01004668",100.000000000066,0,0,100.000000000066,0,1,"High-High","3"
"E01004669",100.000000000005,0,0,100.000000000005,0,1,"High-High","3"
"E01004670",100.000000000005,0,0,100.000000000005,0,1,"High-High","3"
"E01004674",99.9999999999505,0,0,99.9999999999505,0,1,"High-High","3"
"E01004675",99.9999999999958,0,0,99.9999999999958,0,1,"High-High","3"
"E01004676",100.000000000026,0,0,100.000000000026,0,1,"High-High","3"
"E01004677",100.000000000025,0,0,100.000000000025,0,1,"High-High","3"
"E01004678",100.000000000048,0,0,100.000000000048,0,1,"High-High","3"
"E01004679",100.000000000117,0,0,100.000000000117,0,1,"High-High","3"
"E01004680",99.9999999999938,0,0,99.9999999999938,0,1,"High-High","3"
"E01004681",99.9999999999746,0,0,99.9999999999746,0,1,"High-High","3"
"E01004682",99.9999999999874,0,0,99.9999999999874,0,1,"High-High","3"
"E01004683",100.000000000031,0,0,100.000000000031,0,1,"High-High","3"
"E01004684",99.999999999982,0,0,99.999999999982,0,1,"High-High","3"
"E01004686",99.9999999999867,0,0,99.9999999999867,0,1,"High-High","3"
"E01004687",99.9999999999871,0,0,99.9999999999871,0,1,"High-High","3"
"E01004688",100.000000000005,0,0,100.000000000005,0,1,"High-High","3"
"E01004689",81.8092557017973,0,0,81.8092557017973,0,1,"High-High","3"
"E01004690",99.9999999999717,0,0,99.9999999999717,0,1,"High-High","3"
"E01004691",98.7315119204077,0,0,98.7315119204077,0,1,"High-High","3"
"E01004692",100.000000000016,0,0,100.000000000016,0,1,"High-High","3"
"E01004693",100.000000000004,0,0,100.000000000004,0,1,"High-High","3"
"E01004694",99.9999999999948,0,0,99.9999999999948,0,1,"High-High","3"
"E01004695",100.00000000002,0,0,100.00000000002,0,1,"High-High","3"
"E01004696",100.000000000003,0,0,100.000000000003,0,1,"High-High","3"
"E01004697",100.000000000001,0,0,100.000000000001,0,1,"High-High","3"
"E01004698",100.000000000051,0,0,100.000000000051,0,1,"High-High","3"
"E01004699",100.000000000034,0,0,100.000000000034,0,1,"High-High","3"
"E01004700",99.9999999999262,0,0,99.9999999999262,0,1,"High-High","3"
"E01004701",100.000000000017,0,0,100.000000000017,0,1,"High-High","3"
"E01004702",99.9999999999924,0,0,99.9999999999924,0,1,"High-High","3"
"E01004703",100.000000000017,0,0,100.000000000017,0,1,"High-High","3"
"E01004705",100.000000000006,0,0,100.000000000006,0,1,"High-High","3"
"E01004706",99.9999999999628,0,0,99.9999999999628,0,1,"High-High","3"
"E01004707",100.000000000001,0,0,100.000000000001,0,1,"High-High","3"
"E01004708",100.00000000005,0,0,100.00000000005,0,1,"High-High","3"
"E01004709",99.9999999999768,0,0,99.9999999999768,0,1,"High-High","3"
"E01004710",99.9999999999802,0,0,99.9999999999802,0,1,"High-High","3"
"E01004711",99.9999999999914,0,0,99.9999999999914,0,1,"High-High","3"
"E01004712",100.000000000073,0,0,100.000000000073,0,1,"High-High","3"
"E01004713",99.9999999999867,0,0,99.9999999999867,0,1,"High-High","3"
"E01004714",100.000000000003,0,0,100.000000000003,0,1,"High-High","3"
"E01004715",100.000000000026,0,0,100.000000000026,0,1,"High-High","3"
"E01004716",99.9999999999977,0,0,99.9999999999977,0,1,"High-High","3"
"E01004717",99.9999999999783,0,0,99.9999999999783,0,1,"High-High","3"
"E01004718",100.000000000021,0,0,100.000000000021,0,1,"High-High","3"
"E01004719",99.9999999999883,0,0,99.9999999999883,0,1,"High-High","3"
"E01004720",100.000000000047,0,0,100.000000000047,0,1,"High-High","3"
"E01004721",100.000000000001,0,0,100.000000000001,0,1,"High-High","3"
"E01004722",99.9999999999687,0,0,99.9999999999687,0,1,"High-High","3"
"E01004723",100.000000000013,0,0,100.000000000013,0,1,"High-High","3"
"E01004724",99.9999999999759,0,0,99.9999999999759,0,1,"High-High","3"
"E01004725",100.000000000027,0,0,100.000000000027,0,1,"High-High","3"
"E01004726",99.9999999999899,0,0,99.9999999999899,0,1,"High-High","3"
"E01004727",100.000000000018,0,0,100.000000000018,0,1,"High-High","3"
"E01004728",100.000000000026,0,0,100.000000000026,0,1,"High-High","3"
"E01004729",99.9999999999486,0,0,99.9999999999486,0,1,"High-High","3"
"E01004730",99.9999999999913,0,0,99.9999999999913,0,1,"High-High","3"
"E01004731",99.9999999999987,0,0,99.9999999999987,0,1,"High-High","3"
"E01004732",99.9999999999677,0,0,99.9999999999677,0,1,"High-High","3"
"E01004733",99.9999999999829,0,4.41182436203953,99.9999999999829,4.41182436203952,2,"High-High","3"
"E01004734",99.9999999999912,0,0,99.9999999999912,0,1,"High-High","3"
"E01004735",99.9999999999959,0,0,99.9999999999959,0,1,"High-High","3"
"E01004736",100.000000000002,0,0,100.000000000002,0,1,"High-High","3"
"E01004737",100.000000000001,0,84.6772551468879,100.000000000001,84.6772551468879,2,"High-High","2"
"E01004738",99.9999999999914,0,7.08511852237379,99.9999999999914,7.08511852237379,2,"High-High","3"
"E01004739",99.9999999999431,0,0,99.9999999999431,0,1,"High-High","3"
"E01004740",100,0,0,100,0,1,"High-High","3"
"E01004741",99.9999999999846,0,6.0326593108442,99.9999999999846,6.0326593108442,2,"High-High","3"
"E01004742",100.000000000021,0,0,100.000000000021,0,1,"High-High","3"
"E01004743",99.9999999999926,0,20.0498603649556,99.9999999999926,20.0498603649556,2,"High-High","3"
"E01004744",99.9999999999907,0,0,99.9999999999907,0,1,"High-High","3"
"E01004745",100.000000000002,0,95.9329808267449,100.000000000002,95.9329808267449,2,"High-High","2"
"E01004746",100.000000000004,0,20.6177988724117,100.000000000004,20.6177988724117,2,"High-High","3"
"E01004747",100.000000000021,0,13.6748886735928,100.000000000021,13.6748886735928,2,"High-High","3"
"E01004748",100.000000000002,0,0,100.000000000002,0,1,"High-High","3"
"E01004749",100.00000000002,0,0,100.00000000002,0,1,"High-High","3"
"E01004750",100.000000000013,0,0,100.000000000013,0,1,"High-High","3"
"E01004751",99.9999999999726,0,0,99.9999999999726,0,1,"High-High","3"
"E01004752",99.999999999984,0,0,99.999999999984,0,1,"High-High","3"
"E01004753",100.000000000023,0,0,100.000000000023,0,1,"High-High","3"
"E01004754",99.9999999999995,0,0,99.9999999999995,0,1,"High-High","3"
"E01004755",99.999999999965,0,0,99.999999999965,0,1,"High-High","3"
"E01004756",100.00000000002,0,0,100.00000000002,0,1,"High-High","3"
"E01004757",100.000000000051,0,0,100.000000000051,0,1,"High-High","3"
"E01004760",99.9999999999969,0,0,99.9999999999969,0,1,"High-High","3"
"E01004761",100.000000000027,0,0,100.000000000027,0,1,"High-High","3"
"E01004762",99.999999999995,0,0,99.999999999995,0,1,"High-High","3"
"E01004763",99.9999999999885,0,0,99.9999999999885,0,1,"High-High","3"
"E01004765",99.9999999999868,0,0,99.9999999999868,0,1,"High-High","3"
"E01032512",100.000000000005,0,0,100.000000000005,0,1,"High-High","3"
"E01032513",100.000000000065,0,0,100.000000000065,0,1,"High-High","3"
"E01032562",99.999999999982,0,0,99.999999999982,0,1,"High-High","3"
"E01032563",100.000000000002,0,0,100.000000000002,0,1,"High-High","3"
"E01032564",99.9999999999899,0,0,99.9999999999899,0,1,"High-High","3"
"E01032565",100.000000000011,0,0,100.000000000011,0,1,"High-High","3"
"E01032566",99.9999999999888,0,44.5188001534371,99.9999999999888,44.5188001534371,2,"High-High","3"
"E01032567",91.4191652464261,0,0,91.4191652464261,0,1,"High-High","3"
"E01032568",99.9999999999971,0,99.9999999999971,99.9999999999971,99.9999999999971,2,"High-High","2"
"E01032569",100,0,100,100,100,2,"High-High","2"
"E01032570",100.000000000003,0,0,100.000000000003,0,1,"High-High","3"
"E01032572",99.9999999999347,0,2.39472401804378,99.9999999999347,2.39472401804377,2,"High-High","3"
"E01032573",99.9999999999642,0,0,99.9999999999642,0,1,"High-High","3"
"E01032574",99.9999999999984,0,0,99.9999999999984,0,1,"High-High","3"
"E01032575",99.9999999999908,0,0,99.9999999999908,0,1,"High-High","3"
"E01032576",100.000000000013,0,0,100.000000000013,0,1,"High-High","3"
"E01032577",99.999999999992,0,0,99.999999999992,0,1,"High-High","3"
"E01032579",100.000000000042,0,9.07444025534922,100.000000000042,9.07444025534922,2,"High-High","3"
"E01032580",99.9999999999616,99.9999999999616,0,99.9999999999616,99.9999999999616,2,"High-High","1"
"E01032581",100.000000000007,100.000000000007,0,100.000000000007,100.000000000007,2,"High-High","1"
"E01032582",99.9999999999886,0,0,99.9999999999886,0,1,"High-High","3"
"E01032583",100.000000000005,0,0,100.000000000005,0,1,"High-High","3"
"E01032584",100.00000000001,0,3.8423629229193,100.00000000001,3.84236292291929,2,"High-High","3"
"E01032623",14.2126974790699,0,0,14.2126974790699,0,1,"High-High","3"
"E01032637",99.9999999999777,0,0,99.9999999999777,0,1,"High-High","3"
"E01032638",99.9999999999822,0,0,99.9999999999822,0,1,"High-High","3"
"E01032639",100.000000000009,0,75.2133866783218,100.000000000009,75.2133866783218,2,"High-High","2"
"E01032640",99.9999999999855,0,0,99.9999999999855,0,1,"High-High","3"
"E01032646",100.000000000038,0,31.2197342408418,100.000000000038,31.2197342408418,2,"High-High","3"
"E01032719",99.9999999999982,0,81.3762410738058,99.9999999999982,81.3762410738058,2,"High-High","2"
"E01032720",100.000000000023,0,4.28503050148008,100.000000000023,4.28503050148008,2,"High-High","3"
"E01032722",100.000000000001,0,34.1370229934697,100.000000000001,34.1370229934697,2,"High-High","3"
"E01032739",100.000000000002,0,0,100.000000000002,0,1,"High-High","3"
"E01032740",100.000000000004,0,0,100.000000000004,0,1,"High-High","3"
"E01032741",100.000000000014,17.9838624714312,0,100.000000000014,17.9838624714312,2,"High-High","3"
"E01032742",100.000000000041,4.00058169298948,0,100.000000000041,4.00058169298948,2,"High-High","3"
"E01032743",100.000000000029,100.000000000029,0,100.000000000029,100.000000000029,2,"High-High","1"
"E01032744",99.999999999979,67.3825791303372,0,99.999999999979,67.3825791303372,2,"High-High","1"
"E01032764",99.9999999999587,0,50.3166014108485,99.9999999999587,50.3166014108485,2,"High-High","2"
"E01032765",100.000000000032,0,78.3154227561807,100.000000000032,78.3154227561807,2,"High-High","2"
"E01032766",99.9999999999726,0,0,99.9999999999726,0,1,"High-High","3"
"E01032767",99.99999999999,0,0,99.99999999999,0,1,"High-High","3"
"E01032768",99.999999999941,0,0,99.999999999941,0,1,"High-High","3"
"E01032769",99.9999999999887,0,0,99.9999999999887,0,1,"High-High","3"
"E01032770",100.000000000036,0,0,100.000000000036,0,1,"High-High","3"
"E01032771",100.000000000015,0,0,100.000000000015,0,1,"High-High","3"
"E01032772",99.9999999999822,0,0,99.9999999999822,0,1,"High-High","3"
"E01032773",100.000000000004,0,0,100.000000000004,0,1,"High-High","3"
"E01032774",100.000000000012,0,0,100.000000000012,0,1,"High-High","3"
"E01032775",100.000000000055,0,0,100.000000000055,0,1,"High-High","3"
"E01032776",99.9999999999483,0,0,99.9999999999483,0,1,"High-High","3"
"E01032777",100.000000000002,0,0,100.000000000002,0,1,"High-High","3"
"E01032778",99.9999999999817,0,0,99.9999999999817,0,1,"High-High","3"
"E01032779",99.9999999999611,0,0,99.9999999999611,0,1,"High-High","3"
"E01032780",99.9999999999879,0,0,99.9999999999879,0,1,"High-High","3"
"E01032781",99.9999999999323,0,0,99.9999999999323,0,1,"High-High","3"
"E01032782",100.000000000002,0,0,100.000000000002,0,1,"High-High","3"
"E01032783",99.9999999999745,0,0,99.9999999999745,0,1,"High-High","3"
"E01032784",100.000000000023,0,30.7198964599657,100.000000000023,30.7198964599657,2,"High-High","3"
"E01032785",99.9999999999966,0,0,99.9999999999966,0,1,"High-High","3"
"E01032786",99.9999999999661,0,0,99.9999999999661,0,1,"High-High","3"
"E01032787",100.000000000039,0,0,100.000000000039,0,1,"High-High","3"
"E01032788",99.999999999949,0,0,99.999999999949,0,1,"High-High","3"
"E01032789",100.000000000033,0,0,100.000000000033,0,1,"High-High","3"
"E01032790",100.000000000094,0,0,100.000000000094,0,1,"High-High","3"
"E01032803",100.000000000009,0,22.5396915473427,100.000000000009,22.5396915473427,2,"High-High","3"
"E01032805",99.9999999999972,0,0,99.9999999999972,0,1,"High-High","3"
"E01032834",100.00000000001,0,0,100.00000000001,0,1,"High-High","3"
"E01033000",36.6588934627421,0,99.9999999999807,99.9999999999807,36.6588934627421,2,"High-High","2"
"E01033030",0,0,100.000000000034,100.000000000034,0,1,"High-High","2"
"E01033081",21.335649711118,0,0,21.335649711118,0,1,"High-High","3"
"E01033082",28.4226282686567,0,0,28.4226282686567,0,1,"High-High","3"
"E01033083",100.000000000016,0,0,100.000000000016,0,1,"High-High","3"
"E01033084",100.000000000038,0,0,100.000000000038,0,1,"High-High","3"
"E01033085",99.9999999999834,0,0,99.9999999999834,0,1,"High-High","3"
"E01033086",99.9999999999914,0,0,99.9999999999914,0,1,"High-High","3"
"E01033093",99.999999999982,0,0,99.999999999982,0,1,"High-High","3"
"E01033098",100.000000000005,0,0,100.000000000005,0,1,"High-High","3"
"E01033099",99.9999999999569,0,0,99.9999999999569,0,1,"High-High","3"
"E01033100",99.9999999999993,0,0,99.9999999999993,0,1,"High-High","3"
"E01033101",100.000000000001,0,0,100.000000000001,0,1,"High-High","3"
"E01033132",100.000000000017,0,0,100.000000000017,0,1,"High-High","3"
"E01033133",99.999999999989,0,0,99.999999999989,0,1,"High-High","3"
"E01033135",99.9999999999992,0,0,99.9999999999992,0,1,"High-High","3"
"E01033146",0,0,0,0,0,0,"High-High","3"
"E01033148",100.000000000002,0,0,100.000000000002,0,1,"High-High","3"
"E01033150",99.9999999999888,0,0,99.9999999999888,0,1,"High-High","3"
"E01033151",28.6587016247118,0,0,28.6587016247118,0,1,"High-High","3"
"E01033153",100.000000000014,0,100.000000000014,100.000000000014,100.000000000014,2,"High-High","2"
"E01033207",100.000000000003,0,98.4495083356952,100.000000000003,98.4495083356952,2,"High-High","2"
"E01033208",100.000000000011,0,100.000000000011,100.000000000011,100.000000000011,2,"High-High","2"
"E01033320",100.000000000003,0,38.7243950160623,100.000000000003,38.7243950160623,2,"High-High","3"
"E01033322",100.00000000001,0,8.77109860286989,100.00000000001,8.77109860286988,2,"High-High","3"
"E01033324",99.9999999999783,0,99.9999999999783,99.9999999999783,99.9999999999783,2,"High-High","2"
"E01033325",99.9999999999999,0,99.9999999999999,99.9999999999999,99.9999999999999,2,"High-High","2"
"E01033327",77.790040295555,0,99.9999999999886,99.9999999999886,77.7900402955549,2,"High-High","2"
"E01033341",99.9999999999957,0,99.9999999999957,99.9999999999957,99.9999999999957,2,"High-High","2"
"E01033424",100.000000000025,0,0,100.000000000025,0,1,"High-High","3"
"E01033455",11.927402870645,0,100.000000000089,100.000000000089,11.927402870645,2,"High-High","2"
"E01033456",99.9999999999914,8.59996578961194,16.949689088715,99.9999999999914,25.549654878327,3,"High-High","3"
"E01033457",100.000000000015,0,0,100.000000000015,0,1,"High-High","3"
"E01033463",99.0973313330779,0,0,99.0973313330779,0,1,"High-High","3"
"E01033464",100.000000000005,21.0653705907558,0,100.000000000005,21.0653705907558,2,"High-High","3"
"E01033485",20.6939176257498,0,100.000000000006,100.000000000006,20.6939176257498,2,"High-High","2"
"E01033486",99.9999999999991,0,0,99.9999999999991,0,1,"High-High","3"
"E01033487",99.9999999999871,0,0,99.9999999999871,0,1,"High-High","3"
"E01033488",99.9999999999141,0,0,99.9999999999141,0,1,"High-High","3"
"E01033489",99.999999999985,0,0,99.999999999985,0,1,"High-High","3"
"E01033490",100.000000000016,0,0,100.000000000016,0,1,"High-High","3"
"E01033491",99.999999999958,0,0,99.999999999958,0,1,"High-High","3"
"E01033492",99.9999999999748,0,0,99.9999999999748,0,1,"High-High","3"
"E01033493",99.9999999999447,0,0.139703189338254,99.9999999999447,0.139703189338249,2,"High-High","3"
"E01033494",100.000000000021,0,32.8729919602817,100.000000000021,32.8729919602817,2,"High-High","3"
"E01033568",100.000000000008,0,0,100.000000000008,0,1,"High-High","3"
"E01033569",99.9999999999889,0,0,99.9999999999889,0,1,"High-High","3"
"E01033570",100.000000000002,0,0,100.000000000002,0,1,"High-High","3"
"E01033571",99.9999999999919,0,0,99.9999999999919,0,1,"High-High","3"
"E01033572",99.9999999999696,0,0,99.9999999999696,0,1,"High-High","3"
"E01033573",100.000000000013,0,0,100.000000000013,0,1,"High-High","3"
"E01033574",99.9999999999688,0,0,99.9999999999688,0,1,"High-High","3"
"E01033575",100.000000000001,0,0,100.000000000001,0,1,"High-High","3"
"E01033576",100.000000000016,0,0,100.000000000016,0,1,"High-High","3"
"E01033577",90.4520010575076,0,0,90.4520010575076,0,1,"High-High","3"
"E01033578",99.9999999999675,0,54.7265544527384,99.9999999999675,54.7265544527385,2,"High-High","2"
"E01033579",100.000000000015,0,83.7472815097888,100.000000000015,83.7472815097888,2,"High-High","2"
"E01033580",100.000000000047,0,0,100.000000000047,0,1,"High-High","3"
"E01033581",14.7464006083792,5.30773228838379,0,18.5892263859445,1.46490651081848,2,"High-High","3"
"E01033582",100.000000000017,44.093275455146,0,100.000000000017,44.093275455146,2,"High-High","3"
"E01033583",99.999999999997,0,2.67613528000718,99.999999999997,2.67613528000719,2,"High-High","3"
"E01033584",100.000000000016,0,0,100.000000000016,0,1,"High-High","3"
"E01033585",99.9999999999795,0,0,99.9999999999795,0,1,"High-High","3"
"E01033586",100,0,100,100,100,2,"High-High","2"
"E01033587",99.9999999999924,0,99.9999999999924,99.9999999999924,99.9999999999924,2,"High-High","2"
"E01033588",99.9999999999821,1.4009600755255,99.9999999999821,99.9999999999821,101.400960075508,3,"High-High","2"
"E01033589",99.9999999999984,0,0,99.9999999999984,0,1,"High-High","3"
"E01033590",99.248158694402,39.6274877620163,0,99.248158694402,39.6274877620163,2,"High-High","3"
"E01033591",99.9999999999909,0,0,99.9999999999909,0,1,"High-High","3"
"E01033592",38.2242832866385,69.555315517191,0,76.6180114490093,31.1615873548202,2,"High-High","1"
"E01033593",99.9999999999909,0,0,99.9999999999909,0,1,"High-High","3"
"E01033594",99.9999999999988,0,0,99.9999999999988,0,1,"High-High","3"
"E01033595",100.000000000018,0,0,100.000000000018,0,1,"High-High","3"
"E01033596",100.000000000064,0,0,100.000000000064,0,1,"High-High","3"
"E01033597",99.9999999999674,0,0,99.9999999999674,0,1,"High-High","3"
"E01033598",99.9999999999829,0,0,99.9999999999829,0,1,"High-High","3"
"E01033599",100.000000000066,0,0,100.000000000066,0,1,"High-High","3"
"E01033600",99.9999999999755,0,0,99.9999999999755,0,1,"High-High","3"
"E01033601",99.9999999999818,0,0,99.9999999999818,0,1,"High-High","3"
"E01033602",100.000000000009,0,0,100.000000000009,0,1,"High-High","3"
"E01033603",99.9999999999701,0,0,99.9999999999701,0,1,"High-High","3"
"E01033604",99.999999999976,0,0,99.999999999976,0,1,"High-High","3"
"E01033605",100.00000000002,0,0,100.00000000002,0,1,"High-High","3"
"E01033606",99.9999999999127,0,0,99.9999999999127,0,1,"High-High","3"
"E01033607",99.999999999993,0,0,99.999999999993,0,1,"High-High","3"
"E01033608",100.000000000028,0,0,100.000000000028,0,1,"High-High","3"
"E01033698",100.000000000015,0,0,100.000000000015,0,1,"High-High","3"
"E01033699",99.9999999999647,0,0,99.9999999999647,0,1,"High-High","3"
"E01033700",100.000000000029,0,0.936517162891306,100.000000000029,0.936517162891306,2,"High-High","3"
"E01033701",100.000000000016,0,6.23394679358107,100.000000000016,6.23394679358107,2,"High-High","3"
"E01033702",99.9999999999785,0,0,99.9999999999785,0,1,"High-High","3"
"E01033703",100.000000000013,0,100.000000000013,100.000000000013,100.000000000013,2,"High-High","2"
"E01033704",100.000000000034,0,100.000000000034,100.000000000034,100.000000000034,2,"High-High","2"
"E01033705",99.9999999999852,0,0,99.9999999999852,0,1,"High-High","3"
"E01033706",100.000000000026,0,0,100.000000000026,0,1,"High-High","3"
"E01033707",100.00000000002,0,0,100.00000000002,0,1,"High-High","3"
"E01033708",99.9999999999937,0,0,99.9999999999937,0,1,"High-High","3"
"E01033709",99.9999999999962,0,0,99.9999999999962,0,1,"High-High","3"
"E01033710",100.000000000026,0,0,100.000000000026,0,1,"High-High","3"
"E01033711",99.9999999999761,0,0,99.9999999999761,0,1,"High-High","3"
"E01033712",99.999999999993,0,85.0276195780343,99.999999999993,85.0276195780343,2,"High-High","2"
"E01033713",99.9999999999944,0,94.9547241767291,99.9999999999944,94.9547241767291,2,"High-High","2"
"E01033724",98.339352089303,0,0,98.339352089303,0,1,"High-High","3"
"E01033725",63.8785853251333,0,0,63.8785853251333,0,1,"High-High","3"
"E01033726",100.000000000006,0,0,100.000000000006,0,1,"High-High","3"
"E01033727",99.9999999999962,0,0,99.9999999999962,0,1,"High-High","3"
"E01033728",99.9999999999596,0,0,99.9999999999596,0,1,"High-High","3"
"E01033729",5.03132129331427,0,0,5.03132129331427,0,1,"High-High","3"
"E01033730",100.000000000006,0,39.885367598844,100.000000000006,39.885367598844,2,"High-High","3"
"E01033731",100.00000000001,100.00000000001,0,100.00000000001,100.00000000001,2,"High-High","1"
"E01033732",99.9999999999748,0,0,99.9999999999748,0,1,"High-High","3"
"E01033733",51.9891548680156,0,0,51.9891548680156,0,1,"High-High","3"
"E01033734",100.000000000033,100.000000000033,0,100.000000000033,100.000000000033,2,"High-High","1"
"E01033735",100.000000000026,100.000000000026,0,100.000000000026,100.000000000026,2,"High-High","1"
"E01033736",99.9999999999818,99.9999999999818,0,99.9999999999818,99.9999999999818,2,"High-High","1"
"E01033737",99.9999999999977,99.9999999999977,0,99.9999999999977,99.9999999999977,2,"High-High","1"
"E01033738",68.4083788159884,0,0,68.4083788159884,0,1,"High-High","3"
"E01033739",100.000000000002,1.57199539450948,0,100.000000000002,1.57199539450949,2,"High-High","3"
"E01033740",99.9999999999951,0,0,99.9999999999951,0,1,"High-High","3"
"E01033741",100.000000000001,0,0,100.000000000001,0,1,"High-High","3"
"E01033742",100.000000000026,20.2556841696288,0,100.000000000026,20.2556841696288,2,"High-High","3"
"E01033743",76.6048942266097,1.30191182167807,0,76.6048942266097,1.30191182167806,2,"High-High","3"
"E01033744",99.9999999999803,84.7121756918126,0,99.9999999999803,84.7121756918126,2,"High-High","1"
"E01033745",78.5213246032333,0,0,78.5213246032333,0,1,"High-High","3"
"E01033746",100.00000000007,0,98.8687962027259,100.00000000007,98.8687962027259,2,"High-High","2"
