lsoa_code,imd_score,income,employment,education,health,crime,barriers,living_environment
E01000001,6.063,0.011,0.015,0.021,-1.918,-1.649,27.134,34.502
E01000002,6.255,0.012,0.017,0.04,-1.931,-1.692,26.358,37.106
E01000003,19.548,0.105,0.088,9.612,0.321,-0.987,31.861,48.337
E01000005,26.005,0.217,0.144,15.045,0.05,-0.831,35.104,34.811
E01000006,22.568,0.133,0.094,14.525,-0.39,0.746,39.737,30.477
E01000007,42.513,0.3,0.202,9.471,0.251,1.156,54.628,34.438
E01000008,38.339,0.29,0.17,27.271,0.289,0.526,49.738,26.95
E01000009,33.412,0.219,0.134,12.983,0.526,1.139,42.047,34.481
E01000010,30.914,0.197,0.078,13.277,0.139,1.111,51.245,38.231
E01000011,30.071,0.203,0.102,20.128,-0.04,0.838,48.123,31.691
E01000012,36.91,0.263,0.124,20.676,-0.114,0.915,52.981,44.706
E01000013,40.329,0.25,0.187,30.488,0.694,1.499,34.389,30.067
E01000014,38.37,0.242,0.165,34.58,0.489,1.514,35.604,26.352
E01000015,39.139,0.294,0.177,28.252,0.511,0.608,45.714,27.776
E01000016,34.209,0.256,0.171,30.756,0.418,0.821,32.757,22.581
E01000017,40.563,0.292,0.21,29.919,0.888,0.831,33.91,25.397
E01000018,36.396,0.283,0.172,33.241,0.566,0.935,32.806,18.505
E01000019,34.613,0.269,0.186,26.977,0.144,1.045,31.095,20.511
E01000020,32.895,0.24,0.163,27.457,0.716,0.586,32.362,23.084
E01000021,40.821,0.284,0.181,32.244,0.656,0.987,35.051,43.572
E01000022,31.616,0.22,0.173,30.798,0.22,0.563,33.93,24.505
E01000023,38.57,0.297,0.135,28.784,0.465,1.485,34.922,30.609
E01000024,30.92,0.227,0.148,30.908,0.53,0.32,33.662,25.661
E01000025,35.995,0.256,0.178,30.659,0.598,0.835,33.975,26.808
E01000027,41.997,0.295,0.178,46.638,0.616,1.272,37.203,17.31
E01000028,43.13,0.324,0.214,28.136,1.473,0.237,38.736,13.087
E01000029,26.669,0.139,0.11,19.024,0.144,1.149,41.519,19.141
E01000030,41.284,0.314,0.181,38.598,0.424,0.911,42.815,21.883
E01000031,25.078,0.143,0.121,12.981,-0.038,1.444,26.629,26.07
E01000032,30.366,0.175,0.137,23.528,0.404,1.214,29.341,33.927
E01000033,41.387,0.297,0.215,36.797,0.483,0.358,45.884,23.507
E01000034,36.958,0.274,0.172,32.755,0.866,0.466,40.834,14.517
E01000035,26.97,0.191,0.128,22.417,0.32,0.641,32.673,23.035
E01000036,20.949,0.142,0.099,18.761,-0.146,0.683,24.822,30.868
E01000037,20.079,0.147,0.153,19.495,-0.347,-0.319,25.012,18.161
E01000038,19.125,0.143,0.121,18.619,-0.043,0.105,24.049,16.214
E01000039,23.48,0.156,0.106,22.335,0.164,0.528,35.916,16.21
E01000040,34.713,0.266,0.189,27.243,0.177,0.733,34.252,26.427
E01000041,34.74,0.213,0.152,37.655,0.403,0.987,37.405,29.204
E01000042,43.898,0.338,0.234,33.421,0.393,0.531,42.456,24.491
E01000043,33.748,0.237,0.153,32.146,0.35,1.016,32.707,27.521
E01000044,31.07,0.195,0.114,22.648,-0.108,1.615,32.313,36.819
E01000045,37.896,0.267,0.154,26.985,0.286,1.372,34.174,41.391
E01000046,31.079,0.232,0.151,31.274,0.209,0.314,37.217,26.087
E01000048,49.278,0.38,0.245,25.843,0.853,0.299,50.662,23.015
E01000049,41.369,0.304,0.172,28.621,0.487,0.76,51.571,25.937
E01000050,35.733,0.211,0.14,25.82,0.564,1.21,38.04,41.971
E01000051,42.699,0.327,0.196,29.678,0.537,0.544,48.16,27.814
E01000052,31.593,0.223,0.133,28.5,0.243,0.803,36.618,31.418
E01000053,42.098,0.283,0.177,29.072,0.897,1.374,37.662,30.049
E01000054,32.785,0.232,0.138,26.969,0.22,1.351,32.465,24.27
E01000055,32.594,0.229,0.155,31.103,-0.102,1.15,34.076,24.15
E01000056,42.396,0.283,0.191,26.46,0.856,1.261,42.929,24.446
E01000057,40.189,0.268,0.188,33.542,0.408,1.486,34.508,27.935
E01000058,31.615,0.237,0.157,26.186,0.135,0.709,35.815,26.121
E01000059,38.277,0.267,0.193,27.418,0.172,1.34,35.456,27.838
E01000060,40.89,0.28,0.187,23.269,0.665,1.539,39.523,20.634
E01000061,56.571,0.414,0.253,43.438,0.978,0.762,54.225,16.687
E01000062,31.274,0.217,0.134,32.463,0.168,1.183,33.771,17.52
E01000063,34.787,0.241,0.17,35.98,0.287,1.007,32.889,24.595
E01000064,35.233,0.244,0.164,31.12,0.814,0.328,36.932,31.889
E01000065,39.653,0.266,0.195,28.791,1.112,0.714,36.93,25.844
E01000066,24.222,0.154,0.125,20.196,0.16,0.38,38.14,15.929
E01000067,20.992,0.163,0.097,17.368,-0.222,0.577,32.537,17.651
E01000068,25.991,0.159,0.101,14.954,0.018,1.192,39.523,21.528
E01000069,15.769,0.104,0.087,16.125,-0.244,0.319,24.969,18.754
E01000070,20.935,0.135,0.103,15.134,-0.476,0.897,30.436,24.524
E01000071,18.295,0.149,0.074,15.911,-0.13,0.183,32.915,20.022
E01000072,44.336,0.276,0.176,35.4,0.667,1.547,43.192,35.696
E01000073,39.507,0.256,0.171,37.697,0.747,1.437,32.874,22.804
E01000074,35.288,0.26,0.157,30.851,0.881,0.677,35.78,19.598
E01000075,38.594,0.237,0.155,33.027,0.291,1.666,36.189,36.327
E01000076,39.049,0.252,0.199,37.948,0.691,0.723,39.958,23.312
E01000077,36.685,0.26,0.182,34.523,0.437,0.732,34.627,32.429
E01000078,37.03,0.287,0.151,35.056,0.19,1.112,35.377,30.221
E01000079,37.476,0.253,0.174,29.921,0.771,0.883,39.094,24.235
E01000080,34.061,0.24,0.185,26.006,0.474,0.645,37.258,21.008
E01000081,31.742,0.197,0.153,32.488,0.484,0.851,33.667,24.378
E01000082,32.139,0.225,0.166,27.652,0.447,0.652,32.263,28.441
E01000083,38.156,0.296,0.175,27.978,0.571,0.899,35.11,30.662
E01000084,41.801,0.284,0.175,42.675,0.482,1.526,33.191,28.959
E01000085,38.798,0.248,0.18,36.289,0.432,1.099,40.876,27.669
E01000086,37.942,0.249,0.17,28.087,0.936,1.243,32.646,25.582
E01000087,34.381,0.248,0.163,31.003,0.66,0.358,36.841,29.363
E01000088,30.196,0.196,0.138,24.87,0.568,0.638,33.191,33.36
E01000089,29.565,0.211,0.133,26.1,0.128,0.528,33.922,37.801
E01000090,30.667,0.218,0.133,22.368,-0.209,1.211,38.354,23.777
E01000091,44.111,0.33,0.218,38.37,0.658,0.743,40.447,23.48
E01000092,32.714,0.227,0.147,20.105,-0.009,1.036,46.886,18.078
E01000093,45.193,0.304,0.224,30.957,0.776,1.289,39.444,25.505
E01000094,31.643,0.227,0.116,14.151,0.345,0.472,51.337,30.354
E01000095,35.779,0.223,0.135,28.572,0.134,1.319,50.486,15.912
E01000096,44.221,0.344,0.143,33.899,0.346,1.485,44.239,31.316
E01000097,41.082,0.281,0.178,34.597,0.949,1.124,37.191,24.714
E01000098,38.407,0.259,0.185,33.62,0.587,1.314,33.048,21.239
E01000099,32.289,0.241,0.149,26.637,0.555,0.789,33.674,22.122
E01000100,34.948,0.256,0.179,28.331,0.308,0.795,33.299,31.192
E01000101,39.694,0.286,0.176,28.401,0.915,1.026,32.906,32.979
E01000102,38.062,0.288,0.176,26.767,0.72,1.054,33.471,25.435
E01000103,40.774,0.303,0.166,38.658,0.533,1.276,38.788,19.068
E01000104,37.707,0.303,0.21,31.0,0.324,0.258,39.046,20.33
E01000105,46.864,0.312,0.217,37.926,0.92,1.25,42.603,21.12
E01000106,46.196,0.317,0.22,30.012,0.479,1.421,39.439,36.605
E01000107,26.945,0.172,0.142,25.511,0.19,0.617,33.296,21.421
E01000108,27.919,0.186,0.118,22.549,0.192,0.798,29.461,41.181
E01000109,28.517,0.176,0.126,25.054,0.066,1.17,31.094,29.251
E01000110,16.324,0.115,0.093,14.102,0.115,0.11,24.338,16.262
E01000111,31.044,0.241,0.129,23.612,0.225,0.953,33.579,29.581
E01000112,23.159,0.155,0.096,16.704,-0.196,0.81,31.234,35.826
E01000113,26.638,0.196,0.117,13.913,-0.247,1.212,31.497,28.442
E01000114,26.768,0.185,0.111,20.937,0.082,0.953,31.844,30.631
E01000115,4.896,0.045,0.048,3.58,-1.326,-0.261,17.543,12.008
E01000116,9.687,0.089,0.066,3.548,-1.018,0.274,18.206,17.71
E01000117,11.248,0.087,0.07,6.166,-1.128,0.4,23.057,18.137
E01000118,11.778,0.099,0.078,8.245,-1.148,0.412,21.101,13.876
E01000119,12.617,0.093,0.06,3.487,-1.242,1.097,19.52,18.149
E01000120,8.839,0.08,0.063,4.206,-1.19,0.267,18.288,15.45
E01000121,38.811,0.314,0.216,25.501,0.812,0.539,34.386,12.994
E01000122,10.018,0.082,0.064,2.726,-1.269,-0.257,30.15,17.123
E01000123,12.165,0.102,0.066,8.788,-0.761,-0.093,29.745,14.84
E01000124,25.548,0.197,0.137,12.366,-0.025,0.773,29.851,26.682
E01000125,32.475,0.244,0.12,28.111,0.248,0.985,38.165,28.006
E01000126,35.42,0.281,0.17,14.402,0.341,0.13,49.004,30.59
E01000127,30.233,0.254,0.166,22.471,0.109,0.613,31.55,19.029
E01000128,26.796,0.21,0.11,26.48,-0.614,1.083,33.095,22.006
E01000129,37.393,0.256,0.135,29.039,0.387,1.204,44.012,32.726
E01000130,33.351,0.245,0.156,19.589,0.17,0.894,36.261,38.234
E01000131,21.118,0.114,0.093,13.805,-0.262,1.017,37.123,17.759
E01000132,27.666,0.22,0.132,22.903,-0.03,0.913,31.031,18.638
E01000133,35.567,0.25,0.203,28.225,0.604,0.614,33.679,23.073
E01000134,24.936,0.227,0.126,17.314,-0.217,0.041,34.903,23.376
E01000135,13.169,0.088,0.066,3.744,-0.559,0.547,27.143,23.999
E01000136,9.403,0.043,0.029,4.043,-1.601,0.463,28.442,29.014
E01000137,32.693,0.263,0.162,9.643,0.324,0.431,43.692,30.309
E01000138,30.258,0.21,0.155,8.308,-0.178,1.247,36.978,30.415
E01000139,13.54,0.11,0.053,3.485,-1.35,0.601,27.146,31.486
E01000140,17.663,0.134,0.076,9.38,0.027,0.037,28.837,33.395
E01000141,34.111,0.19,0.111,11.624,0.018,1.678,34.165,63.894
E01000142,20.585,0.17,0.1,7.937,-0.045,0.004,29.884,36.083
E01000143,34.599,0.268,0.179,18.725,-0.056,0.864,43.247,22.453
E01000144,20.943,0.107,0.089,4.409,-0.86,1.296,32.104,38.035
E01000145,13.779,0.104,0.06,3.316,-1.183,0.557,29.366,28.826
E01000146,18.061,0.088,0.079,2.841,-0.9,1.083,32.589,36.068
E01000147,12.192,0.08,0.046,9.339,-0.984,0.451,28.97,24.955
E01000148,30.762,0.231,0.15,18.903,0.129,0.48,41.058,29.669
E01000150,19.062,0.145,0.082,10.054,-1.215,0.299,38.095,31.831
E01000151,41.912,0.355,0.187,16.538,0.06,0.572,58.949,25.646
E01000152,38.604,0.316,0.163,26.097,-0.033,0.657,53.105,18.647
E01000153,47.884,0.341,0.22,33.507,0.206,1.273,52.707,19.76
E01000154,35.587,0.256,0.162,27.313,0.035,0.639,50.081,22.341
E01000155,22.729,0.157,0.091,16.977,-0.66,0.019,41.675,39.495
E01000156,11.063,0.098,0.056,2.182,-0.951,0.579,22.038,19.54
E01000157,17.281,0.136,0.079,10.499,-0.26,0.411,24.876,31.39
E01000158,20.018,0.145,0.115,9.433,-0.652,0.845,25.75,26.342
E01000159,19.013,0.136,0.105,5.164,-0.938,1.171,27.714,16.097
E01000160,14.194,0.106,0.06,11.616,-1.535,0.702,24.202,27.844
E01000161,16.815,0.116,0.064,4.957,-1.041,1.243,26.81,24.968
E01000162,22.695,0.163,0.108,10.116,0.343,0.834,25.354,26.594
E01000163,33.015,0.258,0.192,11.552,0.164,0.332,46.366,16.793
E01000164,29.781,0.215,0.138,12.097,-0.438,1.533,34.766,24.808
E01000165,15.715,0.116,0.062,4.793,-1.109,0.718,36.826,19.051
E01000166,16.228,0.152,0.106,7.787,-0.765,-0.004,28.937,14.128
E01000167,27.99,0.209,0.167,23.455,0.292,0.601,28.916,13.46
E01000168,6.871,0.069,0.058,3.651,-1.282,0.071,18.254,9.591
E01000169,13.266,0.101,0.091,5.053,-0.666,0.261,24.203,19.011
E01000170,21.8,0.204,0.147,12.037,-0.576,0.221,23.711,22.757
E01000171,26.321,0.213,0.124,10.351,-0.174,0.619,27.88,46.745
E01000172,9.43,0.094,0.053,2.229,-1.276,0.373,22.14,14.982
E01000173,9.534,0.103,0.072,5.858,-1.043,-0.066,17.784,11.963
E01000174,18.713,0.156,0.109,9.309,-0.232,0.056,26.451,27.505
E01000175,9.566,0.078,0.071,2.501,-1.186,0.313,21.264,14.948
E01000176,30.925,0.276,0.162,19.645,0.017,0.337,39.099,16.446
E01000177,8.646,0.069,0.04,3.155,-1.216,0.258,22.935,23.596
E01000178,11.122,0.095,0.065,1.13,-1.218,0.313,23.539,24.91
E01000179,8.873,0.072,0.05,1.811,-0.94,0.037,24.445,22.188
E01000180,16.252,0.149,0.094,9.209,-0.251,-0.185,26.771,19.301
E01000181,8.518,0.059,0.045,0.364,-1.264,0.18,21.021,32.402
E01000182,9.124,0.056,0.049,0.251,-1.097,-0.058,23.803,36.188
E01000183,11.141,0.093,0.053,1.563,-0.657,-0.064,29.656,23.114
E01000184,34.429,0.28,0.192,27.292,-0.008,0.711,34.392,21.635
E01000185,33.356,0.275,0.178,20.283,0.435,-0.053,41.644,20.402
E01000186,4.903,0.053,0.034,2.949,-1.376,-0.29,19.806,12.084
E01000187,15.033,0.169,0.076,9.589,-0.271,-0.393,27.881,10.716
E01000188,8.598,0.045,0.047,2.539,-1.266,0.711,22.715,17.882
E01000189,37.946,0.327,0.177,25.876,-0.017,-0.331,49.927,28.261
E01000190,11.774,0.087,0.066,5.484,-0.902,0.28,31.373,11.649
E01000191,7.995,0.065,0.057,1.862,-1.24,-0.164,26.262,15.091
E01000192,15.625,0.123,0.078,5.352,-0.781,0.487,26.546,30.702
E01000193,15.997,0.105,0.095,5.879,-0.928,0.603,27.674,27.056
E01000194,19.074,0.114,0.079,8.429,-0.963,0.913,32.246,37.227
E01000195,31.85,0.249,0.16,23.173,0.073,0.369,41.734,24.688
E01000196,14.811,0.106,0.086,15.317,-0.89,-0.757,28.099,31.51
E01000197,12.928,0.089,0.063,1.386,-1.214,-0.016,29.757,38.883
E01000198,12.702,0.101,0.053,4.471,-1.639,0.1,37.932,17.468
E01000199,6.935,0.061,0.048,1.369,-2.003,-0.362,27.063,15.382
E01000200,10.633,0.089,0.069,1.165,-1.633,0.108,26.993,20.037
E01000201,7.707,0.045,0.042,2.223,-1.464,0.547,20.122,22.372
E01000202,7.634,0.055,0.045,2.572,-1.806,0.04,25.414,20.739
E01000203,16.739,0.128,0.091,5.528,-0.788,0.165,36.298,21.015
E01000204,10.894,0.073,0.059,2.273,-1.572,0.576,24.923,25.304
E01000205,7.732,0.059,0.041,0.642,-1.586,0.349,22.648,21.286
E01000206,9.444,0.028,0.019,2.695,-2.158,0.337,39.378,16.858
E01000207,6.433,0.053,0.036,2.261,-1.924,-0.375,24.73,21.91
E01000208,8.138,0.045,0.022,1.481,-1.923,0.676,25.293,19.712
E01000209,7.928,0.057,0.035,1.285,-1.568,-0.003,29.105,20.958
E01000210,8.428,0.062,0.037,0.536,-1.571,0.54,21.273,24.46
E01000211,17.408,0.132,0.091,4.115,-0.439,-0.206,29.047,42.013
E01000212,8.78,0.046,0.051,0.579,-1.794,0.177,29.241,24.841
E01000213,5.82,0.025,0.016,2.894,-2.17,-0.56,30.688,16.679
E01000214,11.802,0.043,0.042,0.944,-1.494,0.703,35.661,29.099
E01000215,12.912,0.101,0.074,7.765,-0.866,-0.193,28.544,24.531
E01000216,10.876,0.08,0.053,2.393,-1.174,0.335,29.086,22.416
E01000217,11.831,0.062,0.066,7.887,-1.467,0.459,27.79,25.891
E01000218,13.409,0.085,0.079,7.323,-0.952,0.023,28.577,30.09
E01000219,16.94,0.116,0.092,9.159,-0.815,0.424,31.273,26.418
E01000220,16.161,0.12,0.089,5.1,-0.038,-0.169,29.989,25.386
E01000221,43.955,0.316,0.202,20.302,0.392,1.121,54.812,22.906
E01000222,29.796,0.195,0.131,15.33,-0.593,1.206,45.566,25.144
E01000223,34.368,0.264,0.174,23.196,-0.033,0.82,40.256,26.674
E01000224,20.186,0.174,0.119,16.046,-0.869,0.113,30.035,22.314
E01000225,11.322,0.066,0.053,7.476,-0.796,0.211,31.06,22.15
E01000226,30.47,0.252,0.147,30.604,-0.01,0.25,35.468,26.971
E01000227,11.732,0.105,0.071,5.926,-0.993,0.019,27.584,14.762
E01000228,13.38,0.097,0.07,4.663,-0.651,0.709,29.027,11.052
E01000229,24.863,0.179,0.126,16.769,-0.18,0.439,41.001,17.812
E01000230,9.983,0.089,0.063,9.417,-1.151,0.049,22.153,14.458
E01000231,16.098,0.138,0.068,4.453,-0.82,0.327,37.648,19.356
E01000232,15.719,0.128,0.1,5.43,-0.399,0.136,26.934,19.805
E01000233,10.96,0.102,0.061,4.102,-0.84,0.271,22.148,19.121
E01000234,11.527,0.106,0.065,5.073,-1.043,0.277,24.032,18.082
E01000235,26.66,0.215,0.14,19.36,0.017,0.66,29.474,23.402
E01000236,12.38,0.109,0.057,2.476,-0.972,0.294,27.059,26.804
E01000237,12.121,0.07,0.045,3.085,-1.128,0.631,29.202,31.567
E01000238,14.132,0.086,0.079,6.444,-1.236,0.538,28.336,28.047
E01000239,20.8,0.131,0.085,7.403,-0.628,0.341,47.699,26.014
E01000240,20.176,0.125,0.081,5.332,-1.024,0.847,43.557,25.744
E01000241,12.005,0.083,0.048,1.628,-1.193,0.407,33.991,23.342
E01000242,21.451,0.138,0.097,4.193,-0.514,0.872,41.041,24.722
E01000243,18.189,0.096,0.065,4.329,-0.321,0.891,30.357,43.148
E01000244,15.992,0.098,0.051,7.569,-0.566,0.481,31.736,40.892
E01000245,30.895,0.197,0.136,14.061,0.112,0.983,42.721,35.258
E01000246,10.533,0.066,0.057,1.53,-1.692,0.412,31.433,19.166
E01000247,9.848,0.08,0.078,2.657,-1.444,-0.115,27.25,12.605
E01000248,9.58,0.053,0.048,1.157,-1.023,0.886,20.188,21.272
E01000249,6.147,0.041,0.054,1.103,-1.436,0.075,22.377,12.729
E01000250,15.589,0.13,0.086,3.267,-0.713,0.335,29.515,23.726
E01000251,20.511,0.16,0.134,6.941,0.071,0.306,24.878,22.754
E01000252,16.082,0.123,0.105,2.919,-0.451,0.35,30.193,15.049
E01000253,10.543,0.045,0.039,4.089,-0.477,0.361,36.435,13.548
E01000254,9.165,0.043,0.035,1.695,-1.095,0.509,26.405,28.24
E01000255,21.004,0.166,0.118,9.877,-0.237,0.546,29.931,21.407
E01000256,13.883,0.09,0.053,3.403,-1.265,0.916,35.207,14.109
E01000257,29.651,0.227,0.144,20.341,-0.102,0.472,43.007,23.536
E01000258,12.51,0.068,0.053,3.711,-0.715,0.877,22.726,30.655
E01000259,14.628,0.118,0.068,4.044,-1.042,0.643,30.333,20.797
E01000260,24.554,0.144,0.094,9.55,-0.908,1.203,45.898,24.343
E01000261,9.731,0.065,0.043,1.256,-0.925,-0.397,36.673,19.538
E01000262,14.862,0.155,0.058,10.211,-1.187,-0.5,41.009,8.179
E01000263,5.651,0.028,0.021,1.16,-1.639,-0.116,24.945,20.692
E01000264,18.558,0.142,0.105,4.623,-0.719,0.501,29.275,31.007
E01000265,19.26,0.188,0.104,7.651,-0.391,-0.011,28.135,26.995
E01000266,8.01,0.051,0.042,2.08,-1.22,0.758,22.648,9.977
E01000267,14.264,0.099,0.086,2.413,-0.505,0.164,31.957,20.161
E01000268,20.187,0.192,0.098,8.726,-0.782,0.452,25.437,35.451
E01000269,10.598,0.075,0.065,6.739,-1.169,0.402,26.51,12.385
E01000270,10.978,0.083,0.067,4.623,-1.606,0.285,27.051,18.702
E01000271,8.873,0.07,0.05,2.288,-0.759,-0.183,28.515,16.707
E01000272,6.154,0.044,0.026,1.18,-1.308,0.601,19.961,10.405
E01000273,15.816,0.129,0.09,2.536,-0.166,0.467,24.821,20.797
E01000274,19.115,0.169,0.111,13.285,-0.601,0.272,25.244,24.115
E01000275,13.395,0.12,0.07,3.156,-0.553,-0.194,35.357,12.188
E01000276,3.832,0.024,0.021,0.593,-1.703,-0.834,26.027,10.46
E01000277,20.698,0.165,0.109,5.479,-0.122,-0.139,40.547,19.946
E01000278,4.723,0.029,0.029,0.711,-2.0,-0.559,28.169,11.284
E01000279,6.608,0.019,0.021,2.277,-2.441,-0.145,35.899,9.013
E01000280,3.282,0.028,0.028,1.347,-1.755,-0.317,19.186,9.186
E01000281,17.75,0.152,0.102,7.65,0.005,0.091,26.868,18.684
E01000282,8.756,0.077,0.053,2.175,-1.288,0.264,23.118,16.326
E01000283,5.525,0.038,0.028,0.568,-1.63,0.075,26.722,9.535
E01000284,17.803,0.166,0.096,7.49,-0.236,0.1,28.125,20.594
E01000285,18.5,0.163,0.116,10.766,-0.189,0.146,25.392,16.464
E01000286,26.187,0.207,0.139,12.776,0.129,0.581,34.36,21.064
E01000287,27.823,0.209,0.14,30.787,0.279,0.654,28.52,15.259
E01000288,13.546,0.112,0.065,8.654,-0.853,0.616,24.113,19.086
E01000289,40.812,0.318,0.208,25.755,0.268,1.162,40.14,16.893
E01000290,24.45,0.145,0.125,15.752,-0.206,0.796,42.968,12.422
E01000291,35.597,0.265,0.204,25.774,0.259,0.958,37.455,9.876
E01000292,13.383,0.098,0.09,3.462,-0.701,0.653,21.08,17.713
E01000293,8.281,0.058,0.059,1.493,-1.351,0.407,18.693,21.522
E01000294,14.564,0.122,0.111,2.214,0.047,-0.512,25.294,12.391
E01000295,11.784,0.066,0.059,1.465,-1.004,0.276,26.769,37.976
E01000296,13.7,0.102,0.061,3.797,-0.959,0.39,27.284,34.441
E01000297,11.056,0.092,0.063,11.47,-1.051,-0.151,23.457,21.798
E01000298,13.499,0.109,0.056,1.612,-0.862,0.364,26.25,36.242
E01000299,18.136,0.131,0.072,3.96,-0.296,0.702,26.709,40.04
E01000300,12.018,0.1,0.082,1.918,-0.989,-0.027,26.59,21.216
E01000301,6.781,0.057,0.05,1.038,-1.634,0.085,20.638,17.984
E01000302,17.503,0.149,0.098,6.913,-0.059,0.18,27.035,19.79
E01000303,7.29,0.049,0.046,1.473,-0.843,-0.097,29.092,10.884
E01000304,14.711,0.1,0.064,6.452,-0.53,0.207,35.322,23.894
E01000305,29.612,0.192,0.137,16.998,-0.38,0.587,44.498,41.395
E01000306,17.095,0.095,0.07,11.173,-0.882,0.545,35.336,33.876
E01000307,23.755,0.144,0.078,19.369,-0.725,1.092,39.627,31.274
E01000308,48.14,0.308,0.206,24.822,0.142,1.86,52.78,36.296
E01000309,13.891,0.085,0.071,3.141,-1.071,0.31,35.215,26.468
E01000310,19.561,0.104,0.071,12.896,-0.492,0.533,41.414,33.051
E01000311,10.156,0.053,0.039,3.057,-1.692,0.781,26.093,24.942
E01000312,26.802,0.199,0.138,12.327,0.125,0.177,42.146,24.428
E01000313,24.556,0.135,0.09,11.782,-0.454,1.129,42.026,34.113
E01000314,12.212,0.064,0.05,2.397,-1.192,0.84,27.699,29.272
E01000315,34.34,0.28,0.192,27.606,0.194,0.78,32.243,15.706
E01000316,21.672,0.163,0.107,4.524,-0.745,0.907,31.642,33.004
E01000317,13.341,0.111,0.074,3.227,-0.569,0.067,24.113,30.195
E01000318,14.019,0.114,0.062,3.823,-0.673,0.789,23.942,22.935
E01000319,9.966,0.088,0.064,1.586,-1.345,0.153,23.682,20.64
E01000320,10.545,0.082,0.067,1.613,-0.902,-0.342,30.431,19.69
E01000321,19.024,0.13,0.112,4.83,-0.107,0.22,26.887,36.35
E01000322,17.706,0.126,0.087,5.747,-0.591,0.207,28.991,42.022
E01000323,22.141,0.141,0.102,3.593,-0.112,0.948,26.641,44.027
E01000324,14.488,0.109,0.1,4.356,-0.448,0.142,23.933,23.071
E01000325,4.976,0.045,0.045,10.45,-1.358,-0.448,16.823,7.985
E01000326,11.46,0.091,0.046,17.612,-0.721,0.195,19.939,22.23
E01000327,8.152,0.056,0.058,10.868,-1.019,0.251,16.501,13.972
E01000329,17.024,0.145,0.11,18.955,-0.574,0.269,21.306,12.711
E01000330,16.283,0.125,0.101,15.39,-0.296,0.036,21.363,23.219
E01000331,25.457,0.162,0.157,32.935,-0.064,0.096,33.092,14.659
E01000332,16.068,0.115,0.1,19.069,-0.8,0.731,16.867,15.224
E01000333,28.058,0.22,0.16,32.245,0.17,0.636,20.489,19.334
E01000334,13.526,0.104,0.085,20.102,-0.626,-0.35,26.231,9.627
E01000335,31.602,0.224,0.15,42.596,-0.217,0.506,40.878,17.027
E01000336,32.856,0.257,0.164,23.979,0.175,0.676,34.309,31.749
E01000337,19.906,0.181,0.118,16.334,-0.382,0.351,22.576,18.413
E01000338,18.536,0.14,0.099,18.991,-0.8,0.525,25.828,22.963
E01000339,13.425,0.115,0.098,21.813,-0.666,-0.141,15.509,8.755
E01000340,12.549,0.082,0.071,21.006,-0.942,-0.299,26.324,19.004
E01000341,7.882,0.073,0.067,14.714,-1.013,-0.612,13.09,11.564
E01000342,8.396,0.057,0.052,16.061,-1.071,-0.2,17.933,20.055
E01000343,8.849,0.07,0.062,17.471,-0.746,-0.363,15.08,14.35
E01000344,5.809,0.049,0.051,13.295,-0.884,-0.323,13.782,6.301
E01000345,5.271,0.056,0.051,13.058,-1.451,-0.809,12.622,9.056
E01000346,7.755,0.055,0.052,15.206,-1.144,0.018,12.979,18.254
E01000347,12.505,0.087,0.063,22.704,-0.465,0.116,18.04,18.997
E01000348,4.443,0.034,0.044,12.878,-1.41,-0.806,16.564,7.645
E01000349,6.358,0.051,0.047,10.937,-1.384,-0.466,23.681,7.624
E01000350,7.402,0.045,0.055,15.963,-1.132,-0.207,19.385,12.162
E01000351,6.216,0.047,0.043,17.837,-1.663,-0.844,23.27,4.954
E01000352,15.181,0.12,0.088,21.248,-0.493,0.131,20.613,15.655
E01000353,4.0,0.046,0.049,9.384,-1.435,-0.589,8.18,7.608
E01000354,19.878,0.161,0.138,19.689,-0.055,-0.461,25.998,11.4
E01000355,8.503,0.069,0.075,15.111,-0.549,-0.554,12.6,9.348
E01000356,6.759,0.049,0.072,12.041,-1.067,-0.149,11.831,7.021
E01000357,3.96,0.053,0.033,10.638,-1.47,-0.584,9.942,7.621
E01000358,6.979,0.06,0.06,10.458,-0.915,-0.515,15.801,13.417
E01000359,5.562,0.046,0.059,9.7,-1.41,-0.573,16.77,9.764
E01000360,18.508,0.123,0.114,7.762,-0.229,0.589,25.339,25.531
E01000361,11.633,0.1,0.078,13.791,-1.188,0.05,21.743,12.588
E01000362,11.341,0.079,0.075,11.855,-0.979,0.453,20.253,13.97
E01000363,7.433,0.052,0.062,9.007,-0.975,-0.087,19.858,11.212
E01000364,11.34,0.09,0.063,13.841,-0.831,-0.2,27.568,13.108
E01000365,15.903,0.127,0.092,10.395,-0.354,0.652,21.453,14.822
E01000366,9.89,0.098,0.072,7.934,-0.77,0.076,15.991,11.317
E01000367,31.962,0.192,0.166,41.529,0.207,0.952,31.224,19.099
E01000368,31.216,0.25,0.166,38.308,-0.001,0.094,37.496,13.035
E01000369,13.665,0.107,0.1,16.551,-0.827,0.221,16.007,14.442
E01000370,9.166,0.08,0.072,14.324,-0.701,-0.816,19.204,10.122
E01000371,8.793,0.072,0.056,17.005,-1.29,-0.108,18.864,12.293
E01000372,29.17,0.226,0.192,30.501,0.27,0.201,24.549,14.834
E01000373,32.982,0.286,0.17,28.225,0.132,0.238,41.185,9.986
E01000374,38.372,0.283,0.204,48.922,0.441,-0.049,36.238,23.982
E01000375,20.599,0.171,0.112,27.287,-0.414,0.277,24.907,15.626
E01000376,13.044,0.102,0.071,16.939,-0.754,0.37,20.841,15.56
E01000377,11.798,0.1,0.081,12.746,-0.925,0.097,22.146,10.222
E01000378,21.549,0.129,0.125,20.969,-0.165,0.306,30.635,25.461
E01000379,19.61,0.147,0.104,23.092,-0.561,0.485,28.249,15.518
E01000380,24.612,0.189,0.118,31.329,-0.105,-0.654,38.806,18.954
E01000381,26.782,0.175,0.145,30.72,0.011,-0.147,39.72,19.936
E01000382,5.814,0.038,0.047,7.217,-1.117,-0.45,25.496,7.165
E01000383,19.849,0.111,0.099,23.134,-0.098,0.7,31.503,11.219
E01000384,11.435,0.109,0.068,9.241,-0.876,-0.098,19.233,23.266
E01000385,30.212,0.251,0.163,31.981,0.07,0.141,32.405,20.819
E01000386,35.975,0.272,0.194,39.878,0.656,0.241,30.075,22.78
E01000387,11.281,0.078,0.071,11.524,-0.701,-0.304,32.173,6.66
E01000388,11.481,0.08,0.064,13.249,-1.019,0.889,14.014,11.817
E01000389,12.042,0.099,0.067,10.561,-0.909,0.435,24.525,11.372
E01000390,9.952,0.066,0.05,13.929,-0.856,0.379,21.911,14.491
E01000391,13.32,0.104,0.085,21.425,-0.929,-0.027,21.724,12.105
E01000392,27.367,0.221,0.143,23.815,0.225,0.355,27.243,27.218
E01000393,9.098,0.073,0.063,12.117,-1.102,0.101,15.383,17.392
E01000394,9.563,0.089,0.071,7.133,-0.813,0.086,18.365,11.166
E01000395,6.092,0.057,0.059,9.325,-1.137,-0.286,13.706,9.508
E01000396,7.359,0.055,0.057,13.386,-1.343,-0.392,21.408,10.902
E01000398,20.751,0.162,0.119,30.445,-0.445,-0.117,29.686,11.633
E01000399,10.159,0.078,0.065,18.949,-1.188,0.073,18.379,12.515
E01000400,12.989,0.105,0.088,17.645,-1.014,0.066,17.178,18.266
E01000401,26.612,0.213,0.143,27.763,0.266,0.276,26.598,20.301
E01000402,20.623,0.178,0.122,20.729,-0.496,0.156,27.565,15.506
E01000403,28.86,0.214,0.142,23.806,-0.247,1.304,31.001,12.528
E01000404,28.312,0.23,0.147,22.493,0.017,0.496,33.805,22.355
E01000405,24.856,0.21,0.146,23.282,-0.594,0.22,28.753,25.715
E01000406,25.048,0.179,0.118,18.869,-0.258,0.72,33.505,30.403
E01000407,16.843,0.11,0.107,19.138,-0.229,0.091,21.846,22.479
E01000408,21.526,0.184,0.128,22.197,-0.139,-0.003,21.227,24.195
E01000409,6.534,0.051,0.058,18.62,-1.254,-0.576,13.832,7.977
E01000410,6.698,0.052,0.043,14.874,-1.449,-0.235,18.713,12.461
E01000411,9.515,0.074,0.068,17.084,-0.816,-0.26,16.33,13.633
E01000412,10.642,0.08,0.061,12.284,-0.95,-0.049,26.455,14.59
E01000413,12.276,0.087,0.064,20.569,-1.1,0.384,20.681,15.665
E01000414,14.132,0.101,0.08,12.74,-0.554,0.592,19.166,19.961
E01000415,5.985,0.053,0.05,15.011,-1.421,-0.313,12.737,9.335
E01000416,26.393,0.202,0.125,15.692,-0.42,1.257,33.903,13.397
E01000417,18.508,0.117,0.101,16.689,-0.325,0.709,28.743,14.477
E01000418,21.498,0.174,0.096,22.89,-0.666,0.607,31.777,19.408
E01000419,7.599,0.052,0.065,13.402,-1.086,-0.302,19.309,10.131
E01000420,10.521,0.07,0.077,18.688,-0.856,0.028,18.987,10.161
E01000421,7.253,0.05,0.064,9.296,-0.836,-0.397,21.907,8.348
E01000422,39.737,0.348,0.219,25.979,-0.222,0.861,39.438,10.845
E01000423,3.691,0.034,0.038,8.785,-1.946,-0.633,8.757,14.979
E01000424,8.308,0.062,0.051,3.815,-0.889,0.327,15.053,24.888
E01000425,5.626,0.055,0.045,8.084,-0.491,-0.665,18.569,4.787
E01000426,8.693,0.068,0.056,9.077,-0.899,-0.12,20.186,19.506
E01000427,12.393,0.094,0.088,13.685,-0.996,-0.292,25.76,13.888
E01000428,24.498,0.165,0.121,19.439,0.496,-0.001,33.865,24.916
E01000429,41.887,0.291,0.205,34.027,0.598,0.905,43.056,25.375
E01000430,18.495,0.161,0.101,16.195,-0.3,0.268,31.493,4.788
E01000431,38.79,0.3,0.195,34.045,0.456,0.849,36.645,19.14
E01000432,29.363,0.205,0.153,35.475,-0.033,1.06,28.27,11.946
E01000433,37.838,0.29,0.208,31.252,0.192,0.978,33.631,19.761
E01000434,37.525,0.262,0.204,52.474,0.548,0.18,34.848,13.998
E01000435,28.456,0.198,0.148,28.955,-0.101,0.57,38.432,16.63
E01000436,6.228,0.066,0.062,12.04,-1.222,-0.68,13.741,6.31
E01000437,12.799,0.108,0.077,19.203,-0.427,0.081,19.485,7.875
E01000438,13.183,0.106,0.079,18.881,-0.836,0.167,19.236,16.338
E01000439,24.81,0.173,0.138,31.238,-0.255,0.681,18.219,31.102
E01000440,6.622,0.049,0.055,18.82,-1.12,-0.552,12.266,11.524
E01000441,28.137,0.238,0.166,31.584,0.234,0.441,22.333,11.346
E01000442,13.595,0.095,0.097,19.979,-0.6,-0.131,21.783,11.553
E01000443,18.916,0.116,0.114,15.825,0.239,0.007,30.671,13.026
E01000444,5.789,0.036,0.052,6.74,-1.52,-0.497,25.568,8.01
E01000445,5.063,0.039,0.044,10.736,-1.669,-0.505,21.126,6.618
E01000446,5.996,0.045,0.046,13.676,-0.97,-0.339,15.596,10.587
E01000447,10.531,0.087,0.069,6.228,-0.843,0.291,18.957,18.472
E01000448,2.704,0.027,0.042,4.007,-1.409,-0.688,13.724,6.6
E01000449,5.549,0.032,0.045,4.394,-1.098,0.444,13.796,10.102
E01000450,18.466,0.155,0.131,20.135,-0.319,-0.156,23.609,9.663
E01000451,9.015,0.082,0.06,18.331,-1.212,-0.097,15.746,10.096
E01000452,6.838,0.07,0.055,13.425,-1.023,-0.576,13.096,10.984
E01000453,9.422,0.077,0.071,18.531,-1.014,-0.099,13.105,10.803
E01000454,19.154,0.138,0.117,22.196,-0.064,0.431,19.344,15.458
E01000455,6.238,0.052,0.056,15.106,-1.289,-0.786,13.713,13.309
E01000456,6.415,0.062,0.056,12.788,-1.467,-0.698,16.113,10.926
E01000457,11.53,0.097,0.053,9.35,-0.535,0.108,21.813,24.486
E01000458,5.079,0.063,0.041,4.021,-1.204,-0.975,21.849,8.524
E01000459,13.656,0.135,0.089,9.475,-0.643,-0.032,23.279,11.974
E01000460,3.245,0.032,0.034,7.875,-1.824,-0.645,17.243,4.556
E01000461,6.602,0.052,0.053,8.646,-1.826,-0.574,26.88,6.728
E01000462,12.827,0.109,0.073,12.273,-0.265,-0.54,21.446,23.712
E01000463,4.632,0.053,0.045,10.999,-1.228,-0.722,12.149,8.207
E01000464,27.793,0.257,0.158,22.722,-0.108,0.561,30.449,7.316
E01000465,30.198,0.258,0.2,26.884,-0.205,0.502,29.908,6.217
E01000466,25.838,0.23,0.157,18.612,-0.364,0.577,31.397,8.897
E01000467,21.357,0.193,0.115,13.321,-0.392,0.642,29.264,12.391
E01000468,21.141,0.176,0.092,5.774,-0.545,0.203,48.253,10.552
E01000469,19.816,0.144,0.101,8.858,-0.424,0.888,33.325,12.929
E01000470,41.739,0.33,0.219,25.545,-0.04,1.338,41.254,10.344
E01000471,22.056,0.127,0.084,24.44,-0.218,0.001,45.805,22.364
E01000472,26.602,0.158,0.073,15.059,-0.138,0.779,40.645,55.152
E01000473,27.983,0.182,0.106,27.325,-0.357,0.928,41.771,27.699
E01000474,19.806,0.117,0.088,29.125,-0.493,0.199,37.477,16.895
E01000475,21.452,0.138,0.084,13.14,-0.416,0.255,46.416,24.682
E01000476,21.442,0.107,0.077,26.333,-0.907,1.211,33.934,22.729
E01000477,26.347,0.151,0.089,28.017,-0.756,0.456,50.031,33.564
E01000478,22.981,0.135,0.08,20.985,-0.668,1.072,36.41,31.479
E01000479,16.338,0.12,0.08,7.231,-0.699,0.796,29.801,16.948
E01000480,11.937,0.078,0.053,6.431,-1.043,0.773,25.422,20.522
E01000481,30.144,0.214,0.139,11.136,-0.018,0.293,46.279,40.485
E01000482,35.217,0.269,0.164,16.378,0.618,0.509,41.875,33.086
E01000483,35.01,0.29,0.167,20.937,0.279,0.377,40.752,31.948
E01000484,41.483,0.331,0.231,22.182,0.165,0.1,51.287,17.203
E01000485,26.476,0.215,0.123,14.146,0.378,0.319,40.777,12.254
E01000486,15.172,0.116,0.075,9.96,-0.655,0.129,35.021,15.67
E01000487,16.678,0.141,0.079,7.353,-0.405,0.247,31.726,22.668
E01000488,21.116,0.165,0.092,11.056,-0.512,0.672,36.022,24.184
E01000489,20.159,0.157,0.095,5.441,0.047,0.599,30.683,24.818
E01000490,27.496,0.166,0.119,12.712,0.38,1.064,32.157,36.574
E01000491,22.133,0.167,0.117,8.558,-0.132,0.436,35.142,24.996
E01000492,14.196,0.099,0.075,5.123,-0.328,0.494,24.782,24.817
E01000493,13.751,0.111,0.07,3.77,-0.571,0.548,26.188,19.9
E01000494,19.702,0.183,0.091,5.264,-0.262,0.416,33.78,19.961
E01000495,32.76,0.219,0.15,12.787,0.696,0.942,37.648,32.884
E01000497,21.536,0.189,0.118,14.262,-0.395,0.115,32.701,20.978
E01000498,26.036,0.223,0.112,33.903,-0.64,0.002,37.378,23.553
E01000499,28.459,0.257,0.115,24.082,-0.188,0.38,36.355,29.899
E01000501,35.541,0.313,0.183,22.606,0.213,0.382,40.726,16.67
E01000502,27.865,0.201,0.141,20.677,-0.547,0.832,39.334,22.219
E01000503,25.218,0.194,0.127,17.571,-0.317,0.851,32.664,21.334
E01000504,22.964,0.166,0.122,8.565,0.031,0.511,33.006,27.79
E01000505,21.425,0.156,0.107,11.819,-0.243,0.566,36.873,18.182
E01000506,33.451,0.245,0.156,20.299,-0.178,0.572,44.2,40.168
E01000507,22.861,0.193,0.107,13.26,-0.406,0.646,34.923,20.326
E01000508,46.881,0.331,0.243,32.236,0.172,0.959,42.686,41.832
E01000509,35.326,0.244,0.128,28.814,-0.373,1.826,39.094,27.007
E01000510,31.621,0.225,0.117,18.891,-0.286,1.606,36.162,31.662
E01000511,31.981,0.236,0.124,18.048,-0.364,1.307,36.258,40.92
E01000512,20.202,0.138,0.082,10.314,-0.788,0.786,33.55,35.619
E01000513,15.851,0.106,0.067,18.445,-0.863,0.484,30.7,21.887
E01000514,13.971,0.118,0.072,9.074,-0.855,-0.15,32.581,18.828
E01000515,26.927,0.193,0.122,19.818,-0.414,0.836,38.495,27.179
E01000516,18.004,0.131,0.082,15.889,-0.66,0.432,31.328,25.668
E01000517,13.499,0.09,0.044,6.782,-0.852,0.745,29.452,25.592
E01000518,23.679,0.158,0.099,14.553,-0.12,1.088,32.071,26.04
E01000519,20.301,0.147,0.086,13.078,-0.478,0.804,35.16,20.465
E01000520,20.458,0.14,0.085,13.287,-0.048,0.519,34.611,26.084
E01000521,54.417,0.359,0.276,39.191,0.352,0.88,47.202,50.416
E01000522,31.767,0.286,0.166,26.345,-0.332,0.225,37.516,23.773
E01000523,35.998,0.245,0.157,38.682,-0.114,0.725,40.325,41.837
E01000524,51.19,0.367,0.228,30.118,0.161,1.253,47.002,48.184
E01000525,40.711,0.271,0.196,26.699,0.093,1.238,43.669,36.267
E01000526,44.026,0.334,0.237,28.187,0.717,0.736,39.04,22.232
E01000527,36.888,0.267,0.179,29.682,0.284,0.653,39.372,35.79
E01000528,51.218,0.371,0.279,23.469,0.382,1.314,42.623,27.068
E01000530,18.013,0.13,0.1,5.031,-0.321,0.603,26.334,28.898
E01000531,27.316,0.213,0.131,12.989,-0.216,0.276,37.336,42.017
E01000532,21.515,0.148,0.109,13.09,-0.186,0.319,31.536,35.111
E01000533,43.53,0.293,0.205,27.229,0.364,1.178,44.671,38.62
E01000534,22.025,0.177,0.112,10.709,-0.39,0.526,29.955,32.311
E01000535,30.194,0.178,0.115,19.303,-0.439,1.289,34.215,51.595
E01000536,11.279,0.083,0.061,3.41,-0.96,0.301,28.153,20.83
E01000538,8.251,0.067,0.046,2.414,-1.079,0.029,27.682,14.386
E01000539,10.011,0.082,0.052,3.607,-0.754,0.028,28.873,15.557
E01000540,10.838,0.084,0.061,3.122,-0.906,0.478,27.137,13.155
E01000541,16.193,0.11,0.068,5.013,-0.319,0.46,37.044,20.265
E01000543,22.818,0.153,0.095,8.372,-0.412,1.131,36.428,25.161
E01000544,40.666,0.323,0.204,15.643,0.47,0.382,44.484,39.741
E01000545,30.165,0.166,0.124,8.093,0.394,1.347,31.466,49.051
E01000546,23.332,0.16,0.113,4.75,-0.213,0.812,29.991,42.555
E01000547,22.893,0.16,0.121,5.383,0.028,0.774,28.351,33.9
E01000548,35.385,0.231,0.15,13.618,0.256,1.37,40.274,39.994
E01000549,16.478,0.133,0.094,3.949,-0.356,0.382,25.003,27.378
E01000550,38.308,0.267,0.178,13.861,0.778,1.194,36.998,35.455
E01000551,47.389,0.366,0.25,23.094,0.715,0.29,46.875,29.431
E01000552,49.972,0.358,0.271,25.971,0.541,0.259,44.328,50.508
E01000553,29.578,0.215,0.134,23.81,0.137,0.541,36.475,34.019
E01000554,24.65,0.205,0.131,12.082,-0.16,0.093,34.779,31.331
E01000555,16.331,0.132,0.088,7.39,-0.448,0.408,29.149,18.852
E01000556,37.071,0.206,0.131,20.989,0.026,1.301,38.85,66.729
E01000557,22.47,0.16,0.106,6.142,0.149,0.514,31.808,35.838
E01000558,25.635,0.174,0.137,7.843,-0.026,0.998,32.582,27.537
E01000559,21.535,0.157,0.108,11.981,-0.077,0.451,30.602,30.166
E01000560,18.684,0.105,0.086,11.807,-0.638,0.73,35.136,27.185
E01000561,23.986,0.203,0.117,5.548,0.189,0.528,34.503,22.029
E01000562,11.781,0.095,0.052,3.544,-1.038,0.294,33.216,15.5
E01000563,11.0,0.069,0.057,3.446,-0.712,0.559,27.378,17.327
E01000564,18.349,0.122,0.079,13.555,-0.671,-0.526,47.753,16.44
E01000565,25.104,0.208,0.126,15.944,-0.336,0.547,34.778,24.95
E01000566,15.192,0.106,0.069,7.655,-0.944,-0.014,42.005,16.029
E01000567,18.827,0.133,0.097,9.008,-0.171,0.407,33.851,20.088
E01000568,14.428,0.047,0.031,1.125,-0.877,0.251,72.586,19.169
E01000569,9.729,0.089,0.046,3.819,-0.704,-0.41,31.484,13.34
E01000570,26.744,0.198,0.136,15.839,-0.06,0.324,43.425,18.896
E01000571,21.065,0.152,0.112,10.352,-0.551,0.857,31.457,21.398
E01000572,11.912,0.095,0.05,6.783,-0.886,-0.274,38.051,12.701
E01000573,13.884,0.118,0.056,7.553,-0.833,0.511,29.859,19.317
E01000574,12.35,0.102,0.052,7.986,-0.477,-0.325,32.477,19.314
E01000575,16.628,0.097,0.057,7.533,-0.745,0.581,37.935,32.611
E01000576,15.105,0.106,0.067,8.147,-0.684,0.489,32.01,23.103
E01000577,31.903,0.268,0.149,20.007,-0.329,-0.296,54.243,20.463
E01000578,26.953,0.182,0.125,11.768,0.46,0.854,33.591,27.437
E01000579,27.002,0.177,0.136,9.529,0.197,0.589,31.171,46.02
E01000580,21.564,0.163,0.117,5.566,-0.165,0.885,23.564,32.053
E01000581,15.592,0.121,0.085,3.694,-0.913,0.514,25.395,31.893
E01000582,14.655,0.099,0.067,1.595,-0.63,0.587,25.981,36.405
E01000583,20.948,0.118,0.109,6.25,-0.098,0.582,28.147,44.27
E01000584,14.559,0.105,0.078,9.66,-0.384,0.153,26.471,24.955
E01000585,14.895,0.106,0.072,10.785,-0.404,0.168,26.876,28.812
E01000586,26.993,0.163,0.102,17.416,-0.026,0.574,37.303,51.264
E01000587,14.862,0.128,0.059,15.65,-0.832,0.146,32.845,15.701
E01000588,24.489,0.207,0.127,20.097,-0.499,0.264,37.36,17.782
E01000589,19.292,0.132,0.083,13.921,-0.429,0.564,38.512,16.473
E01000590,16.322,0.14,0.079,8.218,-0.549,0.249,32.41,18.865
E01000591,21.921,0.123,0.087,12.773,-0.469,0.924,40.199,28.215
E01000592,20.091,0.141,0.089,12.595,-0.178,0.792,31.883,20.241
E01000593,20.421,0.171,0.103,12.4,-0.511,0.286,37.18,15.554
E01000594,18.442,0.12,0.069,11.741,-0.943,0.627,38.965,27.473
E01000595,49.204,0.351,0.23,38.923,0.931,0.855,41.461,32.368
E01000596,51.501,0.365,0.215,42.358,0.399,1.331,47.042,36.569
E01000599,43.133,0.357,0.221,21.52,0.544,0.059,38.715,43.573
E01000600,38.873,0.295,0.193,28.205,0.154,0.467,47.985,26.283
E01000601,57.537,0.437,0.225,44.019,0.648,2.096,44.325,19.441
E01000602,45.215,0.283,0.202,29.677,0.544,1.289,62.772,23.245
E01000603,41.085,0.316,0.17,26.035,-0.23,1.099,45.725,41.689
E01000604,42.333,0.282,0.203,26.083,0.339,0.975,64.061,22.276
E01000605,45.341,0.36,0.215,32.64,0.04,0.72,49.5,26.346
E01000606,20.248,0.133,0.099,13.524,-0.536,0.556,35.659,25.498
E01000607,18.462,0.136,0.073,9.354,-0.543,0.149,43.965,19.091
E01000608,24.985,0.142,0.09,13.94,-0.213,1.114,40.988,31.328
E01000609,21.953,0.139,0.084,14.812,-0.627,0.647,42.712,28.116
E01000610,27.057,0.169,0.115,13.786,0.159,0.861,44.456,20.991
E01000611,22.025,0.128,0.122,12.617,-0.142,0.227,39.628,25.312
E01000612,23.174,0.169,0.098,12.7,-0.275,0.627,40.65,23.341
E01000613,27.499,0.173,0.112,17.161,-0.21,-0.287,53.418,36.211
E01000615,19.768,0.12,0.081,13.586,-0.536,-0.021,47.456,21.453
E01000616,21.564,0.125,0.087,11.328,-0.22,0.664,38.368,34.258
E01000617,23.407,0.149,0.101,14.946,-0.631,1.026,36.504,28.081
E01000618,23.651,0.174,0.103,21.366,-0.288,0.686,35.097,22.269
E01000619,20.598,0.119,0.104,21.766,-0.27,0.436,35.823,18.445
E01000620,20.848,0.142,0.091,21.375,-0.525,0.302,35.513,28.627
E01000621,25.076,0.131,0.088,23.296,0.141,0.569,43.235,31.97
E01000622,29.676,0.171,0.111,19.222,-0.209,1.073,45.78,35.96
E01000623,15.843,0.104,0.072,15.287,-0.593,0.456,29.678,23.114
E01000624,17.184,0.136,0.078,14.891,-0.765,0.315,35.588,15.071
E01000625,21.638,0.151,0.092,17.931,-0.399,0.65,36.415,23.102
E01000626,40.994,0.308,0.205,24.963,0.554,0.868,43.679,21.965
E01000627,40.559,0.278,0.175,33.544,0.109,1.026,44.078,41.231
E01000628,33.896,0.238,0.16,17.774,0.024,1.014,42.351,32.806
E01000629,19.056,0.131,0.087,18.717,-0.507,0.534,34.542,17.178
E01000630,30.897,0.218,0.142,16.042,-0.138,0.91,46.265,23.259
E01000631,18.084,0.127,0.071,11.821,-0.692,0.541,36.377,26.368
E01000632,19.287,0.109,0.063,18.969,-0.712,0.894,35.045,29.843
E01000633,24.54,0.134,0.079,18.087,-0.531,1.149,42.681,31.187
E01000634,22.654,0.155,0.09,15.96,-0.555,0.242,47.374,23.066
E01000635,29.135,0.193,0.112,14.322,-0.507,1.147,42.465,38.618
E01000636,19.324,0.127,0.09,16.254,-0.58,0.313,33.727,31.197
E01000637,27.48,0.214,0.141,15.127,-0.148,0.441,34.486,36.758
E01000638,33.451,0.195,0.118,20.647,0.001,0.965,45.412,52.489
E01000639,21.089,0.11,0.079,9.809,-0.279,0.977,32.0,42.386
E01000640,33.805,0.189,0.12,24.09,0.012,0.69,47.034,56.699
E01000641,33.326,0.243,0.146,23.641,-0.037,0.899,39.002,37.859
E01000642,29.708,0.193,0.118,14.189,0.265,0.585,35.168,55.77
E01000643,54.417,0.363,0.267,24.23,1.265,1.269,41.082,36.6
E01000644,26.925,0.211,0.12,12.672,-0.088,0.618,36.484,35.765
E01000645,3.17,0.012,0.017,0.553,-2.074,-0.481,21.546,10.289
E01000646,9.254,0.082,0.068,2.076,-0.689,-0.177,21.726,17.565
E01000647,6.844,0.066,0.049,4.933,-1.414,-0.012,18.542,15.017
E01000648,6.644,0.058,0.055,3.964,-0.89,-0.268,18.579,15.439
E01000649,10.029,0.083,0.059,2.018,-0.884,-0.151,32.386,10.976
E01000650,11.084,0.081,0.061,1.257,-1.094,0.233,36.094,7.956
E01000651,10.339,0.087,0.051,2.148,-0.542,-0.351,33.526,12.713
E01000652,4.976,0.046,0.047,4.121,-1.26,0.021,16.839,7.574
E01000653,8.461,0.064,0.062,5.366,-0.447,-0.892,28.051,9.456
E01000654,8.641,0.048,0.053,20.356,-0.973,0.058,21.255,8.292
E01000655,10.823,0.079,0.057,18.113,-1.183,-0.277,31.898,4.708
E01000656,6.907,0.046,0.048,14.889,-1.106,0.348,12.432,7.7
E01000657,12.205,0.1,0.082,18.697,-0.758,0.132,18.428,8.745
E01000658,7.267,0.075,0.057,10.571,-1.051,-0.212,17.921,5.32
E01000659,9.433,0.087,0.072,15.597,-0.755,-0.341,18.758,4.007
E01000661,50.246,0.385,0.235,33.009,1.214,0.689,42.551,19.227
E01000662,18.145,0.14,0.121,19.482,-0.277,-0.037,26.193,10.866
E01000663,18.865,0.162,0.13,13.854,-0.388,-0.133,30.052,8.4
E01000664,18.402,0.132,0.101,16.409,-0.573,0.191,37.439,9.178
E01000665,12.247,0.107,0.087,9.715,-0.939,-0.51,27.154,13.115
E01000666,4.702,0.038,0.039,5.902,-1.746,-0.277,19.53,11.529
E01000667,6.007,0.032,0.039,5.004,-1.828,-0.246,28.095,11.823
E01000668,12.136,0.102,0.077,8.172,-0.461,0.322,15.235,20.045
E01000669,8.932,0.085,0.07,7.406,-0.74,-0.293,15.714,15.82
E01000670,7.27,0.044,0.04,0.896,-1.922,-0.078,27.567,23.694
E01000671,10.953,0.096,0.067,2.747,-0.797,-0.131,26.773,19.844
E01000672,8.505,0.063,0.055,3.583,-1.031,0.287,25.101,11.772
E01000673,9.11,0.074,0.063,3.688,-0.996,0.021,27.226,9.726
E01000674,13.574,0.112,0.076,6.019,-0.423,0.334,22.461,22.251
E01000675,13.137,0.089,0.088,2.179,-0.942,0.194,27.583,25.783
E01000676,26.219,0.205,0.12,12.691,-0.046,0.795,26.724,41.922
E01000677,14.283,0.08,0.051,4.054,-0.942,0.976,29.539,28.839
E01000678,9.88,0.075,0.072,3.839,-0.857,-0.67,28.603,17.673
E01000679,9.069,0.077,0.071,6.114,-0.746,-0.124,16.976,17.453
E01000680,8.63,0.049,0.046,5.944,-1.558,-0.082,35.422,10.115
E01000681,2.853,0.033,0.035,4.739,-1.628,-0.938,17.002,7.0
E01000682,3.044,0.031,0.042,5.449,-0.992,-0.982,12.314,8.694
E01000683,12.837,0.113,0.086,6.612,-0.742,-0.551,28.174,17.468
E01000684,2.858,0.035,0.038,2.555,-1.535,-0.746,17.639,5.764
E01000685,13.666,0.12,0.092,16.97,-0.516,0.337,16.315,4.963
E01000686,6.911,0.086,0.056,4.22,-1.02,-0.296,16.814,8.999
E01000687,5.774,0.061,0.058,4.385,-1.198,-0.598,13.241,16.377
E01000688,2.403,0.037,0.03,2.199,-1.879,-0.286,11.241,5.664
E01000689,27.501,0.18,0.11,29.917,0.089,0.938,37.017,18.076
E01000690,9.306,0.063,0.056,3.178,-1.244,1.002,15.451,10.707
E01000691,13.949,0.139,0.095,12.278,-0.356,-0.349,19.866,12.079
E01000692,8.085,0.078,0.043,4.479,-1.058,0.428,15.108,17.128
E01000693,13.098,0.059,0.043,3.953,-1.227,0.982,35.269,20.656
E01000694,5.164,0.035,0.04,2.083,-1.346,0.004,24.22,7.405
E01000695,8.991,0.052,0.045,2.982,-1.488,0.892,22.998,12.639
E01000696,7.167,0.036,0.035,0.815,-1.631,0.732,22.071,14.233
E01000697,3.688,0.042,0.031,0.59,-1.68,-0.534,21.655,8.412
E01000698,7.499,0.041,0.042,5.6,-1.259,0.084,31.434,7.277
E01000699,21.978,0.169,0.111,15.991,-0.436,0.737,25.113,31.385
E01000700,13.937,0.131,0.095,8.187,-0.41,-0.149,20.715,17.171
E01000701,13.599,0.113,0.093,7.112,-0.715,0.028,18.942,27.498
E01000702,12.25,0.1,0.064,6.749,-0.804,0.43,19.649,27.138
E01000703,12.417,0.062,0.065,1.094,-0.805,0.572,20.975,41.519
E01000704,13.171,0.082,0.067,9.218,-0.686,0.953,16.12,22.888
E01000705,19.207,0.146,0.115,5.539,-0.377,0.749,24.48,24.696
E01000706,16.73,0.125,0.092,11.562,-0.282,0.452,23.173,23.971
E01000707,3.136,0.037,0.041,1.362,-1.385,-0.436,5.967,14.909
E01000708,8.868,0.075,0.06,5.132,-0.686,0.168,15.665,19.44
E01000709,14.945,0.111,0.078,6.314,-0.064,0.121,27.593,22.166
E01000710,11.657,0.074,0.042,10.664,-1.209,0.662,29.637,15.291
E01000711,12.968,0.089,0.068,7.763,-0.677,0.197,29.762,21.551
E01000712,6.762,0.057,0.037,1.315,-1.424,0.127,24.821,13.884
E01000713,6.874,0.062,0.047,2.037,-1.523,-0.219,26.105,12.457
E01000714,12.083,0.066,0.054,10.895,-1.143,0.612,21.47,33.143
E01000715,7.812,0.053,0.05,3.014,-1.01,0.26,21.273,19.581
E01000716,7.709,0.068,0.057,1.245,-0.743,-0.032,22.533,12.448
E01000717,8.392,0.078,0.053,2.946,-1.22,-0.405,27.698,14.73
E01000718,30.401,0.223,0.141,23.853,-0.462,0.411,44.454,33.832
E01000719,28.76,0.223,0.136,23.358,-0.218,1.273,26.212,22.299
E01000720,48.796,0.322,0.201,49.732,0.266,1.843,43.314,26.513
E01000721,45.782,0.331,0.232,34.658,0.754,1.343,36.184,13.119
E01000722,22.87,0.181,0.127,31.275,-0.357,0.623,17.997,19.572
E01000723,13.359,0.073,0.09,20.109,-0.561,0.022,27.173,8.773
E01000724,39.303,0.301,0.205,36.142,0.339,0.822,41.221,8.909
E01000725,26.763,0.219,0.133,24.756,-0.103,0.482,31.607,23.887
E01000726,14.708,0.094,0.083,17.659,-0.45,0.643,19.649,15.97
E01000727,16.482,0.117,0.09,16.702,-0.437,0.598,22.956,17.452
E01000728,23.807,0.174,0.119,34.074,-0.106,0.75,23.544,13.423
E01000729,41.938,0.32,0.221,39.989,0.576,1.04,32.784,10.049
E01000730,43.015,0.343,0.218,39.051,0.444,0.937,37.578,10.991
E01000731,25.876,0.187,0.139,32.06,-0.339,0.428,35.594,13.168
E01000732,12.833,0.109,0.102,11.75,-0.691,-0.041,20.227,9.067
E01000733,22.423,0.181,0.118,21.5,-0.249,0.892,18.744,20.738
E01000734,11.578,0.107,0.072,13.562,-0.882,-0.764,26.844,12.386
E01000735,32.47,0.226,0.178,44.774,0.15,0.668,31.093,12.438
E01000736,27.592,0.204,0.162,30.107,-0.17,0.401,35.456,10.525
E01000737,33.292,0.235,0.183,30.285,0.237,1.063,32.411,12.509
E01000738,20.471,0.147,0.107,21.377,-0.08,0.923,22.274,10.376
E01000739,43.452,0.315,0.222,39.002,0.583,1.344,34.527,10.001
E01000740,31.619,0.178,0.127,13.74,-0.108,2.072,33.652,37.649
E01000741,32.816,0.195,0.146,21.669,0.184,1.474,31.245,37.446
E01000742,27.235,0.204,0.125,13.43,-0.237,1.141,28.094,36.709
E01000743,42.054,0.266,0.225,31.205,0.763,1.194,35.797,25.603
E01000744,47.382,0.338,0.261,31.475,0.979,0.705,41.245,15.645
E01000745,22.29,0.157,0.098,13.725,-0.165,0.892,33.88,21.004
E01000746,21.597,0.159,0.095,12.296,-0.62,1.002,28.698,30.755
E01000747,20.18,0.097,0.074,14.668,-0.898,0.32,51.041,24.345
E01000748,13.908,0.058,0.058,12.261,-1.061,0.156,41.911,21.456
E01000749,10.712,0.054,0.043,7.976,-1.268,0.223,38.7,11.676
E01000750,30.349,0.211,0.194,30.877,0.3,-0.422,41.201,4.934
E01000751,7.279,0.059,0.056,6.659,-0.658,-0.181,21.625,8.434
E01000752,8.383,0.078,0.056,7.602,-0.664,0.064,15.715,13.709
E01000753,5.566,0.031,0.041,5.097,-1.063,-0.793,29.357,6.909
E01000754,8.033,0.058,0.046,5.255,-1.461,-0.048,30.706,10.302
E01000755,5.656,0.038,0.047,2.914,-1.26,-0.37,28.074,5.831
E01000756,4.719,0.031,0.043,3.927,-1.322,-0.211,17.525,15.265
E01000757,4.424,0.022,0.031,3.149,-1.827,-0.333,26.576,6.064
E01000758,4.716,0.042,0.036,1.599,-0.981,-0.36,21.732,10.678
E01000759,7.946,0.041,0.051,6.645,-1.316,0.241,28.219,10.246
E01000760,10.334,0.061,0.052,8.514,-0.984,0.099,32.092,15.553
E01000761,7.794,0.045,0.053,7.246,-1.832,0.441,24.437,8.451
E01000762,6.202,0.06,0.057,3.919,-1.578,-0.57,21.887,12.31
E01000763,4.994,0.031,0.042,8.551,-1.316,-0.175,19.786,8.391
E01000764,11.353,0.095,0.081,10.373,-0.636,-0.377,24.488,11.457
E01000765,7.061,0.06,0.061,5.877,-1.163,0.132,16.481,10.193
E01000766,2.67,0.029,0.046,4.658,-1.646,-0.631,10.392,6.558
E01000767,3.553,0.03,0.032,3.615,-1.406,0.159,11.566,7.055
E01000768,6.688,0.055,0.054,2.246,-0.946,-0.177,25.454,7.148
E01000769,25.05,0.11,0.139,10.006,-0.061,1.851,30.072,10.468
E01000770,6.761,0.033,0.039,1.436,-1.791,0.58,20.543,17.658
E01000771,5.799,0.035,0.036,2.938,-1.831,0.585,12.06,17.053
E01000772,4.47,0.047,0.042,1.596,-1.62,-0.13,16.272,12.154
E01000773,6.454,0.042,0.045,6.713,-1.481,-0.175,22.919,16.567
E01000774,10.834,0.061,0.08,10.327,-0.369,0.436,16.594,13.056
E01000775,6.659,0.049,0.042,5.74,-1.564,-0.233,28.455,8.986
E01000777,9.439,0.057,0.056,6.004,-1.323,0.129,30.15,15.665
E01000778,14.433,0.085,0.083,12.043,-0.616,0.265,33.033,13.292
E01000779,18.498,0.128,0.088,8.496,-0.573,1.371,20.142,18.226
E01000780,25.949,0.202,0.135,21.634,-0.267,1.152,24.243,16.326
E01000781,41.604,0.307,0.184,41.939,0.501,1.507,33.872,10.539
E01000782,53.511,0.371,0.288,45.366,0.683,1.405,33.477,18.486
E01000783,39.124,0.299,0.183,36.338,0.158,1.627,31.132,10.691
E01000784,9.954,0.076,0.058,8.393,-0.841,0.306,21.7,15.808
E01000785,35.252,0.282,0.189,26.947,0.177,1.3,25.453,16.069
E01000786,13.846,0.045,0.064,4.879,-0.791,1.636,25.723,5.128
E01000787,23.309,0.151,0.126,29.142,-0.242,0.905,23.789,17.32
E01000788,24.244,0.146,0.11,16.533,-0.696,1.35,30.101,28.628
E01000789,40.825,0.342,0.211,47.111,0.345,0.557,31.858,12.694
E01000790,16.361,0.107,0.079,5.032,-0.79,0.517,26.844,40.397
E01000791,11.274,0.076,0.086,9.812,-0.88,0.308,20.587,13.013
E01000792,21.663,0.18,0.126,18.818,-0.049,0.957,17.212,6.423
E01000793,3.851,0.027,0.037,2.749,-1.802,-0.137,19.477,8.122
E01000794,3.828,0.032,0.053,3.347,-1.155,-0.601,18.556,4.47
E01000795,15.103,0.133,0.102,9.632,-0.426,0.46,21.791,6.184
E01000796,39.42,0.323,0.208,35.938,0.217,0.698,36.616,17.029
E01000797,13.179,0.069,0.073,2.766,-0.586,0.935,22.829,22.895
E01000798,48.768,0.336,0.237,32.695,0.559,1.385,38.062,38.073
E01000799,23.104,0.171,0.125,12.694,-0.62,0.96,23.006,34.999
E01000800,31.732,0.218,0.156,18.236,-0.154,1.452,29.347,32.484
E01000801,24.224,0.184,0.125,22.218,0.039,0.492,22.706,32.235
E01000802,22.004,0.165,0.114,7.934,-0.289,0.893,22.593,37.133
E01000803,18.742,0.154,0.102,6.293,-0.251,0.61,25.124,24.946
E01000804,8.065,0.06,0.051,2.539,-0.963,0.513,18.503,16.052
E01000805,25.127,0.154,0.128,18.56,-0.3,1.091,22.728,39.407
E01000806,33.121,0.259,0.162,20.161,0.177,0.751,33.308,38.069
E01000807,6.244,0.053,0.049,3.646,-1.415,-0.18,16.704,22.013
E01000808,5.897,0.058,0.064,4.573,-1.191,-0.671,20.677,6.448
E01000809,3.492,0.035,0.038,5.4,-1.454,-0.398,16.158,6.269
E01000810,1.772,0.018,0.031,2.192,-1.923,-0.685,12.491,6.198
E01000811,4.985,0.044,0.039,5.859,-1.142,-0.365,16.75,14.633
E01000812,12.34,0.104,0.092,6.03,-0.863,0.3,21.79,12.112
E01000813,3.934,0.041,0.043,6.115,-1.784,-0.12,8.846,10.22
E01000814,2.96,0.014,0.025,0.808,-2.182,-0.193,18.174,8.455
E01000815,2.007,0.015,0.019,2.482,-2.117,-0.532,15.018,5.84
E01000816,16.245,0.111,0.096,16.669,-0.733,0.727,23.062,13.549
E01000818,13.225,0.067,0.071,10.405,-0.86,0.776,29.712,12.187
E01000819,31.819,0.232,0.172,20.991,0.544,0.906,27.469,24.997
E01000820,21.238,0.17,0.152,5.742,0.35,0.246,21.266,16.843
E01000822,13.481,0.127,0.088,6.671,-0.164,-0.184,19.214,18.449
E01000823,9.096,0.07,0.067,1.669,-0.982,0.212,20.219,20.075
E01000824,17.479,0.139,0.105,3.939,-0.249,0.332,23.109,31.401
E01000825,17.621,0.125,0.122,3.528,0.011,-0.5,23.23,36.264
E01000826,3.646,0.02,0.03,1.254,-1.836,-0.382,22.53,9.259
E01000827,5.923,0.07,0.05,2.99,-1.831,-0.246,19.466,9.727
E01000828,10.365,0.068,0.069,2.264,-0.586,0.03,30.268,12.242
E01000829,6.997,0.067,0.047,3.667,-1.425,-0.256,22.313,16.919
E01000830,3.148,0.02,0.026,1.284,-2.162,-0.406,19.688,10.402
E01000831,7.916,0.065,0.05,1.343,-1.018,-0.264,27.26,16.711
E01000832,5.741,0.045,0.035,2.542,-1.441,-0.14,26.023,10.735
E01000833,2.683,0.027,0.031,2.324,-1.93,-0.372,15.932,6.903
E01000834,3.191,0.032,0.034,6.536,-1.425,-0.931,16.554,8.421
E01000835,8.431,0.086,0.054,7.307,-1.018,-0.272,17.925,19.564
E01000836,4.124,0.036,0.033,4.701,-1.573,-0.942,23.699,9.034
E01000837,11.801,0.095,0.09,7.096,-0.812,0.168,21.382,13.053
E01000838,5.096,0.04,0.045,5.637,-1.466,0.016,17.931,9.418
E01000839,3.737,0.028,0.024,3.429,-1.653,-0.107,18.438,9.204
E01000840,8.347,0.057,0.054,4.061,-1.044,-0.382,33.223,8.715
E01000841,4.414,0.044,0.043,5.061,-1.684,-0.191,15.066,10.517
E01000842,12.385,0.064,0.057,9.414,-1.225,0.138,17.794,50.717
E01000843,17.982,0.161,0.074,10.533,-0.623,-0.027,20.708,49.91
E01000844,14.546,0.059,0.057,11.846,-0.697,-0.083,18.695,62.548
E01000845,12.53,0.092,0.05,6.152,-0.599,0.561,14.367,39.116
E01000846,26.586,0.24,0.164,6.66,0.091,0.255,25.541,33.737
E01000847,19.594,0.202,0.115,6.774,-0.452,-0.089,20.273,35.43
E01000848,9.708,0.055,0.042,5.403,-1.175,0.561,13.001,38.75
E01000849,11.026,0.057,0.038,7.317,-0.969,-0.208,16.894,55.225
E01000850,18.112,0.069,0.04,7.768,-0.746,0.568,25.48,79.817
E01000851,15.249,0.046,0.036,3.602,-1.204,0.103,28.111,78.996
E01000852,19.244,0.075,0.064,2.91,0.247,0.543,25.739,62.041
E01000853,36.001,0.255,0.2,16.217,0.507,0.314,30.422,54.548
E01000854,20.424,0.118,0.082,6.733,0.031,-0.18,31.518,56.159
E01000855,17.447,0.062,0.051,1.769,-0.758,0.562,28.079,71.665
E01000856,38.874,0.266,0.167,12.146,0.879,1.605,26.223,45.396
E01000857,16.197,0.156,0.1,2.214,-0.188,-0.059,13.943,36.015
E01000858,46.086,0.35,0.223,13.528,0.601,2.117,29.409,33.122
E01000859,10.067,0.063,0.056,1.523,-1.216,0.137,13.634,46.237
E01000860,21.823,0.174,0.107,6.011,-0.045,0.527,24.196,41.291
E01000861,35.375,0.198,0.139,7.207,0.273,1.666,24.257,73.897
E01000862,12.982,0.065,0.052,0.694,-1.001,1.061,12.935,45.093
E01000863,37.437,0.195,0.15,16.178,0.779,1.631,23.083,63.472
E01000864,25.388,0.164,0.117,1.493,0.233,1.094,22.215,49.8
E01000865,17.133,0.081,0.067,3.06,-0.388,1.273,22.746,38.106
E01000866,31.315,0.201,0.157,4.806,0.368,1.079,22.29,59.347
E01000867,40.03,0.294,0.184,22.727,0.866,0.712,29.275,52.032
E01000868,46.793,0.286,0.235,25.752,0.714,1.305,39.462,46.867
E01000869,26.731,0.18,0.118,8.888,0.774,0.612,20.652,49.331
E01000870,35.266,0.25,0.185,9.704,0.666,1.09,18.955,53.373
E01000871,17.105,0.131,0.097,3.235,-0.563,0.938,18.68,27.856
E01000872,29.02,0.175,0.145,8.784,0.384,0.771,23.147,59.379
E01000873,10.923,0.088,0.058,9.752,-0.917,-0.106,11.914,38.412
E01000874,8.789,0.051,0.039,4.553,-1.215,-0.059,10.416,48.253
E01000875,25.782,0.154,0.126,21.741,-0.068,0.85,22.246,46.609
E01000876,36.833,0.283,0.195,13.248,1.063,0.728,25.398,36.323
E01000877,11.935,0.088,0.071,1.738,-0.62,0.051,15.535,40.744
E01000878,8.996,0.067,0.036,15.178,-1.171,-0.106,16.146,29.655
E01000879,7.877,0.044,0.038,1.481,-1.259,0.245,14.274,39.25
E01000880,9.42,0.045,0.028,2.762,-1.739,0.47,17.776,44.591
E01000881,17.34,0.091,0.065,8.543,-0.674,0.641,21.513,57.134
E01000882,6.5,0.042,0.022,2.839,-1.49,-0.445,13.823,41.327
E01000883,13.483,0.067,0.031,4.666,-1.204,0.828,19.197,52.543
E01000884,7.896,0.042,0.049,0.667,-1.22,0.328,17.477,32.088
E01000885,8.814,0.041,0.032,9.789,-1.14,0.041,23.247,33.018
E01000886,13.071,0.113,0.07,4.622,-0.588,0.081,12.932,40.891
E01000887,16.679,0.121,0.083,4.251,-0.173,0.675,16.747,37.874
E01000888,18.261,0.145,0.097,2.169,-0.217,0.364,16.645,46.926
E01000889,39.331,0.289,0.209,26.493,1.067,0.644,25.89,33.712
E01000890,52.994,0.362,0.305,36.534,1.348,0.525,29.085,33.709
E01000891,54.971,0.367,0.247,35.264,1.837,1.053,35.414,31.898
E01000892,19.794,0.17,0.107,6.761,-0.141,0.792,16.186,29.514
E01000893,8.558,0.04,0.047,0.907,-1.237,0.391,16.821,37.861
E01000894,7.575,0.036,0.03,2.362,-1.396,0.605,11.508,34.16
E01000895,13.706,0.12,0.072,8.143,-0.155,-0.296,13.451,37.251
E01000896,8.485,0.041,0.044,7.256,-1.775,0.307,12.71,38.864
E01000897,7.261,0.028,0.03,3.706,-1.459,0.485,9.972,36.066
E01000898,16.675,0.133,0.08,10.813,0.649,-0.611,23.353,19.438
E01000899,7.462,0.017,0.016,1.968,-1.819,0.543,14.133,37.684
E01000900,31.427,0.222,0.149,19.81,0.657,0.817,19.766,47.132
E01000901,37.809,0.309,0.191,24.368,0.619,0.691,30.122,32.554
E01000902,38.939,0.329,0.2,17.405,0.801,0.211,33.882,36.226
E01000903,20.524,0.168,0.108,2.393,-0.147,0.525,15.907,48.097
E01000904,34.202,0.238,0.156,14.755,0.435,1.661,23.477,37.688
E01000905,44.47,0.352,0.221,25.992,0.914,0.809,29.804,36.413
E01000906,14.282,0.094,0.069,3.395,-0.338,0.527,14.986,43.295
E01000907,35.508,0.311,0.229,16.016,0.656,0.26,21.661,25.569
E01000908,30.927,0.225,0.175,15.313,0.374,-0.044,21.729,59.018
E01000909,13.114,0.102,0.095,4.135,-0.884,0.189,12.719,34.701
E01000910,10.909,0.065,0.062,2.021,-0.894,0.687,12.902,35.295
E01000911,19.992,0.171,0.126,8.632,-0.261,0.531,15.37,31.33
E01000912,29.143,0.24,0.148,18.278,0.655,0.595,18.921,33.273
E01000913,8.964,0.027,0.031,0.655,-1.367,0.709,22.465,33.71
E01000914,16.891,0.095,0.069,4.831,-0.841,-0.261,18.98,74.8
E01000915,28.628,0.24,0.137,11.828,0.06,-0.755,27.578,62.05
E01000916,24.196,0.162,0.097,12.571,0.229,-0.612,22.489,70.218
E01000917,45.133,0.325,0.232,32.544,0.565,0.259,31.051,61.814
E01000918,28.04,0.181,0.136,6.705,0.136,0.433,24.013,67.676
E01000919,26.65,0.139,0.09,9.091,0.01,1.13,24.757,67.591
E01000920,19.089,0.146,0.087,5.105,-0.389,-0.29,18.885,62.253
E01000921,22.538,0.129,0.083,4.031,-0.049,0.874,21.088,63.574
E01000922,31.27,0.225,0.142,15.279,1.012,0.585,23.261,42.549
E01000923,26.278,0.183,0.152,4.825,0.846,0.587,15.221,39.077
E01000924,16.615,0.123,0.086,3.132,-0.044,0.436,16.795,40.43
E01000925,38.831,0.328,0.204,17.395,0.711,0.216,31.296,41.236
E01000926,23.933,0.191,0.112,9.513,0.321,0.656,20.285,40.201
E01000927,21.063,0.131,0.099,7.267,0.199,0.925,13.134,45.769
E01000928,26.122,0.192,0.143,5.575,0.618,0.594,20.246,40.714
E01000929,32.272,0.299,0.158,17.069,0.181,0.669,26.875,34.274
E01000930,39.142,0.307,0.167,20.512,0.766,0.921,26.688,51.185
E01000931,42.687,0.29,0.183,16.096,0.704,1.546,31.106,54.044
E01000932,22.843,0.196,0.117,7.957,0.482,0.366,14.608,37.722
E01000933,31.433,0.171,0.149,4.363,0.674,1.297,15.721,62.037
E01000934,42.084,0.308,0.198,8.48,1.293,0.529,34.902,51.249
E01000935,42.091,0.354,0.223,12.357,0.795,0.255,35.973,39.07
E01000936,26.865,0.175,0.102,17.969,-0.043,0.031,23.708,81.495
E01000937,19.088,0.072,0.04,12.656,-0.475,0.435,27.252,75.681
E01000938,38.406,0.223,0.157,15.811,0.442,1.021,34.0,84.27
E01000939,44.946,0.33,0.23,31.308,0.415,1.015,29.636,48.834
E01000940,25.901,0.188,0.111,14.959,-0.001,-0.146,33.98,52.986
E01000941,42.057,0.267,0.216,19.589,0.816,1.139,31.001,51.456
E01000942,15.434,0.058,0.036,9.151,-0.529,-0.11,21.998,74.489
E01000943,22.862,0.112,0.09,3.26,-0.101,0.366,26.716,80.185
E01000944,28.023,0.228,0.114,26.745,0.55,-0.337,31.453,35.866
E01000945,28.249,0.168,0.1,14.364,0.874,0.417,30.445,53.339
E01000946,14.652,0.145,0.071,5.878,-0.474,-0.614,19.822,41.523
E01000947,31.68,0.205,0.132,8.175,0.669,0.732,26.743,63.188
E01000948,32.894,0.176,0.144,7.823,0.468,1.831,22.127,53.97
E01000949,23.69,0.187,0.119,16.602,0.279,-0.081,24.089,39.634
E01000950,41.772,0.298,0.187,37.359,0.559,0.682,32.33,53.446
E01000951,35.164,0.278,0.167,23.949,0.574,0.469,30.511,42.412
E01000952,39.809,0.285,0.181,22.763,0.972,0.992,31.388,39.95
E01000953,48.532,0.345,0.204,25.454,1.059,1.477,32.107,45.232
E01000954,38.269,0.304,0.206,39.791,0.613,-0.054,28.439,34.176
E01000955,36.917,0.248,0.181,31.032,0.705,0.939,27.608,38.703
E01000956,37.677,0.265,0.174,23.781,0.539,0.521,31.454,59.417
E01000957,33.85,0.288,0.17,17.481,0.568,0.74,28.827,29.385
E01000958,34.227,0.269,0.148,20.609,1.149,-0.259,31.242,40.649
E01000959,40.727,0.286,0.193,23.794,0.456,1.394,32.476,40.102
E01000960,21.775,0.135,0.081,13.119,-0.276,0.678,24.808,54.866
E01000961,27.625,0.23,0.16,12.142,0.159,0.582,24.154,33.822
E01000962,9.157,0.052,0.037,0.814,-0.91,0.292,15.399,43.416
E01000963,12.022,0.088,0.03,6.193,-0.978,-0.158,17.468,54.33
E01000964,20.194,0.167,0.12,8.945,-0.355,0.335,22.001,35.268
E01000965,24.212,0.197,0.094,5.495,0.221,0.85,14.69,53.545
E01000966,9.392,0.035,0.027,2.969,-1.088,0.499,17.936,43.933
E01000967,10.611,0.053,0.041,7.195,-1.679,0.52,17.106,43.721
E01000968,17.46,0.13,0.075,6.661,-0.443,0.922,12.932,42.714
E01000969,9.43,0.064,0.039,2.517,-1.248,0.046,12.813,47.792
E01000970,15.019,0.073,0.054,3.505,-0.091,0.123,15.354,62.499
E01000971,11.62,0.077,0.062,1.701,-0.436,-0.622,11.558,53.373
E01000972,35.18,0.288,0.179,8.335,0.687,0.406,32.027,45.498
E01000973,29.784,0.203,0.127,13.967,0.348,1.057,19.714,55.618
E01000974,33.031,0.237,0.165,11.916,0.761,0.739,24.958,48.375
E01000975,20.999,0.146,0.091,12.172,-0.236,0.5,30.082,39.604
E01000976,23.683,0.168,0.098,8.326,0.121,0.459,30.729,47.052
E01000977,32.171,0.227,0.18,12.701,0.659,0.579,32.971,32.784
E01000978,23.362,0.107,0.085,6.424,-0.202,0.498,42.066,55.257
E01000979,19.437,0.106,0.078,9.967,-0.205,0.672,31.213,41.192
E01000980,23.095,0.179,0.122,9.964,0.209,0.788,24.004,24.597
E01000981,16.043,0.126,0.083,12.7,-0.572,0.651,20.496,23.578
E01000982,19.474,0.166,0.096,17.921,-0.08,0.252,22.993,25.596
E01000983,12.482,0.088,0.066,7.542,-0.56,0.417,22.056,25.684
E01000984,28.617,0.213,0.136,14.596,0.635,0.454,31.96,32.178
E01000985,8.592,0.069,0.059,7.519,-0.53,0.195,17.778,10.827
E01000986,11.946,0.092,0.077,6.349,-0.698,0.207,24.147,17.757
E01000987,7.307,0.05,0.048,8.352,-0.578,-0.19,16.774,19.907
E01000989,10.452,0.075,0.064,13.586,-0.768,0.022,24.143,12.333
E01000990,39.646,0.293,0.216,38.716,0.653,0.34,36.318,22.333
E01000991,7.206,0.052,0.039,8.986,-1.035,-0.379,27.392,11.146
E01000992,34.224,0.234,0.194,24.163,0.581,0.861,32.76,20.747
E01000993,12.811,0.093,0.076,10.074,-0.598,0.456,21.573,17.421
E01000994,21.314,0.173,0.108,12.022,-0.574,0.887,30.627,16.305
E01000995,22.178,0.149,0.101,13.19,-0.708,0.899,30.805,36.027
E01000996,19.459,0.163,0.101,10.946,-0.365,0.746,26.01,18.251
E01000997,26.424,0.207,0.135,14.406,0.152,0.818,29.481,23.613
E01000998,34.936,0.227,0.203,20.449,0.079,0.985,35.806,34.235
E01000999,24.503,0.173,0.125,13.51,0.103,0.857,26.663,29.374
E01001000,33.184,0.206,0.156,13.977,0.377,1.539,32.828,30.965
E01001001,36.429,0.252,0.186,16.353,0.167,1.316,35.579,35.599
E01001002,23.491,0.179,0.116,16.91,-0.162,0.616,29.921,27.372
E01001003,28.175,0.22,0.119,13.864,0.054,0.983,33.912,31.416
E01001004,27.209,0.253,0.133,16.741,-0.017,0.356,34.044,21.527
E01001005,26.275,0.161,0.093,20.255,-0.248,1.347,33.837,31.873
E01001006,35.703,0.239,0.143,25.624,0.246,1.099,50.336,16.826
E01001007,21.677,0.149,0.091,15.149,-0.475,0.727,37.474,25.047
E01001008,34.321,0.247,0.146,32.805,0.491,1.071,32.514,25.468
E01001009,24.097,0.157,0.099,12.833,-0.111,1.052,32.431,32.973
E01001010,43.001,0.269,0.175,45.456,0.426,1.868,33.473,32.21
E01001011,35.868,0.202,0.155,18.332,0.399,1.57,39.545,35.995
E01001012,43.637,0.227,0.18,22.72,0.523,1.532,51.033,46.228
E01001013,56.585,0.323,0.231,28.17,1.508,1.843,53.3,31.513
E01001014,36.89,0.24,0.143,15.76,0.278,1.626,41.319,37.529
E01001015,25.079,0.179,0.115,25.521,-0.259,0.476,43.293,9.103
E01001016,14.761,0.084,0.079,8.291,-0.576,0.184,39.746,10.895
E01001017,8.002,0.041,0.049,2.729,-1.04,-0.488,37.176,8.001
E01001018,6.97,0.043,0.047,6.441,-0.831,0.405,16.416,13.292
E01001019,5.504,0.041,0.046,6.126,-0.863,-0.172,20.919,6.654
E01001020,8.19,0.065,0.06,12.268,-0.923,0.07,16.752,10.45
E01001021,34.761,0.276,0.165,38.639,0.361,0.633,36.715,12.585
E01001022,9.723,0.07,0.062,5.584,-0.662,-0.091,31.066,6.133
E01001023,23.05,0.135,0.119,10.023,0.065,0.697,32.378,33.602
E01001024,9.694,0.074,0.062,7.136,-0.808,0.34,20.826,13.608
E01001025,7.796,0.057,0.044,10.445,-0.775,-0.092,24.114,10.531
E01001026,11.472,0.101,0.074,13.16,-0.434,-0.305,23.825,7.58
E01001027,11.083,0.085,0.068,10.205,-0.832,-0.235,29.547,11.548
E01001028,6.236,0.034,0.051,2.252,-0.69,0.257,20.882,8.238
E01001029,17.72,0.081,0.086,4.227,-0.051,1.101,33.863,12.525
E01001030,9.777,0.045,0.042,2.066,-0.991,1.141,23.386,9.781
E01001031,9.013,0.056,0.058,2.231,-0.897,0.964,15.08,10.482
E01001032,4.102,0.024,0.048,1.809,-0.931,-0.255,17.613,8.48
E01001033,17.203,0.09,0.057,8.939,-0.371,0.997,28.288,36.535
E01001034,16.373,0.092,0.081,9.422,-0.147,0.206,31.972,28.594
E01001035,20.209,0.133,0.098,10.731,0.117,0.48,33.438,21.689
E01001036,13.826,0.063,0.066,1.399,-0.527,0.704,37.736,15.5
E01001037,24.126,0.145,0.102,18.92,0.124,0.666,26.708,45.206
E01001038,19.659,0.123,0.101,11.489,0.024,0.055,30.113,35.911
E01001039,8.222,0.043,0.052,1.69,-0.942,0.597,26.487,8.164
E01001040,16.986,0.128,0.085,9.2,-0.485,0.14,27.297,35.302
E01001041,25.79,0.177,0.114,11.046,0.088,0.787,28.333,45.97
E01001042,39.791,0.235,0.148,16.496,0.37,2.314,39.757,47.499
E01001043,32.681,0.167,0.093,19.175,0.417,1.668,33.725,53.464
E01001044,9.847,0.059,0.045,3.748,-0.983,0.136,28.026,28.277
E01001045,29.713,0.191,0.157,13.593,0.371,0.206,38.216,41.858
E01001046,10.798,0.057,0.045,3.113,-0.847,-0.037,35.318,26.822
E01001047,22.379,0.125,0.077,15.524,-0.151,1.107,29.04,40.603
E01001048,33.686,0.207,0.152,9.824,0.676,1.378,35.18,34.84
E01001049,11.636,0.051,0.062,1.546,-0.775,0.693,34.297,12.724
E01001050,22.12,0.152,0.088,8.565,0.273,0.46,37.783,28.101
E01001051,42.969,0.295,0.177,47.709,0.999,1.395,35.193,7.568
E01001052,44.883,0.336,0.209,46.911,0.711,1.126,37.149,9.009
E01001053,32.722,0.226,0.16,43.895,0.663,0.391,29.974,19.315
E01001054,37.596,0.281,0.18,44.027,0.46,0.996,31.577,14.771
E01001055,41.401,0.274,0.209,57.79,0.801,0.711,29.767,18.957
E01001056,42.934,0.351,0.205,54.46,0.5,0.452,35.23,11.223
E01001057,42.728,0.335,0.211,43.713,0.771,0.325,41.821,7.828
E01001058,13.616,0.074,0.071,11.139,-0.344,0.79,27.678,7.498
E01001059,15.178,0.093,0.076,11.979,-0.44,0.269,33.398,18.385
E01001060,20.462,0.126,0.091,16.372,-0.55,1.089,35.051,11.435
E01001061,26.319,0.169,0.132,24.9,0.162,0.661,34.274,20.128
E01001062,8.891,0.084,0.059,5.607,-0.848,0.111,20.241,12.687
E01001063,7.502,0.064,0.05,6.731,-0.508,0.073,14.519,14.443
E01001064,14.425,0.051,0.048,5.399,-1.219,1.273,38.285,11.272
E01001065,17.148,0.081,0.073,11.885,-0.453,1.119,29.252,21.728
E01001066,43.301,0.327,0.229,45.071,0.609,0.015,43.384,15.65
E01001067,6.205,0.031,0.039,2.165,-1.423,0.129,28.838,7.671
E01001068,18.863,0.127,0.09,18.774,-0.586,0.269,37.936,15.789
E01001069,12.246,0.059,0.07,7.764,-0.145,0.058,33.812,10.501
E01001070,15.836,0.12,0.099,12.843,-0.211,-0.297,32.411,7.373
E01001071,12.629,0.081,0.074,12.407,-0.771,-0.227,33.305,13.478
E01001072,8.384,0.039,0.036,2.142,-0.847,-0.042,37.517,8.863
E01001073,16.071,0.101,0.081,4.411,-0.121,0.296,33.919,22.333
E01001074,19.873,0.139,0.088,12.632,-0.413,0.406,38.61,22.878
E01001075,14.792,0.091,0.072,6.756,0.023,0.03,27.779,30.326
E01001076,32.594,0.226,0.153,41.757,0.384,0.766,32.393,18.074
E01001077,16.48,0.122,0.081,30.271,-0.395,0.207,22.969,12.204
E01001078,36.266,0.263,0.174,44.187,0.294,0.981,35.606,11.263
E01001079,36.274,0.269,0.163,41.701,0.414,0.174,45.719,16.525
E01001080,55.798,0.343,0.282,54.653,1.409,0.733,47.16,9.323
E01001081,37.08,0.262,0.158,46.414,0.718,0.378,41.959,16.086
E01001082,34.091,0.234,0.162,44.733,0.532,0.74,35.067,10.908
E01001083,15.276,0.088,0.071,6.24,-0.638,0.906,31.341,17.948
E01001084,14.987,0.09,0.071,4.79,-0.656,0.949,27.742,22.045
E01001085,22.918,0.164,0.099,11.04,-0.281,0.976,27.488,37.631
E01001086,17.572,0.113,0.094,9.178,-0.417,0.911,25.85,20.219
E01001087,25.614,0.137,0.096,15.149,-0.143,1.137,34.538,43.599
E01001088,18.641,0.15,0.108,16.958,-0.576,0.307,28.01,17.105
E01001089,31.341,0.237,0.129,15.974,0.396,1.083,32.974,34.027
E01001090,24.583,0.189,0.119,12.23,-0.241,0.557,33.263,35.615
E01001091,17.543,0.121,0.095,4.221,-0.697,1.078,27.673,16.459
E01001092,21.539,0.086,0.123,3.476,0.158,0.869,39.699,19.953
E01001093,15.074,0.12,0.082,5.788,-0.662,0.455,28.759,19.142
E01001094,8.769,0.053,0.041,1.85,-0.868,0.449,30.935,9.122
E01001095,19.536,0.128,0.1,10.732,-0.103,0.664,28.995,24.899
E01001096,6.952,0.06,0.044,1.049,-1.305,-0.193,29.39,9.029
E01001097,23.524,0.161,0.112,7.811,-0.07,1.099,29.069,29.24
E01001098,8.021,0.05,0.052,1.458,-0.697,0.386,24.241,11.809
E01001099,20.329,0.17,0.13,12.698,-0.376,0.067,31.22,15.255
E01001100,10.44,0.072,0.053,2.181,-0.823,0.16,30.445,20.279
E01001101,4.523,0.023,0.032,4.151,-1.346,-0.394,24.871,8.395
E01001102,6.135,0.061,0.046,4.597,-0.635,-0.369,18.346,11.152
E01001103,6.518,0.054,0.069,8.726,-0.532,-1.001,16.751,6.16
E01001104,6.408,0.05,0.054,3.381,-1.068,-0.289,21.007,15.453
E01001105,19.242,0.143,0.111,18.207,0.124,-0.222,31.899,9.364
E01001106,10.859,0.082,0.072,13.29,-0.497,0.2,20.092,8.357
E01001107,6.69,0.043,0.04,1.243,-1.306,-0.519,32.592,12.289
E01001108,4.572,0.029,0.037,2.296,-1.542,-0.803,27.615,8.607
E01001109,33.234,0.244,0.166,23.987,0.359,0.749,34.356,31.223
E01001110,38.965,0.2,0.152,19.493,0.747,1.263,39.47,58.708
E01001111,30.488,0.208,0.153,17.956,0.023,1.288,27.748,32.87
E01001112,37.07,0.284,0.177,20.48,0.975,0.806,35.053,21.749
E01001113,34.737,0.254,0.174,18.27,0.268,1.078,34.565,33.572
E01001114,41.041,0.266,0.191,29.91,0.508,1.159,44.389,29.818
E01001115,43.998,0.294,0.185,28.567,1.073,1.559,36.595,24.946
E01001116,29.155,0.228,0.142,19.509,0.234,0.755,29.545,30.582
E01001117,29.883,0.176,0.117,11.506,0.572,0.888,41.779,37.52
E01001118,40.629,0.294,0.208,24.122,0.589,1.04,37.468,29.751
E01001119,7.776,0.035,0.053,12.923,-0.738,-0.76,30.614,5.494
E01001120,11.472,0.078,0.081,16.952,-0.644,0.028,15.381,17.518
E01001121,5.586,0.046,0.047,6.274,-0.659,-0.531,21.524,6.781
E01001122,8.684,0.032,0.034,5.338,-1.401,0.003,39.148,9.565
E01001123,7.973,0.055,0.048,7.388,-0.972,-0.159,29.715,7.711
E01001124,4.549,0.038,0.042,2.347,-0.938,-0.796,24.277,7.357
E01001125,12.593,0.1,0.087,12.533,-0.685,0.347,17.553,13.038
E01001126,8.538,0.071,0.045,9.713,-0.953,-0.114,22.626,17.315
E01001127,7.11,0.059,0.069,8.842,-0.957,-0.565,16.793,11.758
E01001128,36.93,0.3,0.191,33.086,0.367,0.813,32.858,16.244
E01001129,4.587,0.033,0.048,6.672,-0.895,-0.174,13.649,8.093
E01001130,39.485,0.324,0.194,32.173,0.063,0.259,50.709,11.917
E01001131,13.251,0.12,0.061,15.831,-0.462,-0.526,29.72,13.471
E01001132,8.278,0.058,0.066,9.035,-0.85,-0.004,20.451,11.168
E01001133,10.251,0.08,0.077,12.952,-0.866,-0.247,20.28,13.937
E01001134,12.802,0.097,0.075,7.757,-0.605,0.107,29.448,14.154
E01001135,8.293,0.067,0.051,8.761,-0.959,0.282,18.769,12.854
E01001136,41.279,0.228,0.175,15.909,0.603,1.376,39.165,61.988
E01001137,26.013,0.188,0.136,6.625,-0.135,1.183,27.971,30.736
E01001138,16.605,0.13,0.087,6.052,-0.844,0.652,28.635,23.288
E01001139,21.965,0.146,0.121,9.016,-0.697,0.86,29.812,33.684
E01001140,23.259,0.168,0.101,13.062,-0.001,0.547,31.06,37.97
E01001141,29.784,0.226,0.149,13.156,0.237,0.848,36.99,23.767
E01001142,21.625,0.159,0.104,8.282,-0.296,1.157,25.555,24.448
E01001143,34.219,0.241,0.157,19.869,0.435,1.032,36.981,32.295
E01001144,38.433,0.281,0.206,16.557,0.41,0.673,39.214,41.74
E01001145,47.834,0.298,0.205,18.173,0.606,1.434,49.737,51.125
E01001146,21.968,0.185,0.127,15.422,-0.352,0.215,25.605,29.818
E01001147,33.259,0.244,0.179,29.02,0.187,0.734,32.545,27.433
E01001148,22.719,0.189,0.117,13.953,-0.02,0.274,26.359,32.835
E01001149,18.971,0.174,0.115,9.003,-0.646,0.132,29.513,20.116
E01001150,23.666,0.168,0.111,6.948,-0.457,1.232,32.049,25.404
E01001151,39.899,0.265,0.199,29.771,0.618,1.08,34.686,36.078
E01001152,35.793,0.228,0.177,18.643,0.357,1.23,33.643,41.467
E01001153,25.255,0.196,0.142,16.339,-0.357,0.809,29.398,23.289
E01001154,32.233,0.218,0.142,21.872,-0.063,1.316,31.053,39.565
E01001155,48.976,0.333,0.221,27.241,1.054,1.323,42.579,31.931
E01001156,27.357,0.187,0.116,17.041,0.576,0.457,40.869,20.921
E01001157,20.458,0.135,0.102,8.81,-0.32,1.183,25.392,22.116
E01001158,21.648,0.16,0.1,14.425,-0.193,0.326,31.155,35.777
E01001159,16.393,0.129,0.076,6.55,-0.775,0.671,31.49,20.211
E01001160,15.435,0.113,0.084,9.678,-0.778,0.931,22.429,15.233
E01001161,43.199,0.336,0.235,32.986,0.561,0.838,36.893,15.143
E01001162,28.173,0.189,0.149,11.076,0.261,0.951,34.832,25.077
E01001163,16.016,0.104,0.082,7.738,-1.02,0.84,24.913,29.476
E01001164,20.387,0.125,0.1,6.662,-0.334,0.706,31.523,36.764
E01001165,21.791,0.12,0.087,12.286,0.094,1.015,30.0,32.928
E01001166,31.115,0.21,0.133,12.488,0.577,0.98,38.204,31.751
E01001167,21.718,0.139,0.09,11.135,-0.226,0.798,35.465,31.597
E01001168,19.773,0.109,0.089,9.12,-0.458,0.781,30.613,40.013
E01001169,33.369,0.249,0.163,29.709,0.485,0.787,32.24,23.642
E01001170,30.92,0.172,0.123,21.352,0.539,1.079,29.934,47.662
E01001171,26.894,0.199,0.137,9.032,0.412,0.551,37.675,21.281
E01001172,42.875,0.303,0.217,40.211,0.663,0.896,40.18,17.689
E01001173,22.42,0.187,0.107,11.56,-0.455,0.652,35.654,19.585
E01001174,21.656,0.151,0.122,16.837,-0.267,0.771,26.494,20.933
E01001175,33.75,0.226,0.159,12.131,0.612,1.374,32.459,29.704
E01001176,25.611,0.165,0.115,15.585,-0.214,1.191,32.451,28.352
E01001177,33.414,0.223,0.164,18.952,0.612,1.062,32.991,30.13
E01001178,57.63,0.446,0.233,36.86,1.268,0.516,49.596,37.054
E01001179,22.376,0.166,0.099,13.542,-0.242,0.816,28.729,32.258
E01001180,26.695,0.169,0.119,13.925,-0.172,1.018,32.13,42.309
E01001181,41.35,0.248,0.177,20.88,0.779,1.251,47.71,35.221
E01001182,22.274,0.162,0.114,10.368,-0.245,0.896,29.398,25.12
E01001183,24.124,0.164,0.112,14.66,-0.302,1.034,32.381,26.842
E01001184,16.807,0.117,0.08,10.486,-0.431,0.729,29.926,16.691
E01001185,23.761,0.163,0.112,17.718,0.077,0.664,29.543,30.355
E01001186,31.867,0.252,0.178,12.934,0.527,0.546,31.046,30.979
E01001187,25.727,0.193,0.141,15.14,-0.249,0.416,30.987,37.874
E01001188,32.957,0.242,0.155,17.338,0.231,1.38,29.703,29.04
E01001189,18.342,0.148,0.101,15.598,-0.552,0.707,23.008,16.916
E01001190,27.501,0.215,0.15,9.777,-0.181,0.978,33.937,22.732
E01001191,34.988,0.242,0.16,13.428,0.087,1.122,37.334,47.943
E01001192,31.323,0.217,0.145,15.355,0.335,1.198,31.27,33.784
E01001193,34.452,0.27,0.189,25.269,0.313,0.59,39.586,13.236
E01001194,21.714,0.164,0.099,19.793,-0.369,1.195,19.663,20.166
E01001195,14.468,0.129,0.063,10.735,-0.725,0.415,27.181,19.01
E01001196,45.031,0.309,0.196,21.349,0.795,1.115,47.975,36.543
E01001197,23.476,0.171,0.136,7.207,0.168,0.478,30.178,27.858
E01001198,18.082,0.112,0.089,3.554,-0.313,0.894,26.124,33.142
E01001199,21.632,0.195,0.119,5.557,0.207,0.07,28.181,24.996
E01001200,19.226,0.116,0.09,3.788,0.109,1.009,24.826,29.356
E01001201,18.684,0.123,0.097,5.594,0.11,0.666,23.521,31.11
E01001202,37.54,0.254,0.145,11.07,0.378,1.649,38.646,43.753
E01001203,31.618,0.225,0.17,9.35,0.56,0.792,28.996,40.529
E01001204,11.922,0.119,0.081,1.368,-0.722,-0.038,23.217,17.567
E01001205,34.367,0.256,0.166,10.427,0.289,0.902,42.274,33.357
E01001206,49.886,0.427,0.23,27.539,0.466,0.076,56.717,22.496
E01001207,14.335,0.096,0.073,3.394,-0.367,0.473,23.489,33.273
E01001208,9.989,0.061,0.055,1.211,-0.718,0.675,17.317,26.98
E01001209,6.729,0.05,0.042,1.384,-0.618,-0.046,15.975,25.138
E01001210,51.564,0.385,0.262,23.164,0.947,0.164,64.417,24.026
E01001211,10.345,0.09,0.066,0.752,-0.628,0.153,22.186,19.561
E01001212,14.938,0.082,0.089,0.858,-0.105,0.437,28.391,25.38
E01001213,32.916,0.189,0.156,25.466,0.357,1.251,35.065,29.58
E01001214,18.459,0.132,0.103,12.388,-0.188,0.518,27.416,19.479
E01001215,34.294,0.217,0.135,19.349,0.522,1.286,36.438,39.52
E01001216,23.989,0.138,0.104,19.085,-0.025,0.606,37.257,32.919
E01001217,18.808,0.118,0.096,14.328,-0.054,0.754,25.181,21.636
E01001218,38.287,0.248,0.175,24.361,0.843,0.711,48.529,21.802
E01001219,40.464,0.333,0.191,29.244,0.408,0.196,48.006,20.038
E01001220,49.651,0.36,0.208,38.767,0.337,1.24,51.36,26.236
E01001221,24.249,0.126,0.097,4.657,0.076,1.276,27.817,47.22
E01001222,23.552,0.143,0.096,3.93,0.022,0.482,28.673,61.593
E01001223,10.076,0.066,0.062,0.416,-0.366,-0.29,28.047,22.681
E01001224,7.024,0.041,0.043,0.469,-1.135,0.159,22.224,23.815
E01001225,23.974,0.123,0.084,1.195,0.153,1.395,27.575,48.969
E01001226,13.203,0.094,0.078,1.9,-0.441,-0.418,31.826,26.259
E01001227,8.282,0.051,0.06,0.422,-0.959,-0.209,23.571,27.408
E01001228,9.607,0.08,0.048,1.934,-0.42,-0.367,28.733,17.87
E01001229,30.638,0.227,0.161,18.307,0.436,0.92,29.948,23.269
E01001230,22.422,0.146,0.168,1.362,-0.182,0.274,27.521,36.251
E01001231,13.471,0.086,0.047,3.582,-1.239,0.419,33.939,34.031
E01001232,20.695,0.153,0.102,8.823,-0.181,0.326,39.555,18.005
E01001233,22.596,0.164,0.11,13.429,0.051,0.909,23.516,28.769
E01001234,23.793,0.128,0.078,4.278,-0.157,0.981,31.906,59.739
E01001235,15.058,0.074,0.056,6.859,-0.233,1.007,21.986,34.433
E01001236,16.774,0.134,0.075,7.228,-0.397,0.44,23.801,36.486
E01001237,14.902,0.07,0.058,1.82,0.167,0.409,31.951,32.313
E01001238,29.254,0.186,0.102,14.629,0.142,0.04,47.963,50.997
E01001239,33.278,0.234,0.151,19.851,0.361,0.16,53.066,21.926
E01001240,28.066,0.218,0.109,17.245,0.065,1.055,31.831,33.1
E01001241,24.579,0.15,0.091,12.614,-0.293,1.494,31.304,30.268
E01001242,26.856,0.183,0.149,11.559,0.226,0.75,32.001,28.324
E01001243,32.306,0.229,0.142,10.846,-0.06,1.152,38.819,41.335
E01001244,31.547,0.229,0.117,9.811,0.48,0.531,40.863,49.979
E01001245,16.859,0.137,0.064,4.273,-0.17,0.627,23.827,36.174
E01001246,36.36,0.27,0.149,29.757,0.342,0.963,39.889,31.238
E01001247,23.388,0.175,0.085,14.645,-0.199,0.681,41.074,23.287
E01001248,18.037,0.156,0.106,7.85,-0.286,0.451,23.662,21.776
E01001249,41.704,0.254,0.191,11.938,0.864,1.37,42.827,42.154
E01001250,36.394,0.284,0.19,22.209,0.593,0.861,28.442,32.521
E01001251,17.01,0.105,0.07,6.275,-0.203,0.87,22.229,37.779
E01001252,26.684,0.199,0.12,10.526,0.202,0.53,28.985,47.548
E01001253,15.479,0.134,0.084,12.059,-0.391,-0.1,24.75,24.23
E01001254,14.122,0.106,0.068,5.832,0.052,0.006,26.704,23.283
E01001255,11.702,0.078,0.063,4.286,-0.536,0.519,19.776,27.48
E01001257,42.742,0.338,0.212,31.069,0.724,0.927,36.45,17.344
E01001258,17.281,0.132,0.09,12.555,-0.25,0.387,24.861,24.562
E01001259,22.941,0.142,0.087,18.965,-0.195,1.274,27.228,27.5
E01001260,23.909,0.135,0.097,11.975,-0.122,1.492,27.239,30.862
E01001261,26.72,0.164,0.108,20.966,-0.165,0.956,34.4,39.792
E01001262,31.675,0.228,0.157,26.418,0.41,0.734,31.525,28.907
E01001263,30.578,0.261,0.157,23.766,0.167,0.617,31.113,21.574
E01001264,27.623,0.212,0.131,21.772,0.118,0.927,29.018,23.064
E01001265,19.08,0.124,0.085,12.542,-0.151,-0.121,40.548,23.878
E01001266,15.88,0.108,0.078,8.217,-0.386,0.624,29.828,19.034
E01001267,29.62,0.212,0.134,16.558,0.382,1.047,31.764,28.649
E01001268,17.139,0.099,0.086,8.916,-0.004,0.759,24.843,24.593
E01001269,14.207,0.081,0.051,11.081,-0.566,0.756,26.304,29.238
E01001270,15.426,0.114,0.073,8.785,-0.818,0.988,25.114,15.095
E01001271,18.466,0.153,0.096,15.817,-0.403,0.563,24.956,17.945
E01001272,14.935,0.091,0.072,5.88,-0.341,0.734,28.236,21.702
E01001273,7.054,0.049,0.026,2.04,-0.958,0.238,21.755,21.506
E01001274,8.057,0.074,0.048,6.19,-0.995,-0.27,22.687,17.767
E01001275,16.75,0.093,0.083,2.623,-0.374,0.526,29.215,39.35
E01001276,21.858,0.146,0.088,11.439,-0.685,0.767,37.017,35.492
E01001277,18.009,0.123,0.067,7.006,-0.529,0.731,32.654,34.105
E01001278,20.173,0.143,0.066,6.702,-0.768,0.75,32.166,48.076
E01001279,5.973,0.031,0.033,0.705,-1.089,0.122,19.495,23.925
E01001280,11.905,0.084,0.051,8.144,-0.974,-0.073,29.711,29.872
E01001281,6.782,0.047,0.039,0.44,-0.927,0.095,18.723,25.644
E01001282,31.24,0.253,0.176,17.178,0.642,0.265,33.707,18.355
E01001283,37.104,0.315,0.2,19.233,0.837,0.399,28.787,28.132
E01001284,16.366,0.106,0.085,7.729,-0.246,0.935,20.834,22.394
E01001285,22.831,0.181,0.119,17.968,-0.015,0.626,25.937,21.353
E01001286,24.498,0.161,0.13,19.067,0.27,0.421,31.474,25.401
E01001287,33.39,0.286,0.182,16.638,0.571,0.327,36.703,16.919
E01001288,15.544,0.12,0.09,4.358,-0.18,0.048,23.917,30.468
E01001289,14.743,0.101,0.077,2.499,-0.423,0.274,25.164,36.777
E01001290,12.599,0.088,0.063,3.021,-0.558,0.346,24.011,31.95
E01001291,20.42,0.138,0.104,12.197,-0.088,0.863,28.033,19.724
E01001292,14.065,0.108,0.075,11.322,-0.316,0.334,24.618,16.157
E01001293,18.34,0.158,0.102,13.346,-0.199,0.033,29.502,15.439
E01001294,20.132,0.148,0.099,17.946,-0.364,0.722,27.725,20.277
E01001295,16.334,0.113,0.094,12.805,-0.223,0.297,27.32,17.053
E01001296,23.028,0.178,0.129,19.808,0.203,0.167,28.075,18.837
E01001297,25.987,0.171,0.133,15.861,0.435,0.814,31.478,19.947
E01001298,28.105,0.189,0.125,15.016,0.816,0.704,34.324,21.683
E01001299,6.194,0.053,0.048,1.964,-1.313,-0.134,19.179,19.204
E01001300,8.27,0.054,0.043,1.147,-0.662,0.314,17.843,28.296
E01001301,19.82,0.105,0.062,7.91,0.623,0.957,24.226,35.254
E01001302,10.314,0.067,0.061,1.321,-0.843,0.282,21.507,31.268
E01001303,8.264,0.052,0.039,0.863,-1.07,0.105,19.215,36.58
E01001304,12.26,0.105,0.071,1.637,-0.134,-0.004,19.155,27.025
E01001305,6.054,0.046,0.042,0.619,-0.927,0.292,16.414,16.476
E01001306,6.697,0.052,0.044,1.941,-0.758,-0.195,17.918,24.461
E01001307,13.429,0.09,0.059,11.928,-0.626,0.632,25.181,20.262
E01001308,11.773,0.088,0.05,6.155,-1.074,0.34,32.003,17.661
E01001309,15.32,0.104,0.051,11.861,-0.679,0.955,28.677,19.194
E01001310,18.261,0.139,0.081,14.495,-0.629,0.571,29.193,26.922
E01001311,29.123,0.225,0.135,25.957,0.077,0.338,43.807,12.735
E01001312,15.282,0.11,0.062,9.936,-0.867,0.754,28.31,23.993
E01001313,11.939,0.082,0.063,9.1,-0.665,-0.004,31.085,16.376
E01001314,12.304,0.091,0.052,9.771,-0.761,0.393,27.688,20.189
E01001315,18.865,0.143,0.095,16.105,-0.336,0.513,28.153,20.38
E01001316,35.168,0.271,0.16,26.735,0.083,0.55,44.806,29.046
E01001317,25.849,0.195,0.124,23.59,0.093,0.211,34.663,26.43
E01001318,32.561,0.264,0.153,23.378,0.297,0.792,35.377,22.678
E01001319,16.394,0.128,0.077,16.358,-0.558,0.211,31.832,16.819
E01001320,40.634,0.328,0.212,31.874,0.589,0.774,33.19,20.673
E01001321,25.729,0.194,0.138,19.574,0.155,0.356,31.566,24.326
E01001322,19.598,0.141,0.086,11.3,-0.26,0.735,31.893,23.439
E01001323,23.557,0.153,0.09,19.411,-0.38,0.94,28.705,41.73
E01001324,33.06,0.211,0.134,17.445,0.049,0.634,54.609,34.645
E01001325,26.729,0.213,0.14,24.212,0.166,0.579,28.981,17.378
E01001326,33.155,0.246,0.135,21.477,0.167,0.62,47.027,29.657
E01001327,28.473,0.203,0.142,23.161,0.23,0.634,35.62,21.057
E01001328,36.219,0.264,0.156,25.728,0.167,1.318,38.912,25.222
E01001329,25.505,0.201,0.12,16.221,0.081,0.852,29.571,23.098
E01001330,45.014,0.317,0.206,24.746,0.513,1.295,45.345,31.966
E01001331,38.95,0.316,0.186,25.157,0.421,0.565,41.474,29.166
E01001332,38.158,0.302,0.181,22.068,0.621,0.808,40.333,22.334
E01001333,42.489,0.304,0.165,26.819,0.699,1.448,41.1,30.426
E01001334,42.683,0.333,0.193,32.193,0.35,0.851,46.723,21.592
E01001335,21.147,0.135,0.087,6.8,0.009,0.973,33.9,25.505
E01001336,25.615,0.193,0.141,12.876,-0.133,0.393,33.738,33.212
E01001337,36.072,0.224,0.169,18.574,0.855,1.243,39.436,20.53
E01001338,28.663,0.17,0.131,16.109,0.636,0.528,43.0,23.999
E01001339,36.642,0.279,0.193,23.148,0.179,0.216,47.181,26.865
E01001340,40.529,0.251,0.247,25.613,1.196,-0.156,41.806,19.051
E01001341,14.509,0.088,0.058,14.187,-0.475,0.466,28.982,25.283
E01001342,16.35,0.127,0.071,10.687,-0.505,0.06,30.259,32.351
E01001343,13.909,0.103,0.076,12.53,-0.853,0.205,29.073,17.213
E01001344,21.399,0.169,0.107,10.071,-0.337,0.249,40.458,17.309
E01001345,17.808,0.121,0.094,17.979,-0.387,0.287,31.136,17.902
E01001346,11.753,0.104,0.058,6.604,-0.906,0.409,23.534,19.399
E01001347,17.244,0.097,0.066,12.201,-0.684,0.646,41.217,16.738
E01001348,19.182,0.133,0.073,10.771,-0.671,1.045,26.259,34.689
E01001349,33.304,0.209,0.153,16.546,0.374,1.442,36.728,25.27
E01001350,17.65,0.121,0.097,6.519,-0.108,0.252,29.753,27.279
E01001351,33.913,0.212,0.13,6.791,0.761,1.724,28.758,42.933
E01001352,16.492,0.127,0.076,2.574,-0.157,0.211,23.136,42.423
E01001353,25.287,0.175,0.108,14.11,0.102,0.546,32.524,42.444
E01001354,19.896,0.139,0.087,3.758,0.207,0.784,24.434,35.318
E01001355,24.079,0.17,0.121,8.505,0.25,0.831,25.562,34.028
E01001356,53.719,0.413,0.264,27.349,0.807,0.731,49.434,23.671
E01001357,43.63,0.334,0.217,12.343,0.665,0.994,44.587,31.218
E01001358,52.582,0.439,0.252,28.009,0.759,0.168,49.275,25.877
E01001359,27.735,0.165,0.109,29.099,0.101,0.798,37.657,31.045
E01001360,31.522,0.167,0.113,20.182,0.286,1.851,33.829,33.837
E01001361,41.471,0.237,0.169,30.991,0.474,1.628,41.999,39.869
E01001362,33.476,0.197,0.155,28.354,0.723,0.656,38.951,31.377
E01001363,28.74,0.175,0.123,34.531,-0.002,0.796,36.871,27.332
E01001364,46.044,0.331,0.221,31.918,0.789,1.102,40.973,25.42
E01001365,29.688,0.182,0.131,22.453,0.599,0.61,40.742,24.472
E01001366,30.892,0.213,0.133,24.632,0.128,0.647,42.464,30.179
E01001367,38.216,0.212,0.14,25.635,0.517,1.384,41.793,47.815
E01001368,29.908,0.19,0.139,21.184,0.498,0.98,34.103,25.122
E01001369,32.355,0.188,0.138,27.844,0.168,1.067,39.061,35.63
E01001370,29.523,0.191,0.127,30.985,-0.099,1.016,35.951,26.743
E01001371,31.718,0.243,0.132,25.392,0.384,0.465,39.013,31.173
E01001372,35.581,0.219,0.172,28.152,0.421,1.067,42.343,22.197
E01001373,33.154,0.221,0.142,25.515,0.545,1.014,35.82,29.531
E01001374,14.361,0.116,0.069,7.308,-0.268,0.345,22.878,26.247
E01001375,6.058,0.03,0.027,1.229,-0.906,0.534,15.467,18.363
E01001376,25.499,0.227,0.153,5.709,0.274,0.324,25.504,28.301
E01001377,9.253,0.059,0.035,0.512,-0.846,0.456,21.609,31.54
E01001379,6.366,0.039,0.029,0.31,-0.821,0.167,17.815,25.746
E01001380,13.115,0.089,0.05,3.164,-0.073,0.248,25.741,32.596
E01001381,19.575,0.147,0.096,4.898,-0.137,0.568,24.364,38.945
E01001382,7.01,0.045,0.029,0.42,-0.727,0.27,19.393,24.22
E01001383,11.02,0.083,0.072,1.458,-0.358,0.091,21.77,22.518
E01001384,8.896,0.064,0.044,3.11,-0.464,-0.004,18.861,30.103
E01001385,8.158,0.063,0.045,0.354,-1.005,0.159,19.745,28.356
E01001386,8.338,0.063,0.057,0.374,-0.785,-0.154,21.682,25.384
E01001387,15.885,0.099,0.079,1.633,-0.257,0.385,23.695,43.171
E01001388,34.8,0.233,0.164,7.216,0.639,1.291,31.168,43.923
E01001389,20.831,0.143,0.085,4.735,-0.009,1.031,22.53,40.392
E01001390,9.999,0.098,0.059,2.829,-0.878,0.013,24.823,15.834
E01001391,26.813,0.172,0.137,13.466,-0.165,0.752,38.453,32.101
E01001392,10.53,0.081,0.065,4.213,-1.123,0.316,21.606,23.782
E01001393,16.787,0.13,0.086,9.077,-0.536,-0.016,28.123,34.811
E01001394,30.17,0.254,0.119,18.197,0.028,0.982,28.551,40.741
E01001395,35.066,0.297,0.197,25.134,-0.148,0.78,34.563,20.203
E01001396,22.971,0.195,0.106,18.166,-0.634,0.987,25.576,23.414
E01001397,27.163,0.242,0.127,13.315,-0.209,0.82,31.846,27.284
E01001398,8.645,0.08,0.057,6.129,-0.947,0.165,15.129,19.078
E01001399,11.411,0.088,0.069,7.875,-1.228,0.589,19.632,18.183
E01001400,10.796,0.085,0.075,3.794,-0.707,0.058,23.736,18.002
E01001401,13.939,0.104,0.081,9.989,-0.888,0.723,18.805,20.126
E01001402,9.973,0.085,0.071,5.238,-1.03,0.191,21.937,13.704
E01001403,18.169,0.139,0.111,12.383,-0.588,0.194,30.038,20.249
E01001404,21.528,0.168,0.106,12.43,-0.58,0.936,31.047,18.854
E01001405,13.538,0.103,0.064,6.927,-0.073,-0.064,27.789,22.427
E01001406,23.488,0.186,0.119,12.774,-0.135,0.972,25.471,23.446
E01001407,18.814,0.131,0.103,15.385,-0.621,0.779,27.102,18.444
E01001408,16.499,0.147,0.098,8.689,-0.267,0.008,19.065,30.123
E01001409,33.534,0.243,0.167,20.248,-0.038,0.659,33.674,50.402
E01001410,50.241,0.349,0.259,37.236,1.0,0.455,42.636,34.906
E01001411,12.465,0.124,0.087,6.601,-0.805,-0.388,20.939,21.434
E01001412,29.375,0.17,0.11,22.476,0.038,0.86,48.253,27.053
E01001413,8.433,0.059,0.042,6.713,-0.758,0.445,22.186,12.653
E01001414,39.533,0.306,0.209,38.241,0.539,-0.013,36.706,30.095
E01001415,14.196,0.169,0.075,7.649,-0.584,-0.066,23.997,13.606
E01001416,5.413,0.059,0.049,3.919,-1.342,-0.432,19.494,9.937
E01001417,6.058,0.022,0.02,3.163,-1.762,-0.363,35.075,6.805
E01001418,21.514,0.158,0.146,10.023,0.112,0.475,26.326,13.787
E01001419,14.918,0.125,0.094,4.759,-0.711,0.357,27.99,15.013
E01001420,25.771,0.197,0.148,17.673,0.204,0.323,35.168,12.764
E01001421,25.331,0.218,0.119,17.147,-0.12,0.341,35.844,23.966
E01001422,6.351,0.03,0.021,1.942,-1.701,-0.482,36.807,7.291
E01001423,37.526,0.261,0.174,31.903,-0.176,1.609,32.788,29.909
E01001424,48.258,0.354,0.209,31.779,0.441,1.223,45.611,36.337
E01001425,56.062,0.382,0.223,42.638,-0.011,2.106,49.064,44.249
E01001426,44.686,0.285,0.191,38.08,0.142,1.437,48.973,30.932
E01001427,47.03,0.341,0.202,42.153,0.195,0.932,52.082,27.862
E01001428,41.298,0.328,0.212,40.688,0.317,0.841,32.519,23.891
E01001429,51.723,0.388,0.238,37.446,0.7,0.96,43.087,33.527
E01001430,48.793,0.369,0.215,42.487,0.174,1.195,42.153,34.708
E01001431,48.508,0.329,0.22,39.193,0.136,1.102,50.649,38.518
E01001432,44.169,0.294,0.175,34.046,0.042,1.311,46.925,46.669
E01001433,39.032,0.304,0.181,47.147,-0.067,0.667,37.694,28.938
E01001434,29.238,0.24,0.12,34.439,-0.425,0.917,33.191,21.796
E01001435,25.226,0.233,0.109,30.681,-0.956,0.864,24.762,22.063
E01001436,28.755,0.253,0.149,26.496,-0.35,0.951,25.98,17.65
E01001437,38.737,0.302,0.201,33.776,0.229,0.305,38.502,34.786
E01001438,36.469,0.292,0.166,34.205,-0.226,1.408,30.032,23.637
E01001439,39.15,0.323,0.182,33.833,0.037,1.039,31.771,32.771
E01001440,30.479,0.225,0.146,27.411,-0.289,1.23,28.359,27.019
E01001441,40.848,0.297,0.193,33.196,-0.142,1.602,31.382,35.132
E01001442,43.599,0.359,0.205,40.418,0.325,0.941,32.301,28.693
E01001444,22.337,0.188,0.094,21.07,-0.359,0.355,32.235,27.154
E01001445,31.824,0.28,0.142,26.571,-0.099,0.649,31.331,34.483
E01001446,30.678,0.221,0.145,28.658,-0.184,1.222,26.852,29.794
E01001447,43.933,0.35,0.232,28.291,0.397,1.122,33.9,22.779
E01001448,36.802,0.334,0.173,25.326,-0.104,1.172,28.349,24.625
E01001449,28.928,0.236,0.128,35.242,-0.251,0.85,33.202,13.933
E01001450,22.295,0.15,0.099,8.804,-0.256,0.545,35.463,39.406
E01001451,16.152,0.067,0.069,4.781,-1.032,1.263,33.221,22.199
E01001452,9.789,0.066,0.05,4.127,-1.102,0.317,30.866,13.151
E01001453,7.225,0.056,0.05,2.411,-1.375,-0.039,27.297,11.008
E01001454,6.954,0.066,0.052,1.547,-1.1,-0.363,23.371,15.14
E01001455,12.463,0.093,0.071,10.776,-1.138,0.194,29.174,14.505
E01001456,4.955,0.041,0.04,1.164,-1.426,0.225,16.344,12.26
E01001457,12.587,0.103,0.074,3.693,-0.822,-0.378,34.201,16.693
E01001458,45.066,0.349,0.226,47.501,0.232,0.637,42.699,17.218
E01001459,25.854,0.23,0.13,25.62,-0.826,0.905,26.327,18.722
E01001460,42.62,0.272,0.188,38.172,0.195,1.201,41.809,44.268
E01001461,50.002,0.383,0.247,42.739,0.391,0.736,43.232,28.021
E01001462,38.328,0.278,0.174,29.358,0.092,0.862,42.792,37.828
E01001463,24.464,0.206,0.124,24.981,-0.443,0.775,28.028,15.017
E01001464,38.567,0.284,0.2,45.282,0.21,1.006,29.629,22.272
E01001465,27.26,0.232,0.146,21.891,-0.654,0.744,31.041,23.084
E01001466,27.973,0.249,0.124,32.894,-0.434,0.388,30.432,29.022
E01001467,28.145,0.249,0.122,24.698,-0.193,0.51,33.253,28.669
E01001468,29.354,0.14,0.186,9.644,0.769,0.267,47.831,9.18
E01001469,21.453,0.164,0.121,20.261,-0.434,0.051,36.213,13.326
E01001470,10.554,0.09,0.076,5.179,-0.906,0.397,19.213,12.152
E01001471,17.602,0.12,0.083,5.236,-0.506,-0.027,42.749,22.424
E01001472,13.554,0.121,0.077,5.57,-0.648,-0.12,31.016,15.663
E01001473,19.427,0.171,0.126,14.045,-0.362,0.25,27.216,10.045
E01001474,12.99,0.079,0.08,2.424,-0.763,0.055,35.444,18.024
E01001475,5.363,0.053,0.038,4.969,-1.463,-0.393,21.931,11.136
E01001476,25.796,0.225,0.137,25.625,-0.322,0.528,26.985,21.492
E01001477,36.19,0.288,0.192,35.331,-0.262,1.088,31.449,20.932
E01001478,24.119,0.166,0.122,21.037,-0.153,0.47,34.716,24.554
E01001479,33.708,0.28,0.157,27.069,-0.125,0.739,31.438,39.855
E01001480,26.111,0.184,0.137,20.873,-0.101,0.347,35.502,28.977
E01001481,27.165,0.237,0.132,24.728,-0.169,0.666,29.156,21.496
E01001482,36.728,0.283,0.185,33.824,-0.025,1.029,34.369,24.9
E01001483,56.168,0.367,0.261,34.868,0.536,1.126,51.174,50.439
E01001484,24.371,0.179,0.116,21.533,-0.198,0.829,29.546,23.666
E01001485,38.556,0.316,0.168,33.504,-0.068,0.977,34.086,38.588
E01001486,40.937,0.337,0.198,35.001,0.306,0.335,38.933,32.811
E01001487,37.741,0.327,0.175,30.455,0.191,0.854,33.077,26.67
E01001488,32.359,0.294,0.162,24.653,-0.501,0.706,36.251,21.563
E01001489,30.154,0.255,0.14,34.704,-0.331,0.674,31.399,24.068
E01001491,36.05,0.316,0.185,29.638,0.003,0.503,32.889,29.67
E01001492,32.585,0.274,0.168,33.442,-0.27,0.602,31.792,27.009
E01001493,28.711,0.233,0.175,20.582,0.01,0.131,36.045,16.764
E01001494,15.809,0.144,0.087,11.867,-0.82,0.358,25.964,16.308
E01001495,12.453,0.088,0.072,4.184,-0.874,0.273,23.561,30.494
E01001496,15.631,0.131,0.086,12.916,-0.664,0.382,26.306,15.295
E01001497,25.434,0.234,0.097,16.991,-0.487,1.017,33.287,19.345
E01001498,17.99,0.139,0.076,8.88,-0.824,0.594,26.223,39.905
E01001499,21.112,0.183,0.103,11.85,-0.487,0.375,32.72,25.218
E01001500,21.108,0.145,0.094,9.615,-0.424,1.227,26.349,25.88
E01001501,26.794,0.181,0.106,10.309,-0.168,1.215,31.69,42.101
E01001502,32.456,0.274,0.151,34.503,-0.367,0.53,35.278,30.07
E01001503,26.457,0.237,0.137,26.613,-0.498,0.153,29.933,28.386
E01001504,31.78,0.225,0.149,26.36,0.056,1.166,30.571,29.705
E01001505,32.706,0.261,0.176,26.839,0.035,0.669,31.149,28.984
E01001506,40.198,0.343,0.194,29.707,0.315,1.007,32.979,20.986
E01001507,47.994,0.329,0.241,30.509,0.479,1.098,44.646,36.8
E01001508,31.2,0.272,0.144,24.833,-0.103,0.208,40.176,27.389
E01001509,36.154,0.298,0.169,30.284,0.022,0.73,34.317,35.987
E01001510,51.115,0.371,0.27,49.997,0.667,0.113,40.436,34.789
E01001511,21.474,0.172,0.105,14.81,-0.547,1.014,23.332,24.193
E01001512,22.081,0.171,0.112,8.771,-0.216,0.469,28.675,37.289
E01001513,33.512,0.277,0.169,23.575,-0.073,1.223,30.77,18.287
E01001514,22.164,0.209,0.124,21.435,-0.635,0.311,24.27,21.596
E01001515,37.441,0.305,0.189,31.523,0.179,0.516,34.307,34.816
E01001516,30.64,0.248,0.154,24.434,0.078,0.772,31.981,23.322
E01001517,47.147,0.386,0.225,54.456,0.339,0.805,33.138,17.82
E01001518,23.907,0.146,0.101,8.391,-0.652,1.649,24.01,37.31
E01001519,14.764,0.141,0.071,3.937,-0.987,-0.129,28.669,33.502
E01001520,18.234,0.147,0.114,7.616,-0.336,0.294,30.746,14.127
E01001521,8.156,0.075,0.043,1.543,-1.212,0.086,24.294,18.61
E01001522,16.99,0.159,0.098,8.939,-0.12,-0.025,26.204,15.812
E01001523,9.649,0.086,0.055,4.462,-1.084,0.356,22.912,14.414
E01001524,20.5,0.178,0.127,12.535,-0.469,0.055,33.442,12.618
E01001525,20.356,0.149,0.084,4.718,-0.093,1.178,27.46,22.906
E01001526,9.202,0.07,0.05,3.918,-1.367,-0.583,36.839,10.335
E01001527,17.127,0.127,0.096,5.061,-0.653,0.738,25.416,26.027
E01001528,35.846,0.263,0.18,30.188,-0.014,0.478,40.982,37.214
E01001529,38.685,0.263,0.177,24.709,0.633,0.932,43.211,31.68
E01001530,19.209,0.155,0.098,9.08,-0.592,0.659,28.404,26.175
E01001531,8.121,0.066,0.051,1.063,-1.033,-0.109,25.546,19.183
E01001532,6.446,0.052,0.049,0.771,-1.325,-0.12,21.324,19.232
E01001533,4.967,0.055,0.045,1.884,-1.106,-0.017,13.675,10.758
E01001534,12.427,0.097,0.063,3.707,-1.107,0.726,23.717,21.16
E01001535,11.104,0.074,0.051,3.23,-1.061,0.931,22.993,17.459
E01001536,19.312,0.132,0.104,5.635,-0.289,0.85,22.882,33.586
E01001537,11.763,0.101,0.063,10.765,-0.565,-0.094,24.84,17.351
E01001538,13.32,0.089,0.08,10.418,-0.754,0.567,23.673,16.275
E01001539,14.288,0.111,0.094,9.1,-0.566,0.32,19.964,22.007
E01001540,14.548,0.139,0.083,6.734,-0.928,0.002,21.618,31.899
E01001541,9.535,0.074,0.06,6.349,-0.905,0.307,16.707,22.393
E01001542,19.729,0.184,0.107,12.601,-0.102,0.034,26.403,20.915
E01001543,10.728,0.092,0.063,10.269,-0.885,0.034,25.051,12.359
E01001544,9.917,0.08,0.091,5.305,-0.94,-0.336,20.208,14.948
E01001545,51.506,0.405,0.236,45.614,0.557,1.183,38.366,17.395
E01001546,28.806,0.25,0.145,31.101,-0.254,0.67,27.312,21.776
E01001547,32.956,0.239,0.146,29.639,-0.037,1.543,26.987,23.851
E01001548,33.459,0.294,0.15,31.303,-0.395,1.025,32.619,22.619
E01001549,49.784,0.373,0.231,37.694,0.353,1.233,37.532,40.155
E01001550,38.006,0.285,0.181,36.119,0.287,1.051,37.483,18.504
E01001551,43.96,0.318,0.212,38.88,0.159,1.226,42.694,21.065
E01001552,27.046,0.211,0.117,23.163,-0.565,1.246,29.226,23.453
E01001553,41.159,0.295,0.197,39.957,0.331,0.706,45.533,23.743
E01001554,50.835,0.344,0.211,45.582,0.501,1.384,46.578,34.509
E01001555,35.386,0.219,0.157,30.757,-0.375,1.628,32.528,39.674
E01001556,18.318,0.162,0.092,16.049,-0.481,0.003,29.161,22.822
E01001557,36.852,0.306,0.18,30.828,-0.07,0.969,32.969,28.117
E01001558,45.309,0.306,0.183,32.675,-0.096,1.69,41.41,49.481
E01001559,45.559,0.328,0.192,26.986,0.4,1.418,42.094,40.639
E01001560,34.654,0.239,0.141,30.744,-0.527,1.498,38.279,29.557
E01001562,47.92,0.332,0.218,38.909,0.661,0.514,58.298,29.838
E01001563,15.677,0.112,0.083,3.577,-0.492,0.355,23.903,38.124
E01001564,12.075,0.092,0.064,1.677,-0.85,0.726,23.209,19.809
E01001565,16.146,0.136,0.073,3.733,-0.436,0.503,30.357,23.274
E01001566,15.88,0.101,0.101,3.457,0.158,0.377,23.288,20.857
E01001567,6.215,0.044,0.036,1.64,-1.629,-0.198,27.876,14.462
E01001568,9.839,0.058,0.063,4.881,-1.257,0.617,26.094,10.382
E01001569,12.482,0.109,0.079,4.294,-0.684,0.308,21.579,19.508
E01001570,17.036,0.143,0.086,11.633,-0.17,0.444,24.928,18.177
E01001571,16.922,0.12,0.094,16.343,-0.412,0.727,17.751,22.256
E01001572,16.363,0.132,0.085,15.856,-0.402,0.583,18.872,21.212
E01001573,16.734,0.151,0.096,12.473,-0.251,0.358,17.852,21.342
E01001574,44.753,0.309,0.258,28.65,0.899,1.019,35.438,16.393
E01001575,42.876,0.331,0.241,25.298,0.955,0.883,28.033,21.238
E01001576,42.239,0.332,0.22,25.734,1.071,0.994,27.916,17.072
E01001577,36.821,0.276,0.187,23.757,0.692,1.279,26.515,20.374
E01001578,27.59,0.221,0.135,17.192,0.191,0.987,24.152,27.0
E01001579,38.613,0.292,0.191,33.364,0.631,1.144,28.726,20.398
E01001580,11.255,0.061,0.047,2.006,-1.012,0.917,15.578,36.784
E01001581,20.963,0.16,0.11,2.102,0.406,0.647,20.178,32.973
E01001582,24.844,0.192,0.128,6.015,0.053,1.178,26.931,21.467
E01001583,12.534,0.061,0.052,2.621,-1.316,0.586,26.172,42.682
E01001584,7.494,0.052,0.046,0.968,-0.812,-0.373,25.224,23.473
E01001585,9.989,0.08,0.078,0.855,-0.672,0.198,17.203,20.052
E01001586,24.315,0.162,0.132,13.929,0.005,0.914,27.002,27.755
E01001587,12.502,0.089,0.07,1.772,-0.533,0.236,26.571,26.062
E01001588,36.379,0.212,0.162,14.022,0.957,1.655,32.285,29.768
E01001589,29.973,0.207,0.159,19.473,0.652,0.645,25.83,34.225
E01001590,16.578,0.141,0.091,4.4,-0.084,0.373,20.606,28.251
E01001591,35.355,0.255,0.18,18.837,0.961,0.381,39.558,22.754
E01001592,14.445,0.094,0.083,4.824,-0.183,0.5,15.131,34.584
E01001593,12.365,0.079,0.077,4.176,-0.288,0.478,13.872,30.199
E01001594,34.61,0.309,0.192,22.188,0.572,0.031,32.579,19.426
E01001595,26.389,0.192,0.142,14.768,0.338,0.719,30.723,20.246
E01001596,9.288,0.077,0.065,12.46,-0.661,-0.043,19.199,9.045
E01001597,16.214,0.101,0.085,9.852,-0.311,0.939,21.129,20.966
E01001598,14.979,0.111,0.084,15.941,-0.554,0.668,19.516,14.316
E01001599,17.027,0.125,0.102,23.326,-0.445,0.609,16.395,12.787
E01001600,13.735,0.116,0.089,8.811,-0.608,0.533,19.536,12.664
E01001601,13.492,0.1,0.069,9.879,0.034,0.244,23.899,13.882
E01001602,31.776,0.232,0.198,33.317,0.541,0.662,20.415,14.912
E01001603,39.666,0.285,0.234,42.42,1.041,0.5,23.767,12.164
E01001604,10.566,0.086,0.068,4.382,-0.732,0.436,14.288,23.131
E01001605,7.48,0.059,0.057,8.523,-1.067,-0.028,17.642,15.014
E01001606,5.814,0.054,0.05,7.385,-0.971,-0.438,10.8,18.505
E01001607,15.039,0.131,0.094,9.503,-0.227,0.114,15.792,24.925
E01001608,12.117,0.067,0.07,2.753,-0.705,0.916,20.444,21.615
E01001609,22.723,0.144,0.141,5.488,0.218,0.88,22.261,29.371
E01001610,11.265,0.11,0.079,11.985,-0.787,-0.402,18.631,15.346
E01001611,18.216,0.129,0.113,17.646,0.037,-0.218,20.294,27.974
E01001613,21.489,0.164,0.124,9.316,-0.165,0.881,20.769,26.596
E01001614,9.196,0.063,0.052,9.218,-1.153,0.62,13.786,20.242
E01001615,22.338,0.119,0.107,11.193,0.024,1.302,21.307,33.143
E01001617,10.563,0.07,0.069,8.996,-0.414,0.3,18.938,15.751
E01001618,24.375,0.198,0.134,24.196,0.019,0.697,24.185,12.461
E01001619,15.202,0.124,0.071,15.936,-0.254,0.526,16.191,23.246
E01001620,33.943,0.257,0.181,41.82,0.524,0.196,29.005,22.151
E01001621,37.223,0.234,0.179,30.046,0.854,1.277,21.757,37.838
E01001623,25.738,0.17,0.137,24.167,-0.017,0.792,32.093,17.243
E01001624,25.468,0.167,0.168,29.266,0.125,0.332,22.627,21.708
E01001625,40.504,0.271,0.194,37.197,0.512,0.992,39.778,29.542
E01001629,33.831,0.28,0.162,22.586,0.342,0.788,33.544,26.529
E01001631,37.43,0.289,0.194,20.849,0.922,0.59,36.122,20.324
E01001632,18.582,0.144,0.082,16.545,-0.372,0.444,27.855,27.059
E01001633,37.057,0.307,0.212,19.343,0.601,0.736,27.69,26.255
E01001634,44.704,0.331,0.245,40.273,1.011,0.502,32.648,17.263
E01001635,22.249,0.166,0.104,15.686,0.069,0.883,23.582,25.074
E01001636,24.193,0.195,0.133,18.074,-0.096,0.243,27.65,31.245
E01001637,27.307,0.19,0.134,21.984,-0.065,1.054,23.388,35.212
E01001638,30.414,0.263,0.145,13.454,0.624,0.089,37.5,24.249
E01001640,32.391,0.239,0.135,16.369,0.471,1.089,34.271,33.562
E01001641,17.667,0.097,0.069,2.451,-0.51,0.98,19.868,52.501
E01001642,11.584,0.059,0.038,0.862,-1.149,1.068,16.916,37.57
E01001644,17.503,0.098,0.074,7.027,-0.201,0.77,18.318,48.247
E01001645,25.937,0.208,0.166,21.264,0.351,0.45,19.682,16.244
E01001646,21.125,0.182,0.111,16.155,0.158,-0.307,31.059,17.548
E01001647,19.188,0.12,0.097,12.86,-0.126,0.972,25.469,18.056
E01001648,16.711,0.118,0.092,9.918,-0.097,0.308,29.919,15.585
E01001649,31.567,0.231,0.182,30.358,0.141,0.504,32.73,22.289
E01001650,30.036,0.226,0.169,23.767,0.658,0.517,23.996,23.702
E01001651,36.945,0.238,0.195,27.066,0.701,1.294,30.054,20.827
E01001652,19.562,0.122,0.08,4.603,0.282,1.094,19.153,34.458
E01001653,42.706,0.309,0.217,44.52,0.732,0.585,37.934,20.433
E01001654,40.275,0.304,0.214,32.374,0.742,0.918,30.785,21.405
E01001655,49.383,0.333,0.269,36.942,0.906,0.974,42.228,16.455
E01001656,17.15,0.154,0.111,9.11,-0.145,0.004,24.07,15.536
E01001657,11.814,0.083,0.085,5.251,-0.829,0.489,18.199,19.997
E01001658,20.717,0.162,0.102,9.972,-0.29,0.633,32.742,21.066
E01001659,20.867,0.128,0.105,9.729,0.062,0.569,34.028,24.889
E01001660,36.545,0.248,0.183,28.531,0.416,1.275,34.131,21.38
E01001661,33.336,0.228,0.173,28.849,0.187,1.261,28.012,24.06
E01001662,16.518,0.111,0.067,4.598,-0.084,1.009,15.524,35.557
E01001664,20.849,0.115,0.097,3.155,0.056,0.597,18.818,59.65
E01001665,17.08,0.11,0.077,6.973,-0.245,0.961,19.889,33.287
E01001666,23.184,0.171,0.101,12.405,-0.021,0.875,25.443,36.482
E01001667,42.941,0.286,0.208,20.017,0.822,1.404,41.21,25.508
E01001668,27.937,0.238,0.147,9.905,0.443,0.588,22.887,36.179
E01001669,28.606,0.227,0.171,20.868,0.242,0.616,25.867,20.258
E01001671,23.816,0.183,0.146,28.155,0.109,0.28,19.699,18.933
E01001672,24.987,0.2,0.106,23.082,-0.18,0.613,28.416,34.267
E01001673,33.098,0.236,0.138,19.946,0.978,1.038,29.987,25.799
E01001674,25.242,0.198,0.121,15.777,0.074,0.758,25.498,32.963
E01001675,25.976,0.214,0.114,22.659,0.061,0.611,27.02,31.318
E01001676,27.954,0.22,0.161,18.993,0.329,0.064,28.57,31.582
E01001677,20.084,0.177,0.107,18.315,-0.054,-0.078,22.612,27.138
E01001678,14.632,0.111,0.088,14.127,-0.246,-0.019,21.493,20.672
E01001679,14.151,0.104,0.085,8.282,-0.38,0.534,21.131,17.778
E01001680,8.586,0.065,0.06,4.866,-0.661,0.23,20.302,13.333
E01001681,17.884,0.139,0.126,10.988,-0.159,0.435,16.706,19.749
E01001682,17.977,0.127,0.106,8.075,0.087,0.637,19.978,22.676
E01001683,22.975,0.198,0.146,15.565,0.061,-0.007,20.299,28.895
E01001684,23.642,0.187,0.151,24.093,0.183,0.131,25.073,10.725
E01001685,18.003,0.149,0.092,15.576,-0.015,0.541,19.577,19.002
E01001686,23.553,0.194,0.128,8.595,0.244,0.691,23.044,26.686
E01001687,37.72,0.229,0.185,18.97,0.592,1.476,39.528,23.714
E01001688,29.807,0.21,0.119,9.459,1.025,0.957,29.704,30.466
E01001690,30.373,0.241,0.18,22.417,0.259,0.391,35.615,11.064
E01001692,36.999,0.292,0.195,25.239,0.372,1.064,34.75,14.983
E01001693,41.595,0.326,0.205,30.654,0.385,1.264,37.673,12.1
E01001694,25.696,0.197,0.131,13.549,-0.181,1.139,28.715,20.066
E01001695,39.681,0.285,0.189,23.945,0.68,0.966,41.689,25.819
E01001696,41.273,0.281,0.18,32.78,0.75,1.141,37.109,35.437
E01001697,32.345,0.236,0.162,25.523,0.398,0.662,34.3,28.002
E01001698,36.255,0.308,0.193,20.552,0.548,0.629,34.82,18.591
E01001699,24.872,0.162,0.102,25.071,0.349,0.403,38.282,18.463
E01001700,34.127,0.242,0.145,21.974,0.753,0.805,34.538,35.858
E01001701,27.786,0.193,0.132,14.169,0.902,0.614,33.139,16.279
E01001702,39.035,0.337,0.196,28.904,0.472,0.512,39.058,12.551
E01001703,37.837,0.32,0.187,15.296,0.763,0.242,42.749,22.417
E01001704,23.649,0.189,0.14,13.728,-0.026,0.714,23.218,22.73
E01001705,35.72,0.28,0.195,24.365,0.475,0.459,36.7,24.395
E01001706,44.132,0.32,0.222,28.12,0.968,0.95,41.166,16.136
E01001708,20.291,0.151,0.12,9.152,0.021,0.541,25.829,21.518
E01001709,43.815,0.319,0.202,29.118,0.96,0.514,48.3,22.266
E01001710,39.521,0.325,0.216,26.282,0.69,0.262,37.722,18.38
E01001711,26.258,0.173,0.097,11.613,0.552,0.502,40.142,33.775
E01001712,36.009,0.262,0.181,17.321,0.926,0.56,37.766,28.096
E01001713,40.566,0.319,0.209,22.66,0.606,0.673,40.294,25.555
E01001714,53.046,0.345,0.26,24.942,0.919,1.364,46.87,34.281
E01001715,30.019,0.14,0.112,6.069,0.464,1.339,32.032,58.881
E01001716,38.012,0.257,0.168,6.993,1.14,1.011,37.791,40.618
E01001717,26.81,0.191,0.131,11.252,0.371,0.767,34.313,25.286
E01001718,19.797,0.075,0.052,7.526,-0.107,1.124,23.236,60.204
E01001719,35.095,0.283,0.167,10.549,0.923,0.521,35.716,32.599
E01001720,20.427,0.121,0.069,7.223,0.142,0.77,21.823,53.771
E01001722,35.716,0.262,0.18,17.54,0.546,0.491,39.267,38.565
E01001723,24.314,0.148,0.086,12.897,0.116,0.328,34.17,54.665
E01001724,25.62,0.157,0.094,10.741,0.176,0.339,32.291,60.907
E01001725,29.229,0.179,0.126,27.195,0.144,0.008,40.684,44.36
E01001726,35.803,0.274,0.158,31.433,0.244,0.077,44.134,36.996
E01001727,22.583,0.144,0.103,21.089,-0.112,0.009,35.919,34.953
E01001728,31.883,0.231,0.12,42.453,-0.114,0.019,40.795,40.473
E01001729,47.606,0.346,0.221,23.206,1.248,0.259,47.753,34.322
E01001730,54.74,0.394,0.255,30.602,0.582,1.197,45.687,41.804
E01001731,35.456,0.238,0.143,12.628,0.234,1.341,40.321,43.872
E01001732,47.526,0.363,0.218,27.814,0.463,0.955,46.333,35.046
E01001733,33.695,0.19,0.128,7.993,0.697,1.476,30.936,53.274
E01001734,39.022,0.243,0.141,10.399,0.354,1.631,39.983,58.209
E01001735,38.118,0.252,0.152,16.731,0.823,1.65,32.194,37.298
E01001736,22.736,0.142,0.11,4.178,0.223,0.759,29.594,38.347
E01001737,21.372,0.143,0.096,3.366,0.189,0.221,26.592,51.962
E01001738,21.722,0.14,0.112,6.028,0.2,0.584,26.595,38.078
E01001739,23.802,0.144,0.119,3.345,0.614,0.721,23.853,41.264
E01001740,49.189,0.351,0.221,29.554,1.168,0.895,41.964,36.079
E01001741,15.912,0.107,0.073,2.523,-0.02,0.519,20.271,39.933
E01001742,30.699,0.222,0.146,14.002,0.825,0.602,30.45,34.405
E01001744,35.174,0.235,0.147,8.37,0.617,1.65,30.403,41.053
E01001745,39.643,0.309,0.175,16.493,0.676,0.85,41.327,36.485
E01001746,38.11,0.316,0.17,28.056,0.539,-0.24,45.145,30.663
E01001747,33.484,0.194,0.116,10.237,0.847,1.511,31.745,46.51
E01001748,33.977,0.205,0.144,8.215,0.053,1.532,36.932,49.761
E01001749,28.731,0.164,0.127,3.758,0.23,1.182,29.912,54.041
E01001750,37.011,0.236,0.135,12.208,0.403,1.897,32.64,51.45
E01001751,16.67,0.073,0.053,1.822,-0.444,1.25,16.685,52.273
E01001752,27.801,0.188,0.098,8.691,0.369,0.519,31.687,60.711
E01001753,42.372,0.295,0.18,22.236,0.442,1.098,46.153,43.203
E01001754,35.623,0.237,0.124,10.489,0.266,1.043,34.855,72.631
E01001755,40.52,0.297,0.191,18.618,1.197,0.431,39.975,33.607
E01001756,24.009,0.108,0.084,7.328,-0.325,1.552,26.813,51.854
E01001757,35.578,0.293,0.153,17.317,0.312,0.287,46.158,36.143
E01001758,39.265,0.293,0.155,20.033,0.271,1.031,45.752,41.922
E01001759,30.13,0.229,0.133,11.69,0.586,0.662,33.64,37.311
E01001760,42.542,0.251,0.165,16.421,0.839,1.69,36.464,55.79
E01001761,44.549,0.321,0.216,8.916,1.253,0.938,35.329,45.575
E01001762,28.575,0.175,0.122,10.997,0.5,0.572,34.9,49.657
E01001763,28.158,0.184,0.123,9.859,0.151,0.827,34.382,46.989
E01001764,28.969,0.221,0.139,14.998,0.285,0.579,32.365,37.154
E01001765,50.984,0.39,0.226,35.128,0.754,0.675,47.86,32.78
E01001767,35.398,0.232,0.154,12.743,0.414,1.188,35.949,49.304
E01001768,26.843,0.179,0.124,4.776,0.201,0.886,30.306,46.946
E01001769,27.664,0.171,0.12,7.402,0.119,1.225,30.834,43.656
E01001770,39.083,0.273,0.166,22.119,0.793,0.907,41.341,37.853
E01001772,50.648,0.379,0.224,24.134,0.771,1.155,47.189,33.359
E01001773,38.927,0.278,0.176,12.718,0.801,1.025,41.656,35.542
E01001774,31.299,0.244,0.119,7.605,0.313,0.986,36.52,44.291
E01001775,41.754,0.3,0.193,16.444,0.907,0.801,42.677,39.498
E01001776,42.962,0.292,0.221,19.127,1.003,0.821,39.903,37.066
E01001777,34.151,0.207,0.137,11.166,0.208,1.142,41.317,53.303
E01001779,29.5,0.231,0.134,11.267,0.183,0.408,39.105,38.948
E01001780,41.449,0.251,0.174,17.517,0.876,1.555,35.031,48.865
E01001781,53.093,0.34,0.224,33.049,1.34,1.088,46.261,43.261
E01001782,21.056,0.167,0.094,8.636,-0.01,0.019,32.771,37.207
E01001783,43.254,0.285,0.197,21.217,0.665,0.786,46.323,50.621
E01001784,29.601,0.198,0.101,13.811,0.414,0.415,42.112,49.698
E01001785,34.837,0.237,0.141,10.321,0.515,1.385,30.876,49.387
E01001786,51.364,0.399,0.247,25.511,0.469,1.034,43.675,36.42
E01001787,52.093,0.4,0.234,30.237,0.846,0.741,48.267,30.405
E01001788,49.511,0.371,0.25,27.139,1.085,0.451,43.905,28.234
E01001789,31.204,0.251,0.165,9.667,0.485,0.597,30.463,36.722
E01001790,46.086,0.36,0.234,19.449,0.627,0.583,46.434,31.228
E01001791,36.576,0.278,0.159,16.094,0.498,1.005,34.481,45.233
E01001792,35.402,0.247,0.155,12.858,0.481,1.252,33.493,44.341
E01001793,27.685,0.194,0.143,8.172,-0.187,0.789,32.11,45.8
E01001794,31.312,0.188,0.122,7.074,0.379,1.069,32.866,59.624
E01001795,34.367,0.187,0.145,6.455,0.564,1.521,34.895,50.594
E01001796,34.543,0.176,0.136,15.672,0.198,0.963,38.841,68.973
E01001798,46.753,0.339,0.213,19.102,0.761,0.953,45.606,43.444
E01001799,26.948,0.153,0.098,37.227,0.12,0.369,35.78,40.03
E01001800,41.202,0.269,0.199,39.093,0.992,0.397,38.089,35.899
E01001801,33.146,0.223,0.127,18.118,0.757,-0.102,44.393,47.437
E01001802,36.771,0.244,0.167,21.311,0.746,0.334,44.767,40.724
E01001803,18.108,0.117,0.083,4.887,-0.239,0.149,27.235,48.862
E01001804,30.056,0.172,0.13,32.172,0.276,-0.178,39.932,46.877
E01001805,28.326,0.163,0.106,2.471,0.118,1.324,28.568,59.727
E01001806,32.987,0.226,0.163,8.491,0.631,1.244,29.729,35.646
E01001807,30.756,0.205,0.126,16.824,0.19,0.448,38.786,52.745
E01001808,30.69,0.125,0.067,45.648,-0.18,0.398,39.995,79.912
E01001809,28.813,0.135,0.084,37.416,-0.034,0.512,42.905,51.67
E01001811,49.157,0.366,0.208,40.487,0.639,0.974,44.597,35.703
E01001812,35.459,0.222,0.154,31.706,0.463,0.732,41.589,37.245
E01001813,51.811,0.338,0.225,33.355,0.875,1.214,47.522,43.84
E01001814,27.456,0.155,0.115,18.189,0.075,0.27,40.922,49.105
E01001815,40.912,0.293,0.205,19.595,1.138,0.488,40.445,30.945
E01001816,27.802,0.197,0.124,8.692,0.363,1.072,29.341,36.04
E01001819,29.431,0.196,0.156,3.804,0.298,1.181,27.728,40.588
E01001820,38.512,0.283,0.21,23.032,0.647,0.622,36.154,32.281
E01001821,45.999,0.337,0.227,24.114,0.739,0.926,39.897,39.156
E01001822,48.709,0.359,0.233,40.063,0.612,0.86,42.268,31.015
E01001823,30.427,0.225,0.138,36.704,0.141,-0.402,42.694,24.907
E01001824,37.162,0.25,0.151,36.483,0.542,0.649,42.559,35.9
E01001825,27.777,0.119,0.093,64.029,-0.239,-0.265,38.141,39.027
E01001826,35.117,0.222,0.161,40.804,0.607,-0.099,41.039,36.096
E01001827,42.444,0.286,0.207,48.541,0.638,0.514,41.271,27.995
E01001828,41.742,0.328,0.201,19.055,0.696,0.716,44.714,26.841
E01001829,18.28,0.105,0.069,2.688,-0.09,0.924,22.905,46.283
E01001830,37.776,0.249,0.173,19.338,0.827,0.85,36.411,45.787
E01001831,31.563,0.176,0.114,3.768,0.61,1.176,32.703,61.329
E01001832,27.22,0.164,0.111,7.323,0.143,1.124,30.76,49.706
E01001833,34.207,0.245,0.156,13.973,0.68,0.774,34.599,43.37
E01001834,31.654,0.219,0.124,7.266,0.574,0.883,33.005,53.968
E01001835,22.295,0.134,0.091,2.253,0.067,1.365,24.557,36.638
E01001836,30.425,0.212,0.142,12.138,0.585,0.776,31.659,40.623
E01001837,18.683,0.097,0.056,3.427,0.256,1.244,22.203,38.214
E01001838,50.79,0.383,0.239,28.796,0.73,1.034,41.908,36.729
E01001839,44.606,0.259,0.183,13.076,1.054,1.471,41.388,54.94
E01001840,44.978,0.306,0.194,22.791,1.324,1.292,38.347,27.345
E01001841,33.245,0.214,0.183,13.233,0.646,1.064,30.375,32.671
E01001842,42.63,0.291,0.182,18.762,0.843,1.382,37.61,42.415
E01001843,36.062,0.225,0.175,11.524,1.055,1.375,31.373,27.014
E01001844,29.531,0.171,0.115,11.043,0.089,1.423,30.3,49.574
E01001845,60.114,0.371,0.286,34.001,1.285,1.547,45.409,35.869
E01001846,52.093,0.353,0.229,21.719,1.209,1.761,41.686,28.393
E01001847,64.262,0.383,0.332,21.091,1.737,1.554,38.453,44.977
E01001848,44.202,0.283,0.17,24.603,1.13,1.545,35.033,44.206
E01001849,36.216,0.273,0.161,19.798,0.621,0.859,38.549,32.926
E01001850,48.635,0.357,0.217,30.67,0.61,1.272,39.929,40.002
E01001851,12.163,0.08,0.064,1.746,-0.604,0.489,16.215,38.737
E01001852,17.612,0.091,0.064,2.299,-0.185,0.294,22.342,63.822
E01001853,17.257,0.107,0.088,5.378,-0.198,0.498,18.754,45.899
E01001854,22.958,0.14,0.104,5.859,0.234,0.409,24.644,56.077
E01001855,21.995,0.114,0.084,6.065,0.091,0.515,21.894,66.889
E01001856,31.711,0.209,0.161,9.177,0.892,0.34,30.345,48.555
E01001857,47.106,0.328,0.217,22.339,0.933,1.312,32.68,49.565
E01001858,29.445,0.209,0.132,10.001,0.519,0.814,24.459,51.279
E01001859,21.044,0.212,0.109,5.137,-0.098,-0.111,28.525,30.461
E01001860,36.813,0.246,0.173,14.548,0.512,0.998,34.288,52.686
E01001861,34.716,0.246,0.179,10.687,0.726,0.848,29.188,45.033
E01001862,37.985,0.256,0.2,19.534,1.147,0.733,25.407,42.341
E01001863,20.909,0.143,0.105,1.788,0.04,0.997,19.482,38.849
E01001864,30.839,0.189,0.155,5.06,0.913,0.75,23.767,52.968
E01001865,16.642,0.108,0.078,2.87,-0.045,0.621,19.639,41.594
E01001866,18.03,0.107,0.063,1.37,-0.416,0.541,20.956,63.32
E01001867,15.048,0.129,0.056,2.814,0.115,-1.259,27.35,41.341
E01001868,40.691,0.275,0.197,24.49,0.647,0.501,36.96,56.477
E01001869,16.127,0.083,0.061,4.085,0.169,0.594,19.242,47.795
E01001870,17.371,0.1,0.072,7.756,-0.21,-0.516,28.694,54.896
E01001871,13.69,0.105,0.061,3.114,-0.382,-0.42,22.284,47.471
E01001872,16.461,0.089,0.069,1.707,-0.017,0.25,27.219,48.366
E01001873,26.603,0.196,0.132,8.296,0.472,0.321,25.382,48.236
E01001874,29.647,0.217,0.129,10.594,0.818,0.007,38.678,37.257
E01001875,41.639,0.314,0.187,27.431,0.739,1.236,29.115,37.45
E01001876,46.609,0.313,0.195,17.578,1.562,0.444,52.896,31.58
E01001877,34.412,0.23,0.167,11.387,0.669,0.809,30.792,52.195
E01001878,39.926,0.335,0.182,28.963,0.8,0.661,28.724,33.603
E01001879,26.608,0.193,0.137,12.121,0.685,0.641,22.297,33.246
E01001880,20.777,0.146,0.098,14.464,0.106,0.518,25.964,31.073
E01001881,17.553,0.087,0.054,4.666,0.258,1.067,17.7,44.417
E01001882,13.624,0.067,0.057,5.083,-0.147,0.627,17.865,42.53
E01001883,24.339,0.178,0.112,10.382,0.784,-0.103,22.955,43.685
E01001884,28.729,0.191,0.115,5.591,0.647,0.601,25.651,61.449
E01001885,51.672,0.381,0.259,19.833,1.392,0.88,35.824,35.269
E01001886,28.435,0.214,0.137,13.582,0.482,0.717,27.255,36.747
E01001887,28.591,0.201,0.138,8.787,1.046,0.356,26.44,37.325
E01001888,11.911,0.066,0.055,5.415,-0.073,0.156,16.822,40.054
E01001889,18.664,0.095,0.075,3.671,0.257,0.657,22.462,49.638
E01001890,13.351,0.075,0.05,3.643,-0.091,-0.03,31.007,35.923
E01001891,10.462,0.048,0.03,3.553,-0.481,0.253,22.659,41.962
E01001892,30.092,0.23,0.161,9.798,0.788,0.23,27.913,39.291
E01001893,35.27,0.271,0.157,20.611,0.575,0.88,28.866,44.165
E01001894,36.836,0.262,0.151,16.844,0.818,0.794,33.494,52.518
E01001895,19.929,0.135,0.105,13.235,0.288,0.271,20.51,34.875
E01001896,24.082,0.165,0.102,7.025,0.599,0.435,26.24,45.524
E01001897,14.728,0.096,0.079,1.975,-0.223,0.659,18.908,33.748
E01001898,25.082,0.129,0.12,11.413,0.545,0.366,26.505,52.951
E01001899,44.914,0.292,0.222,23.053,1.06,0.91,37.394,46.801
E01001900,30.715,0.183,0.15,11.618,0.897,0.409,28.68,51.444
E01001901,11.434,0.074,0.062,1.088,-0.064,0.163,15.863,34.91
E01001902,19.422,0.124,0.08,20.111,0.276,0.232,19.567,40.176
E01001903,26.092,0.196,0.134,10.958,0.411,0.458,25.53,39.521
E01001904,11.621,0.065,0.044,6.778,-0.409,0.612,14.148,38.897
E01001905,8.094,0.051,0.031,2.519,-0.602,0.001,14.377,38.249
E01001906,10.992,0.063,0.053,8.145,-0.021,0.237,13.552,31.501
E01001907,10.749,0.062,0.051,1.728,-0.48,0.655,14.581,35.384
E01001908,19.905,0.093,0.075,5.582,0.028,0.359,27.088,61.119
E01001909,22.611,0.159,0.1,7.499,0.413,0.614,23.692,41.374
E01001910,20.869,0.106,0.087,2.717,0.026,0.073,27.942,64.902
E01001911,40.024,0.337,0.211,16.705,0.989,-0.331,31.717,40.304
E01001912,37.997,0.288,0.187,23.831,0.715,0.27,34.841,44.203
E01001913,13.377,0.039,0.027,2.593,-0.09,0.787,16.937,53.763
E01001914,19.921,0.13,0.09,3.42,0.287,-0.049,27.305,48.596
E01001915,12.825,0.054,0.033,6.195,-0.848,0.836,18.114,49.156
E01001916,6.773,0.023,0.023,0.099,-1.457,0.247,17.41,35.905
E01001917,17.195,0.114,0.08,6.44,0.254,0.381,18.154,39.587
E01001918,11.484,0.092,0.06,2.2,-0.053,0.165,14.322,29.93
E01001919,9.047,0.059,0.055,1.522,-0.633,0.405,16.514,26.984
E01001920,33.178,0.226,0.173,7.922,0.998,0.796,24.46,44.107
E01001921,19.802,0.109,0.085,6.332,-0.124,0.926,19.413,50.671
E01001922,13.078,0.078,0.052,1.228,-0.594,0.848,16.707,41.415
E01001923,16.63,0.131,0.075,4.091,-0.278,0.463,19.117,43.413
E01001924,9.352,0.041,0.016,2.69,-1.442,0.605,17.987,42.182
E01001925,10.959,0.054,0.045,1.319,-0.901,0.653,17.406,43.473
E01001926,7.759,0.041,0.03,1.879,-1.113,0.074,11.082,44.706
E01001927,10.896,0.044,0.055,0.62,-0.917,0.691,21.214,37.721
E01001928,23.525,0.165,0.11,1.976,0.144,0.809,22.795,49.259
E01001929,12.858,0.079,0.054,8.431,-0.41,0.499,13.789,41.28
E01001930,31.373,0.19,0.142,8.282,0.591,0.956,24.531,60.512
E01001931,34.372,0.239,0.114,7.107,1.627,0.488,26.699,53.943
E01001932,29.247,0.152,0.115,2.394,0.452,1.283,28.002,60.006
E01001933,20.728,0.125,0.1,3.008,-0.312,0.909,26.355,44.464
E01001934,25.417,0.234,0.155,11.236,-0.046,-0.061,30.396,25.366
E01001935,19.17,0.132,0.104,7.351,0.267,0.51,18.566,34.264
E01001937,14.76,0.069,0.059,6.85,-0.629,1.062,15.878,42.991
E01001938,26.85,0.24,0.12,10.427,0.032,0.569,25.96,44.041
E01001939,24.093,0.196,0.123,18.926,0.308,-0.196,28.87,28.922
E01001940,35.193,0.239,0.161,10.646,0.909,0.917,31.176,47.413
E01001941,31.689,0.174,0.148,4.177,0.837,0.887,26.895,60.285
E01001942,28.516,0.177,0.136,3.523,0.666,0.758,24.474,54.937
E01001943,36.703,0.203,0.141,6.304,0.665,1.512,33.975,61.382
E01001944,47.614,0.358,0.259,13.588,1.256,-0.227,44.06,35.092
E01001945,24.643,0.169,0.116,3.352,0.439,0.739,21.767,48.608
E01001946,19.916,0.165,0.124,9.624,0.184,-0.674,24.183,30.349
E01001947,42.445,0.337,0.221,27.915,0.794,0.401,35.411,31.148
E01001948,15.375,0.112,0.078,1.911,-0.436,0.014,18.226,51.4
E01001949,8.59,0.042,0.028,5.32,-1.178,0.218,15.265,42.767
E01001950,11.243,0.048,0.036,4.966,-0.428,0.609,13.697,45.914
E01001951,17.209,0.112,0.076,5.099,-0.084,0.381,18.819,50.177
E01001952,15.062,0.09,0.06,10.544,0.226,-0.135,18.256,44.803
E01001953,24.53,0.179,0.108,6.639,0.549,0.385,23.922,47.896
E01001954,29.739,0.24,0.135,14.54,0.63,0.778,25.139,35.378
E01001955,47.455,0.344,0.227,20.954,0.55,1.594,35.789,39.095
E01001956,26.072,0.199,0.152,8.392,-0.073,0.676,25.555,39.079
E01001957,46.585,0.388,0.218,35.611,0.694,0.293,38.817,32.496
E01001958,45.872,0.404,0.221,23.008,0.553,0.284,40.104,33.207
E01001959,42.92,0.299,0.216,18.961,0.612,1.52,28.245,44.379
E01001960,18.155,0.138,0.086,4.163,0.083,0.295,21.876,41.02
E01001961,43.027,0.384,0.208,26.355,0.563,0.422,36.187,27.716
E01001962,19.532,0.15,0.094,5.752,-0.45,0.748,31.584,25.94
E01001963,9.81,0.055,0.05,0.378,-0.781,0.718,17.167,29.947
E01001964,16.713,0.093,0.082,2.168,-0.226,0.898,24.179,34.656
E01001965,11.984,0.093,0.069,1.611,-0.392,0.453,19.32,24.623
E01001966,14.505,0.061,0.048,0.406,-0.74,1.748,19.351,25.69
E01001967,9.161,0.067,0.049,0.632,-0.619,0.201,18.868,30.083
E01001968,11.988,0.077,0.06,0.707,-0.516,0.548,21.661,32.258
E01001969,31.45,0.203,0.118,15.624,0.362,1.209,34.593,43.792
E01001970,33.203,0.247,0.139,16.442,0.413,0.906,38.612,36.266
E01001971,42.051,0.298,0.208,21.699,0.211,1.013,47.038,34.932
E01001972,29.297,0.224,0.153,11.271,0.208,0.677,34.775,31.937
E01001973,20.934,0.155,0.095,6.213,-0.138,0.785,27.819,34.664
E01001974,22.465,0.121,0.095,16.166,-0.49,0.788,29.468,48.669
E01001975,23.436,0.136,0.116,12.564,0.136,0.447,29.933,43.938
E01001976,43.081,0.262,0.211,29.852,0.494,1.217,42.434,39.89
E01001977,43.481,0.316,0.204,26.718,0.479,1.09,43.332,33.032
E01001978,48.677,0.308,0.219,37.582,0.767,1.38,42.779,38.8
E01001979,48.928,0.311,0.197,30.399,0.519,1.76,45.881,45.569
E01001980,35.275,0.264,0.148,28.159,0.369,0.894,36.85,34.958
E01001981,32.311,0.232,0.139,24.914,-0.082,0.45,44.826,37.651
E01001982,36.797,0.251,0.186,24.092,-0.059,0.779,41.317,43.766
E01001983,29.973,0.21,0.149,23.836,0.123,0.916,30.317,31.199
E01001984,17.128,0.111,0.084,4.628,-0.167,0.315,27.403,38.231
E01001985,10.843,0.049,0.05,0.99,-0.546,0.442,21.679,39.88
E01001986,12.447,0.092,0.076,2.787,-0.416,-0.059,21.943,31.896
E01001987,9.757,0.037,0.029,0.874,-1.214,0.549,28.659,32.623
E01001988,17.492,0.092,0.074,6.143,-0.377,0.406,25.216,53.597
E01001989,13.924,0.102,0.067,1.769,-0.508,0.531,23.143,33.569
E01001990,16.04,0.074,0.049,3.903,-0.484,0.11,26.024,64.524
E01001991,15.312,0.074,0.049,0.492,-0.006,0.472,26.218,50.039
E01001992,7.722,0.044,0.041,0.347,-1.007,0.445,22.61,21.495
E01001993,7.537,0.037,0.034,0.064,-0.361,0.368,16.213,26.726
E01001994,9.249,0.079,0.047,1.095,-0.683,-0.291,25.303,25.599
E01001995,26.398,0.214,0.155,11.481,0.195,0.449,30.964,22.652
E01001996,13.74,0.095,0.064,0.58,-0.638,0.421,20.461,44.239
E01001997,14.149,0.072,0.051,1.323,-0.427,0.592,21.381,51.201
E01001998,20.653,0.152,0.083,7.639,-0.39,0.412,34.77,40.648
E01001999,32.795,0.184,0.131,21.654,0.294,1.544,31.931,40.816
E01002000,23.679,0.162,0.113,11.975,0.218,0.798,28.754,29.524
E01002001,23.942,0.146,0.094,8.838,-0.072,0.891,29.617,50.495
E01002002,37.524,0.193,0.139,9.839,0.106,2.628,40.728,56.608
E01002003,43.468,0.261,0.179,21.977,0.691,1.208,49.209,46.059
E01002004,20.674,0.153,0.101,13.329,-0.447,0.541,28.219,34.765
E01002005,17.263,0.07,0.054,14.699,-0.115,-0.143,34.837,49.756
E01002006,16.085,0.085,0.068,3.613,-0.451,0.104,31.466,48.611
E01002007,11.887,0.055,0.045,2.389,-1.299,0.301,27.294,46.992
E01002008,10.593,0.052,0.033,2.491,-0.433,0.396,30.355,25.983
E01002009,13.205,0.044,0.037,3.028,-1.068,0.518,30.442,50.757
E01002010,18.004,0.119,0.116,6.392,-0.249,0.352,26.783,27.486
E01002011,20.327,0.112,0.093,9.222,-0.343,0.781,26.508,45.979
E01002013,12.813,0.104,0.069,3.038,-0.28,0.172,17.379,33.576
E01002014,22.761,0.169,0.099,5.922,0.167,0.43,25.315,49.262
E01002015,28.877,0.236,0.175,5.771,0.372,0.327,28.941,35.108
E01002016,22.554,0.184,0.131,6.58,0.214,0.096,26.646,32.275
E01002017,25.009,0.178,0.155,6.271,-0.104,0.755,25.921,36.265
E01002018,23.18,0.185,0.13,8.866,0.344,0.224,24.78,31.651
E01002019,9.032,0.045,0.04,0.697,-0.906,0.83,16.05,28.79
E01002020,21.601,0.123,0.108,4.418,0.028,1.111,22.777,38.242
E01002021,9.467,0.066,0.052,0.677,-0.644,0.169,21.271,29.388
E01002022,15.624,0.072,0.048,3.158,-0.363,0.723,24.322,53.29
E01002023,14.621,0.073,0.055,0.528,-0.248,1.185,21.226,31.736
E01002024,17.062,0.127,0.088,1.353,-0.109,0.746,21.7,30.132
E01002025,7.049,0.044,0.034,0.631,-1.158,-0.354,25.967,28.04
E01002026,57.941,0.372,0.267,40.883,0.816,1.608,45.635,37.018
E01002027,33.616,0.255,0.16,20.944,0.646,0.772,31.956,31.517
E01002028,30.298,0.219,0.13,26.869,0.184,0.803,31.371,36.806
E01002029,41.118,0.234,0.162,21.604,0.458,1.59,48.232,40.013
E01002030,27.791,0.17,0.113,14.695,0.021,1.136,33.311,42.108
E01002031,36.262,0.188,0.113,16.762,0.349,2.007,41.755,48.902
E01002032,39.698,0.275,0.182,25.932,0.539,0.705,38.014,50.706
E01002033,39.234,0.275,0.188,25.98,0.452,1.091,36.344,38.096
E01002034,55.143,0.35,0.246,38.121,0.984,1.453,43.344,42.651
E01002036,55.804,0.351,0.295,44.193,0.564,1.409,39.683,37.583
E01002037,59.996,0.384,0.296,39.434,0.716,1.515,46.377,38.037
E01002038,53.357,0.326,0.218,52.549,0.883,1.188,49.299,40.315
E01002039,57.318,0.427,0.276,47.756,0.348,1.285,43.818,23.387
E01002040,44.974,0.308,0.233,30.837,0.163,1.171,40.588,39.646
E01002041,46.024,0.347,0.226,33.038,0.059,0.863,44.849,37.1
E01002042,26.641,0.174,0.118,16.09,0.287,0.811,31.494,36.117
E01002043,33.655,0.217,0.118,25.996,0.118,0.934,39.244,51.977
E01002044,27.372,0.143,0.102,7.312,0.313,1.232,34.847,45.842
E01002045,34.853,0.239,0.149,16.774,0.667,0.576,44.618,37.651
E01002046,40.938,0.271,0.192,20.349,0.732,1.199,39.805,37.63
E01002047,28.331,0.152,0.091,16.334,0.195,1.221,32.897,51.975
E01002048,29.877,0.213,0.127,18.45,0.072,0.826,32.616,45.442
E01002049,36.932,0.272,0.174,29.864,0.423,0.919,38.212,25.814
E01002050,22.017,0.119,0.083,39.362,-0.182,0.02,35.672,28.062
E01002051,37.856,0.237,0.158,27.827,0.455,0.81,41.708,50.316
E01002052,28.644,0.176,0.153,36.704,-0.297,0.259,38.808,26.401
E01002053,41.123,0.298,0.191,27.967,0.79,0.494,39.774,41.496
E01002054,41.466,0.307,0.219,29.14,0.472,0.202,43.207,37.145
E01002055,25.88,0.13,0.092,32.103,-0.327,0.848,36.205,41.898
E01002056,36.957,0.275,0.163,17.493,0.338,1.029,37.907,43.128
E01002057,29.295,0.264,0.121,15.852,0.134,0.788,32.136,29.878
E01002058,31.176,0.215,0.135,13.798,0.235,0.946,37.182,40.925
E01002059,21.812,0.179,0.137,3.291,0.085,0.275,24.317,31.926
E01002060,12.405,0.098,0.083,3.141,-0.416,0.001,18.017,29.44
E01002061,17.636,0.11,0.084,1.467,0.025,0.901,20.974,35.061
E01002062,16.76,0.112,0.079,2.116,-0.433,0.678,20.882,44.532
E01002063,23.784,0.175,0.116,8.046,-0.045,0.889,27.224,35.334
E01002064,31.234,0.244,0.148,14.369,0.176,1.186,29.251,31.674
E01002065,25.418,0.163,0.113,4.616,0.516,0.875,26.428,43.903
E01002066,49.27,0.341,0.233,29.267,0.72,1.234,45.876,30.686
E01002067,46.782,0.327,0.223,27.594,0.688,1.191,39.666,40.763
E01002068,36.864,0.229,0.165,27.072,0.307,1.242,37.523,39.665
E01002069,46.326,0.278,0.187,29.376,0.539,1.693,46.358,44.281
E01002070,31.485,0.208,0.121,14.781,-0.545,1.397,35.954,49.443
E01002071,56.548,0.383,0.231,26.701,1.208,1.782,43.784,39.226
E01002072,39.206,0.253,0.154,20.306,0.108,1.357,44.518,48.741
E01002073,45.217,0.271,0.151,36.578,0.853,1.789,42.469,41.459
E01002074,50.268,0.346,0.243,36.159,0.482,1.068,47.286,34.985
E01002075,36.219,0.275,0.158,34.781,0.045,0.883,39.794,29.326
E01002076,38.995,0.276,0.181,30.1,0.304,1.083,40.061,31.526
E01002077,41.835,0.291,0.16,35.49,0.094,1.489,39.009,42.848
E01002078,41.134,0.283,0.172,25.594,0.302,0.441,48.665,55.151
E01002079,31.926,0.278,0.135,23.102,-0.152,0.991,33.331,28.411
E01002080,37.402,0.297,0.181,17.197,0.273,0.9,40.403,32.345
E01002081,52.5,0.353,0.214,40.733,0.901,1.339,46.74,35.484
E01002082,52.501,0.372,0.286,40.126,0.663,0.82,42.843,23.464
E01002083,20.253,0.158,0.094,8.552,-0.072,0.375,28.714,34.861
E01002084,30.931,0.198,0.142,22.375,0.287,1.015,33.458,34.452
E01002085,32.286,0.244,0.135,16.261,0.123,0.948,36.627,41.47
E01002086,38.359,0.282,0.185,23.163,0.456,0.894,38.158,36.635
E01002087,38.653,0.257,0.187,15.829,0.473,0.967,38.178,50.734
E01002088,26.737,0.174,0.106,28.573,-0.259,0.801,30.201,42.772
E01002089,56.63,0.427,0.322,42.571,0.485,0.294,44.391,24.491
E01002090,38.494,0.292,0.187,30.888,0.293,0.517,43.196,29.944
E01002091,50.281,0.371,0.233,38.464,0.721,1.25,38.878,27.544
E01002092,45.163,0.322,0.192,25.305,0.408,1.182,46.715,41.734
E01002093,49.08,0.358,0.227,39.949,0.516,1.042,41.042,37.795
E01002094,47.579,0.347,0.213,41.023,0.599,1.364,37.011,28.311
E01002095,50.02,0.378,0.229,34.924,0.653,1.397,35.319,32.834
E01002096,42.101,0.295,0.199,26.538,0.518,1.09,41.549,35.808
E01002097,44.02,0.343,0.192,31.94,0.199,0.937,41.176,42.211
E01002098,23.169,0.171,0.102,12.185,0.07,0.566,25.797,42.741
E01002099,46.871,0.342,0.21,32.785,0.861,0.522,51.175,25.806
E01002100,32.758,0.235,0.148,25.089,0.092,0.779,37.053,38.358
E01002101,24.196,0.154,0.094,17.077,-0.004,0.603,36.276,38.227
E01002102,30.138,0.202,0.125,13.607,0.093,1.117,36.672,39.667
E01002103,25.668,0.193,0.106,16.923,-0.3,0.726,35.048,36.607
E01002104,27.187,0.207,0.146,19.338,-0.055,0.445,33.501,29.004
E01002105,30.56,0.181,0.107,17.093,-0.073,1.083,43.576,45.306
E01002106,10.868,0.101,0.07,8.09,-1.245,0.153,23.688,11.757
E01002107,6.954,0.067,0.048,3.56,-1.51,0.116,21.481,10.865
E01002108,7.738,0.093,0.056,4.266,-1.244,-0.304,20.333,11.184
E01002109,8.619,0.082,0.049,4.908,-1.076,0.345,21.483,11.142
E01002110,7.069,0.075,0.053,3.456,-1.087,-0.281,21.398,11.316
E01002111,13.214,0.126,0.084,7.801,-0.861,0.017,25.219,14.348
E01002112,6.679,0.07,0.038,2.666,-1.618,0.307,18.424,12.698
E01002113,15.753,0.128,0.112,3.982,-0.532,0.176,30.43,10.153
E01002114,19.889,0.164,0.089,12.744,-0.349,-0.117,43.5,10.838
E01002115,13.587,0.116,0.072,6.302,-0.88,0.342,31.952,10.351
E01002116,6.842,0.066,0.041,2.27,-1.487,-0.184,27.112,10.005
E01002117,16.435,0.162,0.111,5.49,-0.594,0.009,29.635,8.286
E01002118,17.569,0.151,0.077,9.283,-0.318,0.739,26.745,18.853
E01002119,18.65,0.142,0.086,11.524,-0.616,0.739,29.574,24.218
E01002120,30.433,0.252,0.165,19.209,0.152,0.102,42.198,15.523
E01002121,12.265,0.096,0.065,9.425,-1.145,0.607,24.883,13.41
E01002122,12.949,0.107,0.072,11.293,-1.073,0.219,24.582,20.744
E01002123,18.135,0.128,0.065,16.156,-0.613,0.981,28.311,22.408
E01002124,14.661,0.102,0.071,24.088,-0.735,0.228,26.149,15.221
E01002125,16.846,0.125,0.061,20.157,-0.982,0.872,26.681,19.949
E01002126,14.524,0.109,0.063,2.434,-0.211,0.35,29.119,27.112
E01002127,12.886,0.099,0.079,2.461,-0.793,0.534,24.01,20.49
E01002128,16.396,0.127,0.097,4.349,-0.424,0.427,23.742,29.018
E01002129,16.154,0.134,0.111,6.509,-0.57,0.299,20.888,24.296
E01002130,26.951,0.202,0.117,10.423,0.514,0.603,25.817,44.997
E01002131,26.146,0.218,0.147,11.162,0.509,-0.376,38.896,12.167
E01002132,8.61,0.066,0.046,1.975,-1.694,0.393,24.544,19.078
E01002133,30.379,0.242,0.168,19.319,0.268,0.436,37.482,16.712
E01002134,6.317,0.055,0.056,1.162,-1.302,-0.133,22.835,10.565
E01002135,14.943,0.118,0.082,13.533,-0.285,0.177,22.437,20.942
E01002136,11.47,0.119,0.069,2.615,-1.239,0.394,21.031,16.574
E01002137,7.178,0.023,0.019,11.363,-1.448,-0.606,29.324,21.116
E01002138,16.441,0.175,0.087,8.493,-0.562,0.311,24.227,15.83
E01002139,32.383,0.276,0.186,28.354,0.276,0.625,28.245,11.651
E01002140,17.158,0.156,0.103,11.002,-0.444,0.538,21.783,13.744
E01002141,14.656,0.134,0.091,5.733,-0.758,0.261,28.682,11.025
E01002142,11.216,0.106,0.06,4.191,-1.206,0.326,26.178,15.211
E01002143,20.347,0.186,0.123,13.471,-0.347,0.432,21.968,19.63
E01002144,13.065,0.081,0.071,7.504,-0.949,0.192,35.628,15.131
E01002145,18.212,0.149,0.106,4.653,0.171,-0.041,33.657,10.325
E01002146,2.833,0.028,0.03,1.898,-1.351,-0.063,11.551,7.248
E01002147,7.129,0.054,0.029,1.058,-1.176,-0.718,33.245,15.395
E01002148,8.917,0.087,0.066,5.921,-0.72,0.062,18.095,9.526
E01002149,3.844,0.047,0.027,0.536,-1.637,-0.554,21.636,9.093
E01002150,10.338,0.112,0.053,7.065,-1.095,-0.02,21.411,19.321
E01002151,33.592,0.286,0.21,26.804,0.288,0.498,24.103,19.234
E01002152,4.836,0.053,0.043,0.85,-1.316,-0.261,18.798,11.367
E01002153,5.348,0.065,0.057,1.625,-1.054,-0.469,13.912,10.956
E01002154,13.755,0.124,0.075,4.22,-0.891,0.938,18.424,14.149
E01002155,5.568,0.055,0.046,0.785,-1.542,-0.188,20.725,13.72
E01002156,5.893,0.056,0.058,1.983,-1.622,-0.035,19.355,9.169
E01002157,10.327,0.102,0.067,4.236,-0.609,0.22,17.687,14.533
E01002158,3.676,0.039,0.037,0.942,-1.593,-0.448,20.903,7.376
E01002159,9.771,0.115,0.075,2.547,-0.944,-0.217,19.264,12.224
E01002160,10.815,0.122,0.06,3.17,-0.915,0.107,19.95,20.332
E01002161,12.858,0.149,0.081,3.733,-0.824,0.059,22.452,13.107
E01002162,14.756,0.145,0.096,4.983,-0.664,-0.649,29.451,18.567
E01002163,9.789,0.099,0.073,3.197,-1.0,-0.035,22.385,11.252
E01002164,7.482,0.086,0.061,2.218,-1.281,-0.171,19.319,10.791
E01002165,13.349,0.098,0.073,13.073,-0.93,-0.035,30.923,16.777
E01002166,14.131,0.135,0.072,12.734,-0.874,0.213,25.832,14.926
E01002167,18.977,0.144,0.075,22.13,-0.834,0.741,30.108,19.76
E01002168,25.829,0.229,0.13,19.338,0.296,0.557,26.154,16.371
E01002169,16.164,0.134,0.077,15.922,-0.751,0.083,33.873,13.562
E01002170,15.102,0.131,0.089,15.348,-0.608,-0.054,25.782,15.048
E01002171,11.916,0.107,0.066,9.491,-0.899,0.027,26.165,15.793
E01002172,13.544,0.127,0.069,13.87,-0.914,-0.22,28.903,15.09
E01002173,12.244,0.115,0.074,6.392,-1.213,-0.016,30.663,9.724
E01002174,9.255,0.095,0.064,6.589,-0.965,-0.289,22.709,11.553
E01002175,11.736,0.1,0.062,5.359,-0.784,0.445,25.875,13.609
E01002176,12.305,0.082,0.067,7.809,-1.146,0.574,26.507,18.898
E01002177,11.723,0.108,0.066,9.162,-0.904,0.135,23.834,15.504
E01002178,8.895,0.106,0.063,5.224,-0.856,-0.21,17.675,11.769
E01002179,24.339,0.232,0.116,13.416,-0.508,0.581,32.067,24.247
E01002180,26.072,0.221,0.146,17.215,-0.223,0.623,29.606,21.99
E01002181,9.662,0.1,0.068,5.562,-1.108,-0.255,20.089,17.649
E01002182,13.364,0.111,0.086,3.796,-1.065,0.464,21.502,23.65
E01002183,17.705,0.145,0.092,14.016,-0.502,0.193,30.361,19.844
E01002184,18.393,0.173,0.104,12.361,-0.679,0.262,27.636,17.646
E01002185,27.96,0.248,0.174,19.762,0.068,0.044,31.33,15.583
E01002186,16.535,0.133,0.118,7.573,-0.319,0.159,23.687,17.316
E01002187,11.735,0.099,0.078,4.723,-0.823,0.114,28.14,9.861
E01002188,2.416,0.018,0.023,0.325,-1.844,-0.354,15.403,8.925
E01002189,4.762,0.053,0.035,0.784,-1.529,-0.636,20.156,17.077
E01002190,4.587,0.031,0.029,1.023,-1.787,-0.025,25.579,5.798
E01002191,5.309,0.061,0.053,1.575,-1.596,-0.727,21.683,9.669
E01002192,5.88,0.061,0.03,0.99,-1.094,0.088,21.075,10.797
E01002193,10.305,0.111,0.084,2.878,-0.661,-0.313,19.899,10.42
E01002194,3.388,0.042,0.045,0.649,-1.449,-0.523,17.266,6.609
E01002195,4.526,0.062,0.053,2.003,-1.479,-0.533,15.422,7.45
E01002196,3.185,0.051,0.038,0.632,-1.747,-0.641,15.296,8.117
E01002197,11.292,0.118,0.074,9.314,-0.946,-0.476,24.895,11.334
E01002198,13.76,0.109,0.068,13.98,-1.018,0.303,29.948,13.062
E01002199,11.238,0.124,0.071,8.671,-1.023,-0.071,21.154,12.429
E01002200,15.014,0.121,0.069,13.285,-0.978,0.63,28.028,14.648
E01002201,8.519,0.088,0.052,4.753,-1.248,0.111,20.613,14.744
E01002202,18.083,0.161,0.083,16.014,-0.839,0.13,32.501,22.187
E01002203,12.952,0.123,0.066,12.213,-0.974,-0.146,29.779,12.453
E01002204,13.99,0.119,0.078,8.568,-0.76,-0.12,22.393,32.947
E01002206,10.807,0.096,0.068,4.959,-0.86,0.43,18.797,16.374
E01002207,9.76,0.098,0.072,6.954,-0.962,-0.017,19.034,11.191
E01002208,3.609,0.046,0.041,0.789,-1.441,-0.673,19.192,7.51
E01002209,8.705,0.08,0.071,3.113,-0.994,0.039,19.523,12.491
E01002210,10.319,0.099,0.068,5.329,-1.223,0.291,22.216,11.573
E01002211,26.311,0.223,0.16,25.503,-0.006,0.237,28.302,12.529
E01002212,20.071,0.193,0.098,11.78,-0.444,0.656,22.617,24.679
E01002213,19.059,0.172,0.088,7.89,-0.436,0.443,30.181,25.771
E01002214,18.101,0.167,0.102,13.237,-0.512,0.574,23.596,13.348
E01002215,27.378,0.274,0.153,23.13,-0.071,0.355,24.559,14.682
E01002216,10.109,0.103,0.062,5.908,-0.85,0.237,21.069,10.627
E01002217,37.221,0.326,0.199,26.191,0.75,0.132,34.585,13.19
E01002218,16.21,0.12,0.075,7.58,-0.832,1.045,23.617,21.311
E01002219,20.611,0.152,0.088,22.477,-0.48,0.839,25.637,24.877
E01002220,12.713,0.107,0.077,10.679,-0.566,0.349,21.31,12.39
E01002221,17.593,0.14,0.098,15.938,-0.781,0.514,22.738,24.641
E01002222,13.566,0.115,0.06,8.44,-0.531,0.486,26.436,16.798
E01002223,12.167,0.118,0.073,11.622,-0.982,0.21,20.408,14.259
E01002224,22.295,0.197,0.131,20.903,-0.41,0.351,28.208,12.098
E01002225,6.455,0.051,0.031,2.157,-1.581,0.135,27.136,9.707
E01002226,12.456,0.127,0.072,4.066,-1.16,0.337,23.752,16.889
E01002227,37.012,0.295,0.209,21.204,0.55,0.043,46.44,9.12
E01002228,13.716,0.132,0.082,6.698,-1.113,-0.058,32.785,8.328
E01002229,19.662,0.138,0.108,10.048,-0.613,1.048,29.189,12.957
E01002230,9.721,0.072,0.049,4.921,-1.278,0.152,34.168,7.366
E01002231,22.233,0.207,0.113,18.425,-0.154,0.372,27.894,15.692
E01002232,17.987,0.163,0.092,10.124,-0.053,0.47,21.904,20.005
E01002233,24.165,0.215,0.134,17.791,-0.37,0.546,27.377,21.189
E01002234,17.757,0.154,0.115,17.313,-0.447,0.15,23.934,11.733
E01002235,32.33,0.276,0.162,31.178,-0.077,0.409,37.151,19.564
E01002236,22.037,0.216,0.105,17.811,-0.28,0.158,26.539,26.379
E01002237,19.587,0.143,0.124,9.128,-0.284,0.013,28.625,30.477
E01002238,9.755,0.108,0.067,4.672,-1.266,0.23,18.436,11.555
E01002239,7.222,0.071,0.059,3.879,-1.61,-0.416,23.324,12.045
E01002240,17.388,0.149,0.109,9.531,-0.095,-0.378,24.225,25.522
E01002241,16.085,0.165,0.106,6.306,-0.558,0.203,24.114,11.697
E01002242,7.171,0.084,0.061,1.848,-1.257,-0.201,18.012,11.411
E01002243,30.771,0.242,0.154,26.327,0.486,0.773,26.126,22.705
E01002244,22.263,0.152,0.098,24.874,-0.095,0.93,23.227,24.571
E01002245,19.85,0.159,0.07,15.864,-0.031,1.065,16.791,28.611
E01002246,16.184,0.119,0.089,22.153,-0.567,0.621,15.032,19.641
E01002247,23.923,0.194,0.119,15.85,0.388,0.823,18.447,23.024
E01002248,23.437,0.178,0.138,29.446,0.19,0.282,20.903,14.912
E01002249,19.288,0.129,0.079,15.961,-0.438,1.135,25.062,22.025
E01002250,21.885,0.144,0.106,22.428,-0.174,0.602,29.939,24.345
E01002251,27.964,0.227,0.14,29.469,0.105,0.483,32.634,13.664
E01002252,9.451,0.07,0.07,18.13,-0.811,-0.86,22.712,9.532
E01002253,3.03,0.033,0.044,5.272,-1.459,-0.675,14.143,5.666
E01002254,3.368,0.029,0.052,5.219,-1.238,-0.341,8.954,6.161
E01002255,12.076,0.089,0.073,18.744,-0.615,0.018,24.939,6.742
E01002256,5.906,0.059,0.062,13.325,-1.223,-0.827,12.832,6.572
E01002257,2.583,0.026,0.029,2.92,-1.598,-0.175,12.042,6.159
E01002258,16.322,0.147,0.104,22.67,-0.042,-0.106,14.828,7.865
E01002259,6.747,0.07,0.052,13.369,-0.742,-0.458,9.711,10.447
E01002260,15.744,0.114,0.083,22.494,-0.579,0.74,19.421,9.829
E01002261,17.546,0.129,0.088,27.67,-0.352,0.716,14.75,14.916
E01002262,18.693,0.145,0.118,21.81,0.193,0.143,18.023,10.327
E01002263,8.288,0.054,0.065,17.822,-0.747,0.073,14.21,6.687
E01002264,33.416,0.289,0.181,34.131,0.631,0.25,22.397,20.741
E01002265,11.001,0.078,0.073,12.894,-0.416,0.097,18.112,15.139
E01002266,15.741,0.093,0.096,32.72,-0.378,0.42,12.664,12.203
E01002267,26.236,0.211,0.152,33.611,0.182,0.383,21.217,13.327
E01002268,13.888,0.101,0.088,16.226,-0.62,0.395,22.564,9.593
E01002269,11.466,0.088,0.072,14.416,-0.717,-0.618,29.974,8.32
E01002270,6.206,0.043,0.034,7.876,-1.196,-0.389,29.323,5.117
E01002271,7.439,0.043,0.046,10.826,-0.863,-0.569,30.913,5.372
E01002272,11.382,0.086,0.086,12.594,-0.343,0.068,9.33,16.807
E01002273,9.83,0.065,0.07,18.418,-0.631,-0.759,26.084,5.035
E01002274,8.673,0.061,0.079,10.481,-0.9,-0.205,21.482,6.563
E01002275,6.526,0.038,0.055,12.542,-0.831,-0.383,21.058,7.616
E01002276,30.358,0.217,0.137,41.124,0.121,0.892,31.415,14.436
E01002277,35.841,0.236,0.179,48.552,0.237,1.215,27.762,15.619
E01002278,36.936,0.283,0.187,50.603,0.344,0.916,27.934,8.862
E01002279,28.237,0.215,0.148,36.808,0.273,0.575,26.308,11.703
E01002280,48.365,0.349,0.228,55.063,0.871,1.1,35.751,8.55
E01002281,42.407,0.303,0.252,44.984,0.679,0.89,26.401,12.461
E01002282,44.571,0.318,0.228,52.178,0.602,1.302,27.371,11.786
E01002283,30.126,0.219,0.153,41.37,0.255,0.727,25.613,16.292
E01002284,30.582,0.204,0.158,37.371,0.291,1.233,23.099,10.169
E01002285,9.56,0.072,0.063,18.476,-0.357,-0.124,15.425,8.167
E01002286,7.171,0.051,0.059,12.863,-0.879,-0.511,22.582,6.013
E01002287,9.794,0.062,0.064,19.155,-0.813,0.292,13.261,13.572
E01002288,7.204,0.055,0.054,14.652,-1.048,-0.479,22.195,6.65
E01002289,10.517,0.089,0.073,16.636,-0.71,0.221,13.412,7.997
E01002290,8.71,0.068,0.068,14.495,-0.69,0.242,9.878,6.957
E01002291,10.977,0.086,0.07,12.069,-0.739,-0.05,14.143,26.858
E01002292,20.598,0.147,0.127,26.921,-0.002,0.544,20.45,7.316
E01002293,16.071,0.115,0.091,13.581,-0.247,0.13,25.94,21.516
E01002294,10.453,0.088,0.073,10.716,-0.298,-0.219,18.087,12.093
E01002295,14.555,0.118,0.087,15.012,-0.355,0.18,24.794,9.51
E01002296,16.128,0.081,0.08,17.547,-0.453,0.768,30.715,11.98
E01002297,42.097,0.306,0.262,37.524,0.862,0.465,29.394,13.067
E01002298,15.287,0.105,0.093,17.137,-0.185,0.339,21.775,12.39
E01002299,22.395,0.164,0.117,28.233,-0.237,0.735,24.973,13.59
E01002300,13.56,0.106,0.092,9.002,-0.419,0.621,15.236,12.145
E01002301,12.866,0.09,0.094,26.56,-0.745,-0.001,12.787,10.43
E01002302,19.887,0.144,0.113,32.202,-0.328,0.688,13.128,13.914
E01002303,32.076,0.257,0.181,43.023,0.194,0.07,30.492,12.81
E01002304,21.904,0.113,0.103,33.584,0.224,0.453,32.243,11.708
E01002305,20.342,0.133,0.107,31.826,0.022,0.772,19.859,7.122
E01002306,32.802,0.267,0.189,43.062,0.344,0.124,26.657,12.646
E01002307,22.734,0.192,0.127,35.485,-0.109,0.276,21.554,8.121
E01002308,28.303,0.226,0.155,34.406,-0.075,0.891,24.995,8.591
E01002309,24.213,0.18,0.146,25.713,0.146,0.801,16.644,13.171
E01002310,41.247,0.274,0.244,35.178,0.909,1.098,27.755,11.199
E01002311,28.59,0.214,0.169,37.468,0.262,0.464,25.07,9.481
E01002312,33.968,0.212,0.172,39.758,0.354,1.136,33.422,12.343
E01002313,33.292,0.254,0.192,36.914,0.227,0.226,34.259,16.397
E01002314,39.982,0.306,0.198,44.566,0.539,1.231,27.894,8.294
E01002315,26.599,0.173,0.148,38.629,0.236,0.837,20.041,12.233
E01002316,43.109,0.339,0.22,50.383,0.592,0.853,29.884,9.812
E01002317,6.804,0.04,0.047,13.184,-0.872,0.284,14.297,9.482
E01002318,9.792,0.089,0.068,16.445,-0.819,0.121,11.675,9.137
E01002319,17.73,0.147,0.118,17.419,-0.13,-0.011,19.686,16.321
E01002320,8.722,0.071,0.054,16.585,-0.573,0.034,11.631,12.539
E01002321,10.206,0.056,0.067,15.872,-0.778,0.562,16.71,11.084
E01002322,9.333,0.078,0.056,21.84,-0.934,-0.253,17.623,9.541
E01002323,11.297,0.069,0.065,21.443,-0.758,0.057,22.463,13.372
E01002324,21.876,0.15,0.13,30.006,0.105,0.44,23.608,7.575
E01002325,28.471,0.226,0.152,46.536,0.38,0.216,20.661,10.488
E01002326,22.398,0.192,0.137,28.972,0.037,0.076,15.366,17.655
E01002327,14.049,0.101,0.085,25.195,-0.425,-0.428,22.331,13.828
E01002328,12.663,0.087,0.074,19.524,-0.668,0.629,15.185,10.871
E01002329,13.732,0.1,0.076,22.952,-0.775,0.375,17.68,16.4
E01002330,19.696,0.155,0.107,27.465,-0.316,0.004,26.276,17.07
E01002331,15.316,0.106,0.088,29.765,-0.493,0.239,17.962,12.095
E01002332,15.766,0.12,0.086,32.636,-0.395,-0.004,19.782,9.969
E01002333,10.585,0.075,0.076,21.23,-0.735,-0.016,16.368,7.867
E01002334,10.673,0.07,0.07,15.68,-0.545,-0.024,24.431,7.433
E01002335,16.766,0.139,0.099,23.694,0.082,-0.514,22.536,8.78
E01002336,14.275,0.111,0.071,26.799,-0.677,-0.168,22.701,17.983
E01002337,11.154,0.069,0.051,11.615,-0.165,0.263,27.075,10.26
E01002338,13.115,0.094,0.082,22.775,-0.662,0.526,11.288,9.918
E01002339,6.97,0.052,0.055,14.097,-1.066,-0.024,15.854,8.246
E01002340,8.891,0.058,0.07,13.919,-0.758,0.091,12.85,14.366
E01002341,13.478,0.1,0.088,19.641,-0.638,0.116,22.777,7.782
E01002342,22.13,0.168,0.117,27.202,-0.189,0.834,16.09,20.281
E01002343,13.862,0.08,0.091,32.728,-0.463,0.213,12.287,9.359
E01002344,18.685,0.123,0.109,25.549,-0.37,0.504,21.267,18.345
E01002345,35.878,0.241,0.163,36.086,0.176,1.463,19.874,41.076
E01002346,23.246,0.176,0.118,33.301,-0.304,0.908,16.64,17.643
E01002347,19.704,0.123,0.114,24.547,-0.152,0.743,19.344,16.624
E01002348,10.457,0.091,0.071,27.84,-0.622,-0.607,9.229,7.393
E01002349,13.078,0.09,0.088,29.216,-0.317,-0.074,10.842,7.855
E01002350,28.354,0.21,0.141,24.249,0.181,0.941,20.213,34.434
E01002351,14.318,0.107,0.09,17.827,-0.514,0.127,11.398,27.744
E01002352,17.463,0.16,0.12,13.416,-0.13,-0.006,14.81,18.999
E01002353,17.255,0.108,0.09,13.212,-0.558,0.852,25.2,21.564
E01002354,5.879,0.043,0.054,7.057,-0.921,0.155,13.785,8.472
E01002355,5.469,0.043,0.055,11.005,-0.976,-0.155,10.282,8.339
E01002356,38.476,0.269,0.168,37.875,0.463,1.33,30.013,31.154
E01002358,17.135,0.141,0.078,24.465,-0.481,0.375,16.071,28.161
E01002359,8.022,0.057,0.055,13.412,-0.635,0.102,13.681,12.963
E01002360,14.191,0.112,0.078,16.595,-0.598,0.625,17.031,15.094
E01002361,20.212,0.156,0.114,25.473,-0.24,0.465,16.865,22.981
E01002362,6.594,0.072,0.055,10.629,-0.918,-0.285,10.075,9.341
E01002363,20.626,0.177,0.121,32.864,-0.304,0.069,22.058,8.053
E01002364,7.832,0.07,0.069,14.858,-0.646,-0.683,12.22,9.242
E01002365,15.194,0.1,0.091,19.441,-0.221,0.532,13.963,17.97
E01002366,12.288,0.111,0.077,21.17,-0.792,0.15,13.141,10.538
E01002367,11.89,0.101,0.072,12.79,-0.756,0.581,13.139,12.998
E01002368,43.219,0.303,0.236,40.279,0.311,1.113,37.747,16.847
E01002369,23.06,0.148,0.115,30.543,-0.107,0.831,28.21,11.61
E01002370,28.204,0.204,0.17,29.868,-0.052,0.941,23.655,13.83
E01002371,17.673,0.131,0.104,22.602,-0.627,0.802,13.583,15.65
E01002372,13.737,0.104,0.079,28.328,-0.565,0.206,16.066,9.256
E01002373,16.354,0.117,0.093,27.723,-0.554,0.73,13.378,9.42
E01002374,17.567,0.127,0.108,18.848,-0.383,0.743,17.228,14.011
E01002375,27.703,0.216,0.161,33.545,0.168,0.488,22.582,16.711
E01002376,6.611,0.041,0.043,12.943,-0.72,0.167,17.107,6.828
E01002377,13.205,0.105,0.084,12.533,-0.535,0.355,18.292,15.158
E01002378,9.066,0.061,0.06,17.19,-0.785,0.173,13.969,13.391
E01002379,8.595,0.081,0.062,8.642,-0.733,0.179,12.255,12.01
E01002380,15.85,0.15,0.102,14.489,-0.309,0.036,20.915,10.806
E01002381,14.487,0.116,0.083,19.603,-0.644,0.306,21.186,12.947
E01002382,10.645,0.075,0.07,12.198,-0.718,0.352,13.698,19.6
E01002383,9.399,0.058,0.064,9.356,-0.671,0.229,22.612,12.254
E01002384,5.796,0.047,0.05,6.896,-1.088,0.243,7.615,12.783
E01002385,9.794,0.044,0.04,12.591,-0.961,0.584,28.774,10.318
E01002386,7.423,0.071,0.057,5.194,-1.135,-0.049,12.393,20.903
E01002387,4.683,0.039,0.043,5.287,-1.36,0.371,6.324,8.175
E01002388,2.173,0.021,0.031,4.67,-1.565,-0.522,10.952,5.712
E01002389,4.361,0.03,0.053,7.708,-1.323,-0.145,13.277,5.649
E01002390,2.458,0.018,0.042,8.427,-1.343,-0.822,5.811,5.379
E01002391,8.272,0.061,0.052,12.706,-0.664,-0.864,26.74,9.887
E01002392,38.779,0.285,0.178,45.036,0.773,1.114,29.852,9.602
E01002393,27.027,0.18,0.132,23.109,-0.063,1.23,24.77,25.384
E01002394,18.552,0.154,0.1,20.504,-0.246,0.347,25.913,11.066
E01002395,21.226,0.154,0.1,24.404,-0.409,0.847,26.83,16.548
E01002396,28.102,0.209,0.122,19.225,0.318,1.216,27.399,20.49
E01002397,28.616,0.214,0.127,19.816,0.142,0.976,31.299,29.043
E01002398,21.564,0.131,0.092,18.246,-0.223,1.31,26.056,17.486
E01002399,19.042,0.126,0.088,17.615,-0.312,1.209,21.876,12.538
E01002400,28.27,0.205,0.137,24.647,0.386,1.227,21.732,14.734
E01002401,29.597,0.223,0.145,23.676,0.705,0.856,24.962,17.911
E01002402,30.564,0.235,0.156,23.223,0.289,1.085,25.122,22.268
E01002403,31.169,0.232,0.15,30.711,0.469,0.938,26.786,20.006
E01002404,30.226,0.235,0.156,35.287,0.176,0.68,26.482,20.7
E01002405,26.934,0.219,0.139,28.086,-0.052,0.678,26.689,19.597
E01002406,21.548,0.162,0.106,22.203,-0.206,0.573,28.624,19.112
E01002407,27.29,0.2,0.107,14.822,-0.506,0.988,41.671,30.619
E01002408,30.758,0.231,0.134,28.508,0.528,1.01,23.563,27.54
E01002409,26.632,0.215,0.129,18.696,0.391,0.909,23.527,19.772
E01002410,17.825,0.118,0.098,7.788,-0.116,0.92,23.512,18.062
E01002411,21.096,0.126,0.09,43.359,0.198,0.067,25.187,17.209
E01002412,13.892,0.077,0.064,9.019,-0.138,0.978,20.068,17.39
E01002413,27.196,0.188,0.129,36.226,0.405,0.776,24.316,15.369
E01002414,8.523,0.039,0.022,10.057,-0.542,0.095,26.127,19.772
E01002415,6.398,0.064,0.045,11.252,-0.859,-0.126,11.705,10.398
E01002416,6.191,0.063,0.047,12.297,-0.918,-0.258,9.602,11.159
E01002417,6.224,0.051,0.049,3.169,-1.115,0.172,14.849,16.327
E01002418,10.158,0.099,0.078,12.888,-0.713,-0.905,22.151,6.304
E01002419,4.897,0.05,0.05,3.393,-0.924,-0.016,10.625,9.043
E01002420,12.091,0.139,0.091,9.174,-0.338,-0.554,17.99,4.804
E01002421,7.448,0.083,0.061,7.302,-0.465,-0.257,9.63,8.561
E01002422,16.092,0.119,0.099,19.997,-0.523,0.345,16.741,21.044
E01002423,14.078,0.104,0.087,14.91,-0.356,0.215,20.216,17.175
E01002424,13.834,0.113,0.074,12.655,-0.514,0.789,16.968,10.834
E01002425,23.459,0.167,0.121,28.666,0.077,0.612,25.679,15.402
E01002426,17.602,0.147,0.089,15.941,-0.376,0.541,21.404,22.437
E01002427,12.302,0.101,0.063,13.891,-0.234,0.117,21.451,13.656
E01002428,13.22,0.117,0.065,20.148,-0.407,0.284,19.177,9.538
E01002429,30.283,0.222,0.139,30.414,0.286,0.463,38.781,19.923
E01002430,5.082,0.038,0.041,2.805,-1.118,-0.057,22.782,6.965
E01002431,3.658,0.037,0.033,1.712,-1.11,-0.034,13.083,9.594
E01002432,6.012,0.058,0.044,3.313,-1.213,0.054,12.289,19.349
E01002433,17.18,0.144,0.103,12.903,-0.474,0.346,26.002,13.982
E01002434,5.221,0.036,0.035,2.475,-1.283,0.462,12.5,13.62
E01002435,3.959,0.035,0.047,2.585,-1.179,-0.154,14.032,8.767
E01002436,11.243,0.086,0.085,6.661,-0.525,0.339,17.976,12.028
E01002437,4.365,0.038,0.031,1.698,-1.068,-0.208,21.893,7.549
E01002438,11.112,0.075,0.07,11.065,-0.225,-0.402,29.534,6.02
E01002439,16.064,0.134,0.086,15.959,-0.141,0.521,17.439,14.843
E01002440,22.396,0.152,0.13,24.975,0.545,0.551,19.463,7.861
E01002441,22.485,0.16,0.114,15.652,-0.045,1.272,21.718,12.241
E01002442,21.705,0.139,0.125,31.17,0.341,0.073,25.265,10.475
E01002443,19.035,0.102,0.049,13.286,-0.753,1.11,41.182,21.553
E01002444,21.983,0.119,0.08,17.923,0.162,-0.317,44.354,34.313
E01002445,31.283,0.258,0.135,41.252,0.07,0.88,27.881,16.461
E01002446,20.488,0.098,0.072,21.267,-0.386,1.448,25.635,23.929
E01002447,21.244,0.12,0.076,24.704,-0.085,0.341,36.674,31.955
E01002448,21.712,0.145,0.069,14.85,-0.262,1.188,21.599,43.239
E01002449,19.83,0.15,0.082,14.919,-0.245,0.393,34.948,23.907
E01002450,9.621,0.085,0.055,11.022,-0.297,0.189,14.538,11.222
E01002451,7.733,0.071,0.064,10.977,-0.88,-0.069,13.621,8.895
E01002452,9.154,0.084,0.063,11.167,-0.508,-0.211,12.534,15.829
E01002453,10.605,0.102,0.059,11.019,-0.468,0.069,15.301,16.882
E01002454,21.711,0.173,0.11,22.998,0.242,0.692,19.792,12.08
E01002455,21.473,0.149,0.106,17.096,0.02,1.1,22.24,14.796
E01002456,18.91,0.156,0.092,20.647,-0.242,0.497,23.429,18.457
E01002457,27.458,0.203,0.137,25.945,0.413,0.871,24.399,17.499
E01002458,4.854,0.031,0.052,4.329,-1.17,-0.113,18.06,8.451
E01002459,3.275,0.035,0.045,3.287,-1.032,-0.481,12.615,6.778
E01002460,5.381,0.072,0.039,3.957,-0.993,-0.438,12.307,14.042
E01002461,9.086,0.053,0.053,3.634,-0.719,-0.117,35.316,7.245
E01002462,5.59,0.025,0.028,1.584,-1.624,-0.816,35.328,6.599
E01002463,7.347,0.048,0.053,4.83,-0.848,-0.123,25.08,12.343
E01002464,5.854,0.073,0.047,7.839,-0.737,-0.39,12.219,7.106
E01002465,11.125,0.102,0.063,10.495,-0.251,-0.011,15.568,17.509
E01002466,4.825,0.048,0.034,7.587,-1.057,-0.565,19.275,9.575
E01002467,6.673,0.068,0.049,10.643,-0.647,-0.241,13.188,8.079
E01002468,6.013,0.039,0.047,10.61,-0.588,-0.18,15.157,10.25
E01002469,5.831,0.047,0.043,9.085,-0.576,-0.191,14.431,10.171
E01002470,12.124,0.112,0.064,6.588,-0.53,0.506,16.991,19.007
E01002471,6.153,0.063,0.042,5.156,-0.943,0.258,12.662,10.049
E01002472,10.824,0.111,0.06,6.175,-0.584,0.226,18.55,15.984
E01002473,13.087,0.073,0.08,2.373,-0.529,-0.04,40.529,7.857
E01002474,11.711,0.103,0.067,4.486,-0.561,0.112,23.808,19.957
E01002475,15.363,0.112,0.117,11.453,0.159,-0.384,23.847,5.809
E01002476,4.815,0.044,0.035,0.672,-1.093,0.444,14.646,5.577
E01002477,9.475,0.074,0.073,4.561,0.009,-0.273,20.355,6.628
E01002478,9.1,0.076,0.068,4.88,-0.261,-0.038,16.546,12.921
E01002479,16.586,0.127,0.099,11.067,-0.048,0.317,28.944,4.883
E01002480,3.283,0.046,0.032,2.594,-1.38,-0.383,17.008,4.055
E01002481,19.587,0.187,0.116,10.946,-0.241,0.363,28.357,6.861
E01002482,3.995,0.04,0.034,3.444,-1.017,0.122,13.818,4.422
E01002483,7.953,0.079,0.059,4.228,-0.525,-0.496,19.915,13.134
E01002484,16.453,0.134,0.117,10.814,0.129,-0.241,21.126,12.409
E01002485,14.974,0.128,0.096,10.054,-0.29,0.104,20.051,19.461
E01002486,24.283,0.175,0.118,25.982,-0.251,0.514,36.199,16.197
E01002487,24.057,0.143,0.121,26.856,-0.111,0.323,36.241,25.264
E01002488,19.19,0.147,0.097,18.505,-0.376,0.191,32.574,17.987
E01002489,17.717,0.127,0.076,12.184,-0.197,0.623,28.86,23.567
E01002490,18.852,0.155,0.09,17.488,-0.513,0.192,28.012,28.445
E01002491,30.108,0.209,0.135,32.072,0.072,0.983,35.821,17.328
E01002492,20.112,0.162,0.09,19.636,-0.45,0.635,26.751,23.959
E01002493,34.627,0.277,0.139,40.699,0.052,0.884,37.733,19.764
E01002494,13.378,0.105,0.082,12.28,-0.426,0.364,19.792,14.155
E01002495,9.436,0.089,0.051,16.294,-0.517,-0.77,19.578,14.461
E01002496,15.69,0.112,0.083,14.233,-0.11,0.118,21.875,26.983
E01002497,15.868,0.142,0.078,17.378,-0.549,0.553,17.882,19.193
E01002498,10.034,0.084,0.063,6.348,-0.759,0.6,11.474,16.604
E01002499,10.695,0.102,0.075,8.351,-0.527,-0.65,23.22,11.982
E01002501,21.048,0.159,0.105,20.91,-0.505,0.787,25.328,21.42
E01002502,29.112,0.218,0.153,33.645,0.18,0.893,24.998,14.606
E01002503,31.129,0.222,0.147,25.645,0.514,0.989,26.629,28.122
E01002504,28.117,0.216,0.133,24.046,0.214,0.775,29.443,24.354
E01002505,34.346,0.245,0.143,23.519,0.293,1.424,29.077,35.194
E01002506,34.326,0.257,0.166,26.681,0.005,1.285,29.936,28.432
E01002507,22.825,0.162,0.106,13.7,-0.259,1.29,25.089,20.394
E01002508,32.399,0.249,0.146,31.367,0.234,1.209,25.38,23.4
E01002509,7.545,0.061,0.046,7.215,-0.984,0.161,19.249,14.688
E01002511,23.032,0.173,0.114,14.133,0.312,0.845,26.041,16.351
E01002512,6.115,0.042,0.037,1.593,-1.092,0.477,19.218,11.481
E01002513,10.316,0.081,0.089,4.704,-0.27,-0.401,19.78,11.81
E01002514,13.363,0.094,0.074,6.515,-0.145,0.377,19.253,25.703
E01002515,19.82,0.161,0.106,11.357,0.032,0.379,28.761,17.001
E01002516,6.714,0.061,0.048,4.483,-1.109,0.198,19.525,9.224
E01002518,7.373,0.049,0.046,6.999,-0.852,0.51,15.368,13.148
E01002519,26.167,0.177,0.126,24.49,0.396,0.489,24.974,35.181
E01002520,17.499,0.144,0.099,17.076,0.189,-0.583,25.717,14.94
E01002521,28.551,0.229,0.151,10.502,0.892,0.436,29.84,16.886
E01002523,15.993,0.095,0.072,13.4,-0.01,0.604,26.547,19.921
E01002525,16.758,0.109,0.069,13.648,-0.131,1.07,15.676,24.329
E01002526,32.885,0.216,0.144,41.831,0.403,1.305,27.268,14.282
E01002527,28.127,0.212,0.126,30.342,0.635,0.862,20.439,19.18
E01002528,33.787,0.229,0.171,45.379,0.312,1.029,27.728,14.308
E01002529,18.952,0.156,0.084,19.474,-0.069,0.745,19.79,18.586
E01002530,38.1,0.269,0.189,44.403,0.569,1.232,23.407,19.956
E01002531,14.441,0.107,0.087,15.658,-0.113,0.397,17.535,11.742
E01002532,28.687,0.223,0.13,25.669,0.283,0.715,33.594,18.228
E01002533,18.109,0.147,0.115,19.909,0.022,-0.07,23.12,8.96
E01002534,8.672,0.086,0.061,8.509,-0.659,-0.168,14.461,15.066
E01002535,8.174,0.063,0.043,1.928,-0.767,0.219,16.806,27.83
E01002536,8.793,0.06,0.044,6.49,-0.339,-0.388,29.358,12.057
E01002537,6.692,0.052,0.042,4.493,-0.319,-0.243,24.099,5.436
E01002538,12.939,0.1,0.091,9.531,-0.206,0.413,17.89,6.797
E01002539,6.171,0.064,0.048,5.786,-0.804,-0.012,15.258,7.823
E01002540,30.699,0.226,0.147,22.446,0.431,1.274,26.812,15.132
E01002541,15.022,0.103,0.058,12.669,-0.416,1.059,25.554,8.511
E01002542,31.733,0.253,0.135,25.235,0.166,1.342,24.479,26.746
E01002543,29.522,0.219,0.13,26.609,-0.171,1.266,30.68,21.377
E01002544,15.829,0.105,0.072,13.21,-0.346,0.651,30.377,13.502
E01002545,44.181,0.338,0.203,40.004,0.511,0.863,45.608,13.438
E01002546,18.263,0.123,0.074,13.249,-0.371,0.301,38.513,22.403
E01002547,26.811,0.2,0.113,19.436,0.033,0.733,36.537,26.963
E01002548,28.448,0.24,0.141,35.397,0.421,0.356,26.003,11.738
E01002549,21.609,0.139,0.096,19.534,-0.086,1.242,21.968,18.654
E01002550,30.92,0.187,0.112,26.581,0.071,0.822,44.503,37.843
E01002551,21.564,0.188,0.107,24.567,0.096,0.414,22.222,14.098
E01002552,28.833,0.215,0.109,41.531,-0.106,1.34,20.464,20.735
E01002553,32.029,0.223,0.153,47.27,0.549,0.466,31.291,12.227
E01002554,27.545,0.172,0.115,20.017,0.335,1.231,24.011,35.643
E01002555,15.826,0.101,0.072,16.782,-0.231,0.275,29.987,19.511
E01002556,17.494,0.118,0.079,18.551,-0.104,-0.133,29.846,28.474
E01002557,28.206,0.167,0.11,27.643,0.057,0.994,38.514,27.764
E01002558,27.201,0.194,0.112,30.087,0.136,0.478,32.806,32.535
E01002559,27.275,0.19,0.12,30.613,0.041,0.014,42.521,22.434
E01002560,32.164,0.191,0.135,40.428,0.416,1.249,32.232,16.375
E01002561,36.219,0.289,0.172,41.647,0.31,0.427,40.715,11.335
E01002562,31.503,0.208,0.128,18.231,0.365,1.351,35.51,27.643
E01002563,17.508,0.098,0.079,5.109,-0.487,0.736,33.42,32.19
E01002564,29.791,0.24,0.146,17.645,0.029,0.93,31.926,27.4
E01002565,15.177,0.07,0.046,4.61,-0.505,-0.16,38.822,46.84
E01002566,34.903,0.263,0.162,24.316,0.038,0.147,46.952,37.322
E01002567,17.236,0.101,0.07,3.783,-0.356,0.757,26.189,43.432
E01002568,32.966,0.252,0.122,15.251,0.905,-0.04,50.338,21.367
E01002569,11.268,0.075,0.054,0.885,-0.645,0.217,27.511,29.438
E01002570,14.378,0.075,0.058,4.568,-0.841,0.596,28.114,42.04
E01002571,6.24,0.03,0.021,0.877,-1.247,-0.006,24.47,23.651
E01002572,31.152,0.239,0.144,13.564,0.476,0.798,39.997,20.921
E01002573,11.548,0.046,0.035,0.514,-1.089,0.65,28.446,40.687
E01002574,10.889,0.059,0.04,2.623,-0.673,0.724,23.716,29.166
E01002575,9.253,0.056,0.031,2.203,-1.051,0.107,29.555,28.291
E01002576,23.779,0.162,0.12,9.656,-0.029,1.095,27.769,26.485
E01002577,12.527,0.074,0.068,2.12,-1.058,0.818,24.06,25.577
E01002578,13.909,0.073,0.065,0.626,-0.821,1.259,21.743,24.406
E01002579,11.432,0.065,0.061,0.817,-0.744,0.534,27.336,25.336
E01002580,26.847,0.183,0.111,4.293,0.42,0.848,34.37,41.185
E01002581,10.613,0.082,0.057,2.152,-1.021,0.327,25.408,23.152
E01002582,10.228,0.067,0.058,2.934,-0.453,0.493,21.849,19.266
E01002583,25.483,0.141,0.089,8.96,-0.226,1.094,48.096,27.374
E01002584,21.183,0.127,0.082,10.131,-0.209,0.388,47.651,20.441
E01002585,31.624,0.198,0.135,23.622,-0.08,0.691,50.018,27.591
E01002586,18.983,0.101,0.064,15.637,-0.228,0.357,42.401,26.874
E01002587,28.216,0.155,0.105,11.45,0.121,1.104,47.581,28.23
E01002588,45.238,0.346,0.216,41.561,0.416,0.322,51.001,15.918
E01002589,27.301,0.218,0.122,20.297,-0.039,0.228,46.194,12.895
E01002590,19.474,0.12,0.082,25.236,-0.153,0.361,29.392,27.512
E01002591,20.126,0.146,0.105,27.555,-0.077,-0.29,31.59,14.441
E01002592,22.644,0.174,0.092,29.543,-0.053,-0.253,36.81,20.422
E01002593,23.549,0.126,0.099,19.914,0.639,0.496,29.39,33.232
E01002594,24.587,0.199,0.129,17.904,0.141,0.306,31.229,21.092
E01002595,28.591,0.216,0.139,29.261,0.093,0.359,32.295,29.541
E01002596,25.032,0.137,0.084,23.202,0.044,0.37,41.546,42.07
E01002598,28.313,0.169,0.109,35.379,-0.308,1.082,36.992,27.146
E01002599,28.026,0.171,0.123,38.813,0.024,0.575,39.591,16.829
E01002600,25.186,0.166,0.112,36.03,-0.059,0.561,31.596,21.693
E01002601,17.067,0.111,0.061,22.072,-0.493,0.489,35.106,15.078
E01002602,15.568,0.09,0.056,23.035,-0.308,-0.106,36.286,18.279
E01002603,24.448,0.162,0.106,32.587,-0.084,0.527,37.906,11.952
E01002604,38.959,0.298,0.184,35.249,0.209,0.958,43.474,13.319
E01002605,32.077,0.221,0.14,26.672,0.19,0.693,38.855,35.992
E01002606,40.064,0.26,0.192,41.595,0.867,0.573,43.431,18.265
E01002607,21.524,0.166,0.097,27.443,-0.222,0.406,29.247,19.314
E01002608,35.098,0.219,0.16,35.51,0.429,1.376,32.966,19.859
E01002609,16.03,0.114,0.071,15.138,-0.564,0.508,28.475,22.548
E01002610,28.253,0.19,0.136,32.274,0.0,0.862,34.637,15.112
E01002611,22.558,0.131,0.106,25.627,-0.283,0.786,32.063,22.818
E01002612,29.447,0.202,0.118,26.476,0.168,1.163,30.315,29.629
E01002613,18.466,0.139,0.078,26.194,-0.235,0.096,29.377,20.105
E01002614,16.438,0.114,0.059,12.233,-0.561,0.023,41.086,21.572
E01002615,40.273,0.269,0.169,37.636,0.796,0.852,46.571,19.139
E01002616,19.738,0.117,0.096,32.888,-0.274,0.479,26.99,17.326
E01002617,15.033,0.065,0.058,15.233,-0.279,-0.116,43.263,16.619
E01002618,15.632,0.1,0.07,8.883,-0.128,0.386,32.697,19.365
E01002619,19.257,0.151,0.087,10.314,-0.53,0.395,35.472,25.203
E01002620,26.833,0.192,0.122,15.424,-0.113,0.11,47.012,27.353
E01002621,24.423,0.169,0.107,13.152,0.069,0.7,38.638,23.508
E01002622,21.22,0.141,0.077,10.12,-0.356,0.84,41.118,23.171
E01002623,29.762,0.194,0.148,13.797,0.521,0.465,43.784,23.748
E01002624,25.053,0.153,0.103,11.253,-0.094,0.827,41.97,31.768
E01002625,17.852,0.119,0.089,15.231,-0.503,0.159,35.115,22.809
E01002626,19.861,0.139,0.092,11.433,-0.244,0.668,32.042,24.638
E01002627,32.08,0.259,0.163,19.71,0.21,-0.421,48.99,18.238
E01002628,15.021,0.114,0.066,7.869,-0.544,0.238,33.547,22.159
E01002629,21.188,0.163,0.09,9.867,-0.33,0.609,35.281,28.532
E01002630,16.999,0.109,0.065,5.546,-0.724,0.699,35.435,31.098
E01002631,24.578,0.169,0.113,13.438,0.138,0.462,38.857,26.476
E01002632,17.988,0.14,0.077,9.688,-0.513,0.417,32.951,27.901
E01002633,41.744,0.3,0.193,37.598,0.52,0.474,49.367,22.832
E01002634,37.914,0.277,0.169,30.14,0.336,0.575,51.163,18.598
E01002635,21.152,0.116,0.076,9.401,-0.335,1.045,40.072,26.744
E01002636,18.99,0.138,0.084,12.665,-0.577,0.371,37.348,23.111
E01002637,34.884,0.251,0.148,20.705,0.054,0.581,51.055,32.295
E01002638,33.983,0.221,0.132,25.192,-0.11,1.49,45.565,17.541
E01002639,15.694,0.086,0.068,6.294,-0.515,0.69,36.243,20.837
E01002640,17.346,0.066,0.043,5.042,-0.724,1.351,39.097,26.187
E01002641,24.301,0.133,0.086,10.113,-0.255,1.179,43.91,26.909
E01002642,22.046,0.127,0.063,4.362,-0.388,1.193,36.998,43.078
E01002643,22.254,0.164,0.102,9.22,0.128,0.375,34.628,29.758
E01002645,27.316,0.146,0.098,12.489,0.067,1.456,36.196,35.58
E01002646,31.95,0.238,0.131,19.587,-0.057,0.508,50.058,28.063
E01002647,26.913,0.188,0.114,11.973,-0.151,0.342,47.635,32.163
E01002648,23.325,0.129,0.076,14.576,-0.339,0.894,43.722,33.233
E01002649,27.284,0.175,0.096,9.854,-0.039,1.11,42.765,34.627
E01002650,25.93,0.165,0.1,10.009,-0.317,0.44,52.663,29.744
E01002651,20.14,0.141,0.096,8.566,-0.217,0.563,36.569,21.687
E01002652,19.886,0.141,0.092,10.485,-0.34,0.492,34.774,27.348
E01002653,12.827,0.09,0.074,9.859,-1.074,0.037,30.551,19.397
E01002654,13.309,0.08,0.064,6.203,-0.616,0.061,35.698,22.798
E01002655,14.226,0.073,0.065,7.774,-0.914,0.963,28.473,21.931
E01002656,14.304,0.094,0.077,9.208,-0.307,-0.709,36.962,17.609
E01002657,9.803,0.065,0.048,6.084,-0.928,0.321,27.564,17.427
E01002658,10.976,0.041,0.036,3.364,-0.685,0.752,34.039,16.556
E01002659,15.433,0.109,0.075,11.018,-0.588,0.177,35.529,16.331
E01002660,20.091,0.135,0.087,10.491,-0.315,0.629,37.348,24.065
E01002661,20.185,0.116,0.09,10.362,-0.189,0.607,39.694,23.295
E01002662,15.764,0.075,0.054,4.607,-0.74,0.85,38.782,26.831
E01002663,21.747,0.156,0.085,11.289,0.035,0.511,39.283,22.965
E01002664,33.96,0.216,0.135,8.084,0.544,1.15,46.307,35.086
E01002665,26.384,0.184,0.11,14.351,0.353,0.37,42.399,26.019
E01002666,18.349,0.133,0.086,13.147,-0.231,0.064,36.341,20.797
E01002667,20.871,0.161,0.122,8.347,0.262,0.216,29.65,17.991
E01002668,15.894,0.12,0.074,10.15,-0.17,0.372,29.672,17.321
E01002669,38.173,0.273,0.176,26.736,0.507,0.492,45.65,34.476
E01002670,15.262,0.105,0.067,7.59,-0.546,0.559,28.348,28.666
E01002671,18.032,0.13,0.105,10.811,-0.313,0.339,23.835,30.426
E01002672,25.951,0.204,0.125,14.562,0.166,0.268,33.057,34.518
E01002673,47.856,0.36,0.227,34.248,0.979,0.273,50.03,17.586
E01002674,15.985,0.082,0.047,2.382,-0.661,0.783,40.201,30.072
E01002675,13.098,0.099,0.056,4.217,-0.772,0.234,36.839,15.128
E01002676,16.056,0.075,0.05,1.389,-1.196,1.174,40.444,21.276
E01002677,22.689,0.123,0.106,8.856,0.102,0.979,28.967,37.282
E01002678,14.89,0.077,0.052,2.226,-0.904,0.035,47.816,24.549
E01002679,13.48,0.078,0.047,3.002,-0.671,-0.08,43.619,22.523
E01002680,16.47,0.085,0.067,3.69,-0.417,0.815,34.734,29.092
E01002681,25.537,0.187,0.121,13.602,0.232,0.755,33.429,23.676
E01002682,18.6,0.113,0.078,10.353,-0.177,0.715,32.871,26.517
E01002683,13.502,0.094,0.052,3.899,-0.459,0.175,26.56,39.268
E01002684,24.54,0.181,0.1,8.373,0.144,0.573,31.874,43.717
E01002686,36.353,0.25,0.172,27.222,0.62,0.537,48.227,15.589
E01002687,12.441,0.068,0.044,6.618,-0.7,0.686,26.612,30.541
E01002689,20.718,0.143,0.117,10.473,0.062,0.519,24.798,29.536
E01002690,10.537,0.058,0.052,2.148,-0.553,0.075,26.979,32.175
E01002691,12.626,0.111,0.057,3.461,-0.726,-0.677,34.168,25.807
E01002692,18.565,0.126,0.086,6.491,-0.396,-0.048,31.654,45.658
E01002693,17.6,0.107,0.063,3.487,-0.006,0.778,26.818,39.606
E01002694,53.267,0.386,0.232,29.529,1.16,1.192,36.853,44.102
E01002695,28.816,0.178,0.105,12.669,0.741,0.888,30.431,46.584
E01002696,25.872,0.13,0.084,16.257,0.0,1.041,25.136,63.67
E01002697,34.985,0.231,0.137,25.059,0.857,0.77,35.904,41.707
E01002698,21.844,0.148,0.097,14.741,0.443,0.106,27.78,36.591
E01002699,23.848,0.168,0.121,11.031,0.319,0.483,23.864,40.483
E01002700,17.597,0.081,0.066,4.284,-0.585,1.163,19.704,50.956
E01002701,33.405,0.236,0.132,19.163,0.571,0.408,37.387,51.93
E01002702,38.017,0.267,0.157,21.892,0.877,0.743,38.133,43.896
E01002703,42.227,0.32,0.175,22.961,0.82,0.621,40.082,48.346
E01002704,26.648,0.22,0.145,12.204,0.322,-0.39,32.452,35.729
E01002706,30.56,0.214,0.119,15.023,0.327,0.615,36.76,50.148
E01002707,27.996,0.197,0.115,17.792,0.326,0.516,31.475,46.169
E01002708,35.021,0.236,0.126,17.434,0.526,0.983,44.304,41.846
E01002709,38.805,0.288,0.17,24.589,0.828,0.841,36.691,35.394
E01002710,36.58,0.271,0.184,17.519,0.688,0.682,36.359,36.299
E01002711,27.899,0.173,0.116,8.89,0.442,0.063,32.945,62.267
E01002712,39.409,0.185,0.16,29.491,1.369,1.107,36.905,41.918
E01002713,48.379,0.328,0.227,27.427,1.039,1.421,37.912,30.814
E01002714,16.647,0.08,0.068,4.677,-0.456,0.831,25.214,45.981
E01002715,45.245,0.331,0.194,29.034,0.92,0.949,39.989,39.057
E01002716,36.011,0.279,0.168,16.505,0.98,0.687,31.361,35.065
E01002717,24.922,0.17,0.111,14.827,-0.067,1.212,21.489,37.071
E01002718,24.429,0.115,0.097,11.498,0.009,1.152,20.591,59.209
E01002719,22.606,0.125,0.083,16.091,-0.113,1.447,18.662,39.022
E01002720,45.296,0.353,0.217,24.178,0.888,0.885,36.774,33.31
E01002721,32.282,0.212,0.145,22.249,0.577,1.105,26.874,38.488
E01002722,40.865,0.28,0.194,21.248,0.89,1.34,30.181,37.601
E01002723,34.23,0.253,0.146,19.38,0.789,0.18,39.404,40.779
E01002724,15.907,0.067,0.042,12.693,-0.412,-0.116,26.501,61.71
E01002725,33.361,0.229,0.148,16.358,0.713,0.133,40.924,45.13
E01002726,28.903,0.211,0.157,13.623,0.26,0.21,29.386,47.266
E01002727,27.412,0.182,0.136,10.722,0.234,0.371,28.771,53.638
E01002728,27.932,0.143,0.097,8.506,0.785,1.054,32.365,48.086
E01002729,35.403,0.242,0.196,11.675,0.327,0.668,25.648,62.572
E01002730,36.177,0.21,0.141,6.87,0.819,1.759,29.18,51.587
E01002731,32.364,0.166,0.1,13.303,0.557,1.477,29.74,61.18
E01002732,56.881,0.387,0.271,18.548,1.475,1.454,38.559,36.959
E01002733,21.322,0.138,0.089,5.434,0.289,1.144,20.501,34.648
E01002734,63.963,0.433,0.265,27.554,0.953,1.713,46.564,59.359
E01002735,37.773,0.254,0.18,10.998,0.901,1.21,32.099,41.323
E01002736,49.589,0.356,0.255,29.97,1.151,0.853,37.608,28.05
E01002737,40.259,0.32,0.196,26.72,0.823,0.526,35.396,31.062
E01002738,29.304,0.183,0.125,10.346,0.339,1.364,24.972,45.4
E01002739,19.571,0.122,0.087,1.127,0.002,0.711,20.473,51.724
E01002740,20.242,0.097,0.069,1.437,-0.405,1.442,18.151,54.962
E01002741,41.544,0.322,0.204,16.235,0.941,1.084,33.567,29.412
E01002742,16.348,0.11,0.066,1.008,-0.325,0.962,16.914,42.789
E01002743,24.708,0.175,0.105,3.839,-0.055,0.943,27.218,49.499
E01002744,22.99,0.144,0.113,4.437,0.407,0.9,20.799,41.235
E01002745,19.232,0.137,0.101,2.935,0.111,0.682,18.948,37.827
E01002747,14.846,0.118,0.088,2.724,0.122,-0.552,22.051,32.15
E01002748,46.912,0.316,0.216,9.761,1.044,1.814,32.158,47.44
E01002749,29.092,0.21,0.137,9.072,0.701,0.86,26.176,38.212
E01002751,47.769,0.363,0.233,17.191,0.775,0.766,35.632,55.542
E01002752,27.342,0.222,0.142,8.529,0.34,0.71,25.529,35.585
E01002753,32.299,0.23,0.152,26.541,0.6,0.7,32.307,29.429
E01002754,22.632,0.147,0.103,4.184,0.069,1.31,23.546,31.456
E01002755,44.951,0.339,0.274,12.334,0.645,1.171,30.886,26.604
E01002756,29.934,0.202,0.158,6.122,0.536,1.232,20.555,40.505
E01002757,28.672,0.23,0.143,16.257,0.434,0.619,26.626,32.792
E01002758,49.45,0.353,0.22,25.453,1.123,1.159,37.487,42.178
E01002759,22.425,0.159,0.104,9.689,0.38,0.842,21.906,31.798
E01002760,47.739,0.339,0.238,33.651,1.076,0.982,35.7,28.157
E01002762,25.126,0.139,0.101,5.667,0.214,1.0,30.21,50.521
E01002763,39.149,0.221,0.149,14.633,1.096,1.751,30.105,48.603
E01002764,37.509,0.249,0.153,22.29,0.456,1.534,30.509,45.237
E01002765,38.848,0.26,0.169,21.874,1.096,0.725,41.2,34.864
E01002766,42.006,0.262,0.187,25.2,0.762,1.166,44.313,37.596
E01002767,40.981,0.269,0.181,17.721,0.731,1.211,41.768,42.226
E01002768,32.162,0.227,0.165,10.486,0.773,0.385,31.378,45.153
E01002769,20.213,0.107,0.073,2.875,0.19,0.965,29.423,41.817
E01002770,32.085,0.176,0.133,8.837,1.25,0.877,28.99,47.894
E01002771,28.129,0.217,0.135,13.534,0.254,0.816,30.602,31.659
E01002772,32.372,0.205,0.13,19.426,0.525,1.048,33.247,44.7
E01002773,59.522,0.37,0.285,30.832,1.398,1.732,40.725,34.203
E01002774,35.323,0.206,0.159,8.241,0.792,1.435,31.343,45.837
E01002775,24.151,0.152,0.105,8.01,0.509,1.023,20.632,41.205
E01002776,34.386,0.228,0.145,11.239,0.985,1.14,28.982,43.014
E01002777,31.522,0.202,0.121,6.792,0.787,1.205,23.618,55.08
E01002778,51.218,0.334,0.216,26.424,1.013,1.735,40.649,43.258
E01002779,22.428,0.141,0.088,8.198,-0.053,1.126,24.972,42.5
E01002780,31.286,0.217,0.153,11.782,0.733,1.016,23.902,40.093
E01002781,30.114,0.259,0.179,14.807,0.191,0.38,27.48,30.983
E01002782,47.078,0.343,0.229,25.632,0.747,1.196,38.893,33.03
E01002783,51.901,0.31,0.236,27.376,1.69,1.144,38.017,45.028
E01002784,40.162,0.306,0.196,20.149,0.883,0.848,37.472,28.139
E01002785,23.674,0.127,0.115,2.262,-0.328,0.959,26.702,57.077
E01002786,41.459,0.309,0.172,11.043,0.981,1.298,38.087,36.816
E01002787,38.422,0.238,0.176,16.016,0.914,1.037,39.183,42.139
E01002788,22.429,0.132,0.114,2.494,0.021,0.78,27.349,46.081
E01002789,15.857,0.093,0.075,1.247,-0.505,0.854,20.096,42.939
E01002790,47.327,0.317,0.226,26.128,0.941,1.51,29.479,44.339
E01002791,20.395,0.106,0.067,18.367,-0.132,1.17,19.163,43.589
E01002792,22.303,0.115,0.071,13.429,0.264,0.922,21.686,54.802
E01002793,41.649,0.289,0.185,14.683,0.71,1.789,26.598,47.358
E01002794,23.085,0.139,0.092,7.561,0.189,1.188,23.854,40.962
E01002795,31.394,0.206,0.141,18.007,0.429,1.219,26.249,40.592
E01002796,26.891,0.183,0.127,2.36,0.439,0.787,23.596,53.131
E01002797,38.641,0.25,0.161,22.052,0.786,1.444,28.043,46.279
E01002798,21.583,0.175,0.12,5.536,-0.082,0.721,17.4,37.948
E01002799,35.889,0.275,0.168,23.416,0.421,0.785,30.99,43.678
E01002800,52.596,0.342,0.257,39.931,0.705,1.388,39.144,39.946
E01002801,21.154,0.098,0.071,9.307,-0.345,1.143,18.529,61.861
E01002802,25.812,0.134,0.091,17.785,0.913,0.779,19.757,50.079
E01002803,27.138,0.193,0.106,16.924,0.257,0.962,25.33,44.113
E01002804,40.018,0.316,0.219,18.537,0.73,0.627,33.038,33.634
E01002805,28.435,0.186,0.125,15.255,0.219,1.091,27.272,42.895
E01002806,29.074,0.217,0.147,3.775,0.515,1.095,24.737,36.896
E01002807,41.611,0.305,0.201,16.387,1.176,0.822,32.562,40.378
E01002808,30.174,0.222,0.152,10.118,0.471,1.003,27.707,35.157
E01002809,35.934,0.242,0.181,12.973,1.01,0.762,32.642,39.667
E01002810,38.597,0.279,0.199,11.155,0.928,1.035,29.644,40.364
E01002811,38.812,0.297,0.202,11.451,0.832,0.963,28.233,42.02
E01002812,12.659,0.058,0.034,2.234,-1.505,-0.474,32.353,57.339
E01002813,10.474,0.05,0.032,1.793,-1.679,0.015,21.543,54.646
E01002814,27.114,0.213,0.133,4.244,-0.177,0.17,39.399,46.182
E01002815,20.19,0.121,0.073,2.051,-0.309,0.006,34.306,60.729
E01002816,13.823,0.03,0.036,0.651,-1.641,-0.183,29.652,74.696
E01002817,12.645,0.063,0.034,1.233,-1.914,0.166,24.612,59.697
E01002818,15.202,0.022,0.011,5.145,-2.912,0.183,32.846,74.174
E01002819,12.296,0.02,0.012,9.439,-2.257,-0.351,28.669,61.584
E01002820,10.14,0.035,0.021,1.404,-1.76,-0.28,28.663,51.713
E01002821,13.193,0.036,0.017,7.6,-1.867,0.479,24.898,60.331
E01002822,14.597,0.014,0.012,3.552,-2.409,0.642,24.094,74.97
E01002823,29.249,0.208,0.153,10.567,0.367,0.213,29.477,51.616
E01002824,11.206,0.028,0.023,1.385,-2.059,0.318,25.185,56.42
E01002825,11.299,0.043,0.035,0.609,-2.503,0.041,29.028,53.237
E01002826,14.538,0.058,0.032,1.675,-1.704,0.389,26.975,66.116
E01002827,13.713,0.035,0.029,0.014,-1.628,0.694,25.399,62.791
E01002828,15.111,0.081,0.075,2.403,-1.533,0.4,26.8,49.763
E01002829,34.287,0.24,0.172,5.87,0.245,0.933,33.777,54.821
E01002830,37.337,0.246,0.189,8.324,0.118,1.307,36.541,50.562
E01002831,38.094,0.239,0.188,9.344,0.342,1.322,34.458,54.705
E01002832,34.561,0.236,0.142,5.379,0.218,1.058,31.229,68.62
E01002833,22.604,0.088,0.066,3.604,-0.735,1.293,26.164,72.671
E01002834,16.826,0.071,0.041,0.609,-1.237,0.349,28.772,78.951
E01002835,11.284,0.038,0.032,0.09,-1.944,0.325,23.153,57.497
E01002836,12.841,0.036,0.03,3.054,-1.261,-0.024,26.801,64.786
E01002837,9.652,0.022,0.015,1.419,-2.467,-0.32,26.301,54.053
E01002838,12.536,0.018,0.012,6.899,-2.1,-0.336,34.565,57.834
E01002839,30.274,0.131,0.143,6.096,-0.104,0.578,39.057,79.95
E01002840,38.026,0.272,0.182,10.238,0.464,0.795,35.083,59.295
E01002841,26.793,0.171,0.137,4.403,0.45,0.619,28.515,47.946
E01002842,52.046,0.404,0.25,15.248,0.914,0.222,49.614,44.172
E01002843,40.324,0.296,0.226,12.248,0.536,0.329,39.228,49.417
E01002844,14.026,0.065,0.047,1.277,-1.288,0.415,28.348,55.086
E01002845,24.524,0.152,0.103,5.357,-0.525,0.374,29.124,71.397
E01002846,33.465,0.216,0.168,2.857,0.177,0.867,42.703,49.2
E01002847,26.913,0.102,0.089,2.136,-0.385,1.278,36.422,72.325
E01002848,33.976,0.18,0.143,6.947,0.14,0.28,46.631,78.144
E01002849,20.839,0.09,0.065,1.393,-0.73,0.992,28.745,67.637
E01002850,28.08,0.151,0.121,1.174,0.024,0.453,35.719,74.16
E01002851,41.263,0.271,0.204,3.36,0.526,0.684,44.781,64.038
E01002852,48.497,0.322,0.226,17.319,0.857,0.974,48.466,49.708
E01002853,54.633,0.372,0.257,29.947,0.881,1.215,47.319,37.196
E01002854,46.507,0.355,0.24,13.973,0.381,0.994,45.827,35.87
E01002855,48.386,0.347,0.247,12.107,1.085,0.916,45.263,32.903
E01002856,37.335,0.216,0.171,12.158,0.312,1.154,34.324,65.619
E01002857,56.861,0.416,0.293,22.487,0.708,0.952,49.633,33.03
E01002858,25.771,0.18,0.111,8.16,-0.416,-0.473,46.231,49.865
E01002859,10.893,0.019,0.009,3.857,-2.621,-0.494,25.535,62.485
E01002860,11.962,0.018,0.009,2.614,-2.868,0.204,24.975,63.387
E01002861,14.866,0.078,0.064,2.383,-1.386,0.199,25.019,58.519
E01002862,27.71,0.197,0.138,7.446,0.286,-0.322,41.481,42.924
E01002863,10.496,0.014,0.011,2.885,-3.247,0.119,29.114,50.412
E01002864,10.728,0.038,0.022,0.998,-2.561,0.732,25.015,43.079
E01002865,8.768,0.026,0.012,1.869,-2.446,0.23,22.168,45.643
E01002866,21.854,0.15,0.095,1.576,-0.667,0.489,36.119,49.927
E01002867,25.197,0.169,0.108,5.569,-0.346,0.213,35.101,61.395
E01002868,10.294,0.017,0.015,1.592,-2.727,0.281,29.394,46.708
E01002869,21.559,0.128,0.08,5.315,-0.782,0.482,33.923,60.012
E01002870,48.07,0.367,0.233,17.211,1.17,-0.006,47.56,37.057
E01002871,12.418,0.03,0.023,5.467,-2.795,0.497,24.668,58.297
E01002872,39.399,0.294,0.214,14.081,0.701,0.69,37.263,37.059
E01002873,22.704,0.123,0.102,4.673,-0.869,1.013,27.0,57.822
E01002874,21.526,0.126,0.088,2.478,-0.517,0.963,28.05,53.696
E01002875,16.28,0.063,0.048,1.454,-1.641,1.18,27.551,51.635
E01002876,23.026,0.154,0.113,4.312,-0.345,0.899,28.92,43.581
E01002877,42.348,0.328,0.202,16.322,0.517,0.787,43.792,40.482
E01002878,31.924,0.213,0.156,5.061,0.245,1.262,32.622,43.132
E01002879,42.103,0.34,0.187,8.398,0.553,1.005,45.393,35.938
E01002880,45.109,0.351,0.227,18.997,0.513,0.25,49.423,37.469
E01002881,39.737,0.326,0.217,17.433,0.45,0.339,38.366,36.501
E01002882,21.337,0.12,0.078,0.62,-0.787,0.839,28.311,64.13
E01002883,13.383,0.054,0.04,0.859,-1.404,0.495,26.683,57.211
E01002884,22.558,0.105,0.077,2.171,-0.494,1.203,36.805,50.366
E01002885,20.339,0.08,0.063,2.109,-0.793,0.426,34.273,84.316
E01002886,16.502,0.047,0.037,1.219,-1.456,1.087,24.946,65.622
E01002887,15.391,0.039,0.024,3.307,-2.321,0.59,26.924,75.156
E01002888,13.378,0.04,0.021,0.959,-1.963,0.006,29.601,67.045
E01002889,10.7,0.043,0.034,3.511,-1.648,-0.411,28.081,52.829
E01002890,8.755,0.014,0.012,1.112,-2.808,0.154,24.468,45.255
E01002891,11.592,0.026,0.017,3.23,-1.902,-0.343,27.752,62.625
E01002892,10.849,0.033,0.018,2.09,-2.174,-0.459,27.974,59.066
E01002893,22.903,0.159,0.104,6.368,-0.092,0.304,30.209,51.261
E01002894,25.387,0.13,0.123,4.881,0.07,0.685,26.488,62.523
E01002895,11.311,0.031,0.024,8.058,-1.967,0.49,23.408,49.904
E01002896,11.509,0.041,0.015,2.175,-1.852,0.558,22.427,54.371
E01002897,20.795,0.125,0.073,1.734,-0.418,0.677,25.878,63.918
E01002898,11.019,0.039,0.018,0.445,-2.409,0.153,23.266,59.274
E01002899,23.241,0.143,0.117,9.537,0.001,0.048,27.112,56.427
E01002900,9.751,0.021,0.014,1.927,-2.701,0.67,23.33,42.002
E01002901,15.311,0.082,0.03,5.697,-0.783,0.477,28.93,53.871
E01002902,12.446,0.066,0.046,3.447,-1.886,-0.402,26.092,58.221
E01002903,7.992,0.012,0.01,1.364,-2.952,0.221,20.596,43.375
E01002904,55.38,0.405,0.282,29.34,0.862,0.093,49.905,40.337
E01002905,47.643,0.319,0.219,17.697,0.715,1.553,38.226,50.624
E01002906,39.985,0.275,0.202,14.573,1.003,0.425,44.282,36.869
E01002907,52.031,0.38,0.29,25.211,1.042,0.276,40.924,36.324
E01002908,26.652,0.165,0.114,9.528,0.452,0.747,32.022,44.589
E01002909,29.644,0.178,0.155,5.914,0.429,0.819,29.237,51.726
E01002910,15.038,0.114,0.068,1.342,-0.811,0.093,27.399,44.357
E01002911,11.285,0.026,0.022,6.87,-1.987,0.625,19.688,52.806
E01002912,15.441,0.078,0.056,9.253,-0.428,0.073,25.25,53.953
E01002913,19.028,0.108,0.072,4.72,-0.515,0.786,25.885,53.951
E01002914,9.887,0.044,0.018,6.457,-1.916,-0.68,29.122,46.935
E01002915,9.498,0.064,0.059,5.411,-1.094,0.358,23.641,18.115
E01002916,6.233,0.046,0.055,3.146,-1.226,0.279,10.953,17.641
E01002917,3.781,0.037,0.042,1.942,-1.843,-0.172,12.385,13.712
E01002918,11.427,0.097,0.053,16.367,-0.972,-0.674,21.22,31.185
E01002919,15.952,0.126,0.069,7.872,-0.771,-0.202,36.261,29.967
E01002920,3.831,0.043,0.045,1.674,-1.581,-0.76,17.788,12.035
E01002921,16.391,0.098,0.081,7.714,-0.056,-0.208,22.911,47.44
E01002922,8.999,0.051,0.056,0.637,-0.909,-0.108,27.785,26.284
E01002923,29.768,0.248,0.167,20.896,0.314,-0.216,32.596,29.79
E01002924,3.006,0.03,0.035,0.869,-1.749,-0.601,15.05,13.846
E01002925,10.553,0.076,0.054,1.222,-0.566,-0.834,20.247,45.26
E01002926,6.244,0.044,0.036,3.051,-1.618,-0.787,27.233,21.453
E01002927,11.719,0.113,0.067,3.844,-1.046,-0.048,25.008,23.344
E01002928,15.113,0.105,0.072,6.929,-0.153,0.279,24.792,32.158
E01002929,8.253,0.039,0.052,0.726,-1.764,0.716,16.971,26.092
E01002930,12.762,0.096,0.055,5.821,-1.349,0.387,21.999,39.475
E01002931,10.269,0.074,0.048,1.634,-1.132,0.879,16.231,25.044
E01002932,28.651,0.236,0.166,20.418,0.464,-0.315,31.911,22.499
E01002933,16.816,0.145,0.093,5.766,0.186,-0.068,21.565,26.739
E01002934,3.758,0.044,0.038,0.7,-1.763,-0.36,14.621,14.228
E01002935,7.151,0.059,0.035,0.835,-1.367,-0.149,19.229,31.689
E01002937,4.28,0.035,0.036,1.119,-1.724,-0.419,9.563,27.496
E01002938,5.428,0.056,0.043,1.264,-1.531,-0.243,12.099,23.864
E01002939,12.374,0.107,0.087,16.568,-0.813,-0.128,15.652,16.9
E01002940,16.396,0.113,0.098,22.871,-0.557,-0.092,23.739,22.567
E01002941,10.623,0.081,0.07,9.483,-0.646,-0.376,20.985,24.055
E01002942,10.196,0.072,0.06,12.833,-0.855,0.649,10.652,16.034
E01002943,16.047,0.117,0.085,23.037,-0.212,-0.114,25.843,14.884
E01002944,11.513,0.084,0.06,23.152,-1.018,-0.308,26.654,10.96
E01002945,8.889,0.071,0.049,13.999,-1.117,-0.161,20.632,18.421
E01002946,10.208,0.067,0.054,11.394,-1.401,0.121,28.935,15.519
E01002947,5.235,0.048,0.038,12.653,-1.671,-0.27,10.064,14.613
E01002948,17.604,0.145,0.103,14.944,-0.613,0.476,26.35,13.377
E01002949,8.657,0.092,0.053,12.191,-1.049,-0.227,15.98,14.866
E01002950,18.424,0.166,0.093,23.49,-0.456,-0.597,31.17,15.331
E01002951,7.117,0.079,0.034,0.906,-1.961,-0.143,17.069,27.546
E01002952,5.331,0.028,0.026,0.552,-2.278,-0.286,28.199,14.896
E01002953,7.689,0.039,0.03,0.858,-1.213,-0.433,36.481,16.592
E01002954,11.236,0.139,0.055,1.018,-0.175,-0.757,21.26,21.299
E01002955,14.402,0.097,0.062,4.484,-0.916,0.313,37.162,24.394
E01002956,7.264,0.058,0.037,6.018,-2.004,-0.198,27.933,14.349
E01002957,16.702,0.175,0.073,17.218,-0.973,-0.337,31.849,17.176
E01002958,5.562,0.056,0.044,3.23,-1.413,-0.828,15.757,25.12
E01002959,2.602,0.023,0.021,0.253,-2.39,-0.647,17.034,12.361
E01002960,5.51,0.047,0.038,0.777,-1.427,-0.13,17.621,22.535
E01002961,5.348,0.078,0.052,1.894,-1.549,-0.769,13.663,13.989
E01002962,13.903,0.11,0.083,13.027,-0.849,-0.089,20.992,29.578
E01002963,9.931,0.094,0.058,1.138,-1.54,-0.919,24.181,34.741
E01002964,22.625,0.131,0.065,14.744,-0.319,1.393,26.424,42.725
E01002965,12.095,0.085,0.049,1.683,-1.487,-0.168,33.459,36.611
E01002966,11.449,0.085,0.059,5.766,-0.718,-0.26,21.988,37.371
E01002967,7.615,0.044,0.032,2.811,-1.763,-0.003,25.246,29.589
E01002968,14.361,0.066,0.053,4.228,-0.977,1.068,28.732,31.865
E01002969,39.327,0.31,0.198,33.088,0.392,0.21,38.886,34.783
E01002970,21.794,0.163,0.094,15.246,0.032,0.506,30.69,28.83
E01002971,12.658,0.093,0.059,11.934,-0.552,-0.114,21.58,34.597
E01002972,13.748,0.092,0.049,7.596,-0.911,0.053,22.267,51.285
E01002973,22.94,0.171,0.112,26.668,-0.324,0.527,28.273,24.153
E01002974,14.106,0.104,0.079,5.955,-1.085,0.427,23.435,31.896
E01002975,10.015,0.099,0.051,4.959,-1.693,0.081,24.109,21.404
E01002976,5.99,0.059,0.042,10.193,-1.708,-1.249,20.645,15.834
E01002977,19.529,0.185,0.112,18.512,-0.752,0.066,23.81,23.46
E01002978,5.373,0.048,0.051,3.814,-1.995,-0.185,13.821,18.964
E01002979,8.377,0.076,0.063,3.962,-1.466,-0.178,18.083,23.56
E01002980,7.036,0.052,0.051,7.387,-1.812,-0.05,21.226,16.387
E01002981,10.423,0.063,0.062,2.83,-1.237,-0.07,33.148,21.132
E01002982,14.492,0.115,0.085,5.59,-0.63,0.0,28.778,24.671
E01002983,6.35,0.057,0.039,2.214,-1.454,0.007,23.814,12.793
E01002984,14.216,0.11,0.092,3.769,-0.855,0.057,21.905,35.028
E01002985,10.306,0.099,0.053,5.886,-1.654,-0.271,23.959,28.197
E01002986,12.517,0.109,0.081,5.226,-0.631,-0.387,26.401,21.137
E01002987,21.507,0.133,0.119,2.516,0.416,-0.082,21.665,52.773
E01002988,8.175,0.047,0.033,6.545,-1.405,-0.371,24.918,33.934
E01002989,9.999,0.037,0.03,0.194,-1.608,0.384,12.417,57.745
E01002990,10.961,0.056,0.044,8.126,-1.101,-0.538,22.373,51.203
E01002991,7.695,0.039,0.035,0.459,-1.522,-0.041,25.631,32.636
E01002992,8.038,0.049,0.027,3.322,-1.335,-0.391,32.172,23.693
E01002993,9.156,0.062,0.035,2.651,-1.118,-0.382,20.036,45.524
E01002994,5.99,0.055,0.032,1.14,-0.982,-1.013,23.607,22.845
E01002995,6.066,0.039,0.034,1.959,-1.269,-0.888,24.857,26.904
E01002996,6.216,0.047,0.052,2.335,-0.878,-0.405,14.109,26.145
E01002997,6.27,0.048,0.053,1.228,-1.623,-0.496,14.144,31.904
E01002998,12.354,0.15,0.077,10.01,-1.148,-0.524,18.273,20.37
E01002999,11.832,0.098,0.058,8.57,-0.99,-0.104,22.41,33.583
E01003000,16.504,0.136,0.108,20.597,-0.595,0.145,22.348,10.845
E01003001,9.942,0.07,0.047,11.631,-1.207,0.446,18.936,22.958
E01003002,16.134,0.141,0.086,21.05,-0.932,-0.287,24.283,25.477
E01003003,12.57,0.107,0.053,9.014,-1.022,0.092,18.958,39.391
E01003004,10.533,0.067,0.055,12.265,-1.351,-0.083,24.504,28.842
E01003005,8.134,0.066,0.051,14.115,-1.011,-0.452,19.921,16.7
E01003006,6.803,0.07,0.069,1.434,-1.235,-0.683,19.673,13.068
E01003007,3.907,0.053,0.044,1.504,-1.685,-0.635,11.658,15.05
E01003008,2.667,0.029,0.031,0.96,-1.501,-0.704,9.93,16.67
E01003009,8.509,0.095,0.065,1.907,-1.407,-0.59,21.792,17.662
E01003010,3.648,0.041,0.043,0.412,-1.634,-0.516,13.02,16.231
E01003011,5.937,0.054,0.051,0.374,-1.756,-0.613,16.635,27.567
E01003013,16.023,0.035,0.018,0.393,0.035,0.329,23.954,79.096
E01003014,26.953,0.153,0.102,19.389,-0.143,1.1,30.072,49.816
E01003015,33.875,0.238,0.162,19.747,0.419,0.403,34.278,51.384
E01003016,19.882,0.102,0.073,7.609,0.18,0.106,36.297,46.071
E01003017,30.759,0.177,0.142,11.345,0.301,0.676,29.999,63.624
E01003018,19.693,0.119,0.079,9.012,-0.355,0.864,23.755,47.268
E01003019,19.501,0.118,0.081,7.584,0.077,1.014,22.498,35.532
E01003020,24.143,0.169,0.09,4.966,0.017,1.13,29.357,41.388
E01003021,42.32,0.257,0.17,24.084,1.304,1.151,41.608,35.257
E01003022,19.799,0.139,0.102,7.189,-0.011,0.786,23.503,29.752
E01003023,23.941,0.149,0.088,13.577,0.171,0.704,24.969,53.982
E01003024,37.595,0.275,0.17,12.924,0.217,1.355,38.843,38.765
E01003025,30.796,0.215,0.144,17.141,0.247,1.13,31.302,33.54
E01003026,16.878,0.079,0.044,4.847,-0.043,1.182,12.546,51.429
E01003027,11.537,0.03,0.022,0.201,-1.127,1.444,15.315,34.235
E01003028,20.905,0.128,0.092,16.083,0.175,0.832,19.81,36.634
E01003029,21.716,0.14,0.087,6.878,0.218,1.109,23.688,35.578
E01003030,15.622,0.063,0.04,1.074,-0.025,1.126,16.868,50.026
E01003031,22.885,0.181,0.11,17.471,0.061,0.14,24.395,39.626
E01003032,35.006,0.215,0.138,6.651,0.551,1.314,36.974,53.56
E01003033,14.885,0.091,0.063,3.979,-0.535,1.047,18.11,34.964
E01003034,22.237,0.161,0.096,9.855,0.183,0.695,25.344,38.576
E01003035,27.443,0.136,0.084,5.887,0.247,2.106,19.916,56.181
E01003036,27.419,0.164,0.124,17.81,0.227,1.164,21.0,45.071
E01003037,41.878,0.299,0.184,10.768,1.454,1.168,30.711,37.324
E01003038,15.38,0.07,0.05,1.068,-0.214,1.1,13.794,50.361
E01003039,12.156,0.058,0.039,3.477,-0.916,1.038,17.089,39.369
E01003040,20.593,0.116,0.081,7.572,0.02,1.099,19.772,45.762
E01003041,41.142,0.236,0.132,14.201,1.17,2.197,35.708,47.93
E01003042,31.984,0.192,0.159,7.574,0.972,1.099,28.613,36.723
E01003043,25.838,0.165,0.109,5.814,0.054,1.482,27.532,34.567
E01003044,41.673,0.302,0.228,20.1,0.513,0.446,46.98,30.729
E01003045,48.816,0.362,0.228,21.8,0.652,1.205,40.796,42.348
E01003046,41.78,0.302,0.206,21.382,0.298,0.503,49.207,41.305
E01003047,45.537,0.287,0.169,12.724,0.758,2.06,37.265,60.929
E01003048,48.616,0.365,0.236,22.243,0.619,0.899,42.128,44.709
E01003049,41.357,0.283,0.188,14.884,0.391,1.346,44.462,40.001
E01003050,33.147,0.184,0.111,10.225,0.424,2.03,26.527,56.445
E01003051,48.47,0.299,0.198,21.07,0.778,1.775,41.721,54.958
E01003052,49.848,0.344,0.214,23.93,0.598,1.678,42.786,43.815
E01003053,24.094,0.106,0.075,4.086,-0.076,2.053,18.219,55.317
E01003054,20.215,0.07,0.038,8.945,0.325,1.776,16.645,45.165
E01003055,38.172,0.207,0.146,9.725,1.004,2.055,27.757,52.66
E01003056,24.223,0.162,0.107,8.712,0.626,0.603,24.431,41.231
E01003057,38.663,0.25,0.195,11.869,0.972,1.362,33.071,31.816
E01003058,19.001,0.133,0.075,2.668,0.012,0.898,22.263,40.968
E01003059,40.576,0.248,0.164,22.044,0.697,1.009,38.892,60.303
E01003060,45.576,0.303,0.184,25.472,0.363,1.721,39.955,50.83
E01003061,41.14,0.205,0.149,18.323,0.22,2.144,34.852,78.748
E01003062,25.481,0.191,0.113,4.665,-0.141,1.205,25.991,40.596
E01003063,44.115,0.327,0.243,15.564,0.579,0.798,43.715,32.325
E01003064,12.507,0.097,0.065,3.597,-0.344,0.133,18.689,35.362
E01003065,44.705,0.347,0.232,19.041,0.907,0.856,38.899,24.259
E01003066,38.451,0.266,0.175,9.679,0.831,1.669,31.914,31.894
E01003067,20.247,0.141,0.098,8.236,-0.118,0.678,24.924,37.351
E01003068,33.804,0.255,0.153,13.026,0.37,1.251,31.886,35.501
E01003069,34.686,0.22,0.17,15.659,0.424,1.287,32.584,39.426
E01003070,46.937,0.364,0.244,18.79,1.022,0.618,39.778,29.614
E01003071,19.796,0.106,0.073,6.872,-0.038,1.187,20.362,44.095
E01003072,19.968,0.121,0.084,1.292,-0.274,1.207,25.74,37.781
E01003073,32.643,0.237,0.178,11.538,0.247,1.109,29.277,36.138
E01003074,26.718,0.132,0.113,7.125,-0.007,1.975,22.412,43.473
E01003075,47.391,0.325,0.239,28.948,0.744,1.113,40.78,35.38
E01003076,23.265,0.185,0.103,6.046,0.525,0.284,28.58,35.513
E01003077,26.539,0.161,0.101,9.573,0.439,1.049,25.734,49.756
E01003078,13.829,0.081,0.064,1.738,-0.4,0.988,17.258,32.915
E01003079,34.6,0.221,0.14,11.898,0.652,1.437,35.512,37.885
E01003080,20.435,0.156,0.094,5.365,-0.473,0.81,26.661,38.335
E01003081,32.58,0.219,0.154,10.074,0.445,1.242,33.168,36.719
E01003082,34.777,0.263,0.179,8.263,0.726,1.146,30.067,30.345
E01003083,21.171,0.14,0.114,4.808,0.209,0.539,29.675,30.016
E01003084,18.727,0.104,0.083,7.933,-0.387,1.083,22.12,38.803
E01003085,20.787,0.141,0.083,8.839,-0.475,1.13,26.701,35.997
E01003086,37.799,0.286,0.202,22.778,0.554,0.686,38.878,24.871
E01003087,54.046,0.376,0.237,30.705,1.846,0.738,40.502,31.387
E01003088,33.045,0.204,0.123,14.653,0.406,1.408,33.278,47.056
E01003089,35.489,0.26,0.135,19.001,0.111,1.062,40.031,47.757
E01003090,25.582,0.139,0.094,9.863,0.14,1.012,24.192,61.11
E01003091,31.232,0.217,0.12,19.299,0.116,0.933,32.762,51.658
E01003092,42.678,0.299,0.18,17.921,1.175,1.166,37.597,37.63
E01003093,37.407,0.3,0.153,15.587,0.153,1.004,43.719,38.184
E01003094,30.543,0.203,0.111,8.862,0.288,1.684,26.668,44.265
E01003095,22.082,0.104,0.071,2.02,-0.308,1.907,23.491,45.563
E01003096,27.31,0.123,0.087,10.572,0.521,1.491,20.241,58.826
E01003097,37.359,0.249,0.168,20.914,0.745,1.057,35.603,39.874
E01003098,25.161,0.187,0.093,11.06,0.05,0.838,28.621,46.361
E01003099,32.95,0.223,0.119,14.038,0.086,1.482,30.603,51.863
E01003100,15.758,0.064,0.05,4.549,0.097,0.563,20.268,55.349
E01003101,29.031,0.212,0.13,11.883,0.234,0.668,31.382,48.198
E01003102,29.32,0.141,0.125,5.266,0.179,1.626,30.419,49.419
E01003104,28.056,0.155,0.088,12.7,-0.016,1.043,28.938,68.621
E01003105,31.856,0.236,0.154,7.892,0.644,0.668,33.683,41.317
E01003106,26.063,0.183,0.116,4.684,0.082,0.849,28.48,49.714
E01003107,16.975,0.101,0.065,11.248,-0.293,0.283,21.216,52.468
E01003108,37.373,0.244,0.167,17.824,0.606,1.064,38.507,44.889
E01003109,33.113,0.216,0.127,6.073,0.337,1.1,35.682,59.375
E01003110,20.65,0.144,0.082,5.877,0.212,0.667,22.321,45.53
E01003111,37.554,0.274,0.19,23.485,0.67,0.192,41.332,36.232
E01003112,35.795,0.245,0.181,12.896,0.91,0.622,33.685,43.378
E01003113,28.442,0.179,0.106,16.302,0.277,1.097,27.373,49.891
E01003114,22.416,0.11,0.082,6.629,-0.468,1.313,31.172,46.018
E01003115,22.502,0.156,0.107,7.166,-0.153,0.896,29.241,34.997
E01003116,19.11,0.117,0.087,10.332,-0.108,0.654,32.589,26.192
E01003117,23.344,0.148,0.107,6.7,-0.242,0.986,26.878,46.508
E01003118,25.446,0.173,0.101,5.78,0.268,1.026,30.258,41.099
E01003119,24.727,0.123,0.102,3.693,0.167,1.194,29.049,49.683
E01003120,35.55,0.174,0.135,10.887,0.679,1.011,36.398,73.603
E01003121,35.773,0.278,0.174,17.561,0.469,0.656,37.89,36.871
E01003122,27.218,0.182,0.101,11.981,0.52,0.437,32.584,51.175
E01003123,23.161,0.132,0.088,4.284,-0.323,1.449,20.078,52.429
E01003124,35.036,0.222,0.105,13.378,0.47,1.141,36.118,66.12
E01003125,37.759,0.29,0.184,17.226,0.17,0.907,39.895,39.47
E01003126,35.614,0.249,0.167,16.325,0.368,1.067,34.756,44.679
E01003127,28.25,0.153,0.108,11.727,-0.285,1.281,31.718,57.182
E01003128,41.645,0.259,0.191,24.196,0.495,1.212,41.554,46.596
E01003129,24.533,0.151,0.09,7.924,-0.059,0.897,27.418,57.979
E01003130,21.108,0.154,0.088,5.104,-0.501,0.839,23.191,50.73
E01003131,20.82,0.091,0.078,4.012,-0.273,1.41,24.372,47.448
E01003132,37.819,0.288,0.193,14.023,0.652,0.963,35.723,32.872
E01003133,25.957,0.162,0.125,2.53,0.353,0.814,29.278,47.289
E01003134,21.419,0.148,0.104,7.329,-0.037,0.962,25.762,30.534
E01003135,30.691,0.22,0.136,12.006,0.48,0.795,27.784,50.64
E01003136,27.689,0.173,0.119,5.273,0.28,0.836,31.679,53.515
E01003137,36.416,0.232,0.145,15.284,0.313,1.405,37.954,48.829
E01003138,10.692,0.057,0.041,3.405,-0.444,0.563,17.014,37.662
E01003139,18.531,0.152,0.077,17.613,-0.762,0.352,26.823,34.709
E01003140,20.766,0.172,0.094,20.136,-0.278,0.034,29.233,30.425
E01003141,27.951,0.192,0.136,12.266,-0.087,0.817,31.975,44.74
E01003142,21.371,0.173,0.102,17.845,-0.333,0.47,26.381,30.345
E01003143,32.175,0.257,0.162,16.857,0.56,0.689,30.629,30.31
E01003144,20.826,0.111,0.086,2.536,-0.645,1.574,28.783,31.727
E01003145,27.392,0.158,0.1,12.311,0.261,1.272,30.376,44.424
E01003146,26.87,0.207,0.135,17.801,0.087,0.612,30.061,31.507
E01003147,23.591,0.168,0.13,10.148,-0.172,0.631,31.071,31.811
E01003148,22.467,0.161,0.113,8.19,-0.172,1.023,23.855,33.098
E01003149,15.365,0.124,0.073,2.725,-0.106,-0.108,30.241,28.916
E01003150,34.497,0.267,0.144,12.224,0.478,1.124,37.551,34.338
E01003151,41.007,0.332,0.176,20.975,0.57,0.806,41.043,37.606
E01003152,16.413,0.106,0.071,3.184,-0.538,0.643,24.847,43.435
E01003153,16.614,0.097,0.057,5.481,-0.314,0.873,21.871,46.027
E01003154,31.206,0.245,0.179,13.71,0.092,0.634,32.023,34.564
E01003155,19.805,0.111,0.083,5.006,-0.252,1.254,22.067,39.223
E01003156,19.581,0.135,0.102,3.439,0.3,0.526,18.519,40.157
E01003157,14.223,0.111,0.068,0.677,-0.472,0.824,14.039,34.641
E01003158,7.988,0.037,0.04,2.155,-0.485,0.178,8.429,39.429
E01003159,35.48,0.244,0.184,16.255,0.396,1.227,32.896,33.864
E01003160,38.172,0.286,0.161,25.552,0.186,0.588,40.464,52.392
E01003161,21.349,0.184,0.08,11.108,0.223,0.776,22.417,30.356
E01003162,35.238,0.258,0.155,26.609,0.205,0.708,37.365,44.146
E01003163,16.734,0.128,0.077,3.05,-0.663,0.793,23.445,35.776
E01003164,29.587,0.171,0.113,12.184,0.256,1.214,30.848,52.692
E01003165,22.541,0.189,0.111,7.597,-0.149,0.725,25.529,33.553
E01003166,21.664,0.141,0.091,9.315,-0.108,0.862,28.995,38.529
E01003167,13.651,0.071,0.072,1.208,-0.64,0.822,21.352,35.797
E01003168,37.823,0.285,0.198,22.258,0.53,0.632,34.475,38.763
E01003169,24.677,0.175,0.124,6.353,0.059,0.921,28.428,35.295
E01003170,11.745,0.084,0.056,0.884,-0.734,0.71,19.992,29.326
E01003171,28.209,0.192,0.121,10.091,0.166,1.112,25.358,49.382
E01003172,33.123,0.259,0.174,18.939,0.379,0.45,36.444,31.432
E01003173,18.196,0.102,0.075,3.04,-0.616,1.496,17.67,36.196
E01003174,38.417,0.328,0.177,21.795,0.223,0.735,39.032,33.053
E01003175,40.705,0.269,0.216,26.226,0.652,1.012,38.676,30.377
E01003176,42.353,0.303,0.158,16.511,0.103,1.779,39.182,52.943
E01003177,29.84,0.191,0.112,13.392,0.236,1.314,28.845,47.877
E01003178,22.906,0.131,0.098,3.361,-0.214,1.279,21.23,50.96
E01003179,40.506,0.3,0.19,24.973,0.384,0.822,45.732,31.607
E01003180,32.538,0.22,0.163,15.723,0.47,1.111,29.373,36.942
E01003181,39.845,0.268,0.174,15.456,0.809,1.464,31.962,43.925
E01003182,32.156,0.232,0.159,13.939,0.297,1.019,33.573,35.164
E01003183,37.383,0.256,0.182,12.692,0.78,1.041,34.498,41.762
E01003184,46.974,0.385,0.232,20.275,0.436,0.896,38.359,39.775
E01003185,31.526,0.207,0.125,14.307,0.831,1.013,27.791,45.188
E01003186,25.312,0.154,0.102,3.605,0.098,1.415,26.281,42.482
E01003187,42.059,0.291,0.205,15.577,0.511,1.375,39.995,38.044
E01003188,45.764,0.326,0.235,18.11,0.592,1.405,38.459,33.943
E01003189,38.953,0.294,0.197,36.964,0.687,0.582,31.135,30.783
E01003190,36.234,0.261,0.169,17.006,0.571,1.076,41.016,25.401
E01003191,35.615,0.267,0.177,36.78,0.131,0.649,35.309,30.256
E01003192,50.784,0.331,0.249,38.415,1.048,1.306,40.485,23.419
E01003193,29.901,0.21,0.158,18.933,0.218,0.937,30.887,28.051
E01003194,35.979,0.258,0.163,25.287,0.688,0.995,33.535,31.292
E01003195,19.194,0.155,0.101,9.681,-0.364,0.191,29.954,29.505
E01003196,40.721,0.259,0.186,38.72,0.698,1.353,28.669,37.154
E01003197,42.695,0.33,0.217,42.133,0.6,0.767,30.933,26.421
E01003198,20.902,0.157,0.112,13.909,0.276,0.158,23.433,29.816
E01003199,13.86,0.095,0.064,6.088,-0.546,0.768,20.475,29.296
E01003200,11.963,0.063,0.041,6.32,-0.633,0.529,22.379,39.873
E01003201,30.277,0.185,0.157,10.127,0.358,1.178,29.176,39.585
E01003202,7.489,0.047,0.027,0.871,-1.112,0.016,14.76,40.61
E01003203,25.265,0.193,0.112,10.451,0.354,0.239,28.707,45.191
E01003204,22.806,0.162,0.102,12.102,0.458,0.57,25.022,34.42
E01003205,43.785,0.337,0.208,31.386,0.606,0.859,42.095,24.304
E01003206,13.115,0.086,0.065,3.431,-0.698,0.217,25.308,38.062
E01003207,45.605,0.296,0.211,20.167,0.714,1.459,38.767,47.424
E01003209,30.364,0.196,0.122,8.743,0.489,0.888,43.232,35.749
E01003210,24.471,0.143,0.103,5.287,0.022,1.091,26.775,50.37
E01003211,24.33,0.158,0.11,9.914,0.031,0.743,23.914,52.3
E01003212,25.564,0.143,0.103,7.622,0.12,1.242,27.757,47.093
E01003213,21.915,0.137,0.094,6.461,0.109,1.143,27.989,29.36
E01003214,29.392,0.187,0.135,9.066,0.417,1.013,32.823,41.204
E01003215,27.452,0.123,0.069,19.129,-0.278,1.567,32.886,57.03
E01003216,24.417,0.158,0.136,10.856,0.248,0.584,28.812,33.383
E01003217,18.699,0.17,0.095,11.176,-0.174,0.053,20.545,35.608
E01003218,12.954,0.128,0.077,5.946,-0.343,-0.279,17.382,27.383
E01003219,15.9,0.135,0.109,8.946,-0.592,0.01,22.659,23.61
E01003220,25.815,0.194,0.133,10.876,0.279,0.487,27.201,39.265
E01003221,31.683,0.2,0.16,11.741,0.289,1.019,33.812,43.258
E01003222,19.875,0.165,0.107,12.992,-0.119,-0.106,24.758,34.286
E01003223,16.597,0.114,0.086,8.619,-0.373,0.689,25.152,24.887
E01003224,20.696,0.148,0.127,16.312,-0.063,-0.178,24.401,33.991
E01003225,10.581,0.088,0.069,4.867,-0.545,0.03,17.538,24.011
E01003226,16.614,0.126,0.087,8.801,-0.255,-0.017,22.284,39.22
E01003227,14.231,0.104,0.068,5.567,-0.241,0.395,18.505,36.088
E01003228,16.415,0.111,0.083,4.035,0.038,0.631,15.296,37.559
E01003229,36.999,0.27,0.2,22.732,0.614,0.841,33.557,28.392
E01003230,25.803,0.203,0.149,16.85,0.232,0.323,27.196,26.348
E01003231,24.822,0.158,0.117,10.869,0.297,0.696,27.276,43.101
E01003232,14.447,0.105,0.093,5.994,-0.277,0.399,19.387,24.09
E01003233,19.377,0.151,0.1,11.62,-0.049,0.388,21.42,34.148
E01003235,30.171,0.219,0.157,18.579,0.625,0.785,29.124,23.966
E01003236,39.755,0.27,0.198,32.425,0.559,0.986,30.886,42.386
E01003237,35.735,0.269,0.195,30.769,0.199,0.892,29.453,29.631
E01003238,36.571,0.282,0.191,31.05,0.422,0.892,28.687,28.13
E01003239,38.117,0.289,0.176,31.241,0.285,1.111,31.037,36.355
E01003240,39.899,0.292,0.179,23.896,0.609,1.45,31.086,32.507
E01003241,33.93,0.221,0.187,20.74,0.47,0.889,35.487,28.167
E01003243,41.985,0.29,0.178,32.432,0.6,1.388,33.009,41.028
E01003244,32.011,0.283,0.168,15.618,0.034,0.008,40.765,29.381
E01003245,47.511,0.356,0.2,24.018,0.806,1.202,44.999,33.09
E01003246,50.336,0.4,0.218,14.793,0.682,1.415,40.726,38.794
E01003247,21.319,0.118,0.075,6.864,0.093,0.861,28.412,48.718
E01003248,38.58,0.297,0.149,17.234,0.23,1.197,38.889,47.72
E01003249,24.568,0.227,0.129,6.272,0.263,-0.483,33.576,30.262
E01003250,32.762,0.238,0.139,10.964,0.453,1.026,35.773,41.326
E01003251,32.243,0.234,0.143,22.239,0.112,0.662,43.699,29.676
E01003252,48.493,0.391,0.242,24.009,0.322,1.062,41.096,29.909
E01003253,39.843,0.262,0.19,20.037,0.531,1.337,39.352,35.438
E01003254,14.342,0.076,0.063,3.527,-0.481,1.014,19.776,34.706
E01003255,21.824,0.136,0.09,6.813,-0.393,0.869,22.54,56.777
E01003256,35.626,0.218,0.173,15.335,0.581,1.42,33.245,35.517
E01003257,26.151,0.189,0.126,11.348,0.19,0.72,32.688,32.749
E01003258,37.607,0.302,0.186,19.198,0.524,0.755,43.128,18.102
E01003259,23.276,0.153,0.106,5.076,0.006,1.097,28.073,35.905
E01003260,20.358,0.121,0.125,9.095,-0.309,0.699,29.262,26.672
E01003261,16.784,0.129,0.104,3.423,-0.33,0.308,23.585,30.775
E01003262,17.968,0.108,0.092,11.455,-0.177,0.409,24.067,38.203
E01003263,32.059,0.241,0.158,17.533,0.944,0.588,27.803,29.563
E01003264,27.262,0.197,0.139,23.421,0.436,0.696,27.292,20.884
E01003265,35.723,0.256,0.174,24.28,0.443,0.788,36.732,35.097
E01003266,41.052,0.284,0.229,27.786,0.786,0.629,40.776,21.221
E01003267,35.11,0.255,0.202,28.266,0.407,0.599,34.965,22.162
E01003268,24.142,0.159,0.116,7.826,0.193,0.78,26.61,42.006
E01003269,29.286,0.214,0.146,22.996,0.216,0.714,34.897,22.194
E01003270,12.892,0.082,0.071,7.864,-0.477,0.336,22.362,28.442
E01003271,7.393,0.058,0.048,7.377,-1.044,-0.092,19.419,19.102
E01003272,16.9,0.123,0.083,2.929,-0.186,0.401,27.996,32.833
E01003273,16.709,0.109,0.061,17.81,-0.203,0.23,29.656,30.521
E01003274,18.463,0.147,0.096,6.628,-0.064,0.258,22.163,37.13
E01003275,32.347,0.267,0.165,18.939,0.709,0.322,32.491,25.226
E01003276,20.679,0.149,0.115,6.025,-0.312,0.946,24.72,27.878
E01003277,24.352,0.153,0.135,8.195,0.273,0.692,28.155,35.493
E01003278,23.323,0.172,0.103,9.57,0.029,0.907,24.883,37.958
E01003279,17.563,0.134,0.095,3.207,0.047,0.381,18.567,37.697
E01003280,28.675,0.201,0.155,22.849,0.361,0.253,32.807,29.622
E01003281,15.735,0.094,0.091,4.09,-0.105,0.712,22.486,25.369
E01003282,22.116,0.15,0.107,14.893,-0.265,0.722,26.111,37.976
E01003283,12.262,0.073,0.058,1.027,-0.518,0.235,19.982,45.231
E01003284,19.679,0.14,0.107,12.462,-0.289,0.62,20.291,36.074
E01003285,16.797,0.113,0.077,5.548,-0.483,0.955,20.939,34.533
E01003286,30.49,0.232,0.16,12.227,0.735,0.449,33.774,26.457
E01003287,12.873,0.082,0.082,2.227,0.079,0.273,15.376,28.208
E01003288,35.716,0.271,0.177,12.164,0.65,0.712,38.505,34.885
E01003290,43.032,0.3,0.218,14.507,1.454,0.603,35.295,37.393
E01003291,54.867,0.387,0.282,32.649,1.22,0.937,38.862,30.056
E01003292,20.578,0.14,0.099,9.939,0.068,0.716,22.109,36.885
E01003293,29.808,0.212,0.149,11.076,-0.089,1.057,30.864,42.596
E01003295,29.001,0.199,0.155,16.651,0.33,0.296,31.257,42.995
E01003296,30.303,0.172,0.093,11.942,0.353,1.363,33.357,54.247
E01003297,38.473,0.141,0.112,14.17,0.981,1.136,49.733,69.605
E01003298,38.408,0.286,0.175,11.958,0.335,0.997,48.472,30.974
E01003299,34.782,0.211,0.157,17.027,0.368,1.0,34.975,54.361
E01003300,41.148,0.299,0.198,23.294,0.756,0.951,41.858,26.654
E01003301,25.346,0.149,0.073,8.041,-0.415,1.207,40.329,47.189
E01003302,35.164,0.263,0.165,15.97,0.15,0.796,45.56,32.016
E01003303,44.022,0.26,0.158,12.888,1.039,2.224,40.481,48.292
E01003304,41.255,0.242,0.148,20.852,0.397,1.636,41.476,57.525
E01003305,39.149,0.255,0.172,20.064,0.862,0.901,39.472,45.31
E01003307,19.606,0.164,0.101,8.824,-0.391,0.565,23.965,32.306
E01003308,26.573,0.2,0.134,8.356,0.194,0.895,28.248,33.964
E01003309,35.451,0.276,0.16,25.435,0.356,1.028,34.755,28.548
E01003310,36.958,0.275,0.18,15.389,0.815,1.074,30.708,34.052
E01003311,15.449,0.104,0.092,4.477,-0.148,0.521,19.128,30.02
E01003312,20.37,0.147,0.104,12.363,-0.166,0.439,26.676,33.897
E01003313,42.612,0.311,0.192,26.198,0.591,1.221,38.287,35.573
E01003314,18.194,0.141,0.098,6.608,-0.141,0.434,21.906,33.979
E01003315,28.432,0.193,0.117,18.796,0.398,0.714,26.446,49.444
E01003316,18.035,0.119,0.074,5.463,-0.197,1.005,20.799,37.244
E01003317,24.806,0.127,0.113,11.291,-0.342,1.089,33.624,43.653
E01003318,52.062,0.281,0.243,18.131,1.034,1.419,39.999,73.181
E01003319,32.158,0.206,0.153,21.199,0.303,0.936,34.155,39.645
E01003320,37.142,0.276,0.172,23.994,0.575,1.007,34.126,33.91
E01003321,35.385,0.234,0.183,14.003,0.977,0.915,29.683,36.914
E01003322,25.24,0.173,0.135,9.342,0.239,0.282,27.938,45.659
E01003323,36.883,0.249,0.187,18.059,0.525,0.948,31.203,48.975
E01003324,38.275,0.232,0.136,17.004,0.386,1.761,36.877,52.752
E01003325,42.463,0.257,0.191,17.214,0.781,1.369,35.141,56.371
E01003326,24.325,0.198,0.117,12.077,0.407,0.335,25.243,34.569
E01003327,17.43,0.119,0.078,12.257,-0.304,0.55,24.849,34.154
E01003328,27.138,0.21,0.141,10.736,0.349,0.8,26.939,30.205
E01003329,23.824,0.183,0.101,10.29,0.071,1.069,24.734,31.822
E01003330,37.443,0.257,0.163,15.559,0.054,1.109,51.063,32.597
E01003331,29.992,0.216,0.167,14.302,0.429,0.935,30.924,21.477
E01003332,26.751,0.196,0.136,14.662,0.083,0.606,37.151,23.591
E01003333,22.715,0.162,0.12,17.237,-0.15,0.2,26.555,39.856
E01003334,36.314,0.241,0.183,16.866,0.99,0.974,30.223,35.653
E01003335,37.354,0.308,0.209,22.285,0.487,0.56,31.268,28.807
E01003336,40.2,0.33,0.217,14.345,0.727,0.628,36.404,28.436
E01003337,37.453,0.283,0.203,36.461,0.542,0.268,36.96,21.404
E01003338,40.583,0.287,0.192,21.971,0.749,0.863,40.143,38.256
E01003339,29.393,0.207,0.141,10.273,0.472,0.803,30.918,39.888
E01003340,18.574,0.104,0.074,3.843,-0.348,0.786,28.642,46.158
E01003341,19.835,0.125,0.099,2.663,-0.123,0.596,22.451,49.655
E01003342,18.923,0.175,0.083,4.283,-0.216,0.587,24.109,32.683
E01003343,24.5,0.18,0.134,4.597,-0.031,0.595,28.555,41.457
E01003344,22.133,0.16,0.114,9.044,0.135,0.183,26.638,41.9
E01003345,17.901,0.131,0.076,6.923,0.053,0.581,25.663,31.397
E01003346,38.083,0.258,0.162,30.847,-0.005,1.512,37.618,33.655
E01003347,47.301,0.386,0.237,29.224,0.601,1.141,34.474,20.106
E01003348,28.942,0.215,0.151,16.983,0.095,0.998,30.001,25.764
E01003349,38.054,0.281,0.178,40.999,0.707,0.162,38.904,26.738
E01003350,40.826,0.3,0.198,33.621,0.559,1.2,33.472,24.679
E01003351,38.762,0.304,0.201,30.848,0.258,0.758,31.459,37.435
E01003352,32.551,0.244,0.175,25.864,0.087,0.714,34.53,27.147
E01003353,21.762,0.157,0.115,15.633,-0.057,0.691,22.955,29.695
E01003354,23.484,0.173,0.128,7.51,0.023,0.563,32.371,28.202
E01003355,8.979,0.054,0.029,1.097,-1.015,0.151,13.925,47.28
E01003356,7.038,0.064,0.045,0.768,-0.802,-0.518,13.099,33.238
E01003357,25.852,0.254,0.131,17.701,0.281,0.048,23.498,26.256
E01003358,6.347,0.046,0.023,2.059,-1.333,0.156,12.11,31.939
E01003359,19.969,0.151,0.073,8.118,0.307,0.62,16.682,45.838
E01003360,8.214,0.04,0.039,1.508,-0.85,0.476,12.67,36.601
E01003361,10.16,0.096,0.065,5.273,-0.848,-0.118,14.677,28.289
E01003362,5.671,0.057,0.05,3.174,-0.826,-0.466,13.554,17.958
E01003363,7.209,0.059,0.053,8.472,-0.967,0.184,12.269,15.413
E01003364,5.208,0.045,0.05,2.934,-0.889,-0.828,20.151,14.035
E01003365,6.248,0.06,0.039,4.761,-1.263,0.229,13.681,15.957
E01003366,14.69,0.116,0.083,15.766,-0.309,0.095,15.252,27.676
E01003367,15.011,0.066,0.039,2.952,-0.792,0.573,20.502,64.495
E01003368,17.589,0.12,0.085,10.022,-0.449,0.466,28.266,33.006
E01003369,13.669,0.095,0.061,8.626,-0.239,0.201,15.194,41.786
E01003370,13.012,0.098,0.052,7.178,-0.632,0.601,17.674,35.451
E01003371,12.06,0.085,0.065,8.845,-0.78,0.473,16.351,29.873
E01003372,28.212,0.215,0.14,18.813,0.318,0.811,26.302,30.156
E01003373,36.419,0.312,0.193,39.123,0.676,0.306,25.366,15.661
E01003374,33.654,0.276,0.188,21.571,0.294,0.525,26.514,37.264
E01003375,16.856,0.107,0.082,16.703,-0.231,0.352,26.818,25.592
E01003376,25.681,0.21,0.139,28.082,0.298,0.365,20.296,21.416
E01003377,34.583,0.284,0.192,32.584,0.36,0.361,32.827,16.663
E01003378,17.015,0.15,0.1,16.486,-0.435,0.028,18.367,26.667
E01003379,32.804,0.252,0.143,25.11,0.626,0.449,33.129,36.531
E01003380,6.052,0.048,0.03,0.63,-1.41,-0.246,18.471,29.577
E01003381,8.016,0.043,0.034,4.363,-0.93,-0.721,17.339,45.784
E01003382,7.393,0.052,0.033,2.244,-1.386,-0.723,20.122,40.278
E01003383,6.057,0.023,0.023,0.275,-1.532,0.425,14.035,28.989
E01003384,6.698,0.05,0.043,0.762,-1.365,0.278,12.617,27.939
E01003385,3.604,0.029,0.027,0.066,-1.843,-0.468,11.898,23.955
E01003386,16.447,0.142,0.083,14.837,-0.954,0.454,24.726,22.343
E01003387,33.401,0.237,0.174,27.404,0.331,1.067,28.052,27.131
E01003388,27.512,0.226,0.128,18.993,0.191,1.098,19.425,28.653
E01003389,24.275,0.167,0.116,14.063,-0.038,1.03,24.638,33.379
E01003390,34.215,0.268,0.164,27.975,0.537,0.658,32.804,27.052
E01003391,32.928,0.281,0.191,22.552,0.256,0.327,34.899,16.449
E01003392,17.563,0.1,0.067,10.503,-0.777,1.364,16.812,36.102
E01003393,15.5,0.101,0.075,15.553,-0.415,0.291,22.433,33.367
E01003394,16.543,0.132,0.088,13.682,-0.609,0.576,20.829,24.665
E01003395,13.681,0.115,0.075,10.098,-0.71,0.76,16.454,16.247
E01003396,12.898,0.107,0.062,7.727,-1.269,0.61,17.064,31.661
E01003397,15.495,0.132,0.097,7.077,-0.717,0.524,17.778,25.822
E01003398,16.776,0.13,0.084,11.495,-0.43,0.916,18.603,20.552
E01003399,8.678,0.057,0.054,0.921,-0.797,-1.095,29.576,27.213
E01003400,7.317,0.043,0.036,0.848,-1.271,0.431,14.118,32.231
E01003401,4.887,0.039,0.02,0.218,-1.205,-0.594,15.395,29.961
E01003402,4.778,0.04,0.033,0.53,-1.594,-0.773,13.392,31.791
E01003403,6.403,0.034,0.021,2.794,-1.211,-0.549,21.843,33.686
E01003404,9.344,0.067,0.034,7.077,-0.893,-1.179,28.791,32.007
E01003405,28.831,0.214,0.13,22.244,0.294,1.25,22.532,25.098
E01003406,26.998,0.234,0.123,22.193,0.037,0.701,30.608,19.734
E01003407,13.13,0.086,0.056,6.396,-0.47,0.175,26.157,35.628
E01003408,12.152,0.093,0.063,6.567,-0.42,-0.206,22.904,31.856
E01003409,25.245,0.197,0.124,22.936,-0.187,0.814,22.868,30.818
E01003410,23.865,0.205,0.127,25.134,-0.083,0.108,24.444,26.447
E01003411,20.392,0.178,0.103,17.693,-0.381,0.691,18.729,25.689
E01003412,24.24,0.172,0.124,23.733,-0.126,0.983,23.802,20.348
E01003413,17.451,0.136,0.098,13.69,-0.747,0.763,18.371,25.391
E01003414,18.253,0.148,0.1,11.622,-0.755,1.063,16.219,20.267
E01003415,20.541,0.149,0.114,13.602,0.194,0.862,15.602,21.126
E01003416,16.456,0.109,0.09,13.111,-0.624,1.062,16.991,18.598
E01003417,8.998,0.071,0.058,13.746,-0.631,-0.043,15.291,15.583
E01003418,6.793,0.051,0.048,17.34,-0.905,-0.391,12.961,13.505
E01003419,11.37,0.091,0.067,16.864,-0.792,-0.114,17.289,22.313
E01003420,10.305,0.086,0.045,15.224,-0.508,0.079,15.686,21.882
E01003421,9.906,0.087,0.081,7.516,-0.487,-0.25,15.662,13.924
E01003422,10.235,0.079,0.067,13.461,-0.373,0.018,12.226,17.169
E01003423,6.29,0.049,0.046,0.976,-1.039,-0.437,16.31,29.476
E01003424,3.575,0.032,0.025,0.221,-1.525,-0.099,10.529,18.413
E01003425,3.781,0.031,0.032,0.756,-1.501,-0.008,13.519,14.57
E01003426,10.8,0.074,0.052,1.98,-1.321,1.007,12.96,26.932
E01003427,14.137,0.106,0.07,7.166,-0.62,0.042,22.667,39.109
E01003428,8.485,0.084,0.045,0.924,-0.93,0.147,17.044,25.452
E01003429,16.054,0.14,0.096,12.79,-0.508,0.591,17.268,16.701
E01003430,30.916,0.274,0.173,15.577,-0.038,0.681,35.816,15.414
E01003431,31.353,0.265,0.166,24.559,0.021,0.448,36.33,20.207
E01003432,39.852,0.333,0.203,29.821,0.11,1.066,31.723,25.115
E01003433,19.493,0.155,0.106,14.486,-0.455,0.948,18.153,21.035
E01003434,14.198,0.104,0.081,12.331,-1.002,0.845,15.431,20.518
E01003435,21.189,0.151,0.114,14.384,-0.697,1.313,15.074,24.557
E01003436,24.243,0.186,0.124,23.886,-0.116,0.57,23.758,30.161
E01003437,15.784,0.107,0.077,11.376,-0.228,0.556,19.099,32.001
E01003438,28.708,0.228,0.158,27.429,0.231,0.548,19.068,32.633
E01003439,28.328,0.181,0.113,22.354,0.258,0.807,25.262,51.587
E01003440,23.905,0.212,0.119,18.107,-0.02,0.541,21.643,29.681
E01003441,23.164,0.198,0.134,19.286,0.093,0.238,22.552,22.524
E01003442,6.047,0.034,0.023,0.359,-1.056,-1.1,29.954,21.518
E01003443,3.659,0.029,0.032,0.183,-1.853,-0.191,9.047,22.181
E01003444,7.168,0.047,0.033,1.224,-1.192,0.179,12.73,36.441
E01003445,8.811,0.069,0.047,2.529,-1.316,0.419,21.703,21.702
E01003446,10.7,0.071,0.057,1.983,-0.554,-0.282,19.407,42.813
E01003447,24.33,0.171,0.123,13.09,0.177,0.232,38.09,24.979
E01003448,25.615,0.19,0.123,23.367,0.111,0.228,22.446,45.265
E01003449,15.528,0.133,0.083,13.819,-0.604,0.199,20.797,27.108
E01003450,25.663,0.194,0.131,26.085,0.081,0.376,21.13,37.482
E01003451,12.286,0.076,0.061,14.154,-0.756,0.325,26.151,20.557
E01003452,25.993,0.202,0.153,19.48,0.286,-0.023,26.282,30.522
E01003453,24.139,0.172,0.122,21.927,0.266,0.513,19.939,35.169
E01003454,4.07,0.038,0.041,0.208,-0.938,-0.478,13.398,17.589
E01003455,10.629,0.077,0.052,12.291,-0.56,-0.002,14.36,32.807
E01003456,13.034,0.084,0.082,1.273,-0.985,0.57,15.619,38.43
E01003457,5.755,0.025,0.024,2.171,-0.93,0.083,9.801,32.097
E01003458,6.323,0.052,0.032,2.338,-1.322,-0.115,12.741,32.443
E01003459,16.375,0.174,0.088,8.121,0.16,0.09,14.803,17.889
E01003460,9.763,0.078,0.046,1.684,-1.439,0.186,26.933,25.248
E01003461,4.735,0.015,0.019,1.177,-1.965,-0.584,13.655,35.262
E01003462,5.999,0.042,0.032,2.766,-1.994,-0.901,31.718,13.776
E01003463,2.687,0.025,0.011,0.585,-2.084,-0.693,15.612,15.189
E01003464,5.145,0.032,0.04,0.563,-1.629,-0.393,24.473,16.437
E01003465,4.506,0.009,0.009,0.149,-2.199,0.18,18.739,17.319
E01003466,5.778,0.058,0.057,1.03,-0.956,-0.187,12.621,15.657
E01003467,7.062,0.072,0.06,2.334,-0.755,-0.136,13.783,14.815
E01003468,3.761,0.039,0.043,2.587,-1.483,-0.497,10.296,17.193
E01003469,15.826,0.137,0.08,9.461,-0.662,0.37,26.119,23.658
E01003470,8.56,0.082,0.053,3.375,-1.359,-0.013,16.425,27.596
E01003471,9.724,0.09,0.055,2.791,-0.55,0.068,20.211,21.087
E01003472,3.097,0.026,0.026,0.099,-1.344,-0.428,7.065,21.168
E01003473,5.924,0.027,0.033,0.349,-0.824,0.145,11.056,30.499
E01003474,5.152,0.02,0.014,0.006,-2.138,0.445,14.782,21.149
E01003475,13.716,0.127,0.059,3.174,-0.923,0.188,23.072,38.32
E01003476,11.255,0.101,0.068,4.289,-0.949,0.205,18.648,26.938
E01003477,7.696,0.07,0.053,0.581,-0.632,0.06,13.656,22.636
E01003478,5.829,0.054,0.042,1.2,-1.123,-0.571,10.339,32.066
E01003479,34.002,0.189,0.135,18.151,-0.034,1.404,50.076,27.958
E01003480,21.358,0.149,0.09,18.31,-0.225,0.221,41.303,19.388
E01003481,31.576,0.202,0.124,21.782,0.577,0.216,53.107,20.25
E01003482,25.494,0.165,0.092,10.984,0.218,0.77,44.987,24.431
E01003483,40.178,0.285,0.194,32.141,0.71,0.684,44.29,21.305
E01003484,21.19,0.152,0.083,12.137,0.082,0.391,37.22,25.937
E01003485,27.592,0.174,0.104,16.055,0.159,1.196,39.282,23.955
E01003486,57.072,0.412,0.258,26.67,1.341,1.333,44.308,22.17
E01003487,44.846,0.332,0.232,29.331,1.109,0.371,41.581,20.362
E01003488,49.601,0.354,0.227,32.485,0.684,1.342,45.848,23.337
E01003489,38.517,0.279,0.15,30.334,0.541,0.798,48.452,25.355
E01003490,35.535,0.236,0.136,26.009,-0.001,1.282,44.926,31.556
E01003491,30.862,0.208,0.106,18.78,-0.168,1.099,44.22,38.351
E01003492,26.567,0.164,0.091,18.21,-0.36,1.112,38.981,38.163
E01003493,29.337,0.18,0.112,21.404,0.036,1.063,41.243,31.627
E01003494,24.638,0.156,0.088,19.877,-0.398,1.174,32.235,35.559
E01003495,20.38,0.135,0.081,15.222,-0.436,0.93,29.211,31.332
E01003496,32.694,0.215,0.167,16.731,0.28,0.915,43.329,23.371
E01003497,40.114,0.278,0.183,31.619,0.83,1.105,36.579,25.568
E01003498,36.236,0.253,0.169,23.365,0.338,1.02,43.343,24.849
E01003499,44.326,0.293,0.19,26.966,0.627,1.227,48.195,35.015
E01003500,40.838,0.26,0.174,22.719,1.036,1.221,41.168,31.447
E01003501,39.712,0.294,0.185,28.034,0.33,1.03,41.653,28.702
E01003502,41.562,0.288,0.15,25.595,0.482,1.458,42.936,40.408
E01003503,56.389,0.358,0.272,25.08,0.88,1.96,45.417,35.485
E01003506,43.464,0.306,0.21,25.164,0.993,0.881,42.438,27.206
E01003507,35.71,0.223,0.155,22.315,0.584,1.122,36.118,41.756
E01003508,41.585,0.274,0.151,27.939,0.42,1.574,44.357,37.298
E01003509,39.572,0.261,0.16,27.075,0.315,0.847,39.359,60.569
E01003511,45.214,0.332,0.182,32.203,0.784,1.129,47.122,22.517
E01003512,41.75,0.26,0.187,29.731,0.651,1.778,34.801,30.479
E01003513,24.81,0.14,0.088,15.085,-0.394,1.212,42.989,24.227
E01003514,43.816,0.26,0.201,26.629,1.159,1.562,40.009,20.73
E01003515,53.416,0.367,0.216,26.115,1.128,2.069,43.603,28.645
E01003516,45.982,0.328,0.206,30.121,0.713,1.251,43.478,28.415
E01003517,50.894,0.364,0.203,23.667,1.32,1.899,36.462,27.159
E01003518,24.167,0.157,0.094,15.334,-0.134,0.958,39.168,23.809
E01003519,33.298,0.19,0.137,25.243,0.577,1.196,38.233,30.345
E01003520,30.616,0.179,0.082,19.845,-0.026,1.67,44.762,28.724
E01003521,33.546,0.129,0.077,22.788,-0.092,1.637,48.017,59.155
E01003522,31.085,0.194,0.12,19.878,0.154,0.772,43.94,41.577
E01003523,35.207,0.231,0.147,21.69,0.453,0.998,42.828,35.591
E01003524,33.082,0.202,0.113,28.805,-0.056,0.877,44.897,46.884
E01003525,31.647,0.181,0.079,20.351,-0.337,1.44,45.674,48.48
E01003526,31.536,0.188,0.124,20.936,0.329,0.698,45.586,38.458
E01003527,25.413,0.137,0.096,17.21,-0.267,1.395,31.509,36.969
E01003528,35.293,0.269,0.151,21.804,0.541,0.599,47.117,20.701
E01003529,25.301,0.163,0.086,18.268,-0.041,0.454,44.839,34.499
E01003530,23.645,0.17,0.093,15.49,-0.089,0.409,40.843,28.732
E01003531,31.263,0.203,0.109,15.132,-0.072,1.27,44.639,36.112
E01003532,28.621,0.176,0.099,15.808,-0.023,1.096,38.727,44.207
E01003533,29.783,0.211,0.123,18.31,0.141,0.612,41.012,37.633
E01003534,30.328,0.2,0.122,21.085,-0.009,0.532,44.596,40.605
E01003535,48.924,0.327,0.213,42.281,0.96,0.896,48.195,29.499
E01003536,30.968,0.218,0.11,24.314,0.103,1.114,35.239,38.659
E01003537,26.991,0.181,0.105,17.443,-0.074,1.109,32.722,37.013
E01003538,35.946,0.262,0.153,24.7,0.432,0.747,42.667,34.193
E01003539,29.311,0.212,0.113,21.838,0.13,0.907,36.152,34.128
E01003540,42.199,0.252,0.169,30.928,0.911,1.14,45.99,36.572
E01003541,26.324,0.192,0.102,21.211,-0.146,0.454,41.426,31.086
E01003542,40.136,0.272,0.181,30.9,0.581,0.973,42.095,33.266
E01003543,23.055,0.169,0.109,12.043,-0.277,0.73,35.857,24.846
E01003544,33.422,0.206,0.124,24.568,0.268,1.267,38.742,38.128
E01003545,35.52,0.219,0.147,24.531,0.532,1.371,39.875,26.758
E01003546,34.465,0.241,0.149,18.25,0.241,1.214,42.916,25.648
E01003547,20.815,0.133,0.114,9.976,-0.081,0.785,28.735,24.401
E01003548,29.288,0.172,0.1,20.952,0.207,1.34,37.699,31.154
E01003549,31.068,0.166,0.113,16.378,0.459,1.407,41.49,29.324
E01003550,29.268,0.211,0.13,18.783,0.432,0.451,38.447,30.846
E01003551,35.372,0.212,0.141,18.127,0.925,0.889,45.09,32.958
E01003552,30.888,0.218,0.139,16.542,0.209,0.666,40.611,36.653
E01003553,38.949,0.261,0.166,15.316,0.613,1.235,44.254,36.87
E01003554,23.998,0.151,0.102,12.215,-0.06,0.822,33.237,38.922
E01003555,27.477,0.165,0.108,15.415,-0.018,1.241,35.77,35.095
E01003556,42.069,0.21,0.142,25.685,0.624,1.733,46.465,51.989
E01003557,40.081,0.228,0.167,16.622,0.43,1.595,48.142,37.995
E01003558,42.439,0.245,0.178,24.522,0.938,1.158,46.37,40.455
E01003559,23.597,0.138,0.085,11.222,0.03,0.93,36.055,38.595
E01003560,26.598,0.174,0.116,22.342,-0.186,0.456,43.48,27.696
E01003561,25.59,0.158,0.094,19.574,-0.109,0.666,44.35,29.261
E01003562,28.256,0.177,0.114,18.628,-0.203,0.877,45.283,29.445
E01003563,29.242,0.194,0.116,26.618,-0.082,0.66,44.476,28.56
E01003564,31.601,0.202,0.126,19.932,0.149,1.053,45.532,27.049
E01003565,28.174,0.183,0.093,18.368,0.209,0.554,45.399,37.748
E01003566,35.608,0.206,0.127,25.072,0.302,1.168,47.378,39.147
E01003567,32.586,0.25,0.13,23.514,0.15,0.492,45.965,30.093
E01003568,26.189,0.189,0.101,17.461,0.037,0.657,40.03,29.158
E01003569,32.241,0.197,0.099,19.461,0.021,1.276,48.105,35.265
E01003570,32.66,0.23,0.131,24.692,0.12,0.514,45.939,36.157
E01003571,29.559,0.207,0.122,20.956,0.143,0.396,45.96,28.645
E01003572,30.491,0.223,0.138,19.963,0.263,0.385,41.196,32.846
E01003573,26.314,0.178,0.102,21.534,0.169,0.385,42.91,25.802
E01003574,29.044,0.194,0.11,17.576,0.056,0.627,42.485,42.207
E01003575,32.083,0.228,0.129,28.073,0.092,1.0,39.942,26.146
E01003576,43.204,0.266,0.19,22.55,0.661,1.385,48.174,33.533
E01003577,53.806,0.389,0.24,24.832,0.917,1.152,52.432,26.872
E01003578,34.496,0.21,0.107,27.335,0.186,1.197,46.567,39.247
E01003579,31.545,0.21,0.129,28.981,-0.064,0.754,40.778,37.842
E01003580,37.747,0.249,0.16,26.966,-0.09,1.222,44.528,39.099
E01003581,32.217,0.202,0.117,25.118,-0.029,1.047,45.187,35.658
E01003582,35.626,0.25,0.155,28.611,0.168,0.902,42.677,32.327
E01003583,31.101,0.202,0.122,20.446,0.414,0.719,41.711,36.752
E01003584,30.102,0.2,0.137,14.471,0.119,1.223,35.579,30.442
E01003585,32.167,0.237,0.129,30.234,0.224,0.476,43.279,28.154
E01003586,29.711,0.193,0.123,23.932,-0.107,0.683,41.492,38.432
E01003587,30.961,0.22,0.119,16.036,0.269,0.738,45.762,31.352
E01003588,29.616,0.212,0.117,20.059,0.099,0.364,46.626,31.472
E01003589,27.8,0.216,0.103,18.314,0.095,0.537,42.447,28.512
E01003590,48.171,0.307,0.199,23.945,1.074,1.615,46.11,32.107
E01003591,37.424,0.24,0.142,25.697,0.397,0.716,48.372,46.228
E01003592,32.614,0.204,0.117,21.167,0.306,1.392,39.117,32.533
E01003593,35.722,0.28,0.19,18.017,0.598,0.131,43.625,23.688
E01003594,35.58,0.243,0.163,18.478,0.564,0.889,41.077,35.407
E01003595,36.894,0.254,0.15,20.266,0.793,0.956,42.288,32.826
E01003596,29.798,0.202,0.111,16.764,0.378,0.942,40.082,32.515
E01003597,27.29,0.179,0.121,17.442,-0.046,0.897,40.826,24.09
E01003598,38.189,0.307,0.183,19.395,0.352,0.424,45.042,33.336
E01003599,35.538,0.244,0.139,23.059,0.3,1.104,46.02,28.484
E01003600,39.845,0.287,0.174,27.026,0.419,1.145,43.261,28.671
E01003601,39.597,0.281,0.179,25.954,0.589,1.258,35.118,34.263
E01003602,26.909,0.171,0.109,19.883,0.266,0.625,38.522,33.067
E01003603,27.808,0.211,0.11,22.284,0.12,0.556,35.198,36.105
E01003604,35.035,0.234,0.138,26.543,0.452,1.095,37.597,37.772
E01003605,30.296,0.222,0.122,24.815,0.09,0.448,42.358,33.73
E01003606,32.704,0.195,0.116,27.758,0.181,1.3,36.426,41.295
E01003607,36.504,0.25,0.145,16.794,0.463,1.122,43.761,38.817
E01003608,24.984,0.139,0.091,12.591,-0.234,1.088,34.091,47.53
E01003609,28.967,0.242,0.135,12.989,0.386,0.358,38.211,25.269
E01003611,38.675,0.327,0.194,20.405,0.372,0.027,46.182,26.225
E01003615,28.821,0.201,0.116,15.93,0.22,0.898,37.331,35.122
E01003616,32.489,0.192,0.123,15.186,0.364,1.514,37.8,36.083
E01003617,32.021,0.168,0.102,12.277,0.251,1.471,40.611,50.362
E01003618,27.669,0.151,0.08,9.844,-0.368,1.501,33.714,57.063
E01003619,40.998,0.25,0.157,12.494,0.641,1.346,48.685,47.978
E01003621,24.92,0.161,0.082,26.06,0.14,0.365,39.724,33.01
E01003622,38.486,0.209,0.165,31.223,0.284,1.335,44.972,37.086
E01003623,39.653,0.284,0.165,31.036,0.692,0.884,43.305,28.974
E01003624,35.951,0.271,0.164,25.703,0.343,0.866,37.729,33.174
E01003625,32.788,0.179,0.121,22.86,0.163,1.105,49.518,31.527
E01003626,24.528,0.145,0.093,14.484,0.025,0.884,41.195,27.596
E01003627,27.679,0.204,0.102,25.505,0.017,0.626,38.752,30.281
E01003628,22.838,0.15,0.084,13.082,-0.072,0.7,40.105,28.752
E01003629,30.77,0.203,0.102,21.266,0.248,0.737,44.869,39.296
E01003630,33.594,0.241,0.133,20.14,0.23,0.954,43.944,32.247
E01003631,31.183,0.223,0.122,15.434,0.468,0.439,35.667,52.703
E01003632,24.082,0.172,0.111,19.564,-0.21,0.402,34.391,33.188
E01003633,44.12,0.324,0.231,27.377,0.706,0.486,46.589,24.433
E01003634,36.888,0.276,0.172,23.395,0.516,0.76,44.718,20.721
E01003635,27.444,0.149,0.113,13.465,-0.123,1.586,32.712,34.307
E01003636,38.794,0.289,0.154,20.873,0.285,1.285,45.131,29.173
E01003637,26.816,0.179,0.104,12.462,0.143,1.045,35.2,35.88
E01003638,18.517,0.149,0.114,13.169,-0.411,0.484,26.701,12.716
E01003639,26.868,0.191,0.129,17.976,-0.161,0.948,35.511,23.371
E01003640,19.921,0.114,0.089,10.197,-0.948,1.293,32.994,18.785
E01003641,14.984,0.124,0.081,7.56,-0.804,0.613,23.842,21.22
E01003642,20.325,0.174,0.118,10.43,-0.211,0.415,28.351,16.789
E01003643,13.457,0.1,0.076,8.389,-0.37,0.25,25.041,19.294
E01003644,14.261,0.118,0.084,7.983,-0.645,0.264,28.453,13.395
E01003645,22.835,0.135,0.074,11.928,0.296,0.193,30.676,57.501
E01003646,15.362,0.125,0.077,5.914,-0.601,0.426,28.82,23.218
E01003647,14.193,0.091,0.065,5.367,-0.833,0.858,29.405,18.89
E01003648,7.774,0.071,0.066,7.376,-0.99,-0.19,15.811,13.933
E01003649,10.325,0.099,0.067,5.066,-0.598,-0.266,23.113,15.327
E01003650,17.427,0.159,0.099,7.647,-0.209,0.484,23.484,15.713
E01003651,13.757,0.114,0.076,2.704,-0.866,0.373,30.474,17.241
E01003652,10.477,0.117,0.074,4.737,-1.142,-0.228,22.507,12.611
E01003653,15.064,0.1,0.071,8.212,-0.635,0.614,28.202,25.967
E01003654,21.837,0.155,0.107,9.596,0.01,1.191,23.574,19.55
E01003655,11.265,0.085,0.067,6.878,-0.663,0.567,19.094,16.899
E01003656,30.07,0.206,0.165,26.183,0.204,0.868,31.986,19.03
E01003657,14.437,0.106,0.097,15.857,-1.019,0.201,23.79,16.019
E01003658,26.301,0.223,0.145,23.505,0.195,0.339,26.844,17.645
E01003659,12.686,0.085,0.071,9.527,-0.699,0.54,20.84,23.512
E01003660,8.484,0.06,0.05,10.204,-0.828,-0.186,25.652,12.833
E01003661,22.087,0.181,0.123,10.624,-0.198,1.062,21.277,17.17
E01003662,23.933,0.156,0.123,10.484,-0.143,1.034,26.239,34.856
E01003663,19.355,0.151,0.092,10.976,0.037,0.693,26.728,18.675
E01003664,17.741,0.158,0.1,10.929,-0.446,0.545,24.218,16.065
E01003665,14.087,0.118,0.075,13.563,-0.742,0.666,20.419,12.792
E01003666,24.59,0.217,0.128,12.836,-0.221,0.407,30.645,28.825
E01003668,9.939,0.076,0.054,1.632,-0.336,-0.061,20.688,28.536
E01003669,8.483,0.035,0.045,1.141,-0.91,0.695,20.764,23.528
E01003670,10.841,0.077,0.069,3.532,-0.666,-0.105,28.157,20.075
E01003671,3.669,0.035,0.038,1.675,-1.317,-0.146,12.629,12.786
E01003672,21.441,0.176,0.101,9.007,0.29,0.385,24.928,31.45
E01003673,12.428,0.048,0.044,4.831,-0.953,0.555,28.175,42.595
E01003674,10.65,0.069,0.042,2.357,0.163,-0.084,24.566,24.432
E01003675,12.712,0.096,0.064,4.27,-0.715,0.555,25.139,22.353
E01003676,13.966,0.123,0.097,4.218,-0.778,0.387,22.481,15.761
E01003677,11.198,0.1,0.07,5.922,-0.674,-0.1,25.28,15.237
E01003678,10.82,0.087,0.057,3.046,-0.503,0.277,26.67,14.974
E01003679,11.011,0.084,0.071,5.494,-0.609,0.171,25.65,12.891
E01003680,8.258,0.058,0.06,7.954,-1.165,0.231,20.226,13.6
E01003681,17.732,0.157,0.081,7.698,-0.185,0.27,31.456,20.211
E01003682,11.044,0.09,0.063,4.535,-0.975,0.565,22.608,15.679
E01003683,24.085,0.212,0.113,20.675,-0.614,0.423,34.763,22.419
E01003684,21.59,0.198,0.111,14.11,-0.588,0.404,30.559,22.581
E01003685,26.639,0.221,0.117,15.524,-0.238,0.926,33.43,26.406
E01003686,30.962,0.214,0.146,19.06,-0.586,1.354,35.254,32.316
E01003688,28.204,0.183,0.113,22.846,0.177,0.852,39.498,26.593
E01003689,39.607,0.236,0.14,19.532,0.552,1.873,39.43,46.364
E01003690,22.559,0.149,0.076,7.571,-0.349,1.545,29.823,27.963
E01003691,19.074,0.166,0.095,11.907,0.077,0.255,25.185,22.422
E01003692,18.489,0.164,0.093,7.601,-0.656,0.863,24.891,20.348
E01003693,15.594,0.117,0.084,9.341,-0.548,0.644,23.42,21.615
E01003694,17.235,0.123,0.082,7.921,-0.584,0.866,24.916,27.783
E01003695,25.726,0.188,0.151,8.849,-0.045,0.366,29.911,40.543
E01003696,12.097,0.121,0.06,3.604,-0.381,-0.243,28.556,15.907
E01003697,18.148,0.153,0.092,5.615,-0.425,0.431,30.457,24.764
E01003698,16.105,0.101,0.069,20.629,-0.555,0.837,20.088,24.48
E01003699,14.799,0.103,0.07,19.327,-0.571,0.592,26.21,10.732
E01003700,21.341,0.15,0.11,16.733,0.117,0.598,23.858,26.449
E01003701,19.73,0.123,0.086,12.907,-0.55,1.2,23.405,29.543
E01003702,22.361,0.155,0.114,15.231,0.069,0.619,29.42,24.809
E01003703,17.96,0.127,0.085,16.629,-0.566,0.298,37.749,12.172
E01003704,22.6,0.18,0.126,12.97,0.149,0.712,23.61,19.256
E01003705,17.092,0.134,0.084,13.629,-0.715,0.865,23.856,17.359
E01003706,18.917,0.188,0.098,13.344,-0.19,0.44,23.707,12.147
E01003707,15.504,0.132,0.095,9.663,-0.519,0.608,20.06,14.83
E01003708,33.823,0.302,0.201,20.638,0.286,0.612,28.271,16.341
E01003709,11.639,0.115,0.063,13.29,-1.02,0.317,19.214,12.823
E01003710,10.704,0.089,0.074,11.201,-0.721,0.059,18.658,14.02
E01003711,17.01,0.135,0.083,9.568,-0.246,0.733,25.264,16.7
E01003712,38.927,0.327,0.238,21.081,0.359,0.508,32.923,20.267
E01003713,21.0,0.185,0.117,12.292,-0.275,0.451,28.376,18.092
E01003714,23.448,0.19,0.124,14.431,-0.274,0.721,28.831,23.267
E01003715,24.481,0.192,0.113,13.479,-0.312,0.96,31.869,24.945
E01003716,27.26,0.199,0.13,15.41,-0.036,1.205,26.819,28.641
E01003718,22.5,0.164,0.094,9.9,-0.261,0.639,29.68,44.286
E01003719,26.967,0.193,0.122,13.315,-0.255,1.31,28.862,31.29
E01003720,32.236,0.248,0.202,26.793,0.657,0.086,26.469,20.591
E01003721,22.535,0.166,0.13,18.884,0.177,0.315,29.749,13.373
E01003722,26.424,0.209,0.157,25.831,-0.066,0.436,30.261,12.933
E01003723,31.127,0.22,0.178,38.216,0.35,0.356,27.451,22.196
E01003724,21.353,0.146,0.101,17.579,-0.163,0.806,33.177,13.624
E01003725,27.311,0.205,0.148,28.769,0.328,0.342,28.042,19.592
E01003726,36.656,0.284,0.207,30.433,0.6,0.085,39.326,14.64
E01003727,31.742,0.22,0.194,35.764,0.281,0.641,25.075,20.035
E01003728,31.484,0.201,0.1,13.645,-0.384,1.144,48.637,45.2
E01003729,36.304,0.266,0.136,25.495,0.003,1.025,44.09,40.57
E01003730,31.35,0.242,0.147,29.02,-0.384,0.895,36.498,26.813
E01003731,34.859,0.275,0.165,20.842,0.028,1.174,36.19,26.536
E01003732,43.477,0.314,0.184,23.313,1.041,0.6,54.565,19.485
E01003733,28.86,0.22,0.121,18.984,-0.303,0.996,37.038,31.405
E01003734,30.356,0.235,0.133,18.542,0.26,1.089,33.908,22.576
E01003735,43.847,0.368,0.213,27.469,0.456,0.502,46.612,16.632
E01003736,27.934,0.223,0.129,19.677,-0.395,0.892,35.351,26.407
E01003737,18.745,0.151,0.094,8.2,-0.286,0.807,27.315,17.823
E01003738,16.377,0.143,0.088,12.158,-0.936,0.431,29.831,12.513
E01003739,21.988,0.18,0.116,10.632,-0.434,0.826,31.5,16.026
E01003740,23.048,0.144,0.12,14.923,-0.527,1.289,29.165,16.602
E01003741,20.062,0.165,0.097,11.147,-0.592,0.609,31.89,22.936
E01003742,18.238,0.165,0.085,16.952,-0.847,0.432,28.135,20.498
E01003743,25.358,0.194,0.118,20.001,-0.055,0.942,28.752,22.176
E01003744,9.624,0.054,0.062,5.896,-0.84,0.327,26.381,14.607
E01003745,5.136,0.032,0.028,2.36,-1.471,-0.124,24.446,13.175
E01003746,4.152,0.033,0.04,2.415,-1.548,-0.297,16.941,14.475
E01003747,4.588,0.034,0.041,2.343,-1.051,-0.326,20.408,11.6
E01003748,6.376,0.034,0.049,3.403,-0.961,0.143,20.944,14.848
E01003749,8.044,0.068,0.055,1.675,-0.971,0.079,18.038,22.989
E01003750,14.622,0.109,0.073,4.44,-0.289,0.46,27.211,22.586
E01003751,19.486,0.143,0.099,11.046,-0.186,0.688,30.349,17.531
E01003752,14.337,0.108,0.072,3.873,-0.547,0.294,34.237,16.001
E01003753,17.341,0.143,0.074,7.189,-0.841,0.209,31.529,37.017
E01003754,15.03,0.125,0.075,6.095,-0.187,0.285,26.648,20.704
E01003755,14.012,0.13,0.076,10.088,-1.086,0.275,27.491,14.613
E01003756,17.476,0.154,0.109,9.534,-0.809,0.255,27.479,19.342
E01003757,23.195,0.184,0.12,13.219,-0.613,0.741,32.34,24.93
E01003758,26.732,0.242,0.138,13.9,-0.206,0.496,36.378,18.643
E01003759,6.719,0.047,0.041,2.856,-1.021,0.187,18.125,22.012
E01003760,19.804,0.115,0.079,12.69,-0.478,0.886,36.535,25.304
E01003761,45.0,0.327,0.208,34.02,0.5,0.23,55.228,32.092
E01003762,16.023,0.091,0.069,8.87,-0.423,0.244,35.587,30.689
E01003763,12.341,0.078,0.055,6.866,-0.958,0.588,29.024,21.764
E01003764,15.026,0.086,0.067,7.169,-0.65,0.571,22.639,43.343
E01003765,9.415,0.065,0.041,5.051,-0.663,0.16,18.921,32.868
E01003766,22.217,0.187,0.11,20.612,-0.264,0.396,28.366,23.077
E01003767,26.568,0.183,0.114,20.322,-0.107,0.773,34.1,35.775
E01003768,35.089,0.243,0.16,16.813,0.312,1.058,38.304,40.778
E01003769,28.305,0.185,0.114,14.126,-0.111,0.974,38.688,40.954
E01003770,21.857,0.156,0.099,9.129,-0.071,0.888,37.304,12.927
E01003771,23.354,0.172,0.123,14.141,-0.418,0.898,33.588,15.876
E01003772,17.909,0.164,0.121,9.335,-0.627,0.051,25.66,18.444
E01003773,20.941,0.144,0.098,5.784,-0.277,1.35,24.24,22.686
E01003774,10.041,0.069,0.058,2.925,-0.665,0.132,20.555,30.444
E01003775,8.284,0.057,0.038,3.037,-1.087,0.513,22.947,17.908
E01003776,25.53,0.226,0.129,12.194,0.29,0.421,30.864,20.66
E01003777,10.463,0.06,0.038,1.448,-0.558,0.618,18.017,36.673
E01003778,12.471,0.076,0.043,9.249,-0.274,0.305,20.195,38.341
E01003779,17.738,0.131,0.103,5.761,0.089,0.141,22.477,31.967
E01003780,4.737,0.034,0.036,1.898,-1.601,-0.324,21.527,16.185
E01003781,21.779,0.169,0.106,8.558,-0.214,0.825,29.602,26.17
E01003782,24.493,0.175,0.109,13.395,-0.48,0.912,33.585,34.664
E01003783,42.311,0.249,0.189,10.781,0.492,1.651,47.926,42.065
E01003784,23.001,0.176,0.135,9.876,-0.369,0.633,30.291,26.217
E01003785,32.211,0.2,0.149,11.563,-0.24,1.295,44.065,34.097
E01003786,15.711,0.132,0.107,3.992,-0.482,0.015,30.161,14.273
E01003787,19.042,0.166,0.107,7.065,-0.133,0.055,26.949,27.865
E01003788,27.815,0.174,0.126,13.286,0.108,0.731,35.182,45.286
E01003789,11.454,0.053,0.052,2.288,-0.946,0.538,25.954,36.905
E01003790,19.351,0.12,0.1,5.814,0.09,0.927,26.12,22.91
E01003791,17.467,0.062,0.046,3.254,-0.68,1.771,31.397,27.979
E01003792,15.626,0.066,0.069,1.621,-0.716,1.603,19.611,26.878
E01003793,26.454,0.185,0.127,15.097,0.144,0.64,32.969,34.777
E01003794,11.804,0.087,0.077,8.997,-0.745,0.013,23.395,21.102
E01003795,9.5,0.04,0.057,2.531,-0.918,0.727,22.395,20.926
E01003796,11.703,0.07,0.06,3.193,-0.95,0.783,25.726,20.179
E01003797,5.339,0.032,0.028,0.472,-2.089,0.067,13.991,29.409
E01003798,10.104,0.086,0.071,2.912,-1.006,0.168,17.173,24.88
E01003799,7.835,0.032,0.031,0.351,-2.448,0.449,14.708,41.039
E01003800,12.467,0.115,0.066,4.597,-1.14,0.321,21.746,27.463
E01003801,5.843,0.027,0.019,0.258,-1.991,0.084,14.969,34.398
E01003802,5.798,0.023,0.018,2.354,-2.739,-0.076,17.192,33.393
E01003803,25.769,0.188,0.162,23.939,0.153,0.305,23.702,24.696
E01003804,6.2,0.047,0.039,0.84,-1.731,-0.284,16.581,32.511
E01003805,2.62,0.012,0.016,0.032,-2.784,-0.389,13.029,15.36
E01003806,8.089,0.015,0.024,0.516,-2.682,0.84,21.771,26.09
E01003807,8.832,0.078,0.05,2.164,-1.151,-0.317,16.138,37.188
E01003808,7.14,0.062,0.046,2.006,-1.07,0.012,12.111,28.905
E01003809,5.684,0.028,0.026,0.363,-2.548,0.216,15.814,28.93
E01003810,7.025,0.068,0.053,0.818,-1.198,-0.093,17.003,21.171
E01003811,5.145,0.046,0.029,1.534,-1.284,-0.265,12.321,27.8
E01003812,8.836,0.072,0.058,1.585,-0.943,-0.102,20.002,27.997
E01003813,4.71,0.023,0.049,0.281,-1.59,-0.114,15.297,20.082
E01003814,10.428,0.09,0.058,0.384,-0.821,-0.05,22.17,31.102
E01003815,11.145,0.098,0.06,3.36,-1.067,0.065,17.913,36.458
E01003816,12.122,0.064,0.065,4.62,-1.682,0.015,37.837,22.837
E01003817,11.831,0.077,0.062,4.863,-1.506,0.624,22.364,30.071
E01003818,9.392,0.094,0.064,3.568,-1.498,0.058,21.288,17.088
E01003819,28.003,0.208,0.165,18.427,0.1,0.206,34.133,28.16
E01003820,13.559,0.12,0.091,12.686,-0.854,-0.173,23.277,16.233
E01003821,6.41,0.035,0.022,0.146,-1.755,-0.77,20.404,40.724
E01003822,3.664,0.019,0.025,0.226,-2.337,0.093,12.41,17.024
E01003823,9.397,0.037,0.032,1.448,-2.326,0.412,29.765,32.489
E01003824,5.692,0.055,0.045,0.581,-1.597,0.267,11.364,17.97
E01003825,4.581,0.044,0.037,1.419,-2.207,0.166,12.189,15.619
E01003826,23.153,0.17,0.13,19.998,0.275,0.433,22.918,23.391
E01003827,10.613,0.089,0.072,3.497,-1.257,0.269,15.677,28.265
E01003828,6.495,0.041,0.052,1.902,-2.197,0.288,20.492,15.778
E01003829,27.569,0.194,0.149,18.713,0.392,0.367,36.441,19.495
E01003830,9.976,0.071,0.066,1.089,-1.466,0.184,26.831,21.348
E01003831,12.804,0.096,0.062,7.172,-1.089,0.598,28.072,17.53
E01003832,35.735,0.271,0.23,23.755,0.583,-0.076,37.653,13.916
E01003833,17.995,0.152,0.1,10.353,-0.605,0.369,31.273,15.722
E01003834,11.371,0.071,0.063,1.165,-0.928,0.603,20.563,32.1
E01003835,4.977,0.034,0.033,0.215,-1.654,0.304,14.269,18.743
E01003836,14.268,0.098,0.103,8.215,-0.725,0.482,21.903,17.082
E01003837,7.724,0.059,0.051,0.378,-1.289,0.215,24.427,16.209
E01003838,7.16,0.053,0.045,0.725,-1.928,-0.05,18.784,31.261
E01003839,13.836,0.123,0.082,4.125,-0.735,-0.034,22.399,31.874
E01003840,16.139,0.133,0.075,9.936,-0.933,0.534,27.694,26.182
E01003841,28.416,0.213,0.141,26.885,-0.043,0.651,33.738,23.254
E01003842,18.479,0.153,0.103,17.469,-0.653,0.37,21.371,27.395
E01003843,16.378,0.153,0.107,13.748,-0.866,-0.549,26.692,20.171
E01003844,7.948,0.058,0.06,2.798,-1.463,0.292,14.321,24.995
E01003845,8.602,0.054,0.056,8.11,-1.157,0.133,20.121,23.135
E01003846,4.054,0.024,0.019,0.067,-2.558,0.141,12.87,19.618
E01003847,7.031,0.047,0.027,0.821,-1.816,0.19,18.033,33.149
E01003848,11.741,0.08,0.056,5.692,-1.053,0.297,18.286,41.23
E01003849,7.303,0.053,0.054,1.474,-1.501,0.116,16.309,27.341
E01003851,5.044,0.018,0.017,0.147,-2.527,0.147,15.915,26.391
E01003852,14.698,0.077,0.048,1.804,-1.518,1.184,22.643,42.054
E01003853,13.17,0.095,0.089,4.657,-1.007,0.484,20.421,25.829
E01003854,11.246,0.072,0.056,8.913,-1.375,0.633,14.863,33.5
E01003855,19.483,0.176,0.116,8.716,-0.667,0.488,25.45,22.874
E01003856,8.537,0.079,0.047,2.404,-1.28,0.274,12.103,29.934
E01003857,7.141,0.055,0.042,2.469,-1.181,0.225,15.958,25.272
E01003858,4.392,0.022,0.027,0.141,-2.084,0.114,13.18,22.469
E01003859,5.227,0.045,0.036,0.264,-1.937,-0.277,15.366,27.369
E01003860,8.318,0.046,0.045,0.288,-2.05,0.2,18.104,39.843
E01003861,10.324,0.078,0.039,7.806,-0.977,-0.094,23.731,33.686
E01003862,16.758,0.127,0.098,5.159,-0.842,0.372,23.017,37.855
E01003863,17.537,0.135,0.108,4.574,-0.713,0.269,19.479,43.226
E01003864,7.578,0.051,0.055,0.276,-1.84,-0.073,18.818,32.167
E01003865,11.719,0.087,0.075,6.566,-0.856,-0.076,23.058,27.734
E01003866,3.733,0.017,0.012,0.365,-1.821,-0.462,8.828,29.329
E01003867,9.46,0.062,0.062,2.683,-1.44,0.289,20.522,29.067
E01003868,7.01,0.039,0.039,0.06,-1.626,-0.425,13.153,45.717
E01003869,5.351,0.027,0.032,0.35,-1.794,0.104,15.335,27.608
E01003870,7.915,0.049,0.04,0.325,-2.194,-0.08,19.489,40.517
E01003871,4.66,0.049,0.035,1.352,-1.779,-0.436,12.922,24.259
E01003872,8.355,0.045,0.047,0.423,-2.029,0.344,17.844,37.088
E01003873,8.685,0.049,0.035,0.285,-1.93,0.44,17.329,40.212
E01003874,6.432,0.04,0.039,1.583,-1.231,-0.646,15.942,38.53
E01003875,7.573,0.064,0.049,0.545,-1.904,0.317,14.72,26.79
E01003876,10.128,0.029,0.023,0.08,-2.118,0.315,22.027,53.794
E01003877,5.533,0.036,0.033,0.385,-1.945,-0.069,18.074,27.37
E01003878,19.507,0.172,0.129,12.057,-0.199,0.121,24.031,16.91
E01003879,5.109,0.024,0.017,1.43,-2.296,0.079,17.341,25.048
E01003880,5.973,0.035,0.034,0.399,-1.99,0.219,14.758,29.581
E01003881,5.383,0.025,0.024,0.802,-2.133,-0.607,27.013,22.159
E01003882,6.729,0.042,0.047,0.16,-1.666,-0.132,15.761,35.242
E01003883,5.937,0.058,0.037,4.274,-1.02,-0.897,14.257,28.53
E01003884,7.735,0.058,0.066,0.544,-1.019,0.232,15.397,19.604
E01003885,7.222,0.055,0.049,0.366,-1.677,0.295,16.741,24.882
E01003886,4.417,0.039,0.029,0.476,-1.903,-0.349,15.845,23.393
E01003887,4.991,0.026,0.029,0.913,-1.834,-0.145,14.379,29.778
E01003888,14.107,0.144,0.098,2.839,-0.538,-0.557,22.8,23.909
E01003889,6.23,0.029,0.023,0.135,-1.764,-0.041,27.48,21.098
E01003890,7.132,0.048,0.04,0.164,-1.862,-0.403,21.451,35.907
E01003891,3.494,0.03,0.038,1.173,-1.964,-0.693,16.275,17.116
E01003892,5.849,0.023,0.019,0.61,-1.779,-0.036,21.047,29.12
E01003893,7.766,0.044,0.034,0.099,-1.585,-0.358,22.846,40.769
E01003894,5.858,0.033,0.035,0.144,-1.869,-0.202,15.035,35.692
E01003895,8.976,0.067,0.05,1.32,-1.849,0.246,17.096,35.76
E01003896,9.511,0.046,0.034,0.739,-1.752,0.174,16.326,52.548
E01003897,8.945,0.051,0.036,0.183,-1.586,0.475,15.344,41.948
E01003898,7.146,0.067,0.047,1.495,-1.18,-0.121,13.511,28.929
E01003899,5.738,0.038,0.038,0.942,-1.226,-0.018,13.357,29.103
E01003900,21.462,0.15,0.135,11.528,0.099,0.621,22.976,22.272
E01003901,6.61,0.033,0.032,2.031,-1.674,0.149,26.2,19.145
E01003903,13.834,0.098,0.067,8.171,-0.953,0.679,24.479,25.45
E01003904,8.506,0.075,0.057,1.739,-0.98,-0.323,23.406,22.475
E01003905,7.778,0.061,0.042,4.097,-1.278,0.255,16.519,26.527
E01003906,13.234,0.108,0.075,7.299,-0.48,0.142,16.25,33.305
E01003907,23.449,0.185,0.127,16.142,-0.227,0.608,31.678,18.5
E01003908,6.153,0.044,0.044,3.0,-2.211,0.053,16.732,24.44
E01003909,9.25,0.078,0.06,3.876,-1.659,0.24,17.262,26.49
E01003910,5.854,0.039,0.036,4.146,-1.714,-0.463,22.468,23.577
E01003911,33.97,0.241,0.133,18.443,0.215,0.919,35.424,53.811
E01003912,42.725,0.31,0.208,20.65,0.535,1.016,41.991,38.241
E01003913,24.973,0.147,0.127,5.839,0.211,1.251,24.164,35.725
E01003914,26.259,0.167,0.111,6.168,0.517,0.925,25.161,48.768
E01003915,32.484,0.234,0.163,10.387,0.275,0.954,35.294,39.301
E01003916,26.763,0.183,0.106,7.427,0.081,1.034,31.144,46.491
E01003917,33.61,0.245,0.153,8.311,0.532,1.302,29.774,39.37
E01003918,40.289,0.287,0.184,15.368,0.557,1.293,39.305,38.591
E01003919,25.575,0.127,0.092,6.446,-0.032,1.354,29.13,53.998
E01003920,40.038,0.307,0.194,14.828,0.531,0.794,38.236,46.036
E01003921,46.982,0.248,0.205,18.217,1.392,1.484,35.845,57.547
E01003922,36.44,0.248,0.144,13.777,0.538,1.346,35.775,46.337
E01003923,28.978,0.202,0.128,8.01,0.041,1.095,34.083,41.971
E01003924,36.556,0.253,0.166,17.813,0.312,0.793,44.638,41.892
E01003925,39.645,0.296,0.184,22.718,0.546,0.715,34.927,50.314
E01003926,33.747,0.264,0.148,14.49,0.39,0.73,35.597,44.509
E01003927,22.7,0.146,0.086,6.792,0.463,0.075,28.576,54.314
E01003929,22.84,0.112,0.07,10.038,0.087,0.628,26.758,66.559
E01003930,34.514,0.172,0.123,14.109,0.695,1.475,27.87,62.686
E01003932,43.593,0.276,0.19,18.574,1.261,0.751,38.798,55.235
E01003933,34.949,0.181,0.108,9.474,0.864,2.019,28.698,55.94
E01003934,21.52,0.172,0.127,6.082,-0.143,-0.714,28.331,44.857
E01003935,20.928,0.158,0.095,10.741,0.342,-0.125,29.596,34.777
E01003936,14.81,0.036,0.019,17.046,-0.675,0.408,25.563,58.154
E01003937,25.864,0.098,0.06,6.392,-0.168,1.478,27.834,85.042
E01003938,30.073,0.216,0.134,7.187,0.252,0.898,35.786,43.506
E01003939,20.295,0.126,0.071,7.679,0.11,0.502,28.32,49.427
E01003940,33.675,0.284,0.163,12.037,0.42,0.475,36.365,38.053
E01003941,19.257,0.117,0.07,10.921,-0.145,0.752,27.674,40.936
E01003942,32.314,0.219,0.134,10.02,0.536,1.194,35.231,39.481
E01003943,43.725,0.279,0.184,17.799,0.631,2.148,37.836,43.147
E01003945,19.558,0.099,0.074,2.133,-0.453,1.44,32.045,27.995
E01003946,20.015,0.135,0.099,5.549,-0.355,1.223,21.741,28.393
E01003947,40.582,0.355,0.208,21.9,0.638,0.369,36.662,24.274
E01003948,21.099,0.133,0.088,9.768,-0.194,1.264,24.168,30.829
E01003949,19.107,0.123,0.098,7.631,-0.085,0.751,21.641,36.192
E01003950,36.55,0.263,0.177,16.9,0.483,0.976,35.0,42.188
E01003951,18.892,0.085,0.077,11.001,-0.492,1.242,32.019,25.412
E01003952,16.764,0.126,0.08,3.472,-0.38,0.876,14.232,38.971
E01003953,19.448,0.119,0.089,5.427,0.051,0.83,18.673,44.723
E01003954,16.317,0.119,0.086,4.133,-0.022,0.509,13.848,38.25
E01003955,17.684,0.141,0.096,4.265,0.211,0.533,15.752,29.761
E01003956,13.087,0.096,0.083,2.12,-0.178,0.379,12.487,30.552
E01003957,15.779,0.105,0.08,8.068,-0.102,0.727,15.788,31.2
E01003958,15.884,0.115,0.081,4.839,0.012,0.329,16.682,38.918
E01003960,31.044,0.177,0.102,11.327,0.176,1.413,31.396,59.087
E01003961,45.006,0.304,0.192,20.485,1.091,1.278,36.553,45.952
E01003963,45.342,0.327,0.199,22.182,0.697,1.156,37.2,51.367
E01003964,37.228,0.197,0.146,20.034,0.137,1.896,31.869,58.882
E01003966,40.269,0.221,0.155,23.452,0.75,1.521,38.328,50.551
E01003967,39.547,0.281,0.164,20.001,0.603,0.948,46.232,37.215
E01003968,40.015,0.299,0.198,24.173,0.362,0.276,42.789,45.888
E01003969,32.048,0.177,0.113,16.112,-0.081,1.651,29.334,58.399
E01003970,42.444,0.303,0.172,19.2,0.434,1.724,37.646,42.269
E01003971,39.085,0.305,0.19,19.66,0.32,0.828,40.461,36.816
E01003972,31.034,0.201,0.139,14.662,0.226,0.864,35.148,47.843
E01003973,36.154,0.207,0.154,25.283,0.937,0.907,35.67,43.597
E01003974,37.674,0.268,0.154,19.747,0.314,1.335,38.787,39.597
E01003975,38.718,0.297,0.171,22.565,0.488,1.082,37.258,34.567
E01003976,28.94,0.181,0.105,21.152,0.315,0.821,30.451,51.452
E01003977,38.858,0.219,0.163,31.504,0.686,1.389,33.893,43.731
E01003978,28.536,0.196,0.104,7.652,0.268,0.868,29.706,58.468
E01003979,33.839,0.211,0.14,20.083,0.957,0.95,27.478,46.97
E01003980,38.07,0.236,0.161,17.152,1.093,1.061,33.968,46.943
E01003981,30.537,0.151,0.096,14.14,0.474,1.401,32.586,54.923
E01003983,37.411,0.294,0.194,23.153,0.062,0.796,38.281,33.396
E01003984,38.468,0.256,0.165,17.169,0.759,1.231,34.615,45.629
E01003986,52.583,0.355,0.248,37.125,1.103,1.421,35.364,32.89
E01003987,38.717,0.305,0.196,29.785,0.707,0.28,39.803,22.225
E01003988,35.505,0.234,0.15,19.098,0.11,1.109,43.059,42.498
E01003989,33.246,0.256,0.145,18.983,0.042,0.872,41.425,33.276
E01003990,36.881,0.307,0.207,13.291,0.324,0.515,38.866,29.329
E01003991,42.968,0.315,0.181,27.827,1.096,1.153,34.569,30.616
E01003992,33.085,0.255,0.137,18.391,0.436,0.542,40.231,38.264
E01003993,37.549,0.304,0.193,13.624,0.62,0.423,39.918,34.172
E01003994,41.303,0.274,0.174,17.087,0.927,1.567,34.436,39.227
E01003995,41.691,0.24,0.189,15.84,1.332,1.113,30.188,55.533
E01003997,33.846,0.219,0.143,10.581,0.128,1.479,28.363,55.233
E01003998,28.553,0.168,0.136,9.173,0.548,0.854,22.908,55.37
E01003999,29.502,0.208,0.133,17.151,0.302,0.759,32.852,39.432
E01004000,34.429,0.256,0.175,20.915,0.436,0.68,29.923,43.091
E01004001,37.974,0.301,0.204,21.415,0.623,0.588,37.897,23.165
E01004002,22.485,0.147,0.119,5.528,-0.085,1.159,21.829,33.851
E01004003,41.077,0.286,0.212,18.432,0.817,1.031,40.916,26.655
E01004004,37.032,0.258,0.164,11.435,1.118,0.981,33.827,38.719
E01004005,48.208,0.312,0.249,17.518,1.221,0.837,42.764,42.279
E01004006,30.636,0.224,0.139,12.5,0.411,0.778,34.629,39.372
E01004007,42.449,0.346,0.202,17.632,0.757,0.984,38.125,26.301
E01004008,39.055,0.305,0.189,15.302,0.577,0.951,36.19,38.37
E01004010,37.668,0.25,0.163,15.425,0.044,1.673,35.987,46.206
E01004011,34.675,0.257,0.182,15.406,0.425,0.5,43.902,27.331
E01004012,29.633,0.242,0.147,13.752,0.159,0.409,40.918,24.265
E01004013,39.984,0.3,0.195,17.259,0.743,0.928,40.75,28.666
E01004014,39.992,0.312,0.178,14.695,1.018,0.026,47.069,34.008
E01004015,24.802,0.122,0.096,4.231,0.22,1.655,18.97,48.383
E01004016,25.309,0.188,0.126,7.846,0.154,0.971,26.325,32.984
E01004017,17.338,0.107,0.089,3.186,-0.061,0.821,21.075,34.304
E01004018,12.602,0.089,0.067,5.035,-0.55,0.484,14.884,35.435
E01004019,27.009,0.23,0.151,10.883,0.058,0.028,32.612,35.256
E01004020,31.936,0.269,0.149,14.811,0.445,0.053,41.813,29.531
E01004021,17.917,0.111,0.08,8.819,-0.211,0.489,20.411,48.14
E01004022,28.335,0.187,0.103,12.449,0.706,1.159,29.678,34.246
E01004023,35.63,0.231,0.14,18.872,0.763,1.544,28.447,39.141
E01004024,38.328,0.282,0.175,23.047,0.889,0.791,36.143,33.77
E01004027,24.396,0.168,0.115,20.035,0.088,-0.538,29.842,49.467
E01004028,31.879,0.22,0.137,13.876,0.629,0.981,32.066,40.453
E01004029,14.012,0.099,0.053,16.422,-0.185,0.09,23.339,29.11
E01004030,30.779,0.214,0.152,15.126,0.163,1.184,28.951,36.461
E01004031,28.193,0.168,0.1,7.639,0.429,1.557,31.513,35.481
E01004032,8.22,0.032,0.025,6.731,-0.638,0.143,21.315,31.139
E01004033,39.407,0.278,0.177,13.902,0.813,1.424,32.078,38.434
E01004034,33.633,0.247,0.142,16.123,0.506,0.976,35.833,38.64
E01004035,45.599,0.296,0.18,22.595,1.133,1.946,37.973,31.375
E01004036,39.82,0.28,0.177,22.029,0.334,1.231,37.623,44.953
E01004037,28.557,0.205,0.126,11.738,0.276,0.866,31.159,41.847
E01004038,28.87,0.2,0.126,14.818,-0.32,0.959,35.777,44.113
E01004039,27.916,0.151,0.082,16.806,-0.149,0.926,33.827,65.981
E01004040,45.508,0.3,0.2,18.375,0.809,1.269,44.589,46.169
E01004041,34.02,0.21,0.133,21.035,0.347,1.122,40.208,42.883
E01004042,50.171,0.345,0.226,26.853,1.153,1.259,35.545,45.31
E01004043,27.901,0.175,0.123,23.624,0.17,1.011,26.636,38.577
E01004044,36.705,0.271,0.181,23.155,0.692,0.548,35.693,36.762
E01004045,31.5,0.256,0.186,15.752,0.129,0.12,37.554,28.15
E01004046,20.246,0.125,0.112,6.877,0.043,0.881,18.466,36.297
E01004047,30.234,0.261,0.152,17.502,0.258,0.052,35.376,32.328
E01004048,22.139,0.152,0.107,13.341,-0.137,1.064,24.222,27.347
E01004049,25.386,0.178,0.101,13.868,0.12,0.502,39.763,33.281
E01004050,17.812,0.097,0.062,1.294,-0.85,1.04,23.986,53.334
E01004051,8.728,0.052,0.035,3.06,-0.642,0.302,18.318,32.81
E01004052,20.83,0.117,0.091,8.452,0.112,0.964,23.662,39.652
E01004053,8.17,0.06,0.04,5.235,-0.559,0.001,20.281,23.305
E01004054,8.722,0.046,0.03,1.66,-0.303,-0.03,26.419,26.718
E01004055,41.573,0.277,0.205,30.883,0.935,0.819,43.445,20.427
E01004056,18.386,0.143,0.088,8.45,0.284,0.095,24.281,30.827
E01004057,19.778,0.138,0.098,7.088,0.342,0.681,24.349,24.65
E01004058,8.436,0.023,0.015,0.25,-0.987,0.125,24.599,40.02
E01004059,14.513,0.051,0.023,3.806,-0.645,1.525,21.882,35.13
E01004060,34.697,0.204,0.126,27.523,0.653,0.946,35.105,51.681
E01004061,22.883,0.118,0.084,3.756,-0.094,1.518,21.98,48.472
E01004062,36.118,0.216,0.138,19.822,0.693,1.345,33.456,48.861
E01004063,32.369,0.199,0.142,3.613,0.704,1.613,24.337,44.834
E01004064,33.414,0.238,0.165,18.629,0.593,0.869,32.103,34.378
E01004065,21.571,0.131,0.099,6.829,0.414,0.712,20.271,44.002
E01004066,28.717,0.209,0.153,8.673,0.203,0.917,30.869,34.512
E01004067,37.574,0.227,0.126,17.111,-0.257,1.974,39.205,58.046
E01004068,40.603,0.315,0.201,20.324,0.703,0.965,34.516,33.186
E01004069,9.732,0.023,0.019,0.443,-1.644,1.241,15.098,31.195
E01004070,15.234,0.105,0.079,1.436,-0.353,0.936,19.445,27.331
E01004071,20.133,0.157,0.112,3.754,0.163,0.6,22.944,28.312
E01004072,10.995,0.066,0.053,0.591,-0.732,0.879,13.94,32.194
E01004073,9.78,0.07,0.047,0.897,-0.528,0.38,14.11,34.666
E01004074,10.602,0.066,0.052,0.56,-1.189,0.735,13.884,37.647
E01004075,9.612,0.027,0.023,0.113,-1.856,1.273,10.762,32.133
E01004076,18.335,0.129,0.093,15.18,-0.291,0.469,32.466,14.426
E01004077,15.661,0.091,0.088,14.754,-0.442,0.904,19.143,18.205
E01004078,16.349,0.128,0.094,19.84,-0.325,0.115,22.2,17.885
E01004079,8.291,0.041,0.046,5.72,-0.933,0.842,16.505,13.787
E01004080,6.901,0.068,0.061,6.932,-1.412,-0.245,18.863,9.158
E01004081,10.525,0.091,0.067,9.728,-0.36,-0.301,18.346,18.172
E01004082,5.701,0.054,0.047,10.445,-0.941,-0.102,10.363,9.339
E01004083,40.492,0.319,0.225,45.71,0.654,0.847,22.648,11.491
E01004084,5.473,0.034,0.043,2.522,-1.239,0.15,22.79,8.047
E01004085,10.003,0.05,0.058,3.298,-1.317,0.947,27.184,5.722
E01004086,17.431,0.142,0.09,12.665,-0.409,1.0,19.018,12.699
E01004087,6.227,0.049,0.056,3.604,-0.837,0.35,14.619,6.389
E01004088,51.262,0.376,0.279,53.609,0.83,1.186,25.259,9.342
E01004089,34.272,0.274,0.194,25.25,0.708,0.727,27.862,12.314
E01004090,42.271,0.299,0.244,28.992,1.169,-0.233,38.908,21.835
E01004091,5.687,0.03,0.046,2.591,-0.857,-1.661,32.436,4.421
E01004092,7.96,0.037,0.04,1.305,-1.142,0.22,30.975,16.456
E01004093,5.61,0.037,0.049,1.348,-1.107,0.293,20.136,7.579
E01004094,6.313,0.054,0.053,2.503,-0.917,-0.497,22.214,13.909
E01004095,5.867,0.044,0.053,1.161,-0.905,-0.664,22.809,16.128
E01004096,18.153,0.126,0.079,7.18,-0.1,-0.196,29.418,45.479
E01004097,6.066,0.058,0.047,3.386,-1.551,0.108,15.574,15.529
E01004098,7.813,0.078,0.057,1.876,-0.357,-0.232,13.153,18.148
E01004099,21.387,0.162,0.12,14.199,0.094,0.805,15.165,26.129
E01004100,7.288,0.055,0.068,5.61,-0.65,0.029,10.325,14.534
E01004101,5.535,0.045,0.04,7.504,-0.627,-0.185,10.827,15.353
E01004102,11.362,0.071,0.091,5.453,-0.425,0.546,13.472,14.749
E01004103,10.172,0.097,0.066,4.987,-0.531,-0.277,14.245,26.967
E01004104,3.542,0.034,0.044,2.73,-1.297,-0.241,10.27,11.731
E01004105,4.093,0.054,0.045,2.312,-1.25,-0.247,11.045,9.407
E01004106,2.794,0.016,0.032,1.017,-1.668,-0.44,20.254,4.606
E01004107,14.851,0.127,0.1,13.98,-0.16,0.095,16.117,13.278
E01004108,16.102,0.089,0.076,11.554,-0.796,0.918,30.311,19.765
E01004109,16.477,0.145,0.131,16.125,-0.183,-0.13,15.603,7.881
E01004110,10.395,0.093,0.08,5.139,-0.837,-0.695,19.49,25.002
E01004111,6.563,0.056,0.039,5.198,-0.75,0.205,15.65,14.116
E01004112,2.897,0.025,0.038,0.832,-1.432,-0.362,15.602,8.389
E01004114,4.935,0.029,0.029,2.083,-1.539,-0.981,32.474,5.412
E01004115,7.111,0.078,0.043,9.255,-1.045,0.048,15.661,9.393
E01004116,6.16,0.077,0.05,6.587,-0.847,-0.655,14.698,10.636
E01004117,3.538,0.026,0.036,9.253,-1.198,-0.91,15.965,8.345
E01004118,8.165,0.07,0.063,8.206,-0.709,0.009,14.258,14.039
E01004119,9.092,0.05,0.045,14.778,-0.956,0.769,12.077,14.368
E01004120,4.642,0.04,0.038,8.637,-1.198,-0.106,13.174,9.699
E01004121,8.863,0.081,0.058,6.971,-0.851,0.131,14.402,19.181
E01004122,5.652,0.054,0.05,4.677,-0.851,-0.045,12.437,11.839
E01004123,31.419,0.199,0.143,22.474,0.46,1.154,24.629,41.523
E01004124,22.717,0.177,0.141,29.616,-0.129,-0.271,25.096,19.264
E01004125,31.146,0.227,0.143,37.569,0.473,0.633,25.256,29.934
E01004126,32.577,0.247,0.148,40.854,0.491,0.752,25.251,24.483
E01004127,20.247,0.14,0.111,20.219,0.242,0.577,20.504,16.981
E01004128,25.046,0.193,0.151,29.11,0.058,-0.562,26.498,27.167
E01004129,35.055,0.23,0.167,40.933,0.606,0.901,27.756,29.514
E01004130,11.912,0.074,0.068,10.62,-0.281,0.541,19.619,15.51
E01004131,8.949,0.078,0.059,11.944,-0.839,0.018,15.795,14.434
E01004132,5.718,0.05,0.037,12.395,-0.943,-0.234,12.969,12.139
E01004133,6.045,0.05,0.05,13.251,-1.048,-0.192,10.11,11.716
E01004134,13.52,0.094,0.077,15.497,-0.034,0.053,15.341,23.466
E01004135,9.731,0.066,0.069,16.099,-0.689,0.307,14.924,8.948
E01004136,8.244,0.061,0.061,13.272,-0.639,0.134,11.34,11.68
E01004137,18.679,0.102,0.085,5.634,-0.267,1.163,17.37,41.192
E01004138,13.86,0.11,0.086,8.842,-0.257,0.022,15.577,29.038
E01004139,11.561,0.084,0.078,6.384,-0.493,0.217,15.353,26.262
E01004140,39.704,0.257,0.19,26.013,1.268,0.989,27.794,35.569
E01004141,24.758,0.2,0.142,18.348,0.054,0.664,20.02,26.683
E01004142,26.037,0.21,0.127,15.73,0.552,0.583,26.733,22.327
E01004143,10.848,0.102,0.066,9.022,-0.746,-0.228,17.361,24.78
E01004144,9.303,0.061,0.061,5.499,-0.647,0.44,18.257,17.881
E01004145,14.236,0.115,0.07,12.432,-0.511,0.344,23.869,21.282
E01004146,14.404,0.1,0.075,9.123,-0.359,0.586,20.208,26.004
E01004147,7.261,0.065,0.058,10.435,-0.983,-0.038,16.783,7.159
E01004148,21.969,0.167,0.119,16.695,0.22,0.519,25.937,16.522
E01004149,12.768,0.086,0.073,11.634,-0.469,0.294,18.351,26.613
E01004150,23.429,0.191,0.133,11.748,0.482,-0.417,26.546,29.643
E01004151,14.908,0.099,0.083,6.001,0.029,-0.356,29.534,25.523
E01004152,19.519,0.159,0.086,7.447,0.352,0.347,23.284,32.113
E01004153,13.435,0.103,0.081,6.067,-0.569,-0.256,28.63,24.136
E01004154,3.869,0.033,0.045,0.814,-1.473,-0.345,19.061,9.309
E01004155,7.352,0.06,0.037,2.906,-0.806,-0.437,25.089,21.293
E01004156,11.307,0.084,0.052,3.167,-0.536,0.403,20.601,30.436
E01004157,2.739,0.023,0.032,2.236,-1.446,-0.496,14.53,10.313
E01004158,8.707,0.081,0.065,2.501,-0.71,-0.655,20.045,22.865
E01004159,13.88,0.095,0.085,16.482,-0.347,0.279,19.142,17.62
E01004160,8.905,0.072,0.063,5.085,-0.83,-0.232,16.263,27.674
E01004161,7.899,0.066,0.056,9.409,-1.073,-0.139,22.073,10.927
E01004162,12.286,0.102,0.067,4.373,-0.415,0.248,17.84,29.356
E01004163,14.335,0.095,0.081,18.513,-0.255,0.501,16.64,17.038
E01004164,14.394,0.067,0.058,20.833,-0.133,0.634,17.419,29.94
E01004165,17.483,0.136,0.107,14.45,-0.21,0.523,14.383,24.004
E01004166,12.893,0.105,0.078,8.823,-0.345,0.526,14.788,16.708
E01004167,28.413,0.255,0.144,23.332,0.639,0.681,18.889,13.552
E01004168,8.882,0.055,0.061,17.969,-0.64,0.154,11.618,13.783
E01004169,20.68,0.142,0.083,19.246,-0.009,0.44,35.19,21.388
E01004170,10.68,0.094,0.06,5.224,-0.853,-0.004,15.304,34.077
E01004171,8.632,0.059,0.043,6.604,-0.572,0.807,12.939,11.403
E01004172,22.213,0.202,0.126,11.395,-0.183,0.588,18.921,29.572
E01004173,14.603,0.114,0.093,11.133,-0.364,0.741,14.01,11.663
E01004174,15.442,0.099,0.106,6.932,-0.249,0.423,17.858,28.246
E01004175,11.446,0.083,0.081,13.049,-0.466,-0.28,21.795,14.104
E01004176,14.679,0.112,0.075,7.757,-0.321,0.699,16.61,26.646
E01004177,22.941,0.184,0.126,9.033,0.424,0.294,21.665,32.362
E01004178,19.704,0.145,0.101,8.358,-0.164,0.545,18.855,42.769
E01004179,8.61,0.062,0.042,3.937,-1.147,0.64,18.037,20.625
E01004180,5.152,0.053,0.055,2.689,-1.221,-0.012,15.578,6.032
E01004181,16.678,0.127,0.09,8.095,-0.124,0.058,25.43,30.258
E01004182,27.051,0.223,0.171,17.857,0.254,0.468,19.902,25.925
E01004183,28.218,0.204,0.152,34.959,0.447,0.464,22.24,22.149
E01004184,30.999,0.225,0.16,37.438,0.293,0.744,26.904,20.142
E01004185,41.83,0.315,0.217,48.997,0.667,0.654,30.528,19.477
E01004186,14.104,0.101,0.074,10.694,-0.513,0.096,17.726,38.564
E01004187,25.625,0.189,0.137,25.152,0.364,0.33,27.491,20.51
E01004188,18.78,0.166,0.102,23.808,-0.659,-0.139,17.577,33.506
E01004189,28.76,0.208,0.148,33.41,0.438,0.62,21.727,26.061
E01004190,4.27,0.036,0.045,6.476,-1.235,-0.24,12.58,10.58
E01004191,6.969,0.066,0.055,8.276,-1.051,-0.175,14.732,14.051
E01004192,10.593,0.097,0.069,13.441,-0.482,-0.21,17.28,12.16
E01004193,10.418,0.108,0.055,11.541,-1.192,-0.038,25.12,9.29
E01004194,10.057,0.078,0.076,9.008,-0.245,-0.17,16.048,13.489
E01004195,9.415,0.079,0.053,7.789,-0.826,0.105,15.908,25.98
E01004196,5.526,0.065,0.044,6.286,-0.709,-0.474,15.1,8.193
E01004197,39.533,0.273,0.166,16.106,1.011,0.941,34.925,50.44
E01004198,51.047,0.345,0.221,27.607,1.534,1.092,38.628,38.667
E01004199,56.17,0.377,0.248,35.581,0.667,1.965,43.695,37.593
E01004200,30.051,0.179,0.087,2.922,0.598,1.104,33.028,63.42
E01004201,33.902,0.267,0.161,14.505,0.384,0.663,36.041,40.751
E01004202,29.49,0.219,0.104,9.119,0.298,1.319,31.867,38.477
E01004203,32.962,0.191,0.11,12.151,0.744,1.464,34.388,44.736
E01004204,44.591,0.343,0.2,20.386,0.994,1.063,36.807,34.256
E01004205,45.848,0.346,0.208,27.564,0.64,0.967,43.811,33.462
E01004206,55.458,0.374,0.233,32.479,1.479,1.139,44.88,37.504
E01004207,44.353,0.286,0.184,23.908,0.865,1.256,41.644,47.437
E01004208,32.784,0.156,0.085,9.531,0.262,1.587,33.314,81.4
E01004209,51.31,0.361,0.191,33.128,0.809,1.659,44.65,38.099
E01004211,37.348,0.205,0.111,2.957,0.972,1.526,33.208,71.407
E01004212,33.37,0.199,0.112,20.383,0.613,0.937,43.608,43.195
E01004214,47.895,0.376,0.259,36.755,1.045,0.016,39.419,14.799
E01004215,23.7,0.212,0.103,9.811,0.352,-0.366,39.775,19.829
E01004216,15.503,0.149,0.067,7.743,0.189,-0.273,28.392,15.603
E01004217,28.07,0.229,0.141,13.107,0.365,0.754,31.134,21.953
E01004218,14.429,0.128,0.072,6.676,-0.065,0.227,25.984,14.346
E01004219,36.222,0.269,0.131,16.581,0.028,0.937,44.567,51.531
E01004221,21.943,0.179,0.112,8.095,0.459,0.029,27.053,29.116
E01004222,47.353,0.375,0.22,26.217,1.312,0.589,36.906,27.278
E01004223,42.635,0.273,0.19,24.845,1.063,1.411,32.238,39.007
E01004224,39.349,0.288,0.165,21.624,0.957,1.125,33.486,35.608
E01004225,20.467,0.123,0.048,11.825,-0.393,0.188,28.952,67.427
E01004226,40.804,0.285,0.169,22.769,1.054,1.278,36.428,29.627
E01004228,26.919,0.184,0.121,8.634,0.788,0.999,23.833,31.964
E01004229,33.491,0.239,0.137,17.176,0.787,0.763,32.74,43.687
E01004230,35.114,0.227,0.146,21.414,0.493,1.247,32.028,44.924
E01004231,41.335,0.28,0.164,25.144,1.032,1.039,41.305,37.399
E01004232,23.067,0.115,0.076,2.049,-0.223,1.748,24.325,48.11
E01004233,37.599,0.329,0.179,28.825,0.205,0.551,35.754,28.522
E01004234,26.534,0.115,0.079,6.996,-0.071,2.329,22.112,59.156
E01004235,39.253,0.318,0.2,25.08,0.297,0.146,42.69,35.387
E01004236,47.425,0.371,0.205,30.947,0.797,1.193,40.67,23.857
E01004237,40.904,0.334,0.166,12.981,0.632,1.081,33.933,49.667
E01004238,43.673,0.359,0.168,14.216,0.548,0.942,47.684,39.634
E01004239,44.356,0.313,0.189,33.187,0.716,1.475,38.326,26.731
E01004240,40.954,0.3,0.178,30.38,0.204,1.219,43.778,28.192
E01004241,47.961,0.322,0.21,29.686,0.867,1.387,42.674,36.177
E01004242,44.222,0.332,0.169,21.781,0.916,0.855,49.664,33.218
E01004243,42.831,0.29,0.211,44.467,0.64,0.508,40.26,35.193
E01004244,57.309,0.389,0.303,31.474,1.113,1.271,37.435,31.604
E01004245,54.842,0.435,0.255,41.546,0.755,0.549,43.382,34.542
E01004246,40.381,0.268,0.153,19.574,0.492,1.822,39.204,39.625
E01004247,56.838,0.388,0.245,37.891,1.058,1.207,43.261,46.302
E01004248,58.322,0.41,0.235,56.556,1.675,0.427,41.566,32.56
E01004249,55.09,0.404,0.236,37.009,0.7,1.256,49.926,26.534
E01004250,51.525,0.378,0.224,39.961,0.979,1.136,40.629,29.698
E01004251,41.028,0.289,0.175,24.647,0.8,1.053,42.635,32.327
E01004252,44.251,0.325,0.194,16.141,1.418,0.934,40.483,27.318
E01004253,42.91,0.324,0.189,30.824,0.676,1.055,41.312,25.986
E01004254,21.904,0.17,0.067,3.943,-0.089,0.968,25.258,49.037
E01004255,41.511,0.297,0.194,23.641,0.738,0.757,39.044,44.608
E01004256,47.972,0.379,0.214,33.8,0.859,0.559,43.286,31.931
E01004257,47.906,0.358,0.181,33.637,0.617,1.508,39.895,37.646
E01004258,23.742,0.162,0.103,12.623,-0.319,0.278,41.293,36.965
E01004259,30.979,0.192,0.11,10.734,0.531,1.134,28.893,57.982
E01004260,42.795,0.292,0.169,24.947,1.073,0.967,41.009,43.671
E01004261,27.767,0.173,0.077,28.134,0.053,0.442,43.249,45.28
E01004262,33.87,0.191,0.099,22.403,0.901,1.272,39.004,39.472
E01004263,42.687,0.311,0.175,34.085,0.915,0.906,36.942,38.068
E01004264,39.901,0.328,0.169,25.625,0.522,0.51,42.505,36.166
E01004266,30.656,0.231,0.134,10.564,0.571,0.997,32.247,33.485
E01004267,43.694,0.334,0.167,15.042,0.774,1.417,37.005,45.604
E01004268,42.759,0.34,0.195,25.873,0.944,-0.179,45.32,32.492
E01004269,44.321,0.297,0.169,15.065,1.09,1.556,41.896,39.505
E01004270,30.533,0.202,0.087,12.891,0.131,1.512,37.804,41.949
E01004271,42.675,0.332,0.171,29.772,0.691,1.019,38.592,36.307
E01004272,48.311,0.355,0.232,35.584,0.653,0.986,44.797,24.044
E01004273,54.002,0.398,0.228,34.307,0.836,1.256,46.522,31.104
E01004274,30.679,0.285,0.167,18.389,0.377,-0.403,35.733,20.481
E01004275,17.752,0.13,0.084,15.664,0.146,-0.123,28.223,23.669
E01004276,7.304,0.03,0.019,4.74,-1.131,-0.397,22.365,37.194
E01004277,7.909,0.042,0.049,0.792,-0.179,-1.803,29.297,19.932
E01004280,32.085,0.276,0.148,20.612,0.557,-0.329,33.928,39.157
E01004281,12.754,0.069,0.045,7.463,-0.178,-0.518,25.784,45.955
E01004283,38.263,0.288,0.154,23.342,0.569,0.802,42.48,38.705
E01004284,35.293,0.268,0.127,14.238,1.06,0.684,43.274,28.195
E01004285,46.026,0.356,0.212,40.195,0.748,0.333,43.962,28.121
E01004286,44.861,0.332,0.224,25.351,0.87,0.821,37.122,36.845
E01004287,38.048,0.292,0.168,23.294,0.53,0.717,40.181,37.744
E01004288,49.092,0.363,0.225,33.816,0.842,0.739,42.057,40.401
E01004289,39.808,0.279,0.177,16.216,0.833,1.093,37.768,41.644
E01004290,34.874,0.205,0.125,10.844,0.767,1.437,37.925,43.883
E01004291,13.212,0.078,0.057,3.909,-0.236,-0.112,24.546,43.986
E01004292,9.958,0.052,0.034,3.685,-0.14,0.322,23.488,26.926
E01004293,10.479,0.066,0.049,4.011,-0.649,-0.105,22.352,38.881
E01004294,22.817,0.159,0.106,7.575,0.444,-0.509,33.78,42.132
E01004295,43.634,0.319,0.193,32.137,0.58,0.812,44.822,36.292
E01004296,34.196,0.295,0.17,14.632,0.143,0.445,40.627,31.624
E01004297,11.845,0.071,0.044,3.519,-0.514,0.305,20.931,43.17
E01004298,49.068,0.368,0.187,23.349,1.179,1.122,41.124,42.873
E01004300,44.718,0.359,0.209,23.705,0.573,0.55,44.468,36.95
E01004301,48.066,0.351,0.181,21.109,0.776,1.523,44.755,40.044
E01004302,37.638,0.271,0.129,30.052,0.122,0.57,48.766,48.473
E01004303,31.177,0.267,0.129,11.799,0.145,1.002,33.311,36.06
E01004304,47.2,0.323,0.188,30.22,0.818,0.98,45.181,50.68
E01004305,41.027,0.316,0.161,22.502,0.746,0.702,45.583,37.747
E01004306,42.325,0.231,0.128,10.215,1.428,2.029,36.713,52.92
E01004307,17.706,0.077,0.041,11.05,-0.415,0.015,33.155,61.807
E01004308,36.29,0.256,0.139,20.04,0.275,1.451,38.816,35.151
E01004309,49.042,0.323,0.216,22.374,1.067,1.117,46.219,44.762
E01004310,39.97,0.26,0.174,15.734,0.468,0.744,42.284,62.827
E01004311,45.837,0.307,0.177,15.773,1.254,1.63,36.929,43.261
E01004312,46.997,0.36,0.185,27.065,0.845,1.048,40.865,43.351
E01004313,32.143,0.25,0.125,18.807,0.295,0.175,41.231,46.891
E01004314,24.626,0.124,0.068,6.741,0.341,1.497,22.358,53.833
E01004315,37.767,0.238,0.145,11.656,0.8,1.752,33.789,42.429
E01004316,46.187,0.279,0.182,18.335,0.506,2.043,42.497,57.429
E01004317,32.523,0.203,0.113,3.839,0.63,1.547,32.729,48.805
E01004318,47.784,0.324,0.227,22.328,0.932,1.201,37.677,47.513
E01004319,41.447,0.308,0.166,19.466,0.604,1.044,46.437,37.131
E01004321,41.473,0.305,0.178,15.981,0.404,1.058,44.123,47.206
E01004322,47.752,0.268,0.17,15.254,1.403,1.737,43.574,53.272
E01004323,37.642,0.293,0.143,13.936,0.929,1.303,36.721,25.653
E01004324,51.373,0.351,0.179,28.463,1.332,1.374,45.996,40.497
E01004325,29.174,0.15,0.066,8.2,0.28,1.03,35.69,85.789
E01004326,36.105,0.227,0.112,14.347,0.688,1.81,31.679,49.832
E01004327,35.416,0.246,0.159,21.372,0.402,1.167,39.213,28.534
E01004328,27.311,0.159,0.09,19.729,0.099,0.921,36.658,46.787
E01004329,28.027,0.168,0.106,22.507,0.192,0.617,38.965,42.193
E01004330,21.517,0.124,0.072,13.418,-0.2,1.016,32.099,38.033
E01004331,29.329,0.22,0.109,20.726,0.179,0.301,40.41,41.888
E01004332,34.259,0.185,0.12,23.33,0.437,1.211,44.54,40.692
E01004333,31.139,0.228,0.143,16.658,0.361,0.02,47.634,28.146
E01004334,46.743,0.337,0.207,33.543,0.814,0.696,51.318,23.726
E01004335,50.921,0.358,0.256,32.083,0.643,0.811,49.919,29.987
E01004336,31.487,0.156,0.111,20.379,0.182,1.289,45.521,37.169
E01004337,32.913,0.238,0.134,23.381,0.302,0.69,43.043,32.29
E01004338,24.646,0.13,0.093,14.6,-0.385,0.948,41.407,38.889
E01004339,26.469,0.146,0.1,13.743,0.074,0.351,47.636,41.174
E01004340,48.477,0.333,0.221,25.826,0.68,1.156,51.716,29.979
E01004341,38.811,0.261,0.17,19.907,0.491,0.814,51.139,32.613
E01004342,28.115,0.173,0.102,17.748,0.242,1.024,39.924,31.939
E01004343,18.192,0.113,0.089,11.36,-0.319,0.508,33.051,24.976
E01004344,32.397,0.196,0.132,22.951,-0.057,1.334,41.459,31.275
E01004345,26.229,0.177,0.105,24.674,-0.144,0.691,35.01,35.887
E01004346,20.979,0.158,0.094,17.444,-0.344,0.675,30.019,24.703
E01004347,19.455,0.142,0.072,10.989,-0.333,0.738,31.876,30.678
E01004348,23.767,0.164,0.096,15.009,-0.131,0.56,37.277,35.094
E01004349,34.995,0.244,0.166,23.191,0.027,0.852,48.451,21.824
E01004350,30.317,0.2,0.136,17.33,0.549,0.161,43.381,34.864
E01004351,16.309,0.106,0.088,11.94,-0.408,0.517,28.638,19.523
E01004352,13.084,0.058,0.056,4.645,-0.436,1.042,28.126,16.823
E01004353,17.929,0.106,0.088,10.696,-0.267,0.749,34.337,14.074
E01004354,18.479,0.111,0.082,12.291,0.019,0.807,25.549,26.657
E01004355,27.304,0.203,0.127,21.662,-0.392,0.576,42.11,22.438
E01004356,30.445,0.214,0.142,24.075,0.174,0.977,38.431,16.583
E01004357,21.565,0.154,0.105,15.733,-0.204,0.489,37.278,16.011
E01004358,25.168,0.172,0.134,10.625,-0.121,0.692,39.119,21.953
E01004359,15.744,0.122,0.103,10.57,-0.524,0.337,23.602,16.891
E01004360,15.592,0.071,0.086,17.14,-0.551,0.558,30.554,18.05
E01004361,16.618,0.091,0.09,17.654,-0.531,0.705,26.025,20.408
E01004362,27.117,0.125,0.1,11.655,0.14,1.322,33.462,48.584
E01004363,19.615,0.132,0.101,8.735,-0.05,0.454,29.813,29.521
E01004364,35.975,0.212,0.159,16.508,0.254,1.597,38.523,38.403
E01004365,36.033,0.197,0.095,32.879,0.089,1.191,50.184,48.527
E01004366,25.58,0.129,0.109,13.777,0.181,1.118,30.704,41.419
E01004367,28.929,0.15,0.119,23.159,0.085,1.205,35.239,38.061
E01004368,24.996,0.134,0.111,11.867,0.05,0.785,36.764,41.034
E01004369,23.835,0.147,0.075,16.394,-0.105,0.532,40.873,42.532
E01004370,21.132,0.12,0.079,15.986,-0.642,0.633,35.838,42.826
E01004371,22.991,0.127,0.1,16.026,-0.131,0.567,33.801,42.819
E01004372,15.565,0.083,0.059,11.251,-0.373,0.263,30.133,40.271
E01004373,32.546,0.171,0.115,23.748,0.098,0.684,45.884,55.815
E01004374,19.249,0.118,0.084,8.837,-0.393,0.476,34.305,37.524
E01004375,26.346,0.141,0.087,12.189,-0.121,0.927,40.908,50.385
E01004376,25.456,0.135,0.093,11.816,-0.18,0.769,40.651,49.676
E01004377,20.948,0.125,0.094,11.804,-0.564,1.309,27.186,26.237
E01004378,27.709,0.171,0.123,15.662,0.072,1.166,35.328,29.703
E01004379,15.057,0.089,0.073,7.869,-0.61,0.801,28.874,20.929
E01004380,25.244,0.166,0.114,13.003,-0.142,1.107,32.143,30.621
E01004381,17.637,0.121,0.083,8.413,-0.367,0.462,28.951,33.232
E01004382,46.491,0.335,0.226,32.138,0.621,0.643,51.272,23.47
E01004383,17.75,0.128,0.103,11.974,0.022,0.166,25.503,21.674
E01004384,36.656,0.26,0.194,35.527,0.672,0.63,33.547,21.529
E01004385,34.241,0.226,0.187,15.853,0.428,1.104,36.881,25.008
E01004386,9.698,0.056,0.062,9.412,-0.747,0.074,24.75,17.778
E01004387,7.94,0.051,0.051,6.368,-0.951,-0.107,23.96,19.434
E01004388,24.245,0.161,0.116,10.646,0.157,0.955,28.484,31.758
E01004389,36.594,0.24,0.19,25.073,0.633,1.007,36.872,24.962
E01004390,38.071,0.269,0.191,41.316,0.392,0.939,35.101,20.63
E01004391,27.662,0.159,0.102,11.497,0.219,1.29,30.112,46.825
E01004392,34.416,0.177,0.124,17.512,0.245,1.393,38.743,56.484
E01004393,28.391,0.21,0.101,9.682,0.201,0.545,42.451,43.546
E01004394,41.656,0.27,0.191,22.36,0.612,1.302,41.934,37.63
E01004395,23.292,0.15,0.091,9.199,-0.087,1.048,31.98,36.95
E01004396,22.337,0.149,0.093,12.235,-0.305,0.511,32.919,44.388
E01004397,33.555,0.191,0.106,6.396,0.163,2.108,40.546,47.15
E01004398,41.512,0.316,0.202,29.191,0.769,0.72,39.102,26.416
E01004399,54.37,0.392,0.235,37.893,0.628,1.731,41.794,29.345
E01004400,34.896,0.248,0.161,19.615,0.253,0.993,33.056,46.549
E01004401,24.359,0.159,0.109,20.095,0.217,0.392,34.367,30.456
E01004402,37.628,0.278,0.18,22.794,0.542,0.948,33.704,39.032
E01004403,34.361,0.236,0.144,28.868,0.292,1.293,33.442,29.94
E01004404,34.806,0.248,0.15,19.802,0.526,0.249,43.453,44.865
E01004405,36.91,0.214,0.145,18.069,0.384,1.64,40.243,41.22
E01004406,30.219,0.164,0.109,12.725,0.149,0.819,43.313,55.112
E01004407,54.552,0.344,0.313,34.318,0.348,0.946,49.84,35.852
E01004408,29.017,0.178,0.139,9.11,0.32,1.065,31.91,41.844
E01004409,35.351,0.199,0.142,8.64,0.575,1.544,39.141,44.84
E01004410,44.002,0.288,0.203,20.778,0.698,1.332,46.924,31.374
E01004411,30.364,0.149,0.102,12.706,0.02,1.57,38.871,48.087
E01004412,26.595,0.148,0.109,7.064,0.103,1.406,34.872,34.435
E01004413,37.866,0.252,0.185,36.041,1.033,0.439,39.509,17.186
E01004414,23.752,0.163,0.111,20.045,-0.024,0.989,26.223,24.449
E01004415,29.855,0.229,0.15,26.056,0.38,0.608,33.435,17.0
E01004416,24.282,0.147,0.133,20.495,-0.11,0.513,36.01,23.192
E01004417,26.584,0.191,0.12,17.839,0.039,0.932,31.792,28.826
E01004418,22.101,0.167,0.094,17.208,-0.214,0.589,31.284,29.757
E01004419,23.887,0.137,0.101,16.128,-0.483,0.689,40.06,37.43
E01004420,45.04,0.232,0.197,23.412,0.603,1.538,50.021,47.166
E01004421,27.906,0.191,0.121,19.895,-0.479,0.874,40.424,32.445
E01004422,32.388,0.19,0.127,31.026,-0.126,1.094,37.048,45.573
E01004423,42.838,0.238,0.154,29.351,1.14,0.835,50.071,47.29
E01004424,42.972,0.278,0.187,25.837,0.702,0.794,49.421,42.923
E01004425,31.084,0.224,0.113,24.037,0.08,0.552,40.282,45.572
E01004426,29.573,0.179,0.137,25.03,-0.187,1.026,36.698,33.482
E01004427,31.246,0.168,0.096,22.046,-0.217,0.845,48.468,53.409
E01004428,49.035,0.379,0.244,29.097,0.651,0.504,51.005,20.099
E01004429,30.817,0.213,0.145,20.961,-0.033,0.678,43.442,28.806
E01004430,32.49,0.157,0.104,12.494,0.416,1.448,44.331,45.897
E01004432,29.019,0.187,0.12,16.776,-0.248,1.027,36.661,44.189
E01004434,34.436,0.22,0.16,28.816,0.22,0.297,49.772,30.038
E01004435,40.348,0.21,0.155,34.695,0.718,1.013,48.709,43.234
E01004436,34.459,0.163,0.111,11.059,0.424,1.679,40.646,55.543
E01004437,31.559,0.182,0.129,11.467,0.665,0.512,40.016,53.571
E01004438,24.229,0.109,0.081,8.405,0.068,0.94,37.802,51.307
E01004439,23.938,0.176,0.097,12.373,0.052,0.42,38.238,32.133
E01004440,29.596,0.154,0.114,9.931,0.052,0.871,35.416,66.45
E01004441,19.303,0.122,0.071,5.454,-0.15,0.54,31.364,45.523
E01004442,18.607,0.101,0.084,7.739,-0.349,0.533,28.923,45.417
E01004443,33.518,0.205,0.125,16.595,0.149,1.442,40.456,40.161
E01004444,43.019,0.26,0.147,26.491,0.386,1.536,49.451,48.275
E01004445,32.931,0.202,0.125,15.227,0.221,1.696,38.444,31.642
E01004446,28.041,0.173,0.118,17.932,-0.271,1.077,35.622,41.459
E01004447,21.931,0.133,0.094,12.601,0.012,0.708,34.107,31.821
E01004448,32.081,0.181,0.13,19.063,0.317,1.422,37.471,33.95
E01004449,51.848,0.357,0.256,36.162,0.665,1.403,44.021,22.276
E01004450,19.372,0.099,0.083,16.856,-0.44,0.772,35.869,24.75
E01004451,20.073,0.14,0.097,20.911,-0.697,0.706,29.845,20.985
E01004452,29.19,0.188,0.134,23.076,0.269,1.097,30.529,28.683
E01004453,31.323,0.194,0.118,19.047,0.205,0.795,49.258,31.941
E01004454,27.483,0.194,0.109,21.668,0.109,0.679,40.234,26.477
E01004455,34.337,0.236,0.155,24.758,0.396,1.354,32.424,25.622
E01004456,45.509,0.367,0.265,29.376,0.551,0.159,41.232,15.792
E01004457,26.076,0.174,0.124,10.051,0.452,0.381,33.233,39.562
E01004458,30.455,0.226,0.126,20.059,0.139,0.605,34.886,45.851
E01004459,54.364,0.436,0.262,43.207,0.791,0.413,45.138,21.19
E01004460,33.941,0.227,0.139,25.528,0.729,0.692,36.368,39.084
E01004461,18.574,0.123,0.074,14.106,-0.395,0.133,34.804,36.22
E01004462,26.536,0.182,0.108,13.384,0.14,0.708,37.016,37.644
E01004463,21.311,0.168,0.084,16.085,-0.175,0.588,30.497,30.025
E01004464,45.277,0.306,0.201,25.848,0.625,1.249,49.786,28.624
E01004465,22.99,0.145,0.107,6.893,-0.115,1.093,29.605,34.107
E01004466,19.579,0.131,0.084,5.65,0.084,0.791,26.598,34.153
E01004467,39.557,0.244,0.152,21.125,0.452,0.806,48.777,55.581
E01004468,23.557,0.109,0.08,8.648,-0.17,1.486,37.794,30.937
E01004469,48.773,0.326,0.232,28.697,0.707,1.021,58.347,25.464
E01004470,38.726,0.253,0.174,21.7,0.676,1.078,38.247,42.542
E01004471,36.967,0.261,0.159,18.186,0.205,1.075,40.405,46.125
E01004472,9.953,0.067,0.047,2.429,-0.78,0.493,17.445,32.569
E01004473,13.558,0.089,0.072,0.949,-0.143,0.362,15.861,39.907
E01004474,16.694,0.109,0.069,7.293,-0.265,0.643,21.221,42.364
E01004475,17.667,0.111,0.076,4.373,-0.395,1.029,17.446,43.312
E01004476,15.439,0.105,0.072,3.965,-0.37,0.467,21.065,42.774
E01004477,5.646,0.032,0.016,0.019,-1.141,0.23,14.285,27.202
E01004478,4.486,0.028,0.024,0.151,-1.253,-0.269,11.325,28.814
E01004479,8.799,0.049,0.044,1.236,-1.351,-0.017,21.633,40.528
E01004480,8.43,0.056,0.028,1.22,-0.63,0.32,11.779,37.563
E01004481,16.951,0.109,0.068,1.29,0.148,0.755,19.174,41.274
E01004482,19.071,0.124,0.09,5.703,-0.381,0.959,21.149,40.684
E01004483,18.542,0.11,0.047,3.549,-0.274,0.585,32.153,53.606
E01004484,21.502,0.126,0.057,12.202,0.018,1.049,33.835,37.301
E01004485,16.727,0.118,0.061,8.304,-0.627,0.845,21.387,41.714
E01004486,18.995,0.12,0.069,4.48,-0.39,0.803,29.722,44.271
E01004487,25.228,0.145,0.126,1.576,0.063,1.004,29.247,48.081
E01004488,19.496,0.128,0.09,1.606,-0.284,0.713,22.413,50.631
E01004489,28.463,0.113,0.111,4.749,0.069,1.363,25.401,75.255
E01004490,7.351,0.04,0.028,0.455,-0.855,0.369,13.896,33.943
E01004491,15.674,0.099,0.055,10.68,-0.511,-0.494,45.607,20.009
E01004492,17.827,0.145,0.093,4.788,0.064,0.197,21.45,35.435
E01004493,16.977,0.142,0.085,3.276,0.323,0.178,18.887,32.054
E01004494,20.655,0.166,0.109,11.118,0.207,0.299,20.709,32.776
E01004495,24.776,0.246,0.115,16.375,-0.145,0.104,30.415,27.781
E01004496,13.911,0.079,0.058,5.009,0.392,0.112,17.887,39.059
E01004497,16.06,0.129,0.098,3.729,-0.206,0.272,17.424,34.456
E01004498,9.609,0.078,0.044,4.138,-0.263,-0.026,11.735,33.805
E01004499,13.494,0.101,0.053,8.334,-0.415,-0.087,20.286,44.305
E01004500,13.74,0.086,0.046,8.607,-0.182,-0.331,26.599,43.671
E01004501,17.394,0.138,0.09,9.52,-0.249,0.236,23.392,33.657
E01004502,8.689,0.052,0.04,0.698,-1.002,0.413,17.91,35.027
E01004503,20.139,0.118,0.073,10.806,0.336,0.175,25.424,51.55
E01004504,8.184,0.064,0.046,0.835,-1.099,-0.303,18.921,36.315
E01004505,12.502,0.056,0.03,2.243,-1.4,0.259,29.949,51.499
E01004506,10.558,0.059,0.045,2.665,-0.714,0.381,18.767,41.391
E01004507,9.837,0.06,0.038,5.785,-0.824,-0.329,21.886,42.657
E01004508,12.192,0.078,0.05,2.131,-0.776,0.562,16.898,44.229
E01004509,17.239,0.094,0.06,8.654,0.049,0.9,21.821,39.517
E01004510,11.39,0.072,0.046,5.238,-0.711,0.692,18.441,32.676
E01004511,9.084,0.039,0.03,1.707,-1.013,0.354,15.947,46.009
E01004512,13.245,0.098,0.077,4.056,-0.517,0.477,16.074,32.33
E01004513,17.311,0.15,0.07,11.161,-0.201,0.427,22.02,33.43
E01004514,10.996,0.073,0.051,12.886,-0.666,0.296,14.375,32.957
E01004515,19.841,0.135,0.097,7.639,0.085,0.9,22.564,28.448
E01004516,11.542,0.09,0.063,2.77,-0.951,0.543,22.538,23.865
E01004517,20.435,0.172,0.098,9.615,-0.316,0.394,27.044,35.741
E01004518,14.596,0.129,0.078,2.571,-0.862,0.213,21.677,37.627
E01004519,21.095,0.165,0.105,8.702,-0.22,0.7,25.063,34.085
E01004520,18.209,0.157,0.096,9.63,-0.437,0.126,26.796,30.508
E01004521,20.506,0.171,0.102,13.072,-0.221,0.499,24.287,30.76
E01004522,19.635,0.164,0.101,9.955,-0.374,0.346,27.193,31.156
E01004523,21.022,0.157,0.091,3.282,0.068,0.657,31.486,33.226
E01004524,42.113,0.326,0.221,25.097,0.905,0.194,40.348,27.805
E01004525,25.16,0.137,0.078,11.655,-0.269,1.397,28.419,52.833
E01004526,26.177,0.167,0.089,12.013,0.394,1.141,24.718,47.73
E01004527,19.215,0.11,0.066,6.777,-0.677,1.199,25.834,43.836
E01004528,32.957,0.257,0.162,10.531,0.416,0.963,30.705,38.973
E01004529,15.927,0.124,0.065,4.032,-0.462,0.438,21.701,44.693
E01004530,14.89,0.11,0.081,3.051,-0.193,0.068,24.319,34.189
E01004531,24.927,0.236,0.119,7.38,0.092,0.472,24.997,36.967
E01004532,17.07,0.153,0.091,5.774,-0.208,0.338,23.05,26.609
E01004533,28.977,0.233,0.138,17.518,0.252,1.043,26.198,26.105
E01004534,15.55,0.071,0.044,2.867,-0.621,1.404,14.839,45.11
E01004535,41.471,0.354,0.224,16.2,0.197,0.387,42.836,31.488
E01004536,28.168,0.197,0.102,8.811,0.457,0.323,26.838,66.423
E01004537,36.153,0.262,0.161,16.269,0.436,1.036,41.264,35.04
E01004538,26.663,0.234,0.115,15.847,-0.074,0.721,33.228,26.564
E01004539,39.506,0.314,0.179,16.911,0.405,1.002,43.013,30.555
E01004540,29.504,0.209,0.149,6.521,0.315,1.061,27.104,42.408
E01004541,45.341,0.326,0.234,14.769,1.239,1.136,34.167,28.514
E01004542,7.183,0.057,0.041,0.735,-1.194,0.179,18.57,25.557
E01004543,10.166,0.049,0.037,0.896,-0.752,0.661,18.529,38.787
E01004544,11.471,0.074,0.054,0.675,-0.659,0.777,15.945,33.458
E01004545,13.466,0.043,0.038,5.632,-0.842,0.88,21.075,51.628
E01004546,8.04,0.049,0.044,2.155,-0.401,0.347,14.202,25.729
E01004547,24.265,0.173,0.146,5.713,-0.03,0.88,23.974,33.851
E01004548,19.671,0.127,0.083,12.649,-0.17,0.378,24.011,48.521
E01004549,19.3,0.117,0.109,11.379,0.017,0.439,22.336,36.249
E01004550,16.083,0.154,0.06,1.849,0.238,0.162,23.886,29.392
E01004551,23.522,0.126,0.072,10.731,0.079,1.082,23.11,59.202
E01004552,12.131,0.039,0.028,3.722,-0.785,0.89,15.828,51.013
E01004553,13.405,0.074,0.045,1.031,-0.461,1.132,17.769,34.954
E01004554,8.48,0.033,0.022,1.28,-1.465,0.615,11.117,43.51
E01004555,5.78,0.043,0.033,0.806,-1.123,-0.06,14.391,28.557
E01004556,5.596,0.029,0.019,0.555,-1.436,0.068,11.243,34.138
E01004557,9.831,0.058,0.058,2.439,-0.441,-0.071,15.062,39.673
E01004558,7.535,0.054,0.041,2.041,-0.966,0.333,15.233,27.015
E01004559,7.475,0.046,0.042,2.647,-1.005,-0.069,19.936,31.43
E01004560,19.086,0.081,0.053,4.25,-0.896,1.166,20.371,66.523
E01004562,27.536,0.238,0.135,19.518,0.037,0.46,32.07,26.086
E01004563,33.363,0.209,0.143,13.03,0.147,0.758,36.562,62.881
E01004564,17.556,0.123,0.083,9.479,-0.282,0.474,21.234,40.53
E01004565,22.517,0.138,0.088,15.508,0.023,1.038,18.417,46.292
E01004566,13.683,0.064,0.034,2.746,-0.768,0.733,15.999,58.811
E01004567,36.656,0.311,0.179,15.219,0.658,0.331,40.596,27.168
E01004568,27.153,0.209,0.105,25.317,0.151,0.646,36.441,23.64
E01004569,25.315,0.176,0.122,15.698,0.147,0.712,30.694,31.311
E01004570,34.669,0.265,0.165,29.85,0.783,-0.233,40.202,24.435
E01004571,30.007,0.249,0.139,15.567,0.497,0.165,34.781,35.049
E01004572,23.123,0.161,0.101,9.841,-0.394,1.069,33.55,28.33
E01004573,29.441,0.153,0.122,15.34,0.255,0.867,39.919,47.826
E01004574,38.619,0.337,0.16,32.432,0.528,0.411,40.83,21.562
E01004575,26.91,0.21,0.127,9.94,0.417,0.052,40.454,27.262
E01004576,26.618,0.204,0.134,14.138,0.282,0.156,40.176,20.962
E01004577,16.77,0.097,0.048,3.212,-0.164,0.765,23.16,51.082
E01004579,19.413,0.129,0.098,5.406,-0.225,0.913,20.952,37.758
E01004580,23.77,0.14,0.075,3.978,0.362,0.761,27.214,60.222
E01004581,17.116,0.128,0.078,9.36,-0.163,0.181,22.078,41.217
E01004582,9.052,0.07,0.041,3.242,-1.346,-0.18,19.574,39.272
E01004583,15.151,0.106,0.057,3.485,-0.504,0.717,22.994,39.76
E01004584,41.399,0.336,0.199,25.921,0.628,0.421,42.351,28.715
E01004585,12.567,0.066,0.044,1.942,-0.306,0.446,16.511,50.238
E01004586,12.53,0.053,0.036,6.853,-0.472,0.238,15.959,57.676
E01004587,9.987,0.055,0.039,2.102,-0.88,0.257,13.234,48.867
E01004588,14.076,0.053,0.044,2.213,-0.697,1.069,17.556,51.177
E01004589,10.906,0.037,0.031,1.034,-0.928,0.451,13.82,58.223
E01004590,27.368,0.188,0.143,12.663,0.244,0.832,24.247,42.083
E01004591,22.323,0.147,0.102,5.896,0.584,0.551,21.224,43.574
E01004592,27.558,0.177,0.145,13.581,0.463,0.659,20.265,48.988
E01004593,8.441,0.067,0.05,1.992,-0.866,-0.079,16.93,32.272
E01004594,5.383,0.035,0.024,0.541,-1.516,-0.322,14.815,33.964
E01004595,7.667,0.058,0.04,2.328,-0.921,-0.038,15.447,33.728
E01004596,6.251,0.032,0.032,0.302,-1.352,-0.311,15.515,39.083
E01004597,12.479,0.118,0.077,1.231,-0.501,0.22,15.223,28.723
E01004598,6.897,0.052,0.036,2.445,-0.925,0.242,11.546,28.233
E01004599,3.455,0.027,0.024,0.199,-1.393,-0.715,13.046,23.649
E01004600,29.928,0.252,0.151,11.038,-0.021,0.351,37.956,36.617
E01004601,18.912,0.151,0.077,6.324,-0.512,0.937,21.978,38.464
E01004602,9.2,0.033,0.02,0.665,-1.351,0.333,17.988,49.715
E01004604,7.175,0.027,0.028,0.118,-1.712,0.37,15.822,37.462
E01004605,12.469,0.12,0.071,2.903,-0.862,-0.179,22.311,31.57
E01004606,7.182,0.026,0.019,0.711,-1.199,-0.133,12.463,47.573
E01004607,6.442,0.033,0.029,0.323,-1.247,0.207,16.646,31.679
E01004608,15.381,0.118,0.068,3.331,-0.327,0.686,17.946,37.594
E01004609,12.116,0.037,0.021,0.187,-0.946,0.502,19.693,61.432
E01004610,21.034,0.15,0.083,4.525,-0.177,1.114,27.749,33.331
E01004611,21.745,0.172,0.097,7.367,-0.662,0.872,24.404,43.548
E01004612,22.051,0.164,0.079,7.047,-0.114,0.778,28.944,44.837
E01004613,39.202,0.272,0.141,13.898,0.348,1.427,36.291,59.488
E01004614,21.524,0.166,0.109,9.582,0.429,0.133,25.658,31.506
E01004615,39.697,0.306,0.174,24.59,0.982,0.287,41.333,33.301
E01004616,19.485,0.134,0.077,4.076,-0.49,0.773,28.704,44.782
E01004617,26.568,0.165,0.111,18.92,0.643,0.373,32.044,39.263
E01004618,14.433,0.092,0.052,1.093,-0.851,1.223,19.259,33.225
E01004619,13.575,0.028,0.044,0.22,-0.889,1.011,31.556,40.397
E01004620,13.113,0.088,0.062,6.634,-0.594,0.242,16.67,43.941
E01004621,16.975,0.077,0.055,3.288,-0.631,1.074,33.06,38.61
E01004622,21.481,0.091,0.064,24.978,-0.5,0.002,46.065,43.14
E01004623,9.563,0.074,0.048,1.506,-0.813,0.083,22.329,30.092
E01004624,17.98,0.097,0.077,10.902,-0.457,0.846,30.272,31.961
E01004625,7.896,0.018,0.019,0.185,-1.598,0.292,27.989,29.895
E01004626,14.254,0.075,0.062,1.023,0.216,0.453,25.315,32.598
E01004627,11.393,0.075,0.053,1.254,-0.722,0.372,17.809,42.051
E01004628,23.546,0.158,0.11,5.047,0.914,-0.072,32.104,30.907
E01004629,11.062,0.077,0.059,1.317,-0.87,0.679,22.122,23.318
E01004630,30.394,0.282,0.16,20.659,0.057,0.258,34.918,18.678
E01004631,23.376,0.182,0.111,6.318,0.545,0.325,25.342,37.136
E01004632,8.303,0.076,0.046,2.202,-1.114,-0.126,21.693,25.308
E01004633,28.513,0.272,0.146,14.09,0.208,-0.151,32.229,30.241
E01004634,14.04,0.121,0.084,3.497,-0.355,-0.097,20.999,31.37
E01004635,12.522,0.115,0.079,3.206,-0.476,0.007,21.928,21.512
E01004636,14.029,0.13,0.079,6.857,-0.445,0.234,19.775,24.132
E01004637,14.065,0.144,0.094,5.577,-0.589,-0.542,25.041,18.905
E01004638,7.246,0.039,0.034,0.336,-1.744,0.66,16.551,25.986
E01004639,13.097,0.064,0.048,2.4,-0.603,0.179,27.353,49.033
E01004640,6.532,0.036,0.027,2.374,-1.396,-0.2,19.119,34.868
E01004641,19.207,0.146,0.101,4.32,-0.12,0.093,29.409,36.719
E01004642,22.545,0.146,0.102,13.477,0.086,0.309,39.591,25.509
E01004643,23.335,0.2,0.134,8.686,0.088,-0.019,31.648,26.207
E01004644,20.021,0.143,0.089,10.229,-0.163,0.313,39.084,21.541
E01004645,29.465,0.251,0.139,20.836,0.561,0.123,34.442,22.037
E01004646,17.841,0.091,0.054,4.309,-1.196,1.015,29.456,51.413
E01004647,18.356,0.14,0.08,7.009,-0.544,0.205,28.654,44.654
E01004648,19.172,0.12,0.074,11.939,-0.952,0.644,30.155,45.503
E01004649,9.99,0.066,0.033,4.752,-2.136,-0.356,27.672,40.609
E01004650,12.508,0.056,0.041,2.62,-1.418,0.409,28.389,48.692
E01004651,17.213,0.075,0.04,22.486,-0.984,-0.545,33.254,59.63
E01004652,22.985,0.135,0.071,2.165,0.108,0.876,34.306,52.247
E01004653,16.045,0.068,0.062,4.446,-0.978,0.936,26.32,48.556
E01004654,18.826,0.091,0.073,0.846,-0.443,0.819,31.381,50.824
E01004656,32.463,0.16,0.132,4.816,0.47,1.071,37.221,64.048
E01004657,18.364,0.04,0.025,2.737,-1.702,1.37,30.335,64.22
E01004658,26.658,0.152,0.078,9.261,-0.265,0.821,36.685,66.561
E01004659,14.267,0.076,0.042,4.636,-0.689,-0.543,33.684,53.352
E01004660,12.746,0.049,0.028,2.1,-1.431,0.453,28.391,54.216
E01004661,28.331,0.175,0.123,8.093,-0.228,0.353,33.357,71.316
E01004662,17.466,0.066,0.039,0.924,-1.445,0.262,34.094,82.613
E01004663,22.119,0.12,0.081,4.166,-1.076,1.238,28.766,54.756
E01004665,52.619,0.42,0.244,25.882,0.957,0.108,48.656,36.237
E01004666,29.873,0.206,0.15,4.75,0.132,0.631,33.206,54.542
E01004667,33.212,0.196,0.165,9.968,0.236,0.725,30.024,67.904
E01004668,23.71,0.172,0.133,5.345,-0.199,0.202,31.414,44.914
E01004669,40.359,0.294,0.189,19.208,0.656,0.339,45.456,44.924
E01004670,57.935,0.46,0.29,29.029,1.029,-0.17,49.579,33.755
E01004674,45.561,0.338,0.225,15.073,0.812,0.904,44.022,36.8
E01004675,48.119,0.348,0.22,7.826,0.925,0.915,45.694,53.002
E01004676,28.872,0.217,0.13,8.766,0.111,0.73,32.713,47.616
E01004677,28.5,0.226,0.147,7.914,0.626,-0.012,33.601,36.178
E01004678,31.287,0.246,0.153,10.111,0.277,0.566,35.389,42.138
E01004679,40.59,0.276,0.171,13.558,0.63,0.8,43.739,57.709
E01004680,15.621,0.045,0.025,1.837,-1.339,0.783,28.605,65.323
E01004681,18.147,0.1,0.051,7.636,-0.907,-0.369,32.388,68.299
E01004682,21.489,0.073,0.049,1.648,-0.333,0.855,37.138,70.981
E01004683,12.907,0.026,0.014,4.265,-2.234,0.746,27.265,54.046
E01004684,30.784,0.171,0.097,7.874,-0.096,1.413,34.534,64.255
E01004686,35.129,0.219,0.146,16.986,0.32,0.806,37.111,61.604
E01004687,9.588,0.016,0.005,0.582,-2.551,0.297,24.322,49.184
E01004688,8.437,0.007,0.006,4.9,-2.519,-0.558,31.904,37.148
E01004689,19.259,0.009,0.007,12.488,-1.497,1.835,27.733,56.229
E01004690,9.292,0.016,0.01,3.266,-2.731,-0.77,26.305,54.053
E01004691,14.171,0.016,0.009,2.417,-2.274,0.027,34.148,68.243
E01004692,11.127,0.011,0.011,0.945,-2.215,-0.246,32.63,55.444
E01004693,17.331,0.04,0.035,0.916,-1.524,0.989,30.663,69.554
E01004694,22.922,0.086,0.065,19.736,-0.34,0.307,36.371,67.461
E01004695,20.398,0.072,0.056,9.805,-0.67,0.958,34.548,59.324
E01004696,40.836,0.3,0.215,7.678,0.98,0.537,39.557,42.261
E01004697,22.89,0.099,0.06,8.446,-0.365,0.948,33.061,66.146
E01004698,26.948,0.095,0.074,1.742,0.158,1.406,43.99,54.342
E01004699,22.654,0.091,0.06,1.584,-0.546,0.985,37.455,67.21
E01004700,18.132,0.066,0.042,2.091,-0.98,0.402,38.331,66.437
E01004701,17.763,0.089,0.046,11.052,-0.657,0.1,28.658,64.705
E01004702,53.205,0.378,0.238,19.155,0.993,0.789,49.875,50.433
E01004703,16.052,0.074,0.043,4.289,-1.551,1.052,27.39,50.634
E01004705,11.14,0.048,0.028,5.745,-1.395,0.388,23.456,47.926
E01004706,15.432,0.067,0.036,7.467,-0.465,1.192,21.596,42.464
E01004707,10.754,0.078,0.028,1.381,-1.217,0.598,21.752,36.308
E01004708,31.491,0.178,0.141,9.275,0.298,0.956,30.373,62.838
E01004709,29.125,0.251,0.151,8.271,0.071,0.545,28.534,42.912
E01004710,44.606,0.335,0.204,14.333,0.499,0.931,45.848,47.122
E01004711,35.269,0.288,0.183,20.276,0.234,0.333,34.321,42.363
E01004712,15.588,0.065,0.03,1.809,-1.566,0.309,29.633,69.067
E01004713,10.976,0.019,0.014,1.794,-1.788,-0.044,25.468,60.251
E01004714,16.075,0.071,0.039,0.802,-1.55,0.318,28.698,71.425
E01004715,22.783,0.127,0.093,8.22,0.144,-0.333,37.0,55.227
E01004716,11.99,0.018,0.009,2.646,-2.151,-0.239,28.061,64.998
E01004717,15.061,0.019,0.014,0.602,-1.739,0.437,29.566,84.13
E01004718,35.939,0.243,0.172,18.841,0.545,0.764,38.983,41.821
E01004719,34.853,0.265,0.192,13.388,0.549,0.26,36.844,39.549
E01004720,41.28,0.303,0.2,25.368,0.42,0.84,34.932,50.239
E01004721,50.636,0.336,0.224,18.142,1.136,1.209,46.685,44.402
E01004722,46.555,0.367,0.237,23.446,0.638,0.104,47.383,34.091
E01004723,37.014,0.299,0.174,12.332,0.521,0.352,40.23,45.638
E01004724,16.467,0.11,0.072,5.559,-0.634,-0.183,31.372,46.978
E01004725,38.29,0.29,0.146,12.044,0.746,0.731,46.41,41.995
E01004726,15.264,0.064,0.036,4.067,-1.62,0.131,27.709,70.382
E01004727,12.376,0.04,0.009,0.766,-2.386,0.514,30.843,51.859
E01004728,22.521,0.171,0.08,4.039,-0.122,0.241,33.758,53.664
E01004729,35.588,0.29,0.19,5.721,0.703,-0.301,37.457,47.302
E01004730,12.666,0.075,0.041,2.223,-1.576,-0.083,28.533,52.365
E01004731,16.79,0.073,0.041,20.136,-0.907,-0.806,26.699,68.742
E01004732,54.043,0.356,0.357,17.916,1.483,-0.807,42.288,30.277
E01004733,20.547,0.117,0.122,4.279,-0.404,-0.462,28.071,58.662
E01004734,32.674,0.15,0.107,3.733,-0.156,1.847,37.952,66.454
E01004735,28.844,0.138,0.127,8.79,0.213,0.328,34.542,74.503
E01004736,17.399,0.013,0.01,11.606,-2.056,0.678,30.41,84.759
E01004737,21.555,0.16,0.111,8.703,-0.156,0.149,31.67,37.9
E01004738,14.999,0.057,0.044,0.398,-0.972,0.552,28.736,60.273
E01004739,12.478,0.062,0.039,0.729,-0.424,-0.635,31.379,50.479
E01004740,39.804,0.286,0.183,8.968,0.827,0.888,44.991,37.971
E01004741,27.958,0.171,0.107,7.949,0.099,0.603,36.712,59.872
E01004742,13.728,0.056,0.051,1.979,-0.429,0.126,27.229,53.892
E01004743,27.345,0.205,0.143,6.612,0.372,-0.347,35.286,45.665
E01004744,29.801,0.18,0.155,6.069,0.72,-0.57,29.536,64.745
E01004745,20.22,0.124,0.09,1.914,-0.555,-1.029,28.587,73.729
E01004746,38.538,0.242,0.178,17.403,0.669,0.126,48.095,53.081
E01004747,27.71,0.187,0.133,3.652,0.736,-0.047,29.841,54.016
E01004748,14.434,0.057,0.049,3.884,-1.276,0.11,28.239,62.076
E01004749,16.754,0.085,0.06,2.693,-1.088,0.389,28.75,60.85
E01004750,26.366,0.234,0.125,5.836,0.308,-0.262,32.881,42.618
E01004751,17.469,0.087,0.063,3.217,-1.106,0.902,25.594,55.834
E01004752,27.368,0.161,0.142,4.275,0.427,0.331,32.052,54.356
E01004753,20.785,0.124,0.113,3.182,-0.346,0.233,27.112,55.109
E01004754,63.618,0.461,0.294,23.34,1.37,1.173,46.67,40.723
E01004755,34.646,0.272,0.184,9.767,0.689,0.417,37.765,33.347
E01004756,27.82,0.207,0.134,3.458,0.172,0.528,35.973,44.935
E01004757,54.867,0.396,0.238,20.271,1.104,0.945,46.276,50.711
E01004760,31.591,0.232,0.143,6.693,0.464,1.18,31.282,38.521
E01004761,13.882,0.025,0.028,7.674,-2.256,0.149,27.884,67.01
E01004762,13.713,0.052,0.039,4.273,-1.401,0.358,28.116,58.059
E01004763,30.889,0.113,0.101,1.103,0.273,1.254,39.332,93.352
E01004765,22.403,0.11,0.089,3.582,-0.202,0.497,30.935,65.201
E01032512,57.105,0.417,0.277,18.917,0.882,0.869,48.376,46.414
E01032513,52.875,0.384,0.238,15.765,0.972,0.919,48.859,47.588
E01032562,35.569,0.259,0.203,28.482,0.367,1.203,27.814,13.996
E01032563,8.134,0.053,0.052,3.796,-0.836,0.661,17.406,12.421
E01032564,41.825,0.296,0.213,26.168,0.629,1.273,36.125,25.443
E01032565,41.171,0.302,0.209,37.223,0.546,0.886,35.687,25.901
E01032566,25.286,0.185,0.145,27.56,0.137,0.604,25.843,12.446
E01032567,17.214,0.128,0.092,15.902,-0.546,0.319,29.77,17.751
E01032568,29.371,0.22,0.154,27.276,-0.009,0.831,29.61,23.216
E01032569,43.25,0.31,0.195,42.292,0.896,0.362,47.516,17.269
E01032570,12.282,0.112,0.091,11.666,-0.752,0.203,19.254,5.688
E01032572,15.627,0.099,0.066,6.47,-0.404,0.973,21.951,29.488
E01032573,13.151,0.064,0.05,4.01,-0.368,0.334,24.956,44.989
E01032574,33.379,0.246,0.133,32.318,0.183,1.105,35.091,27.414
E01032575,50.458,0.344,0.223,39.24,0.519,1.214,45.272,41.675
E01032576,6.553,0.07,0.052,2.672,-1.174,-0.264,21.547,10.051
E01032577,11.704,0.086,0.074,16.784,-0.475,0.23,17.035,12.098
E01032579,42.015,0.266,0.195,12.14,1.001,1.256,40.523,42.313
E01032580,37.045,0.287,0.179,21.456,0.471,1.171,34.668,23.511
E01032581,30.959,0.233,0.16,18.833,-0.052,1.108,31.683,26.815
E01032582,30.172,0.165,0.111,16.329,0.581,0.116,32.684,71.56
E01032583,28.276,0.193,0.139,6.77,0.741,0.152,30.516,47.592
E01032584,30.89,0.203,0.16,8.715,0.598,0.393,30.681,52.593
E01032623,3.498,0.029,0.029,0.702,-1.566,-0.636,24.93,4.878
E01032637,10.181,0.011,0.007,7.643,-0.829,-0.268,18.463,57.439
E01032638,5.436,0.012,0.006,2.975,-1.069,-0.519,12.13,37.391
E01032639,24.753,0.127,0.072,11.339,0.48,0.917,36.049,45.632
E01032640,7.327,0.013,0.004,7.25,-0.988,-0.267,13.078,43.698
E01032646,16.198,0.087,0.067,4.205,0.104,0.379,23.314,45.899
E01032719,33.459,0.215,0.144,15.021,0.581,0.776,41.325,41.763
E01032720,39.468,0.205,0.119,17.299,0.557,2.099,39.193,60.72
E01032722,38.754,0.226,0.149,18.311,0.394,1.941,31.561,56.006
E01032739,13.169,0.014,0.011,1.7,-1.046,-0.913,35.456,65.852
E01032740,14.78,0.029,0.031,0.046,-0.168,-0.99,31.146,75.507
E01032741,20.224,0.124,0.075,17.665,-0.219,0.896,24.107,39.407
E01032742,24.95,0.183,0.126,13.307,0.278,1.018,17.912,32.054
E01032743,28.374,0.243,0.126,15.506,-0.126,0.105,46.18,22.553
E01032744,34.137,0.244,0.135,22.555,0.634,1.067,36.412,30.356
E01032764,32.219,0.212,0.11,9.698,0.557,1.222,41.214,38.6
E01032765,37.611,0.296,0.169,17.124,1.082,0.548,37.166,29.423
E01032766,26.097,0.152,0.063,16.035,0.109,0.58,33.241,67.156
E01032767,17.241,0.069,0.029,9.374,-0.013,-0.928,28.243,75.994
E01032768,15.661,0.046,0.034,6.457,-0.055,0.45,36.377,45.922
E01032769,22.467,0.143,0.072,3.119,-0.034,1.252,27.094,45.916
E01032770,19.635,0.124,0.054,6.286,0.447,0.238,43.293,24.225
E01032771,20.833,0.167,0.077,14.572,0.147,-1.83,38.747,33.934
E01032772,39.176,0.29,0.158,10.924,1.028,0.92,43.098,35.904
E01032773,24.049,0.209,0.066,4.975,0.025,-0.91,52.827,33.071
E01032774,31.143,0.209,0.142,18.901,0.71,0.098,46.143,22.933
E01032775,11.642,0.063,0.043,9.026,-0.016,-0.929,25.326,39.1
E01032776,13.163,0.035,0.03,7.032,0.024,0.201,36.272,33.548
E01032777,22.392,0.171,0.093,13.637,0.175,-0.874,41.759,28.96
E01032778,21.843,0.092,0.055,20.961,0.182,0.081,44.81,42.407
E01032779,18.525,0.136,0.042,7.312,0.414,-0.306,32.348,44.664
E01032780,15.322,0.065,0.024,4.14,-0.328,0.16,28.621,61.69
E01032781,13.215,0.083,0.047,6.358,-0.438,-0.388,26.158,47.686
E01032782,26.048,0.205,0.086,11.708,0.49,-0.339,44.211,35.413
E01032783,19.01,0.161,0.08,5.544,0.136,-0.403,28.238,41.989
E01032784,29.876,0.223,0.077,9.211,0.763,0.932,38.964,40.728
E01032785,27.018,0.233,0.111,6.614,-0.023,-0.172,36.251,53.096
E01032786,31.472,0.231,0.161,15.032,0.653,0.368,36.535,30.895
E01032787,43.921,0.311,0.169,34.672,0.554,1.29,44.927,32.184
E01032788,26.523,0.224,0.123,11.284,0.512,0.552,24.111,35.425
E01032789,18.489,0.094,0.058,3.985,-0.371,-0.545,36.419,63.407
E01032790,21.194,0.196,0.066,4.86,0.438,-0.455,32.204,41.517
E01032803,19.295,0.097,0.05,4.852,0.387,0.362,22.68,63.483
E01032805,41.189,0.306,0.199,21.918,0.505,1.176,36.614,36.132
E01032834,11.006,0.014,0.01,17.847,-1.028,0.035,12.587,55.672
E01033000,38.547,0.269,0.172,31.484,0.485,0.505,51.858,20.027
E01033030,19.681,0.098,0.049,17.719,0.001,0.0,41.098,42.307
E01033081,24.362,0.162,0.113,12.117,0.343,0.603,34.264,28.568
E01033082,26.633,0.199,0.112,7.405,0.265,0.467,41.071,34.041
E01033083,16.748,0.048,0.025,2.016,-0.312,0.654,45.017,42.888
E01033084,28.626,0.121,0.089,14.572,-0.256,1.398,45.192,47.005
E01033085,36.496,0.199,0.11,16.197,0.69,0.643,52.822,58.832
E01033086,50.802,0.383,0.247,36.56,1.037,0.498,42.948,26.876
E01033093,11.515,0.024,0.036,2.102,-1.526,0.405,19.318,60.902
E01033098,18.495,0.018,0.01,19.487,-1.02,-0.847,42.746,76.13
E01033099,26.163,0.209,0.097,6.357,-0.19,0.778,35.125,47.032
E01033100,30.33,0.201,0.125,9.255,0.54,0.665,28.067,60.87
E01033101,8.236,0.039,0.037,1.943,-0.755,0.401,19.794,30.563
E01033132,27.895,0.145,0.074,16.232,0.025,0.643,42.424,62.667
E01033133,12.647,0.082,0.045,1.612,-0.763,-0.034,29.65,43.541
E01033135,6.172,0.02,0.019,0.182,-0.996,-0.266,13.344,40.717
E01033146,44.544,0.345,0.199,37.596,0.193,0.335,50.392,33.663
E01033148,40.549,0.322,0.179,28.038,-0.095,0.791,53.5,18.733
E01033150,32.196,0.309,0.129,20.996,-0.209,0.319,41.594,28.326
E01033151,43.426,0.343,0.213,38.491,0.305,0.474,43.181,27.201
E01033153,48.898,0.388,0.231,35.429,0.415,0.214,49.893,31.807
E01033207,46.139,0.256,0.196,16.263,1.446,1.41,35.21,55.85
E01033208,25.224,0.125,0.069,2.288,-0.443,1.054,32.635,88.571
E01033320,21.55,0.161,0.118,8.798,-0.218,0.583,26.63,34.14
E01033322,18.978,0.143,0.08,9.523,0.135,0.042,30.168,33.87
E01033324,32.986,0.201,0.138,14.148,0.477,1.491,26.442,47.281
E01033325,19.068,0.058,0.025,1.929,-0.13,0.065,37.743,88.471
E01033327,35.416,0.156,0.132,8.913,0.66,1.801,27.857,66.778
E01033341,34.566,0.243,0.147,15.171,0.454,1.293,29.188,46.192
E01033424,25.768,0.18,0.095,9.572,-0.215,0.794,48.482,22.467
E01033455,49.577,0.283,0.201,40.166,-0.082,1.495,45.651,68.69
E01033456,54.511,0.442,0.296,26.263,0.359,0.584,42.735,35.956
E01033457,17.145,0.086,0.058,7.625,-0.465,0.961,31.92,35.04
E01033463,15.448,0.118,0.079,8.14,-0.948,0.034,38.23,15.516
E01033464,30.884,0.255,0.161,29.971,-0.585,0.62,36.632,21.346
E01033485,43.085,0.262,0.201,27.878,-0.026,1.371,47.181,43.7
E01033486,40.234,0.264,0.202,19.745,0.575,1.286,30.079,48.964
E01033487,13.988,0.087,0.026,4.257,-0.121,-0.618,35.758,41.222
E01033488,37.964,0.238,0.141,15.527,0.944,1.427,34.134,46.47
E01033489,18.343,0.06,0.028,20.499,-0.217,-0.048,39.202,53.877
E01033490,24.102,0.122,0.059,12.787,-0.405,-0.061,44.559,67.133
E01033491,37.725,0.232,0.151,7.83,0.568,1.168,31.971,74.01
E01033492,27.143,0.095,0.052,10.351,0.348,1.356,30.693,79.089
E01033493,10.311,0.038,0.015,12.016,-0.198,-0.487,30.877,28.443
E01033494,18.575,0.107,0.074,2.103,0.082,0.929,18.081,48.094
E01033568,11.458,0.111,0.052,1.38,-1.566,-0.075,23.16,37.291
E01033569,7.22,0.045,0.042,3.432,-1.182,-0.109,21.185,28.754
E01033570,13.954,0.084,0.05,3.546,-1.14,0.358,33.049,39.572
E01033571,14.224,0.12,0.087,4.543,-1.099,0.456,24.101,22.64
E01033572,22.034,0.214,0.096,14.598,-0.878,0.448,32.876,25.954
E01033573,19.982,0.126,0.051,5.689,-0.759,-0.736,49.952,48.994
E01033574,17.104,0.025,0.01,19.787,0.066,0.241,46.486,31.03
E01033575,17.29,0.03,0.012,5.757,0.126,0.321,42.416,51.701
E01033576,25.491,0.132,0.065,18.144,0.38,1.032,44.148,28.224
E01033577,18.546,0.144,0.072,14.421,-0.104,0.546,32.416,17.639
E01033578,38.595,0.223,0.102,17.611,0.536,1.158,46.318,67.526
E01033579,21.706,0.085,0.051,2.558,-0.071,0.611,45.752,55.505
E01033580,10.53,0.033,0.025,9.04,-0.16,0.392,28.694,22.395
E01033581,34.87,0.242,0.159,14.831,0.502,0.922,44.257,29.811
E01033582,15.617,0.056,0.028,3.97,-0.264,0.477,43.936,35.526
E01033583,31.541,0.164,0.097,13.434,0.235,2.252,41.471,31.701
E01033584,45.433,0.351,0.186,26.981,0.725,1.109,45.209,27.07
E01033585,45.234,0.3,0.188,23.732,0.68,1.425,45.949,38.648
E01033586,37.451,0.261,0.144,15.996,0.46,0.523,47.895,53.075
E01033587,36.451,0.229,0.142,18.591,0.333,1.031,54.96,30.433
E01033588,38.654,0.264,0.157,24.665,0.638,0.658,53.923,26.356
E01033589,22.439,0.088,0.044,5.449,-0.03,0.69,49.187,50.38
E01033590,25.336,0.216,0.115,18.281,0.299,0.633,30.873,14.585
E01033591,35.204,0.261,0.158,22.023,0.11,0.934,40.312,36.459
E01033592,19.024,0.149,0.085,8.676,-0.839,0.614,40.647,12.538
E01033593,33.103,0.189,0.083,8.094,0.142,0.837,47.03,79.682
E01033594,33.606,0.203,0.135,9.301,0.696,0.291,42.716,59.747
E01033595,24.101,0.08,0.069,20.485,-0.547,0.615,34.741,78.221
E01033596,32.694,0.187,0.118,4.032,0.08,1.244,41.331,60.751
E01033597,34.03,0.177,0.164,6.916,0.48,-0.398,43.398,78.486
E01033598,61.629,0.445,0.31,27.154,1.231,0.292,47.559,47.886
E01033599,42.323,0.344,0.186,16.771,0.19,-0.082,53.835,46.451
E01033600,16.386,0.086,0.074,3.422,-0.507,0.407,30.216,45.447
E01033601,41.147,0.299,0.184,19.701,0.536,0.647,48.316,41.011
E01033602,53.267,0.404,0.243,23.007,0.846,0.321,46.891,53.702
E01033603,48.705,0.313,0.267,8.777,1.349,0.215,37.55,62.195
E01033604,48.025,0.276,0.208,15.091,0.681,1.357,43.035,75.977
E01033605,55.417,0.388,0.257,20.526,1.085,0.738,48.226,52.042
E01033606,23.939,0.108,0.084,12.553,0.097,0.76,34.161,54.624
E01033607,28.832,0.153,0.118,1.99,-0.092,1.593,32.275,52.206
E01033608,21.312,0.121,0.098,1.941,0.099,0.317,32.841,49.082
E01033698,43.93,0.326,0.198,19.178,1.388,0.65,40.152,29.845
E01033699,32.972,0.173,0.119,5.316,0.427,2.09,38.081,41.451
E01033700,35.845,0.195,0.127,12.168,0.66,1.874,39.561,39.861
E01033701,53.755,0.347,0.222,34.819,1.043,1.295,45.181,49.657
E01033702,40.973,0.327,0.175,21.138,0.395,0.399,46.271,45.284
E01033703,40.797,0.265,0.173,10.052,1.192,1.031,41.988,43.1
E01033704,27.602,0.126,0.086,4.049,0.407,1.696,34.89,44.696
E01033705,39.924,0.267,0.16,13.598,0.986,0.838,48.736,38.384
E01033706,28.234,0.072,0.035,13.017,0.188,2.103,32.854,75.181
E01033707,39.64,0.22,0.135,8.388,0.598,1.743,41.25,61.011
E01033708,21.319,0.058,0.034,6.861,-0.018,0.764,34.806,78.318
E01033709,31.429,0.186,0.101,11.342,0.291,1.131,38.663,56.86
E01033710,32.013,0.226,0.104,27.778,0.27,-0.056,50.146,39.135
E01033711,20.591,0.106,0.036,5.18,0.037,0.436,35.531,62.104
E01033712,35.801,0.211,0.122,8.919,0.778,1.288,40.177,52.801
E01033713,40.817,0.216,0.157,16.554,0.684,1.692,40.486,55.106
E01033724,10.009,0.081,0.042,9.298,-0.771,-0.001,25.588,19.692
E01033725,23.246,0.171,0.106,14.318,0.3,0.657,32.009,19.268
E01033726,37.321,0.271,0.196,27.824,0.321,1.04,32.535,30.595
E01033727,23.983,0.196,0.103,13.472,0.11,0.255,37.227,26.101
E01033728,11.302,0.051,0.018,4.349,-0.629,0.216,31.104,37.663
E01033729,26.164,0.204,0.113,38.465,0.237,0.331,26.817,20.225
E01033730,25.006,0.164,0.086,2.905,0.468,0.856,32.405,46.873
E01033731,20.873,0.072,0.036,11.892,-0.208,1.227,38.148,45.96
E01033732,20.092,0.15,0.079,5.88,0.021,0.541,35.981,26.859
E01033733,13.025,0.058,0.028,16.946,-0.254,0.321,30.867,26.611
E01033734,17.934,0.13,0.061,10.688,0.286,-0.539,36.695,28.965
E01033735,33.644,0.186,0.11,12.506,0.62,1.131,37.505,60.269
E01033736,14.34,0.052,0.03,21.487,-0.48,0.307,35.158,30.443
E01033737,39.669,0.297,0.2,22.024,0.522,0.945,38.372,31.067
E01033738,17.061,0.099,0.07,6.946,-0.416,0.999,21.338,39.128
E01033739,22.353,0.164,0.093,6.587,0.22,0.48,42.363,16.139
E01033740,21.146,0.189,0.092,5.097,-0.346,0.946,34.701,12.115
E01033741,20.633,0.176,0.099,16.767,0.284,-0.239,32.303,13.633
E01033742,15.692,0.118,0.062,7.079,0.301,-0.104,32.748,18.436
E01033743,27.072,0.204,0.1,6.941,0.476,0.836,43.904,16.743
E01033744,30.855,0.213,0.15,24.717,1.079,0.25,31.301,20.273
E01033745,22.845,0.203,0.118,8.695,-0.103,0.172,40.151,10.928
E01033746,22.292,0.143,0.095,3.854,0.063,0.922,18.464,54.28
